Task ID,Created At,Completed At,Last Modified,Name,Section/Column,Assignee,Assignee Email,Start Date,Due Date,Tags,Notes,Projects,Parent task,Blocked By (Dependencies),Blocking (Dependencies),Maintenance Technician,Date Submitted,Diesel Generator from Form,Generator Area,Status,Progress
"1213836653647227",2026-03-28,,2026-03-28,Paul Gaudia,Untitled section,,,,,,"Name of Maintenance Technician:
Paul Gaudia

Email address:
paulgaudia@gmail.com

DATE::
Mar 28, 2026

DIESEL GENERATOR SET #:
2 (275kVA Camda Genset)

LUBRICATION- Check for leaks:
OKAY

If not okay, explain why and identify the problem. (LUBRICATION- Check for leaks):
N A 

Corrective Action Taken::
N A 

LUBRICATION- Check for oil level:
OKAY

If not okay, explain why and identify the problem. (LUBRICATION- Check for oil level):
N A 

Corrective Action Taken::
N A 

COOLING SYSTEM -Check for leaks:
OKAY

If not okay, explain why and identify the problem. (COOLING SYSTEM -Check for leaks):
N A 

Corrective Action Taken:
N A 

COOLING SYSTEM -Check for radiator restriction:
OKAY

If not okay, explain why and identify the problem. (COOLING SYSTEM -Check for radiator restriction):
N A 

Corrective Action Taken::
N A 

COOLING SYSTEM -Check for hose and connections:
OKAY

If not okay, explain why and identify the problem. (COOLING SYSTEM -Check for hose and connections):
N A 

Corrective Action Taken:
N A 

COOLING SYSTEM -Coolant level:
OKAY

If not okay, explain why and identify the problem. (COOLING SYSTEM -Coolant level):
N A 

Corrective Action Taken::
N A 

COOLING SYSTEM - Belt condition and tension:
OKAY

If not okay, explain why and identify the problem. (COOLING SYSTEM - Belt condition and tension):
N A 

Corrective Action Taken::
N A 

FUEL - Check for leaks:
OKAY

If not okay, explain why and identify the problem. (FUEL - Check for leaks):
N A 

Corrective Action Taken::
N A 

AIR IN-TAKE (Check for leaks):
OKAY

If not okay, explain why and identify the problem. (AIR IN-TAKE :Check for leaks):
N A 

Corrective Action Taken::
N A 

AIR IN-TAKE (Check for air cleaner restriction):
OKAY

If not okay, explain why and identify the problem. (AIR IN-TAKE (Check for air cleaner restriction):
N A 

Corrective Action Taken::
N A 

EXHAUST- Check for leaks:
OKAY

If not okay, explain why and identify the problem. (EXHAUST- Check for leaks):
N A 

Corrective Action Taken::
N A 

ENGINE RELATED - Check for unusual vibration:
OKAY

If not okay, explain why and identify the problem. (ENGINE RELATED - Check for unusual vibration):
N A 

Corrective Action Taken::
N A 

MAIN GENERATOR - Check for air inlet and outlet from restrictions:
OKAY

If not okay, explain why and identify the problem. (MAIN GENERATOR - Check for air inlet and outlet from restrictions):
N A 

Corrective Action Taken::
N A 

MAIN GENERATOR - Check for windings and electrical connections:
OKAY

If not okay, explain why and identify the problem. (MAIN GENERATOR - Check for windings and electrical connections):
N A 

Corrective Action Taken::
N A 

SWITCH GEAR - Check power distribution wiring and connections:
OKAY

If not okay, explain why and identify the problem. (SWITCH GEAR - Check power distribution wiring and connections):
N A 

Corrective Action Taken::
N A 

Actual test run for 1hr with load.:
OKAY

Indicate the time start and end time of the actual test run conducted.:
9:00am

Previous reading of running time::
661.1

Present reading of running time::
661.1

Indicate the three (3) line voltages (V) reading::
230v

Indicate the three (3) line amperes (A) reading::
28.10vdc

Indicate the hertz (Hz) reading::
60.2hz

Indicate the oil pressure reading (kPa)::
275kva

Indicate the oil temperature (°F)::
55°C

Indicate running condition::
Normal

Notes and other concerns::
N A 

Diesel Tank Level:
Full tank

If for refill, When will be refill?:
Motor pool 

Available Diesel Stock Level:
800ltr

———————————————
This task was submitted through HATCHERY DIESEL GENERATOR WEEKLY MAINTENANCE CHECKLIST
https://form.asana.com/?k=jTp-bz9f-Np1TvF8ahkxpQ&d=1186399537984407",Hatchery Diesel Genset Weekly Maintenance Checklist,,,,Paul Gaudia,"Mar 28, 2026",2 (275kVA Camda Genset),,,
"1213851605759549",2026-03-28,,2026-03-28,Paul Gaudia,Untitled section,,,,,,"Name of Maintenance Technician:
Paul Gaudia

Email address:
paulgaudia@gmail.com

DATE::
Mar 28, 2026

DIESEL GENERATOR SET #:
1 (375kVA Cummins Genset)

LUBRICATION- Check for leaks:
OKAY

If not okay, explain why and identify the problem. (LUBRICATION- Check for leaks):
N A 

Corrective Action Taken::
N A 

LUBRICATION- Check for oil level:
OKAY

If not okay, explain why and identify the problem. (LUBRICATION- Check for oil level):
N A 

Corrective Action Taken::
N A 

COOLING SYSTEM -Check for leaks:
OKAY

If not okay, explain why and identify the problem. (COOLING SYSTEM -Check for leaks):
N A 

Corrective Action Taken:
N A 

COOLING SYSTEM -Check for radiator restriction:
OKAY

If not okay, explain why and identify the problem. (COOLING SYSTEM -Check for radiator restriction):
N A 

Corrective Action Taken::
N A 

COOLING SYSTEM -Check for hose and connections:
OKAY

If not okay, explain why and identify the problem. (COOLING SYSTEM -Check for hose and connections):
N A 

Corrective Action Taken:
N A 

COOLING SYSTEM -Coolant level:
OKAY

If not okay, explain why and identify the problem. (COOLING SYSTEM -Coolant level):
N A 

Corrective Action Taken::
N A 

COOLING SYSTEM - Belt condition and tension:
OKAY

If not okay, explain why and identify the problem. (COOLING SYSTEM - Belt condition and tension):
N A 

Corrective Action Taken::
N A 

FUEL - Check for leaks:
OKAY

If not okay, explain why and identify the problem. (FUEL - Check for leaks):
N A 

Corrective Action Taken::
N A 

AIR IN-TAKE (Check for leaks):
OKAY

If not okay, explain why and identify the problem. (AIR IN-TAKE :Check for leaks):
N A 

Corrective Action Taken::
N A 

AIR IN-TAKE (Check for air cleaner restriction):
OKAY

If not okay, explain why and identify the problem. (AIR IN-TAKE (Check for air cleaner restriction):
N A 

Corrective Action Taken::
N A 

EXHAUST- Check for leaks:
OKAY

If not okay, explain why and identify the problem. (EXHAUST- Check for leaks):
N A 

Corrective Action Taken::
N A 

ENGINE RELATED - Check for unusual vibration:
OKAY

If not okay, explain why and identify the problem. (ENGINE RELATED - Check for unusual vibration):
N A 

Corrective Action Taken::
N A 

MAIN GENERATOR - Check for air inlet and outlet from restrictions:
OKAY

If not okay, explain why and identify the problem. (MAIN GENERATOR - Check for air inlet and outlet from restrictions):
N A 

Corrective Action Taken::
N A 

MAIN GENERATOR - Check for windings and electrical connections:
OKAY

If not okay, explain why and identify the problem. (MAIN GENERATOR - Check for windings and electrical connections):
N A 

Corrective Action Taken::
N A 

SWITCH GEAR - Check power distribution wiring and connections:
OKAY

If not okay, explain why and identify the problem. (SWITCH GEAR - Check power distribution wiring and connections):
N A 

Corrective Action Taken::
N A 

Actual test run for 1hr with load.:
OKAY

Indicate the time start and end time of the actual test run conducted.:
9:00am

Previous reading of running time::
817.83

Present reading of running time::
817.83

Indicate the three (3) line voltages (V) reading::
239v

Indicate the three (3) line amperes (A) reading::
28.10vdc

Indicate the hertz (Hz) reading::
59.99hz

Indicate the oil pressure reading (kPa)::
375kpa

Indicate the oil temperature (°F)::
55°C

Indicate running condition::
Normal

Notes and other concerns::
N A 

Diesel Tank Level:
Full tank

If for refill, When will be refill?:
Motor pool 

Available Diesel Stock Level:
800ltr

———————————————
This task was submitted through HATCHERY DIESEL GENERATOR WEEKLY MAINTENANCE CHECKLIST
https://form.asana.com/?k=jTp-bz9f-Np1TvF8ahkxpQ&d=1186399537984407",Hatchery Diesel Genset Weekly Maintenance Checklist,,,,Paul Gaudia,"Mar 28, 2026",1 (375kVA Cummins Genset),,,
"1213749568351625",2026-03-21,,2026-03-21,Paul Gaudia,Untitled section,,,,,,"Name of Maintenance Technician:
Paul Gaudia

Email address:
paulgaudia@gmail.com

DATE::
Mar 21, 2026

DIESEL GENERATOR SET #:
2 (275kVA Camda Genset)

LUBRICATION- Check for leaks:
OKAY

If not okay, explain why and identify the problem. (LUBRICATION- Check for leaks):
N A 

Corrective Action Taken::
N A 

LUBRICATION- Check for oil level:
OKAY

If not okay, explain why and identify the problem. (LUBRICATION- Check for oil level):
N A 

Corrective Action Taken::
N A 

COOLING SYSTEM -Check for leaks:
OKAY

If not okay, explain why and identify the problem. (COOLING SYSTEM -Check for leaks):
N A 

Corrective Action Taken:
N A 

COOLING SYSTEM -Check for radiator restriction:
OKAY

If not okay, explain why and identify the problem. (COOLING SYSTEM -Check for radiator restriction):
N A 

Corrective Action Taken::
N A 

COOLING SYSTEM -Check for hose and connections:
OKAY

If not okay, explain why and identify the problem. (COOLING SYSTEM -Check for hose and connections):
N A 

Corrective Action Taken:
N A 

COOLING SYSTEM -Coolant level:
OKAY

If not okay, explain why and identify the problem. (COOLING SYSTEM -Coolant level):
N A 

Corrective Action Taken::
N A 

COOLING SYSTEM - Belt condition and tension:
OKAY

If not okay, explain why and identify the problem. (COOLING SYSTEM - Belt condition and tension):
N A 

Corrective Action Taken::
N A 

FUEL - Check for leaks:
OKAY

If not okay, explain why and identify the problem. (FUEL - Check for leaks):
N A 

Corrective Action Taken::
N A 

AIR IN-TAKE (Check for leaks):
OKAY

If not okay, explain why and identify the problem. (AIR IN-TAKE :Check for leaks):
N A 

Corrective Action Taken::
N A 

AIR IN-TAKE (Check for air cleaner restriction):
OKAY

If not okay, explain why and identify the problem. (AIR IN-TAKE (Check for air cleaner restriction):
N A 

Corrective Action Taken::
N A 

EXHAUST- Check for leaks:
OKAY

If not okay, explain why and identify the problem. (EXHAUST- Check for leaks):
N A 

Corrective Action Taken::
N A 

ENGINE RELATED - Check for unusual vibration:
OKAY

If not okay, explain why and identify the problem. (ENGINE RELATED - Check for unusual vibration):
N A 

Corrective Action Taken::
N A 

MAIN GENERATOR - Check for air inlet and outlet from restrictions:
OKAY

If not okay, explain why and identify the problem. (MAIN GENERATOR - Check for air inlet and outlet from restrictions):
N A 

Corrective Action Taken::
N A 

MAIN GENERATOR - Check for windings and electrical connections:
OKAY

If not okay, explain why and identify the problem. (MAIN GENERATOR - Check for windings and electrical connections):
N A 

Corrective Action Taken::
N A 

SWITCH GEAR - Check power distribution wiring and connections:
OKAY

If not okay, explain why and identify the problem. (SWITCH GEAR - Check power distribution wiring and connections):
N A 

Corrective Action Taken::
N A 

Actual test run for 1hr with load.:
OKAY

Indicate the time start and end time of the actual test run conducted.:
9:00am

Previous reading of running time::
661.1

Present reading of running time::
661.1

Indicate the three (3) line voltages (V) reading::
230v

Indicate the three (3) line amperes (A) reading::
28.18vdc

Indicate the hertz (Hz) reading::
60.2hz

Indicate the oil pressure reading (kPa)::
275kva

Indicate the oil temperature (°F)::
55°C

Indicate running condition::
Normal

Notes and other concerns::
N A 

Diesel Tank Level:
Full tank

If for refill, When will be refill?:
Motor pool 

Available Diesel Stock Level:
800ltr

———————————————
This task was submitted through HATCHERY DIESEL GENERATOR WEEKLY MAINTENANCE CHECKLIST
https://form.asana.com/?k=jTp-bz9f-Np1TvF8ahkxpQ&d=1186399537984407",Hatchery Diesel Genset Weekly Maintenance Checklist,,,,Paul Gaudia,"Mar 21, 2026",2 (275kVA Camda Genset),,,
"1213749493943819",2026-03-21,,2026-03-21,Paul Gaudia,Untitled section,,,,,,"Name of Maintenance Technician:
Paul Gaudia

Email address:
paulgaudia@gmail.com

DATE::
Mar 21, 2026

DIESEL GENERATOR SET #:
1 (375kVA Cummins Genset)

LUBRICATION- Check for leaks:
OKAY

If not okay, explain why and identify the problem. (LUBRICATION- Check for leaks):
N A 

Corrective Action Taken::
N A 

LUBRICATION- Check for oil level:
OKAY

If not okay, explain why and identify the problem. (LUBRICATION- Check for oil level):
N A 

Corrective Action Taken::
N A 

COOLING SYSTEM -Check for leaks:
OKAY

If not okay, explain why and identify the problem. (COOLING SYSTEM -Check for leaks):
N A 

Corrective Action Taken:
N A 

COOLING SYSTEM -Check for radiator restriction:
OKAY

If not okay, explain why and identify the problem. (COOLING SYSTEM -Check for radiator restriction):
N A 

Corrective Action Taken::
N A 

COOLING SYSTEM -Check for hose and connections:
OKAY

If not okay, explain why and identify the problem. (COOLING SYSTEM -Check for hose and connections):
N A 

Corrective Action Taken:
N A 

COOLING SYSTEM -Coolant level:
OKAY

If not okay, explain why and identify the problem. (COOLING SYSTEM -Coolant level):
N A 

Corrective Action Taken::
N A 

COOLING SYSTEM - Belt condition and tension:
OKAY

If not okay, explain why and identify the problem. (COOLING SYSTEM - Belt condition and tension):
N A 

Corrective Action Taken::
N A 

FUEL - Check for leaks:
OKAY

If not okay, explain why and identify the problem. (FUEL - Check for leaks):
N A 

Corrective Action Taken::
N A 

AIR IN-TAKE (Check for leaks):
OKAY

If not okay, explain why and identify the problem. (AIR IN-TAKE :Check for leaks):
N A 

Corrective Action Taken::
N A 

AIR IN-TAKE (Check for air cleaner restriction):
OKAY

If not okay, explain why and identify the problem. (AIR IN-TAKE (Check for air cleaner restriction):
N A 

Corrective Action Taken::
N A 

EXHAUST- Check for leaks:
OKAY

If not okay, explain why and identify the problem. (EXHAUST- Check for leaks):
N A 

Corrective Action Taken::
N A 

ENGINE RELATED - Check for unusual vibration:
OKAY

If not okay, explain why and identify the problem. (ENGINE RELATED - Check for unusual vibration):
N A 

Corrective Action Taken::
N A 

MAIN GENERATOR - Check for air inlet and outlet from restrictions:
OKAY

If not okay, explain why and identify the problem. (MAIN GENERATOR - Check for air inlet and outlet from restrictions):
N A 

Corrective Action Taken::
N A 

MAIN GENERATOR - Check for windings and electrical connections:
OKAY

If not okay, explain why and identify the problem. (MAIN GENERATOR - Check for windings and electrical connections):
N A 

Corrective Action Taken::
N A 

SWITCH GEAR - Check power distribution wiring and connections:
OKAY

If not okay, explain why and identify the problem. (SWITCH GEAR - Check power distribution wiring and connections):
N A 

Corrective Action Taken::
N A 

Actual test run for 1hr with load.:
OKAY

Indicate the time start and end time of the actual test run conducted.:
9:00am

Previous reading of running time::
817.80

Present reading of running time::
817.80

Indicate the three (3) line voltages (V) reading::
239v

Indicate the three (3) line amperes (A) reading::
28.18vdc

Indicate the hertz (Hz) reading::
59.99hz

Indicate the oil pressure reading (kPa)::
375kpa

Indicate the oil temperature (°F)::
55°C

Indicate running condition::
Normal

Notes and other concerns::
N A 

Diesel Tank Level:
Full tank

If for refill, When will be refill?:
Motor pool 

Available Diesel Stock Level:
800ltr

———————————————
This task was submitted through HATCHERY DIESEL GENERATOR WEEKLY MAINTENANCE CHECKLIST
https://form.asana.com/?k=jTp-bz9f-Np1TvF8ahkxpQ&d=1186399537984407",Hatchery Diesel Genset Weekly Maintenance Checklist,,,,Paul Gaudia,"Mar 21, 2026",1 (375kVA Cummins Genset),,,
"1213638463682836",2026-03-13,,2026-03-13,Paul Gaudia,Untitled section,,,,,,"Name of Maintenance Technician:
Paul Gaudia

Email address:
paulgaudia@gmail.com

DATE::
Mar 13, 2026

DIESEL GENERATOR SET #:
2 (275kVA Camda Genset)

LUBRICATION- Check for leaks:
OKAY

If not okay, explain why and identify the problem. (LUBRICATION- Check for leaks):
N A 

Corrective Action Taken::
N A 

LUBRICATION- Check for oil level:
OKAY

If not okay, explain why and identify the problem. (LUBRICATION- Check for oil level):
N A 

Corrective Action Taken::
N A 

COOLING SYSTEM -Check for leaks:
OKAY

If not okay, explain why and identify the problem. (COOLING SYSTEM -Check for leaks):
N A 

Corrective Action Taken:
N A 

COOLING SYSTEM -Check for radiator restriction:
OKAY

If not okay, explain why and identify the problem. (COOLING SYSTEM -Check for radiator restriction):
N A 

Corrective Action Taken::
N A 

COOLING SYSTEM -Check for hose and connections:
OKAY

If not okay, explain why and identify the problem. (COOLING SYSTEM -Check for hose and connections):
N A 

Corrective Action Taken:
N A 

COOLING SYSTEM -Coolant level:
OKAY

If not okay, explain why and identify the problem. (COOLING SYSTEM -Coolant level):
N A 

Corrective Action Taken::
N A 

COOLING SYSTEM - Belt condition and tension:
OKAY

If not okay, explain why and identify the problem. (COOLING SYSTEM - Belt condition and tension):
N A 

Corrective Action Taken::
N A 

FUEL - Check for leaks:
OKAY

If not okay, explain why and identify the problem. (FUEL - Check for leaks):
N A 

Corrective Action Taken::
N A 

AIR IN-TAKE (Check for leaks):
OKAY

If not okay, explain why and identify the problem. (AIR IN-TAKE :Check for leaks):
N A 

Corrective Action Taken::
N A 

AIR IN-TAKE (Check for air cleaner restriction):
OKAY

If not okay, explain why and identify the problem. (AIR IN-TAKE (Check for air cleaner restriction):
N A 

Corrective Action Taken::
N A 

EXHAUST- Check for leaks:
OKAY

If not okay, explain why and identify the problem. (EXHAUST- Check for leaks):
N A 

Corrective Action Taken::
N A 

ENGINE RELATED - Check for unusual vibration:
OKAY

If not okay, explain why and identify the problem. (ENGINE RELATED - Check for unusual vibration):
N A 

Corrective Action Taken::
N A 

MAIN GENERATOR - Check for air inlet and outlet from restrictions:
OKAY

If not okay, explain why and identify the problem. (MAIN GENERATOR - Check for air inlet and outlet from restrictions):
N A 

Corrective Action Taken::
N A 

MAIN GENERATOR - Check for windings and electrical connections:
OKAY

If not okay, explain why and identify the problem. (MAIN GENERATOR - Check for windings and electrical connections):
N A 

Corrective Action Taken::
N A 

SWITCH GEAR - Check power distribution wiring and connections:
OKAY

If not okay, explain why and identify the problem. (SWITCH GEAR - Check power distribution wiring and connections):
N A 

Corrective Action Taken::
N A 

Actual test run for 1hr with load.:
OKAY

Indicate the time start and end time of the actual test run conducted.:
1:45pm

Previous reading of running time::
661

Present reading of running time::
661

Indicate the three (3) line voltages (V) reading::
230v

Indicate the three (3) line amperes (A) reading::
28.10vdc

Indicate the hertz (Hz) reading::
60.2hz

Indicate the oil pressure reading (kPa)::
275kva

Indicate the oil temperature (°F)::
55°C

Indicate running condition::
Normal

Notes and other concerns::
N A 

Diesel Tank Level:
Full tank

If for refill, When will be refill?:
Motor pool 

Available Diesel Stock Level:
1000

———————————————
This task was submitted through HATCHERY DIESEL GENERATOR WEEKLY MAINTENANCE CHECKLIST
https://form.asana.com/?k=jTp-bz9f-Np1TvF8ahkxpQ&d=1186399537984407",Hatchery Diesel Genset Weekly Maintenance Checklist,,,,Paul Gaudia,"Mar 13, 2026",2 (275kVA Camda Genset),,,
"1213638356604131",2026-03-13,,2026-03-13,Paul Gaudia,Untitled section,,,,,,"Name of Maintenance Technician:
Paul Gaudia

Email address:
paulgaudia@gmail.com

DATE::
Mar 13, 2026

DIESEL GENERATOR SET #:
1 (375kVA Cummins Genset)

LUBRICATION- Check for leaks:
OKAY

If not okay, explain why and identify the problem. (LUBRICATION- Check for leaks):
N A 

Corrective Action Taken::
N A 

LUBRICATION- Check for oil level:
OKAY

If not okay, explain why and identify the problem. (LUBRICATION- Check for oil level):
N A 

Corrective Action Taken::
N A 

COOLING SYSTEM -Check for leaks:
OKAY

If not okay, explain why and identify the problem. (COOLING SYSTEM -Check for leaks):
N A 

Corrective Action Taken:
N A 

COOLING SYSTEM -Check for radiator restriction:
OKAY

If not okay, explain why and identify the problem. (COOLING SYSTEM -Check for radiator restriction):
N A 

Corrective Action Taken::
N A 

COOLING SYSTEM -Check for hose and connections:
OKAY

If not okay, explain why and identify the problem. (COOLING SYSTEM -Check for hose and connections):
N A 

Corrective Action Taken:
N A 

COOLING SYSTEM -Coolant level:
OKAY

If not okay, explain why and identify the problem. (COOLING SYSTEM -Coolant level):
N A 

Corrective Action Taken::
N A 

COOLING SYSTEM - Belt condition and tension:
OKAY

If not okay, explain why and identify the problem. (COOLING SYSTEM - Belt condition and tension):
N A 

Corrective Action Taken::
N A 

FUEL - Check for leaks:
OKAY

If not okay, explain why and identify the problem. (FUEL - Check for leaks):
N A 

Corrective Action Taken::
N A 

AIR IN-TAKE (Check for leaks):
OKAY

If not okay, explain why and identify the problem. (AIR IN-TAKE :Check for leaks):
N A 

Corrective Action Taken::
N A 

AIR IN-TAKE (Check for air cleaner restriction):
OKAY

If not okay, explain why and identify the problem. (AIR IN-TAKE (Check for air cleaner restriction):
N A 

Corrective Action Taken::
N A 

EXHAUST- Check for leaks:
OKAY

If not okay, explain why and identify the problem. (EXHAUST- Check for leaks):
N A 

Corrective Action Taken::
N A 

ENGINE RELATED - Check for unusual vibration:
OKAY

If not okay, explain why and identify the problem. (ENGINE RELATED - Check for unusual vibration):
N A 

Corrective Action Taken::
N A 

MAIN GENERATOR - Check for air inlet and outlet from restrictions:
OKAY

If not okay, explain why and identify the problem. (MAIN GENERATOR - Check for air inlet and outlet from restrictions):
N A 

Corrective Action Taken::
N A 

MAIN GENERATOR - Check for windings and electrical connections:
OKAY

If not okay, explain why and identify the problem. (MAIN GENERATOR - Check for windings and electrical connections):
N A 

Corrective Action Taken::
N A 

SWITCH GEAR - Check power distribution wiring and connections:
OKAY

If not okay, explain why and identify the problem. (SWITCH GEAR - Check power distribution wiring and connections):
N A 

Corrective Action Taken::
N A 

Actual test run for 1hr with load.:
OKAY

Indicate the time start and end time of the actual test run conducted.:
1:45pm

Previous reading of running time::
803.85

Present reading of running time::
803.83

Indicate the three (3) line voltages (V) reading::
239v

Indicate the three (3) line amperes (A) reading::
28.18vdc

Indicate the hertz (Hz) reading::
59.99hz

Indicate the oil pressure reading (kPa)::
375kpa

Indicate the oil temperature (°F)::
55°C

Indicate running condition::
Normal

Notes and other concerns::
N A 

Diesel Tank Level:
Full tank

If for refill, When will be refill?:
Motor pool 

Available Diesel Stock Level:
1000

———————————————
This task was submitted through HATCHERY DIESEL GENERATOR WEEKLY MAINTENANCE CHECKLIST
https://form.asana.com/?k=jTp-bz9f-Np1TvF8ahkxpQ&d=1186399537984407",Hatchery Diesel Genset Weekly Maintenance Checklist,,,,Paul Gaudia,"Mar 13, 2026",1 (375kVA Cummins Genset),,,
"1213576013170779",2026-03-07,,2026-03-07,Paul Gaudia,Untitled section,,,,,,"Name of Maintenance Technician:
Paul Gaudia

Email address:
paulgaudia@gmail.com

DATE::
Mar 7, 2026

DIESEL GENERATOR SET #:
2 (275kVA Camda Genset)

LUBRICATION- Check for leaks:
OKAY

If not okay, explain why and identify the problem. (LUBRICATION- Check for leaks):
N A 

Corrective Action Taken::
N A 

LUBRICATION- Check for oil level:
OKAY

If not okay, explain why and identify the problem. (LUBRICATION- Check for oil level):
N A 

Corrective Action Taken::
N A 

COOLING SYSTEM -Check for leaks:
OKAY

If not okay, explain why and identify the problem. (COOLING SYSTEM -Check for leaks):
N A 

Corrective Action Taken:
N A 

COOLING SYSTEM -Check for radiator restriction:
OKAY

If not okay, explain why and identify the problem. (COOLING SYSTEM -Check for radiator restriction):
N A 

Corrective Action Taken::
N A 

COOLING SYSTEM -Check for hose and connections:
OKAY

If not okay, explain why and identify the problem. (COOLING SYSTEM -Check for hose and connections):
N A 

Corrective Action Taken:
N A 

COOLING SYSTEM -Coolant level:
OKAY

If not okay, explain why and identify the problem. (COOLING SYSTEM -Coolant level):
N A 

Corrective Action Taken::
N A 

COOLING SYSTEM - Belt condition and tension:
OKAY

If not okay, explain why and identify the problem. (COOLING SYSTEM - Belt condition and tension):
N A 

Corrective Action Taken::
N A 

FUEL - Check for leaks:
OKAY

If not okay, explain why and identify the problem. (FUEL - Check for leaks):
N A 

Corrective Action Taken::
N A 

AIR IN-TAKE (Check for leaks):
OKAY

If not okay, explain why and identify the problem. (AIR IN-TAKE :Check for leaks):
N A 

Corrective Action Taken::
N A 

AIR IN-TAKE (Check for air cleaner restriction):
OKAY

If not okay, explain why and identify the problem. (AIR IN-TAKE (Check for air cleaner restriction):
N A 

Corrective Action Taken::
N A 

EXHAUST- Check for leaks:
OKAY

If not okay, explain why and identify the problem. (EXHAUST- Check for leaks):
N A 

Corrective Action Taken::
N A 

ENGINE RELATED - Check for unusual vibration:
OKAY

If not okay, explain why and identify the problem. (ENGINE RELATED - Check for unusual vibration):
N A 

Corrective Action Taken::
N A 

MAIN GENERATOR - Check for air inlet and outlet from restrictions:
OKAY

If not okay, explain why and identify the problem. (MAIN GENERATOR - Check for air inlet and outlet from restrictions):
N A 

Corrective Action Taken::
N A 

MAIN GENERATOR - Check for windings and electrical connections:
OKAY

If not okay, explain why and identify the problem. (MAIN GENERATOR - Check for windings and electrical connections):
N A 

Corrective Action Taken::
N A 

SWITCH GEAR - Check power distribution wiring and connections:
OKAY

If not okay, explain why and identify the problem. (SWITCH GEAR - Check power distribution wiring and connections):
N A 

Corrective Action Taken::
N A 

Actual test run for 1hr with load.:
OKAY

Indicate the time start and end time of the actual test run conducted.:
11am

Previous reading of running time::
660.9

Present reading of running time::
660.9

Indicate the three (3) line voltages (V) reading::
230v

Indicate the three (3) line amperes (A) reading::
28.18vdc

Indicate the hertz (Hz) reading::
60.2hz

Indicate the oil pressure reading (kPa)::
275kva

Indicate the oil temperature (°F)::
55°C

Indicate running condition::
Normal

Notes and other concerns::
N A 

Diesel Tank Level:
Full tank

If for refill, When will be refill?:
Motor pool 

Available Diesel Stock Level:
1000

———————————————
This task was submitted through HATCHERY DIESEL GENERATOR WEEKLY MAINTENANCE CHECKLIST
https://form.asana.com/?k=jTp-bz9f-Np1TvF8ahkxpQ&d=1186399537984407",Hatchery Diesel Genset Weekly Maintenance Checklist,,,,Paul Gaudia,"Mar 7, 2026",2 (275kVA Camda Genset),,,
"1213535588580994",2026-03-07,,2026-03-07,Paul Gaudia,Untitled section,,,,,,"Name of Maintenance Technician:
Paul Gaudia

Email address:
paulgaudia@gmail.com

DATE::
Mar 7, 2026

DIESEL GENERATOR SET #:
1 (375kVA Cummins Genset)

LUBRICATION- Check for leaks:
OKAY

If not okay, explain why and identify the problem. (LUBRICATION- Check for leaks):
N A 

Corrective Action Taken::
N A 

LUBRICATION- Check for oil level:
OKAY

If not okay, explain why and identify the problem. (LUBRICATION- Check for oil level):
N A 

Corrective Action Taken::
N A 

COOLING SYSTEM -Check for leaks:
OKAY

If not okay, explain why and identify the problem. (COOLING SYSTEM -Check for leaks):
N A 

Corrective Action Taken:
N A 

COOLING SYSTEM -Check for radiator restriction:
OKAY

If not okay, explain why and identify the problem. (COOLING SYSTEM -Check for radiator restriction):
N A 

Corrective Action Taken::
N A 

COOLING SYSTEM -Check for hose and connections:
OKAY

If not okay, explain why and identify the problem. (COOLING SYSTEM -Check for hose and connections):
N A 

Corrective Action Taken:
N A 

COOLING SYSTEM -Coolant level:
OKAY

If not okay, explain why and identify the problem. (COOLING SYSTEM -Coolant level):
N A 

Corrective Action Taken::
N A 

COOLING SYSTEM - Belt condition and tension:
OKAY

If not okay, explain why and identify the problem. (COOLING SYSTEM - Belt condition and tension):
N A 

Corrective Action Taken::
N A 

FUEL - Check for leaks:
OKAY

If not okay, explain why and identify the problem. (FUEL - Check for leaks):
N A 

Corrective Action Taken::
N A 

AIR IN-TAKE (Check for leaks):
OKAY

If not okay, explain why and identify the problem. (AIR IN-TAKE :Check for leaks):
N A 

Corrective Action Taken::
N A 

AIR IN-TAKE (Check for air cleaner restriction):
OKAY

If not okay, explain why and identify the problem. (AIR IN-TAKE (Check for air cleaner restriction):
N A 

Corrective Action Taken::
N A 

EXHAUST- Check for leaks:
OKAY

If not okay, explain why and identify the problem. (EXHAUST- Check for leaks):
N A 

Corrective Action Taken::
N A 

ENGINE RELATED - Check for unusual vibration:
OKAY

If not okay, explain why and identify the problem. (ENGINE RELATED - Check for unusual vibration):
N A 

Corrective Action Taken::
N A 

MAIN GENERATOR - Check for air inlet and outlet from restrictions:
OKAY

If not okay, explain why and identify the problem. (MAIN GENERATOR - Check for air inlet and outlet from restrictions):
N A 

Corrective Action Taken::
N A 

MAIN GENERATOR - Check for windings and electrical connections:
OKAY

If not okay, explain why and identify the problem. (MAIN GENERATOR - Check for windings and electrical connections):
N A 

Corrective Action Taken::
N A 

SWITCH GEAR - Check power distribution wiring and connections:
OKAY

If not okay, explain why and identify the problem. (SWITCH GEAR - Check power distribution wiring and connections):
N A 

Corrective Action Taken::
N A 

Actual test run for 1hr with load.:
OKAY

Indicate the time start and end time of the actual test run conducted.:
11am

Previous reading of running time::
803.80

Present reading of running time::
803.80

Indicate the three (3) line voltages (V) reading::
239v

Indicate the three (3) line amperes (A) reading::
28.10vdc

Indicate the hertz (Hz) reading::
59.99hz

Indicate the oil pressure reading (kPa)::
375kpa

Indicate the oil temperature (°F)::
55°C

Indicate running condition::
Normal

Notes and other concerns::
N A 

Diesel Tank Level:
Full tank

If for refill, When will be refill?:
Motor pool 

Available Diesel Stock Level:
1000

———————————————
This task was submitted through HATCHERY DIESEL GENERATOR WEEKLY MAINTENANCE CHECKLIST
https://form.asana.com/?k=jTp-bz9f-Np1TvF8ahkxpQ&d=1186399537984407",Hatchery Diesel Genset Weekly Maintenance Checklist,,,,Paul Gaudia,"Mar 7, 2026",1 (375kVA Cummins Genset),,,
"1213473319377004",2026-02-28,,2026-02-28,Paul Gaudia,Untitled section,,,,,,"Name of Maintenance Technician:
Paul Gaudia

Email address:
paulgaudia@gmail.com

DATE::
Feb 28, 2026

DIESEL GENERATOR SET #:
2 (275kVA Camda Genset)

LUBRICATION- Check for leaks:
OKAY

If not okay, explain why and identify the problem. (LUBRICATION- Check for leaks):
N A 

Corrective Action Taken::
N A 

LUBRICATION- Check for oil level:
OKAY

If not okay, explain why and identify the problem. (LUBRICATION- Check for oil level):
N A 

Corrective Action Taken::
N A 

COOLING SYSTEM -Check for leaks:
OKAY

If not okay, explain why and identify the problem. (COOLING SYSTEM -Check for leaks):
N A 

Corrective Action Taken:
N A 

COOLING SYSTEM -Check for radiator restriction:
OKAY

If not okay, explain why and identify the problem. (COOLING SYSTEM -Check for radiator restriction):
N A 

Corrective Action Taken::
N A 

COOLING SYSTEM -Check for hose and connections:
OKAY

If not okay, explain why and identify the problem. (COOLING SYSTEM -Check for hose and connections):
N A 

Corrective Action Taken:
N A 

COOLING SYSTEM -Coolant level:
OKAY

If not okay, explain why and identify the problem. (COOLING SYSTEM -Coolant level):
N A 

Corrective Action Taken::
N A 

COOLING SYSTEM - Belt condition and tension:
OKAY

If not okay, explain why and identify the problem. (COOLING SYSTEM - Belt condition and tension):
N A 

Corrective Action Taken::
N A 

FUEL - Check for leaks:
OKAY

If not okay, explain why and identify the problem. (FUEL - Check for leaks):
N A 

Corrective Action Taken::
N A 

AIR IN-TAKE (Check for leaks):
OKAY

If not okay, explain why and identify the problem. (AIR IN-TAKE :Check for leaks):
N A 

Corrective Action Taken::
N A 

AIR IN-TAKE (Check for air cleaner restriction):
OKAY

If not okay, explain why and identify the problem. (AIR IN-TAKE (Check for air cleaner restriction):
N A 

Corrective Action Taken::
N A 

EXHAUST- Check for leaks:
OKAY

If not okay, explain why and identify the problem. (EXHAUST- Check for leaks):
N A 

Corrective Action Taken::
N A 

ENGINE RELATED - Check for unusual vibration:
OKAY

If not okay, explain why and identify the problem. (ENGINE RELATED - Check for unusual vibration):
N A 

Corrective Action Taken::
N A 

MAIN GENERATOR - Check for air inlet and outlet from restrictions:
OKAY

If not okay, explain why and identify the problem. (MAIN GENERATOR - Check for air inlet and outlet from restrictions):
N A 

Corrective Action Taken::
N A 

MAIN GENERATOR - Check for windings and electrical connections:
OKAY

If not okay, explain why and identify the problem. (MAIN GENERATOR - Check for windings and electrical connections):
N A 

Corrective Action Taken::
N A 

SWITCH GEAR - Check power distribution wiring and connections:
OKAY

If not okay, explain why and identify the problem. (SWITCH GEAR - Check power distribution wiring and connections):
N A 

Corrective Action Taken::
N A 

Actual test run for 1hr with load.:
OKAY

Indicate the time start and end time of the actual test run conducted.:
10am

Previous reading of running time::
660.9

Present reading of running time::
660.9

Indicate the three (3) line voltages (V) reading::
230v

Indicate the three (3) line amperes (A) reading::
28.10vdc

Indicate the hertz (Hz) reading::
60.2hz

Indicate the oil pressure reading (kPa)::
275kva

Indicate the oil temperature (°F)::
55°C

Indicate running condition::
Normal

Notes and other concerns::
N A 

Diesel Tank Level:
Full tank

If for refill, When will be refill?:
Motor pool 

Available Diesel Stock Level:
1000

———————————————
This task was submitted through HATCHERY DIESEL GENERATOR WEEKLY MAINTENANCE CHECKLIST
https://form.asana.com/?k=jTp-bz9f-Np1TvF8ahkxpQ&d=1186399537984407",Hatchery Diesel Genset Weekly Maintenance Checklist,,,,Paul Gaudia,"Feb 28, 2026",2 (275kVA Camda Genset),,,
"1213473320208383",2026-02-28,,2026-02-28,Paul Gaudia,Untitled section,,,,,,"Name of Maintenance Technician:
Paul Gaudia

Email address:
paulgaudia@gmail.com

DATE::
Feb 28, 2026

DIESEL GENERATOR SET #:
1 (375kVA Cummins Genset)

LUBRICATION- Check for leaks:
OKAY

If not okay, explain why and identify the problem. (LUBRICATION- Check for leaks):
N A 

Corrective Action Taken::
N A 

LUBRICATION- Check for oil level:
OKAY

If not okay, explain why and identify the problem. (LUBRICATION- Check for oil level):
N A 

Corrective Action Taken::
N A 

COOLING SYSTEM -Check for leaks:
OKAY

If not okay, explain why and identify the problem. (COOLING SYSTEM -Check for leaks):
N A 

Corrective Action Taken:
N A 

COOLING SYSTEM -Check for radiator restriction:
OKAY

If not okay, explain why and identify the problem. (COOLING SYSTEM -Check for radiator restriction):
N A 

Corrective Action Taken::
N A 

COOLING SYSTEM -Check for hose and connections:
OKAY

If not okay, explain why and identify the problem. (COOLING SYSTEM -Check for hose and connections):
N A 

Corrective Action Taken:
N A 

COOLING SYSTEM -Coolant level:
OKAY

If not okay, explain why and identify the problem. (COOLING SYSTEM -Coolant level):
N A 

Corrective Action Taken::
N A 

COOLING SYSTEM - Belt condition and tension:
OKAY

If not okay, explain why and identify the problem. (COOLING SYSTEM - Belt condition and tension):
N A 

Corrective Action Taken::
N A 

FUEL - Check for leaks:
OKAY

If not okay, explain why and identify the problem. (FUEL - Check for leaks):
N A 

Corrective Action Taken::
N A 

AIR IN-TAKE (Check for leaks):
OKAY

If not okay, explain why and identify the problem. (AIR IN-TAKE :Check for leaks):
N A 

Corrective Action Taken::
N A 

AIR IN-TAKE (Check for air cleaner restriction):
OKAY

If not okay, explain why and identify the problem. (AIR IN-TAKE (Check for air cleaner restriction):
N A 

Corrective Action Taken::
N A 

EXHAUST- Check for leaks:
OKAY

If not okay, explain why and identify the problem. (EXHAUST- Check for leaks):
N A 

Corrective Action Taken::
N A 

ENGINE RELATED - Check for unusual vibration:
OKAY

If not okay, explain why and identify the problem. (ENGINE RELATED - Check for unusual vibration):
N A 

Corrective Action Taken::
N A 

MAIN GENERATOR - Check for air inlet and outlet from restrictions:
OKAY

If not okay, explain why and identify the problem. (MAIN GENERATOR - Check for air inlet and outlet from restrictions):
N A 

Corrective Action Taken::
N A 

MAIN GENERATOR - Check for windings and electrical connections:
OKAY

If not okay, explain why and identify the problem. (MAIN GENERATOR - Check for windings and electrical connections):
N A 

Corrective Action Taken::
N A 

SWITCH GEAR - Check power distribution wiring and connections:
OKAY

If not okay, explain why and identify the problem. (SWITCH GEAR - Check power distribution wiring and connections):
N A 

Corrective Action Taken::
N A 

Actual test run for 1hr with load.:
OKAY

Indicate the time start and end time of the actual test run conducted.:
11:00am

Previous reading of running time::
803.70

Present reading of running time::
803.70

Indicate the three (3) line voltages (V) reading::
239v

Indicate the three (3) line amperes (A) reading::
28.10vdc

Indicate the hertz (Hz) reading::
59.99hz

Indicate the oil pressure reading (kPa)::
375kpa

Indicate the oil temperature (°F)::
63°C

Indicate running condition::
Normal

Notes and other concerns::
N A 

Diesel Tank Level:
Full tank

If for refill, When will be refill?:
Motor pool 

Available Diesel Stock Level:
1000

———————————————
This task was submitted through HATCHERY DIESEL GENERATOR WEEKLY MAINTENANCE CHECKLIST
https://form.asana.com/?k=jTp-bz9f-Np1TvF8ahkxpQ&d=1186399537984407",Hatchery Diesel Genset Weekly Maintenance Checklist,,,,Paul Gaudia,"Feb 28, 2026",1 (375kVA Cummins Genset),,,
"1213355501719543",2026-02-21,,2026-02-21,Paul Gaudia,Untitled section,,,,,,"Name of Maintenance Technician:
Paul Gaudia

Email address:
paulgaudia@gmail.com

DATE::
Feb 21, 2026

DIESEL GENERATOR SET #:
2 (275kVA Camda Genset)

LUBRICATION- Check for leaks:
OKAY

If not okay, explain why and identify the problem. (LUBRICATION- Check for leaks):
N A 

Corrective Action Taken::
N A 

LUBRICATION- Check for oil level:
OKAY

If not okay, explain why and identify the problem. (LUBRICATION- Check for oil level):
N A 

Corrective Action Taken::
N A 

COOLING SYSTEM -Check for leaks:
OKAY

If not okay, explain why and identify the problem. (COOLING SYSTEM -Check for leaks):
N A 

Corrective Action Taken:
N A 

COOLING SYSTEM -Check for radiator restriction:
OKAY

If not okay, explain why and identify the problem. (COOLING SYSTEM -Check for radiator restriction):
N A 

Corrective Action Taken::
N A 

COOLING SYSTEM -Check for hose and connections:
OKAY

If not okay, explain why and identify the problem. (COOLING SYSTEM -Check for hose and connections):
N A 

Corrective Action Taken:
N A 

COOLING SYSTEM -Coolant level:
OKAY

If not okay, explain why and identify the problem. (COOLING SYSTEM -Coolant level):
N A 

Corrective Action Taken::
N A 

COOLING SYSTEM - Belt condition and tension:
OKAY

If not okay, explain why and identify the problem. (COOLING SYSTEM - Belt condition and tension):
N A 

Corrective Action Taken::
N A 

FUEL - Check for leaks:
OKAY

If not okay, explain why and identify the problem. (FUEL - Check for leaks):
N A 

Corrective Action Taken::
N A 

AIR IN-TAKE (Check for leaks):
OKAY

If not okay, explain why and identify the problem. (AIR IN-TAKE :Check for leaks):
N A 

Corrective Action Taken::
N A 

AIR IN-TAKE (Check for air cleaner restriction):
OKAY

If not okay, explain why and identify the problem. (AIR IN-TAKE (Check for air cleaner restriction):
N A 

Corrective Action Taken::
N A 

EXHAUST- Check for leaks:
OKAY

If not okay, explain why and identify the problem. (EXHAUST- Check for leaks):
N A 

Corrective Action Taken::
N A 

ENGINE RELATED - Check for unusual vibration:
OKAY

If not okay, explain why and identify the problem. (ENGINE RELATED - Check for unusual vibration):
N A 

Corrective Action Taken::
N A 

MAIN GENERATOR - Check for air inlet and outlet from restrictions:
OKAY

If not okay, explain why and identify the problem. (MAIN GENERATOR - Check for air inlet and outlet from restrictions):
N A 

Corrective Action Taken::
N A 

MAIN GENERATOR - Check for windings and electrical connections:
OKAY

If not okay, explain why and identify the problem. (MAIN GENERATOR - Check for windings and electrical connections):
N A 

Corrective Action Taken::
N A 

SWITCH GEAR - Check power distribution wiring and connections:
OKAY

If not okay, explain why and identify the problem. (SWITCH GEAR - Check power distribution wiring and connections):
N A 

Corrective Action Taken::
N A 

Actual test run for 1hr with load.:
OKAY

Indicate the time start and end time of the actual test run conducted.:
11.00

Previous reading of running time::
660.8

Present reading of running time::
660.8

Indicate the three (3) line voltages (V) reading::
230v

Indicate the three (3) line amperes (A) reading::
28.10vdc

Indicate the hertz (Hz) reading::
60.2hz

Indicate the oil pressure reading (kPa)::
275kva

Indicate the oil temperature (°F)::
58°C

Indicate running condition::
Normal

Notes and other concerns::
N A 

Diesel Tank Level:
Full tank

If for refill, When will be refill?:
Motor pool 

Available Diesel Stock Level:
1000

———————————————
This task was submitted through HATCHERY DIESEL GENERATOR WEEKLY MAINTENANCE CHECKLIST
https://form.asana.com/?k=jTp-bz9f-Np1TvF8ahkxpQ&d=1186399537984407",Hatchery Diesel Genset Weekly Maintenance Checklist,,,,Paul Gaudia,"Feb 21, 2026",2 (275kVA Camda Genset),,,
"1213384196582033",2026-02-21,,2026-02-21,Paul Gaudia,Untitled section,,,,,,"Name of Maintenance Technician:
Paul Gaudia

Email address:
paulgaudia@gmail.com

DATE::
Feb 21, 2026

DIESEL GENERATOR SET #:
1 (375kVA Cummins Genset)

LUBRICATION- Check for leaks:
OKAY

If not okay, explain why and identify the problem. (LUBRICATION- Check for leaks):
N A 

Corrective Action Taken::
N A 

LUBRICATION- Check for oil level:
OKAY

If not okay, explain why and identify the problem. (LUBRICATION- Check for oil level):
N A 

Corrective Action Taken::
N A 

COOLING SYSTEM -Check for leaks:
OKAY

If not okay, explain why and identify the problem. (COOLING SYSTEM -Check for leaks):
N A 

Corrective Action Taken:
N A 

COOLING SYSTEM -Check for radiator restriction:
OKAY

If not okay, explain why and identify the problem. (COOLING SYSTEM -Check for radiator restriction):
N A 

Corrective Action Taken::
N A 

COOLING SYSTEM -Check for hose and connections:
OKAY

If not okay, explain why and identify the problem. (COOLING SYSTEM -Check for hose and connections):
N A 

Corrective Action Taken:
N A 

COOLING SYSTEM -Coolant level:
OKAY

If not okay, explain why and identify the problem. (COOLING SYSTEM -Coolant level):
N A 

Corrective Action Taken::
N A 

COOLING SYSTEM - Belt condition and tension:
OKAY

If not okay, explain why and identify the problem. (COOLING SYSTEM - Belt condition and tension):
N A 

Corrective Action Taken::
N A 

FUEL - Check for leaks:
OKAY

If not okay, explain why and identify the problem. (FUEL - Check for leaks):
N A 

Corrective Action Taken::
N A 

AIR IN-TAKE (Check for leaks):
OKAY

If not okay, explain why and identify the problem. (AIR IN-TAKE :Check for leaks):
N A 

Corrective Action Taken::
N A 

AIR IN-TAKE (Check for air cleaner restriction):
OKAY

If not okay, explain why and identify the problem. (AIR IN-TAKE (Check for air cleaner restriction):
N A 

Corrective Action Taken::
N A 

EXHAUST- Check for leaks:
OKAY

If not okay, explain why and identify the problem. (EXHAUST- Check for leaks):
N A 

Corrective Action Taken::
N A 

ENGINE RELATED - Check for unusual vibration:
OKAY

If not okay, explain why and identify the problem. (ENGINE RELATED - Check for unusual vibration):
N A 

Corrective Action Taken::
N A 

MAIN GENERATOR - Check for air inlet and outlet from restrictions:
OKAY

If not okay, explain why and identify the problem. (MAIN GENERATOR - Check for air inlet and outlet from restrictions):
N A 

Corrective Action Taken::
N A 

MAIN GENERATOR - Check for windings and electrical connections:
OKAY

If not okay, explain why and identify the problem. (MAIN GENERATOR - Check for windings and electrical connections):
N A 

Corrective Action Taken::
N A 

SWITCH GEAR - Check power distribution wiring and connections:
OKAY

If not okay, explain why and identify the problem. (SWITCH GEAR - Check power distribution wiring and connections):
N A 

Corrective Action Taken::
N A 

Actual test run for 1hr with load.:
OKAY

Indicate the time start and end time of the actual test run conducted.:
11:00

Previous reading of running time::
803.65

Present reading of running time::
803.65

Indicate the three (3) line voltages (V) reading::
239v

Indicate the three (3) line amperes (A) reading::
28.18vdc

Indicate the hertz (Hz) reading::
59.99hz

Indicate the oil pressure reading (kPa)::
375kpa

Indicate the oil temperature (°F)::
55°C

Indicate running condition::
Normal

Notes and other concerns::
N A 

Diesel Tank Level:
Full tank

If for refill, When will be refill?:
Motor pool 

Available Diesel Stock Level:
1000

———————————————
This task was submitted through HATCHERY DIESEL GENERATOR WEEKLY MAINTENANCE CHECKLIST
https://form.asana.com/?k=jTp-bz9f-Np1TvF8ahkxpQ&d=1186399537984407",Hatchery Diesel Genset Weekly Maintenance Checklist,,,,Paul Gaudia,"Feb 21, 2026",1 (375kVA Cummins Genset),,,
"1213279715238363",2026-02-14,,2026-02-14,Paul Gaudia,Untitled section,,,,,,"Name of Maintenance Technician:
Paul Gaudia

Email address:
paulgaudia@gmail.com

DATE::
Feb 14, 2026

DIESEL GENERATOR SET #:
2 (275kVA Camda Genset)

LUBRICATION- Check for leaks:
OKAY

If not okay, explain why and identify the problem. (LUBRICATION- Check for leaks):
N A 

Corrective Action Taken::
N A 

LUBRICATION- Check for oil level:
OKAY

If not okay, explain why and identify the problem. (LUBRICATION- Check for oil level):
N A 

Corrective Action Taken::
N A 

COOLING SYSTEM -Check for leaks:
OKAY

If not okay, explain why and identify the problem. (COOLING SYSTEM -Check for leaks):
N A 

Corrective Action Taken:
N A 

COOLING SYSTEM -Check for radiator restriction:
OKAY

If not okay, explain why and identify the problem. (COOLING SYSTEM -Check for radiator restriction):
N A 

Corrective Action Taken::
N A 

COOLING SYSTEM -Check for hose and connections:
OKAY

If not okay, explain why and identify the problem. (COOLING SYSTEM -Check for hose and connections):
N A 

Corrective Action Taken:
N A 

COOLING SYSTEM -Coolant level:
OKAY

If not okay, explain why and identify the problem. (COOLING SYSTEM -Coolant level):
N A 

Corrective Action Taken::
N A 

COOLING SYSTEM - Belt condition and tension:
OKAY

If not okay, explain why and identify the problem. (COOLING SYSTEM - Belt condition and tension):
N A 

Corrective Action Taken::
N A 

FUEL - Check for leaks:
OKAY

If not okay, explain why and identify the problem. (FUEL - Check for leaks):
N A 

Corrective Action Taken::
N A 

AIR IN-TAKE (Check for leaks):
OKAY

If not okay, explain why and identify the problem. (AIR IN-TAKE :Check for leaks):
N A 

Corrective Action Taken::
N A 

AIR IN-TAKE (Check for air cleaner restriction):
OKAY

If not okay, explain why and identify the problem. (AIR IN-TAKE (Check for air cleaner restriction):
N A 

Corrective Action Taken::
N A 

EXHAUST- Check for leaks:
OKAY

If not okay, explain why and identify the problem. (EXHAUST- Check for leaks):
N A 

Corrective Action Taken::
N A 

ENGINE RELATED - Check for unusual vibration:
OKAY

If not okay, explain why and identify the problem. (ENGINE RELATED - Check for unusual vibration):
N A 

Corrective Action Taken::
N A 

MAIN GENERATOR - Check for air inlet and outlet from restrictions:
OKAY

If not okay, explain why and identify the problem. (MAIN GENERATOR - Check for air inlet and outlet from restrictions):
N A 

Corrective Action Taken::
N A 

MAIN GENERATOR - Check for windings and electrical connections:
OKAY

If not okay, explain why and identify the problem. (MAIN GENERATOR - Check for windings and electrical connections):
N A 

Corrective Action Taken::
N A 

SWITCH GEAR - Check power distribution wiring and connections:
OKAY

If not okay, explain why and identify the problem. (SWITCH GEAR - Check power distribution wiring and connections):
N A 

Corrective Action Taken::
N A 

Actual test run for 1hr with load.:
OKAY

Indicate the time start and end time of the actual test run conducted.:
11am

Previous reading of running time::
660.8

Present reading of running time::
660.8

Indicate the three (3) line voltages (V) reading::
230v

Indicate the three (3) line amperes (A) reading::
28.10vdc

Indicate the hertz (Hz) reading::
60.2hz

Indicate the oil pressure reading (kPa)::
275kva

Indicate the oil temperature (°F)::
58°C

Indicate running condition::
Normal

Notes and other concerns::
N A 

Diesel Tank Level:
Full tank

If for refill, When will be refill?:
Motor pool 

Available Diesel Stock Level:
1000

———————————————
This task was submitted through HATCHERY DIESEL GENERATOR WEEKLY MAINTENANCE CHECKLIST
https://form.asana.com/?k=jTp-bz9f-Np1TvF8ahkxpQ&d=1186399537984407",Hatchery Diesel Genset Weekly Maintenance Checklist,,,,Paul Gaudia,"Feb 14, 2026",2 (275kVA Camda Genset),,,
"1213279700736163",2026-02-14,,2026-02-14,Paul Gaudia,Untitled section,,,,,,"Name of Maintenance Technician:
Paul Gaudia

Email address:
paulgaudia@gmail.com

DATE::
Feb 14, 2026

DIESEL GENERATOR SET #:
1 (375kVA Cummins Genset)

LUBRICATION- Check for leaks:
OKAY

If not okay, explain why and identify the problem. (LUBRICATION- Check for leaks):
N A 

Corrective Action Taken::
N A 

LUBRICATION- Check for oil level:
OKAY

If not okay, explain why and identify the problem. (LUBRICATION- Check for oil level):
N A 

Corrective Action Taken::
N A 

COOLING SYSTEM -Check for leaks:
OKAY

If not okay, explain why and identify the problem. (COOLING SYSTEM -Check for leaks):
N A 

Corrective Action Taken:
N A 

COOLING SYSTEM -Check for radiator restriction:
OKAY

If not okay, explain why and identify the problem. (COOLING SYSTEM -Check for radiator restriction):
N A 

Corrective Action Taken::
N A 

COOLING SYSTEM -Check for hose and connections:
OKAY

If not okay, explain why and identify the problem. (COOLING SYSTEM -Check for hose and connections):
N A 

Corrective Action Taken:
N A 

COOLING SYSTEM -Coolant level:
OKAY

If not okay, explain why and identify the problem. (COOLING SYSTEM -Coolant level):
N A 

Corrective Action Taken::
N A 

COOLING SYSTEM - Belt condition and tension:
OKAY

If not okay, explain why and identify the problem. (COOLING SYSTEM - Belt condition and tension):
N A 

Corrective Action Taken::
N A 

FUEL - Check for leaks:
OKAY

If not okay, explain why and identify the problem. (FUEL - Check for leaks):
N A 

Corrective Action Taken::
N A 

AIR IN-TAKE (Check for leaks):
OKAY

If not okay, explain why and identify the problem. (AIR IN-TAKE :Check for leaks):
N A 

Corrective Action Taken::
N A 

AIR IN-TAKE (Check for air cleaner restriction):
OKAY

If not okay, explain why and identify the problem. (AIR IN-TAKE (Check for air cleaner restriction):
N A 

Corrective Action Taken::
N A 

EXHAUST- Check for leaks:
OKAY

If not okay, explain why and identify the problem. (EXHAUST- Check for leaks):
N A 

Corrective Action Taken::
N A 

ENGINE RELATED - Check for unusual vibration:
OKAY

If not okay, explain why and identify the problem. (ENGINE RELATED - Check for unusual vibration):
N A 

Corrective Action Taken::
N A 

MAIN GENERATOR - Check for air inlet and outlet from restrictions:
NOT OKAY

If not okay, explain why and identify the problem. (MAIN GENERATOR - Check for air inlet and outlet from restrictions):
N A 

Corrective Action Taken::
N A 

MAIN GENERATOR - Check for windings and electrical connections:
OKAY

If not okay, explain why and identify the problem. (MAIN GENERATOR - Check for windings and electrical connections):
N A 

Corrective Action Taken::
N A 

SWITCH GEAR - Check power distribution wiring and connections:
OKAY

If not okay, explain why and identify the problem. (SWITCH GEAR - Check power distribution wiring and connections):
N A 

Corrective Action Taken::
N A 

Actual test run for 1hr with load.:
OKAY

Indicate the time start and end time of the actual test run conducted.:
11am

Previous reading of running time::
803.55

Present reading of running time::
803.55

Indicate the three (3) line voltages (V) reading::
239v

Indicate the three (3) line amperes (A) reading::
28.10vdc

Indicate the hertz (Hz) reading::
59.99hz

Indicate the oil pressure reading (kPa)::
375kpa

Indicate the oil temperature (°F)::
58°C

Indicate running condition::
Normal

Notes and other concerns::
N A 

Diesel Tank Level:
Full tank

If for refill, When will be refill?:
Motor pool 

Available Diesel Stock Level:
1000

———————————————
This task was submitted through HATCHERY DIESEL GENERATOR WEEKLY MAINTENANCE CHECKLIST
https://form.asana.com/?k=jTp-bz9f-Np1TvF8ahkxpQ&d=1186399537984407",Hatchery Diesel Genset Weekly Maintenance Checklist,,,,Paul Gaudia,"Feb 14, 2026",1 (375kVA Cummins Genset),,,
"1213166819326332",2026-02-07,,2026-02-07,Paul Gaudia,Untitled section,,,,,,"Name of Maintenance Technician:
Paul Gaudia

Email address:
paulgaudia@gmail.com

DATE::
Feb 7, 2026

DIESEL GENERATOR SET #:
1 (375kVA Cummins Genset)

LUBRICATION- Check for leaks:
OKAY

If not okay, explain why and identify the problem. (LUBRICATION- Check for leaks):
N A 

Corrective Action Taken::
N A 

LUBRICATION- Check for oil level:
OKAY

If not okay, explain why and identify the problem. (LUBRICATION- Check for oil level):
N A 

Corrective Action Taken::
N A 

COOLING SYSTEM -Check for leaks:
OKAY

If not okay, explain why and identify the problem. (COOLING SYSTEM -Check for leaks):
N A 

Corrective Action Taken:
N A 

COOLING SYSTEM -Check for radiator restriction:
OKAY

If not okay, explain why and identify the problem. (COOLING SYSTEM -Check for radiator restriction):
N A 

Corrective Action Taken::
N A 

COOLING SYSTEM -Check for hose and connections:
OKAY

If not okay, explain why and identify the problem. (COOLING SYSTEM -Check for hose and connections):
N A 

Corrective Action Taken:
N A 

COOLING SYSTEM -Coolant level:
OKAY

If not okay, explain why and identify the problem. (COOLING SYSTEM -Coolant level):
N A 

Corrective Action Taken::
N A 

COOLING SYSTEM - Belt condition and tension:
OKAY

If not okay, explain why and identify the problem. (COOLING SYSTEM - Belt condition and tension):
N A 

Corrective Action Taken::
N A 

FUEL - Check for leaks:
OKAY

If not okay, explain why and identify the problem. (FUEL - Check for leaks):
N A 

Corrective Action Taken::
N A 

AIR IN-TAKE (Check for leaks):
OKAY

If not okay, explain why and identify the problem. (AIR IN-TAKE :Check for leaks):
N A 

Corrective Action Taken::
N A 

AIR IN-TAKE (Check for air cleaner restriction):
OKAY

If not okay, explain why and identify the problem. (AIR IN-TAKE (Check for air cleaner restriction):
N A 

Corrective Action Taken::
N A 

EXHAUST- Check for leaks:
OKAY

If not okay, explain why and identify the problem. (EXHAUST- Check for leaks):
N A 

Corrective Action Taken::
N A 

ENGINE RELATED - Check for unusual vibration:
OKAY

If not okay, explain why and identify the problem. (ENGINE RELATED - Check for unusual vibration):
N A 

Corrective Action Taken::
N A 

MAIN GENERATOR - Check for air inlet and outlet from restrictions:
OKAY

If not okay, explain why and identify the problem. (MAIN GENERATOR - Check for air inlet and outlet from restrictions):
N A 

Corrective Action Taken::
N A 

MAIN GENERATOR - Check for windings and electrical connections:
OKAY

If not okay, explain why and identify the problem. (MAIN GENERATOR - Check for windings and electrical connections):
N A 

Corrective Action Taken::
N A 

SWITCH GEAR - Check power distribution wiring and connections:
OKAY

If not okay, explain why and identify the problem. (SWITCH GEAR - Check power distribution wiring and connections):
N A 

Corrective Action Taken::
N A 

Actual test run for 1hr with load.:
OKAY

Indicate the time start and end time of the actual test run conducted.:
1:30

Previous reading of running time::
791.50

Present reading of running time::
791.50

Indicate the three (3) line voltages (V) reading::
239v

Indicate the three (3) line amperes (A) reading::
28.10vdc

Indicate the hertz (Hz) reading::
59.99hz

Indicate the oil pressure reading (kPa)::
375kpa

Indicate the oil temperature (°F)::
55°C

Indicate running condition::
Normal

Notes and other concerns::
N A 

Diesel Tank Level:
Full tank

If for refill, When will be refill?:
Motor pool 

Available Diesel Stock Level:
800ltr

———————————————
This task was submitted through HATCHERY DIESEL GENERATOR WEEKLY MAINTENANCE CHECKLIST
https://form.asana.com/?k=jTp-bz9f-Np1TvF8ahkxpQ&d=1186399537984407",Hatchery Diesel Genset Weekly Maintenance Checklist,,,,Paul Gaudia,"Feb 7, 2026",1 (375kVA Cummins Genset),,,
"1213047342343053",2026-01-31,,2026-01-31,Paul gaudia ,Untitled section,,,,,,"Name of Maintenance Technician:
Paul gaudia 

Email address:
paul_gaudia@gmail.com 

DATE::
Jan 31, 2026

DIESEL GENERATOR SET #:
1 (375kVA Cummins Genset)

LUBRICATION- Check for leaks:
OKAY

If not okay, explain why and identify the problem. (LUBRICATION- Check for leaks):
N A 

Corrective Action Taken::
N A 

LUBRICATION- Check for oil level:
OKAY

If not okay, explain why and identify the problem. (LUBRICATION- Check for oil level):
N A 

Corrective Action Taken::
N A 

COOLING SYSTEM -Check for leaks:
OKAY

If not okay, explain why and identify the problem. (COOLING SYSTEM -Check for leaks):
N A 

Corrective Action Taken:
N A 

COOLING SYSTEM -Check for radiator restriction:
OKAY

If not okay, explain why and identify the problem. (COOLING SYSTEM -Check for radiator restriction):
N A 

Corrective Action Taken::
N A 

COOLING SYSTEM -Check for hose and connections:
OKAY

If not okay, explain why and identify the problem. (COOLING SYSTEM -Check for hose and connections):
N A 

Corrective Action Taken:
N A 

COOLING SYSTEM -Coolant level:
OKAY

If not okay, explain why and identify the problem. (COOLING SYSTEM -Coolant level):
N A 

Corrective Action Taken::
N A 

COOLING SYSTEM - Belt condition and tension:
OKAY

If not okay, explain why and identify the problem. (COOLING SYSTEM - Belt condition and tension):
N A 

Corrective Action Taken::
N A 

FUEL - Check for leaks:
OKAY

If not okay, explain why and identify the problem. (FUEL - Check for leaks):
N A 

Corrective Action Taken::
N A 

AIR IN-TAKE (Check for leaks):
OKAY

If not okay, explain why and identify the problem. (AIR IN-TAKE :Check for leaks):
N A 

Corrective Action Taken::
N A 

AIR IN-TAKE (Check for air cleaner restriction):
OKAY

If not okay, explain why and identify the problem. (AIR IN-TAKE (Check for air cleaner restriction):
N A 

Corrective Action Taken::
N A 

EXHAUST- Check for leaks:
OKAY

If not okay, explain why and identify the problem. (EXHAUST- Check for leaks):
N A 

Corrective Action Taken::
N A 

ENGINE RELATED - Check for unusual vibration:
OKAY

If not okay, explain why and identify the problem. (ENGINE RELATED - Check for unusual vibration):
N A 

Corrective Action Taken::
N A 

MAIN GENERATOR - Check for air inlet and outlet from restrictions:
OKAY

If not okay, explain why and identify the problem. (MAIN GENERATOR - Check for air inlet and outlet from restrictions):
N A 

Corrective Action Taken::
N A 

MAIN GENERATOR - Check for windings and electrical connections:
OKAY

If not okay, explain why and identify the problem. (MAIN GENERATOR - Check for windings and electrical connections):
N A 

Corrective Action Taken::
N A 

SWITCH GEAR - Check power distribution wiring and connections:
OKAY

If not okay, explain why and identify the problem. (SWITCH GEAR - Check power distribution wiring and connections):
N A 

Corrective Action Taken::
N A 

Actual test run for 1hr with load.:
OKAY

Indicate the time start and end time of the actual test run conducted.:
1:30

Previous reading of running time::
765.00

Present reading of running time::
765.00

Indicate the three (3) line voltages (V) reading::
239v

Indicate the three (3) line amperes (A) reading::
28.10vdc

Indicate the hertz (Hz) reading::
59.99hz

Indicate the oil pressure reading (kPa)::
375kpa

Indicate the oil temperature (°F)::
58°C

Indicate running condition::
Normal

Notes and other concerns::
N A 

Diesel Tank Level:
Full tank

If for refill, When will be refill?:
Motor pool 

Available Diesel Stock Level:
600ltr

———————————————
This task was submitted through HATCHERY DIESEL GENERATOR WEEKLY MAINTENANCE CHECKLIST
https://form.asana.com/?k=jTp-bz9f-Np1TvF8ahkxpQ&d=1186399537984407",Hatchery Diesel Genset Weekly Maintenance Checklist,,,,Paul gaudia ,"Jan 31, 2026",1 (375kVA Cummins Genset),,,
"1212952935825484",2026-01-24,,2026-01-24,Paul gaudia ,Untitled section,,,,,,"Name of Maintenance Technician:
Paul gaudia 

Email address:
paul_gaudia@gmail.com 

DATE::
Jan 24, 2026

DIESEL GENERATOR SET #:
2 (275kVA Camda Genset)

LUBRICATION- Check for leaks:
OKAY

If not okay, explain why and identify the problem. (LUBRICATION- Check for leaks):
N A 

Corrective Action Taken::
N A 

LUBRICATION- Check for oil level:
OKAY

If not okay, explain why and identify the problem. (LUBRICATION- Check for oil level):
N A 

Corrective Action Taken::
N A 

COOLING SYSTEM -Check for leaks:
OKAY

If not okay, explain why and identify the problem. (COOLING SYSTEM -Check for leaks):
N A 

Corrective Action Taken:
N A 

COOLING SYSTEM -Check for radiator restriction:
OKAY

If not okay, explain why and identify the problem. (COOLING SYSTEM -Check for radiator restriction):
N A 

Corrective Action Taken::
N A 

COOLING SYSTEM -Check for hose and connections:
OKAY

If not okay, explain why and identify the problem. (COOLING SYSTEM -Check for hose and connections):
N A 

Corrective Action Taken:
N A 

COOLING SYSTEM -Coolant level:
OKAY

If not okay, explain why and identify the problem. (COOLING SYSTEM -Coolant level):
N A 

Corrective Action Taken::
N A 

COOLING SYSTEM - Belt condition and tension:
OKAY

If not okay, explain why and identify the problem. (COOLING SYSTEM - Belt condition and tension):
N A 

Corrective Action Taken::
N A 

FUEL - Check for leaks:
OKAY

If not okay, explain why and identify the problem. (FUEL - Check for leaks):
N A 

Corrective Action Taken::
N A 

AIR IN-TAKE (Check for leaks):
OKAY

If not okay, explain why and identify the problem. (AIR IN-TAKE :Check for leaks):
N A 

Corrective Action Taken::
N A 

AIR IN-TAKE (Check for air cleaner restriction):
OKAY

If not okay, explain why and identify the problem. (AIR IN-TAKE (Check for air cleaner restriction):
N A 

Corrective Action Taken::
N A 

EXHAUST- Check for leaks:
OKAY

If not okay, explain why and identify the problem. (EXHAUST- Check for leaks):
N A 

Corrective Action Taken::
N A 

ENGINE RELATED - Check for unusual vibration:
OKAY

If not okay, explain why and identify the problem. (ENGINE RELATED - Check for unusual vibration):
N A 

Corrective Action Taken::
N A 

MAIN GENERATOR - Check for air inlet and outlet from restrictions:
OKAY

If not okay, explain why and identify the problem. (MAIN GENERATOR - Check for air inlet and outlet from restrictions):
N A 

Corrective Action Taken::
N A 

MAIN GENERATOR - Check for windings and electrical connections:
OKAY

If not okay, explain why and identify the problem. (MAIN GENERATOR - Check for windings and electrical connections):
N A 

Corrective Action Taken::
N A 

SWITCH GEAR - Check power distribution wiring and connections:
OKAY

If not okay, explain why and identify the problem. (SWITCH GEAR - Check power distribution wiring and connections):
N A 

Corrective Action Taken::
N A 

Actual test run for 1hr with load.:
OKAY

Indicate the time start and end time of the actual test run conducted.:
1:30

Previous reading of running time::
648.8

Present reading of running time::
648.8

Indicate the three (3) line voltages (V) reading::
230v

Indicate the three (3) line amperes (A) reading::
28.10vdc

Indicate the hertz (Hz) reading::
60.2hz

Indicate the oil pressure reading (kPa)::
275kva

Indicate the oil temperature (°F)::
83°F

Indicate running condition::
Normal

Notes and other concerns::
N A 

Diesel Tank Level:
Full tank

If for refill, When will be refill?:
Motor pool 

Available Diesel Stock Level:
1000

———————————————
This task was submitted through HATCHERY DIESEL GENERATOR WEEKLY MAINTENANCE CHECKLIST
https://form.asana.com/?k=jTp-bz9f-Np1TvF8ahkxpQ&d=1186399537984407",Hatchery Diesel Genset Weekly Maintenance Checklist,,,,Paul gaudia ,"Jan 24, 2026",2 (275kVA Camda Genset),,,
"1212940817967949",2026-01-24,,2026-01-24,Paul gaudia ,Untitled section,,,,,,"Name of Maintenance Technician:
Paul gaudia 

Email address:
paul_gaudia@gmail.com 

DATE::
Jan 24, 2026

DIESEL GENERATOR SET #:
1 (375kVA Cummins Genset)

LUBRICATION- Check for leaks:
OKAY

If not okay, explain why and identify the problem. (LUBRICATION- Check for leaks):
N A 

Corrective Action Taken::
N A 

LUBRICATION- Check for oil level:
OKAY

If not okay, explain why and identify the problem. (LUBRICATION- Check for oil level):
N A 

Corrective Action Taken::
N A 

COOLING SYSTEM -Check for leaks:
OKAY

If not okay, explain why and identify the problem. (COOLING SYSTEM -Check for leaks):
N A 

Corrective Action Taken:
N A 

COOLING SYSTEM -Check for radiator restriction:
OKAY

If not okay, explain why and identify the problem. (COOLING SYSTEM -Check for radiator restriction):
N A 

Corrective Action Taken::
N A 

COOLING SYSTEM -Check for hose and connections:
OKAY

If not okay, explain why and identify the problem. (COOLING SYSTEM -Check for hose and connections):
N A 

Corrective Action Taken:
N A 

COOLING SYSTEM -Coolant level:
OKAY

If not okay, explain why and identify the problem. (COOLING SYSTEM -Coolant level):
N A 

Corrective Action Taken::
N A 

COOLING SYSTEM - Belt condition and tension:
OKAY

If not okay, explain why and identify the problem. (COOLING SYSTEM - Belt condition and tension):
N A 

Corrective Action Taken::
N A 

FUEL - Check for leaks:
OKAY

If not okay, explain why and identify the problem. (FUEL - Check for leaks):
N A 

Corrective Action Taken::
N A 

AIR IN-TAKE (Check for leaks):
OKAY

If not okay, explain why and identify the problem. (AIR IN-TAKE :Check for leaks):
N A 

Corrective Action Taken::
N A 

AIR IN-TAKE (Check for air cleaner restriction):
OKAY

If not okay, explain why and identify the problem. (AIR IN-TAKE (Check for air cleaner restriction):
N A 

Corrective Action Taken::
N A 

EXHAUST- Check for leaks:
OKAY

If not okay, explain why and identify the problem. (EXHAUST- Check for leaks):
N A 

Corrective Action Taken::
N A 

ENGINE RELATED - Check for unusual vibration:
OKAY

If not okay, explain why and identify the problem. (ENGINE RELATED - Check for unusual vibration):
N A 

Corrective Action Taken::
N A 

MAIN GENERATOR - Check for air inlet and outlet from restrictions:
OKAY

If not okay, explain why and identify the problem. (MAIN GENERATOR - Check for air inlet and outlet from restrictions):
N A 

Corrective Action Taken::
N A 

MAIN GENERATOR - Check for windings and electrical connections:
OKAY

If not okay, explain why and identify the problem. (MAIN GENERATOR - Check for windings and electrical connections):
N A 

Corrective Action Taken::
N A 

SWITCH GEAR - Check power distribution wiring and connections:
OKAY

If not okay, explain why and identify the problem. (SWITCH GEAR - Check power distribution wiring and connections):
N A 

Corrective Action Taken::
N A 

Actual test run for 1hr with load.:
OKAY

Indicate the time start and end time of the actual test run conducted.:
1:30

Previous reading of running time::
734.60

Present reading of running time::
734.60

Indicate the three (3) line voltages (V) reading::
239v

Indicate the three (3) line amperes (A) reading::
28.18vdc

Indicate the hertz (Hz) reading::
59.99hz

Indicate the oil pressure reading (kPa)::
375kpa

Indicate the oil temperature (°F)::
58°C

Indicate running condition::
Normal

Notes and other concerns::
N A 

Diesel Tank Level:
Full tank

If for refill, When will be refill?:
Motor pool 

Available Diesel Stock Level:
1000

———————————————
This task was submitted through HATCHERY DIESEL GENERATOR WEEKLY MAINTENANCE CHECKLIST
https://form.asana.com/?k=jTp-bz9f-Np1TvF8ahkxpQ&d=1186399537984407",Hatchery Diesel Genset Weekly Maintenance Checklist,,,,Paul gaudia ,"Jan 24, 2026",1 (375kVA Cummins Genset),,,
"1212844926646250",2026-01-17,,2026-01-17,Paul gaudia ,Untitled section,,,,,,"Name of Maintenance Technician:
Paul gaudia 

Email address:
paul_gaudia@gmail.com 

DATE::
Jan 17, 2026

DIESEL GENERATOR SET #:
2 (275kVA Camda Genset)

LUBRICATION- Check for leaks:
OKAY

If not okay, explain why and identify the problem. (LUBRICATION- Check for leaks):
N A 

Corrective Action Taken::
N A 

LUBRICATION- Check for oil level:
OKAY

If not okay, explain why and identify the problem. (LUBRICATION- Check for oil level):
N A 

Corrective Action Taken::
N A 

COOLING SYSTEM -Check for leaks:
OKAY

If not okay, explain why and identify the problem. (COOLING SYSTEM -Check for leaks):
N A 

Corrective Action Taken:
N A 

COOLING SYSTEM -Check for radiator restriction:
OKAY

If not okay, explain why and identify the problem. (COOLING SYSTEM -Check for radiator restriction):
N A 

Corrective Action Taken::
N A 

COOLING SYSTEM -Check for hose and connections:
OKAY

If not okay, explain why and identify the problem. (COOLING SYSTEM -Check for hose and connections):
N A 

Corrective Action Taken:
N A 

COOLING SYSTEM -Coolant level:
OKAY

If not okay, explain why and identify the problem. (COOLING SYSTEM -Coolant level):
N A 

Corrective Action Taken::
N A 

COOLING SYSTEM - Belt condition and tension:
OKAY

If not okay, explain why and identify the problem. (COOLING SYSTEM - Belt condition and tension):
N A 

Corrective Action Taken::
N A 

FUEL - Check for leaks:
OKAY

If not okay, explain why and identify the problem. (FUEL - Check for leaks):
N A 

Corrective Action Taken::
N A 

AIR IN-TAKE (Check for leaks):
OKAY

If not okay, explain why and identify the problem. (AIR IN-TAKE :Check for leaks):
N A 

Corrective Action Taken::
N A 

AIR IN-TAKE (Check for air cleaner restriction):
OKAY

If not okay, explain why and identify the problem. (AIR IN-TAKE (Check for air cleaner restriction):
N A 

Corrective Action Taken::
N A 

EXHAUST- Check for leaks:
OKAY

If not okay, explain why and identify the problem. (EXHAUST- Check for leaks):
N A 

Corrective Action Taken::
N A 

ENGINE RELATED - Check for unusual vibration:
OKAY

If not okay, explain why and identify the problem. (ENGINE RELATED - Check for unusual vibration):
N A 

Corrective Action Taken::
N A 

MAIN GENERATOR - Check for air inlet and outlet from restrictions:
OKAY

If not okay, explain why and identify the problem. (MAIN GENERATOR - Check for air inlet and outlet from restrictions):
N A 

Corrective Action Taken::
N A 

MAIN GENERATOR - Check for windings and electrical connections:
OKAY

If not okay, explain why and identify the problem. (MAIN GENERATOR - Check for windings and electrical connections):
N A 

Corrective Action Taken::
N A 

SWITCH GEAR - Check power distribution wiring and connections:
OKAY

If not okay, explain why and identify the problem. (SWITCH GEAR - Check power distribution wiring and connections):
N A 

Corrective Action Taken::
N A 

Actual test run for 1hr with load.:
OKAY

Indicate the time start and end time of the actual test run conducted.:
9:00am

Previous reading of running time::
636.3

Present reading of running time::
636.3

Indicate the three (3) line voltages (V) reading::
230v

Indicate the three (3) line amperes (A) reading::
28.10vdc

Indicate the hertz (Hz) reading::
60.2hz

Indicate the oil pressure reading (kPa)::
275kva

Indicate the oil temperature (°F)::
58°C

Indicate running condition::
Normal

Notes and other concerns::
N a

Diesel Tank Level:
Full tank

If for refill, When will be refill?:
Motor pool 

Available Diesel Stock Level:
600ltr

———————————————
This task was submitted through HATCHERY DIESEL GENERATOR WEEKLY MAINTENANCE CHECKLIST
https://form.asana.com/?k=jTp-bz9f-Np1TvF8ahkxpQ&d=1186399537984407",Hatchery Diesel Genset Weekly Maintenance Checklist,,,,Paul gaudia ,"Jan 17, 2026",2 (275kVA Camda Genset),,,
"1212844915713655",2026-01-17,,2026-01-17,Paul gaudia ,Untitled section,,,,,,"Name of Maintenance Technician:
Paul gaudia 

Email address:
paul_gaudia@gmail.com 

DATE::
Jan 17, 2026

DIESEL GENERATOR SET #:
1 (375kVA Cummins Genset)

LUBRICATION- Check for leaks:
OKAY

If not okay, explain why and identify the problem. (LUBRICATION- Check for leaks):
N A 

Corrective Action Taken::
N A 

LUBRICATION- Check for oil level:
OKAY

If not okay, explain why and identify the problem. (LUBRICATION- Check for oil level):
N A 

Corrective Action Taken::
N A 

COOLING SYSTEM -Check for leaks:
OKAY

If not okay, explain why and identify the problem. (COOLING SYSTEM -Check for leaks):
N A 

Corrective Action Taken:
N A 

COOLING SYSTEM -Check for radiator restriction:
OKAY

If not okay, explain why and identify the problem. (COOLING SYSTEM -Check for radiator restriction):
N A 

Corrective Action Taken::
N A 

COOLING SYSTEM -Check for hose and connections:
OKAY

If not okay, explain why and identify the problem. (COOLING SYSTEM -Check for hose and connections):
N A 

Corrective Action Taken:
N A 

COOLING SYSTEM -Coolant level:
OKAY

If not okay, explain why and identify the problem. (COOLING SYSTEM -Coolant level):
N A 

Corrective Action Taken::
N A 

COOLING SYSTEM - Belt condition and tension:
OKAY

If not okay, explain why and identify the problem. (COOLING SYSTEM - Belt condition and tension):
N A 

Corrective Action Taken::
N A 

FUEL - Check for leaks:
OKAY

If not okay, explain why and identify the problem. (FUEL - Check for leaks):
N A 

Corrective Action Taken::
N A 

AIR IN-TAKE (Check for leaks):
OKAY

If not okay, explain why and identify the problem. (AIR IN-TAKE :Check for leaks):
N A 

Corrective Action Taken::
N A 

AIR IN-TAKE (Check for air cleaner restriction):
OKAY

If not okay, explain why and identify the problem. (AIR IN-TAKE (Check for air cleaner restriction):
N A 

Corrective Action Taken::
N A 

EXHAUST- Check for leaks:
OKAY

If not okay, explain why and identify the problem. (EXHAUST- Check for leaks):
N A 

Corrective Action Taken::
N A 

ENGINE RELATED - Check for unusual vibration:
OKAY

If not okay, explain why and identify the problem. (ENGINE RELATED - Check for unusual vibration):
N A 

Corrective Action Taken::
N A 

MAIN GENERATOR - Check for air inlet and outlet from restrictions:
OKAY

If not okay, explain why and identify the problem. (MAIN GENERATOR - Check for air inlet and outlet from restrictions):
N A 

Corrective Action Taken::
N A 

MAIN GENERATOR - Check for windings and electrical connections:
OKAY

If not okay, explain why and identify the problem. (MAIN GENERATOR - Check for windings and electrical connections):
N A 

Corrective Action Taken::
N A 

SWITCH GEAR - Check power distribution wiring and connections:
OKAY

If not okay, explain why and identify the problem. (SWITCH GEAR - Check power distribution wiring and connections):
N A 

Corrective Action Taken::
N A 

Actual test run for 1hr with load.:
OKAY

Indicate the time start and end time of the actual test run conducted.:
9:00am

Previous reading of running time::
716.50

Present reading of running time::
716.50

Indicate the three (3) line voltages (V) reading::
239v

Indicate the three (3) line amperes (A) reading::
28.18vdc

Indicate the hertz (Hz) reading::
59.99hz

Indicate the oil pressure reading (kPa)::
375kpa

Indicate the oil temperature (°F)::
55°C

Indicate running condition::
Normal

Notes and other concerns::
N A 

Diesel Tank Level:
Full tank

If for refill, When will be refill?:
Motor pool 

Available Diesel Stock Level:
600ltr

———————————————
This task was submitted through HATCHERY DIESEL GENERATOR WEEKLY MAINTENANCE CHECKLIST
https://form.asana.com/?k=jTp-bz9f-Np1TvF8ahkxpQ&d=1186399537984407",Hatchery Diesel Genset Weekly Maintenance Checklist,,,,Paul gaudia ,"Jan 17, 2026",1 (375kVA Cummins Genset),,,
"1212723835913370",2026-01-10,,2026-01-10,Paul gaudia ,Untitled section,,,,,,"Name of Maintenance Technician:
Paul gaudia 

Email address:
paul_gaudia@gmail.com 

DATE::
Jan 10, 2026

DIESEL GENERATOR SET #:
2 (275kVA Camda Genset)

LUBRICATION- Check for leaks:
OKAY

If not okay, explain why and identify the problem. (LUBRICATION- Check for leaks):
N A 

Corrective Action Taken::
N A 

LUBRICATION- Check for oil level:
OKAY

If not okay, explain why and identify the problem. (LUBRICATION- Check for oil level):
N A 

Corrective Action Taken::
N A 

COOLING SYSTEM -Check for leaks:
OKAY

If not okay, explain why and identify the problem. (COOLING SYSTEM -Check for leaks):
N A 

Corrective Action Taken:
N A 

COOLING SYSTEM -Check for radiator restriction:
OKAY

If not okay, explain why and identify the problem. (COOLING SYSTEM -Check for radiator restriction):
N A 

Corrective Action Taken::
N A 

COOLING SYSTEM -Check for hose and connections:
OKAY

If not okay, explain why and identify the problem. (COOLING SYSTEM -Check for hose and connections):
N A 

Corrective Action Taken:
N A 

COOLING SYSTEM -Coolant level:
OKAY

If not okay, explain why and identify the problem. (COOLING SYSTEM -Coolant level):
N A 

Corrective Action Taken::
N A 

COOLING SYSTEM - Belt condition and tension:
OKAY

If not okay, explain why and identify the problem. (COOLING SYSTEM - Belt condition and tension):
N A 

Corrective Action Taken::
N A 

FUEL - Check for leaks:
OKAY

If not okay, explain why and identify the problem. (FUEL - Check for leaks):
N A 

Corrective Action Taken::
N A 

AIR IN-TAKE (Check for leaks):
OKAY

If not okay, explain why and identify the problem. (AIR IN-TAKE :Check for leaks):
N A 

Corrective Action Taken::
N A 

AIR IN-TAKE (Check for air cleaner restriction):
OKAY

If not okay, explain why and identify the problem. (AIR IN-TAKE (Check for air cleaner restriction):
N A 

Corrective Action Taken::
N A 

EXHAUST- Check for leaks:
OKAY

If not okay, explain why and identify the problem. (EXHAUST- Check for leaks):
N A 

Corrective Action Taken::
N A 

ENGINE RELATED - Check for unusual vibration:
OKAY

If not okay, explain why and identify the problem. (ENGINE RELATED - Check for unusual vibration):
N A 

Corrective Action Taken::
N A 

MAIN GENERATOR - Check for air inlet and outlet from restrictions:
OKAY

If not okay, explain why and identify the problem. (MAIN GENERATOR - Check for air inlet and outlet from restrictions):
N A 

Corrective Action Taken::
N A 

MAIN GENERATOR - Check for windings and electrical connections:
OKAY

If not okay, explain why and identify the problem. (MAIN GENERATOR - Check for windings and electrical connections):
N A 

Corrective Action Taken::
N A 

SWITCH GEAR - Check power distribution wiring and connections:
OKAY

If not okay, explain why and identify the problem. (SWITCH GEAR - Check power distribution wiring and connections):
N A 

Corrective Action Taken::
N A 

Actual test run for 1hr with load.:
OKAY

Indicate the time start and end time of the actual test run conducted.:
10:00am

Previous reading of running time::
636.2

Present reading of running time::
636.2

Indicate the three (3) line voltages (V) reading::
230v

Indicate the three (3) line amperes (A) reading::
28.10vdc

Indicate the hertz (Hz) reading::
60.2hz

Indicate the oil pressure reading (kPa)::
275kva

Indicate the oil temperature (°F)::
55°C

Indicate running condition::
Normal

Notes and other concerns::
N A 

Diesel Tank Level:
Full tank

If for refill, When will be refill?:
Motor pool 

Available Diesel Stock Level:
600ltr

———————————————
This task was submitted through HATCHERY DIESEL GENERATOR WEEKLY MAINTENANCE CHECKLIST
https://form.asana.com/?k=jTp-bz9f-Np1TvF8ahkxpQ&d=1186399537984407",Hatchery Diesel Genset Weekly Maintenance Checklist,,,,Paul gaudia ,"Jan 10, 2026",2 (275kVA Camda Genset),,,
"1212723823229721",2026-01-10,,2026-01-10,Paul gaudia ,Untitled section,,,,,,"Name of Maintenance Technician:
Paul gaudia 

Email address:
paul_gaudia@gmail.com 

DATE::
Jan 10, 2026

DIESEL GENERATOR SET #:
1 (375kVA Cummins Genset)

LUBRICATION- Check for leaks:
OKAY

If not okay, explain why and identify the problem. (LUBRICATION- Check for leaks):
N A 

Corrective Action Taken::
N A 

LUBRICATION- Check for oil level:
OKAY

If not okay, explain why and identify the problem. (LUBRICATION- Check for oil level):
N A 

Corrective Action Taken::
N A 

COOLING SYSTEM -Check for leaks:
OKAY

If not okay, explain why and identify the problem. (COOLING SYSTEM -Check for leaks):
N A 

Corrective Action Taken:
N A 

COOLING SYSTEM -Check for radiator restriction:
OKAY

If not okay, explain why and identify the problem. (COOLING SYSTEM -Check for radiator restriction):
N A 

Corrective Action Taken::
N A 

COOLING SYSTEM -Check for hose and connections:
OKAY

If not okay, explain why and identify the problem. (COOLING SYSTEM -Check for hose and connections):
N A 

Corrective Action Taken:
N A 

COOLING SYSTEM -Coolant level:
OKAY

If not okay, explain why and identify the problem. (COOLING SYSTEM -Coolant level):
N A 

Corrective Action Taken::
N A 

COOLING SYSTEM - Belt condition and tension:
OKAY

If not okay, explain why and identify the problem. (COOLING SYSTEM - Belt condition and tension):
N A 

Corrective Action Taken::
N A 

FUEL - Check for leaks:
OKAY

If not okay, explain why and identify the problem. (FUEL - Check for leaks):
N A 

Corrective Action Taken::
N A 

AIR IN-TAKE (Check for leaks):
OKAY

If not okay, explain why and identify the problem. (AIR IN-TAKE :Check for leaks):
N A 

Corrective Action Taken::
N A 

AIR IN-TAKE (Check for air cleaner restriction):
OKAY

If not okay, explain why and identify the problem. (AIR IN-TAKE (Check for air cleaner restriction):
N A 

Corrective Action Taken::
N A 

EXHAUST- Check for leaks:
OKAY

If not okay, explain why and identify the problem. (EXHAUST- Check for leaks):
N A 

Corrective Action Taken::
N A 

ENGINE RELATED - Check for unusual vibration:
OKAY

If not okay, explain why and identify the problem. (ENGINE RELATED - Check for unusual vibration):
N A 

Corrective Action Taken::
N A 

MAIN GENERATOR - Check for air inlet and outlet from restrictions:
OKAY

If not okay, explain why and identify the problem. (MAIN GENERATOR - Check for air inlet and outlet from restrictions):
N A 

Corrective Action Taken::
N A 

MAIN GENERATOR - Check for windings and electrical connections:
OKAY

If not okay, explain why and identify the problem. (MAIN GENERATOR - Check for windings and electrical connections):
N A 

Corrective Action Taken::
N A 

SWITCH GEAR - Check power distribution wiring and connections:
OKAY

If not okay, explain why and identify the problem. (SWITCH GEAR - Check power distribution wiring and connections):
N A 

Corrective Action Taken::
N A 

Actual test run for 1hr with load.:
OKAY

Indicate the time start and end time of the actual test run conducted.:
8:00am

Previous reading of running time::
716.45

Present reading of running time::
716.45

Indicate the three (3) line voltages (V) reading::
239v

Indicate the three (3) line amperes (A) reading::
28.18vdc

Indicate the hertz (Hz) reading::
59.99hz

Indicate the oil pressure reading (kPa)::
375kpa

Indicate the oil temperature (°F)::
55°C

Indicate running condition::
Normal

Notes and other concerns::
N A 

Diesel Tank Level:
Full tank

If for refill, When will be refill?:
Motor pool 

Available Diesel Stock Level:
600ltr

———————————————
This task was submitted through HATCHERY DIESEL GENERATOR WEEKLY MAINTENANCE CHECKLIST
https://form.asana.com/?k=jTp-bz9f-Np1TvF8ahkxpQ&d=1186399537984407",Hatchery Diesel Genset Weekly Maintenance Checklist,,,,Paul gaudia ,"Jan 10, 2026",1 (375kVA Cummins Genset),,,
"1212642110168649",2026-01-03,,2026-01-03,Paul gaudia ,Untitled section,,,,,,"Name of Maintenance Technician:
Paul gaudia 

Email address:
paul_gaudia@gmail.com 

DATE::
Jan 3, 2026

DIESEL GENERATOR SET #:
2 (275kVA Camda Genset)

LUBRICATION- Check for leaks:
OKAY

If not okay, explain why and identify the problem. (LUBRICATION- Check for leaks):
N A 

Corrective Action Taken::
N A 

LUBRICATION- Check for oil level:
OKAY

If not okay, explain why and identify the problem. (LUBRICATION- Check for oil level):
N A 

Corrective Action Taken::
N A 

COOLING SYSTEM -Check for leaks:
OKAY

If not okay, explain why and identify the problem. (COOLING SYSTEM -Check for leaks):
N A 

Corrective Action Taken:
N A 

COOLING SYSTEM -Check for radiator restriction:
OKAY

If not okay, explain why and identify the problem. (COOLING SYSTEM -Check for radiator restriction):
N A 

Corrective Action Taken::
N A 

COOLING SYSTEM -Check for hose and connections:
OKAY

If not okay, explain why and identify the problem. (COOLING SYSTEM -Check for hose and connections):
N A 

Corrective Action Taken:
N A 

COOLING SYSTEM -Coolant level:
OKAY

If not okay, explain why and identify the problem. (COOLING SYSTEM -Coolant level):
N A 

Corrective Action Taken::
N A 

COOLING SYSTEM - Belt condition and tension:
OKAY

If not okay, explain why and identify the problem. (COOLING SYSTEM - Belt condition and tension):
N A 

Corrective Action Taken::
N A 

FUEL - Check for leaks:
OKAY

If not okay, explain why and identify the problem. (FUEL - Check for leaks):
N A 

Corrective Action Taken::
N A 

AIR IN-TAKE (Check for leaks):
OKAY

If not okay, explain why and identify the problem. (AIR IN-TAKE :Check for leaks):
N A 

Corrective Action Taken::
N A 

AIR IN-TAKE (Check for air cleaner restriction):
OKAY

If not okay, explain why and identify the problem. (AIR IN-TAKE (Check for air cleaner restriction):
N A 

Corrective Action Taken::
N A 

EXHAUST- Check for leaks:
OKAY

If not okay, explain why and identify the problem. (EXHAUST- Check for leaks):
N A 

Corrective Action Taken::
N A 

ENGINE RELATED - Check for unusual vibration:
OKAY

If not okay, explain why and identify the problem. (ENGINE RELATED - Check for unusual vibration):
N A 

Corrective Action Taken::
N A 

MAIN GENERATOR - Check for air inlet and outlet from restrictions:
OKAY

If not okay, explain why and identify the problem. (MAIN GENERATOR - Check for air inlet and outlet from restrictions):
N A 

Corrective Action Taken::
N A 

MAIN GENERATOR - Check for windings and electrical connections:
OKAY

If not okay, explain why and identify the problem. (MAIN GENERATOR - Check for windings and electrical connections):
N A 

Corrective Action Taken::
N A 

SWITCH GEAR - Check power distribution wiring and connections:
OKAY

If not okay, explain why and identify the problem. (SWITCH GEAR - Check power distribution wiring and connections):
N A 

Corrective Action Taken::
N A 

Actual test run for 1hr with load.:
OKAY

Indicate the time start and end time of the actual test run conducted.:
1:45pm

Previous reading of running time::
636.1

Present reading of running time::
636.1

Indicate the three (3) line voltages (V) reading::
230v

Indicate the three (3) line amperes (A) reading::
28.18vdc

Indicate the hertz (Hz) reading::
60.2hz

Indicate the oil pressure reading (kPa)::
275kva

Indicate the oil temperature (°F)::
55°C

Indicate running condition::
Normal

Notes and other concerns::
N A 

Diesel Tank Level:
Full tank

If for refill, When will be refill?:
Motor pool 

Available Diesel Stock Level:
600ltr

———————————————
This task was submitted through HATCHERY DIESEL GENERATOR WEEKLY MAINTENANCE CHECKLIST
https://form.asana.com/?k=jTp-bz9f-Np1TvF8ahkxpQ&d=1186399537984407",Hatchery Diesel Genset Weekly Maintenance Checklist,,,,Paul gaudia ,"Jan 3, 2026",2 (275kVA Camda Genset),,,
"1212642105501161",2026-01-03,,2026-01-03,Paul gaudia ,Untitled section,,,,,,"Name of Maintenance Technician:
Paul gaudia 

Email address:
paul_gaudia@gmail.com 

DATE::
Jan 3, 2026

DIESEL GENERATOR SET #:
1 (375kVA Cummins Genset)

LUBRICATION- Check for leaks:
OKAY

If not okay, explain why and identify the problem. (LUBRICATION- Check for leaks):
N A 

Corrective Action Taken::
N A 

LUBRICATION- Check for oil level:
OKAY

If not okay, explain why and identify the problem. (LUBRICATION- Check for oil level):
N A 

Corrective Action Taken::
N A 

COOLING SYSTEM -Check for leaks:
OKAY

If not okay, explain why and identify the problem. (COOLING SYSTEM -Check for leaks):
N A 

Corrective Action Taken:
N A 

COOLING SYSTEM -Check for radiator restriction:
OKAY

If not okay, explain why and identify the problem. (COOLING SYSTEM -Check for radiator restriction):
N A 

Corrective Action Taken::
N A 

COOLING SYSTEM -Check for hose and connections:
OKAY

If not okay, explain why and identify the problem. (COOLING SYSTEM -Check for hose and connections):
N A 

Corrective Action Taken:
N A 

COOLING SYSTEM -Coolant level:
OKAY

If not okay, explain why and identify the problem. (COOLING SYSTEM -Coolant level):
N A 

Corrective Action Taken::
N A 

COOLING SYSTEM - Belt condition and tension:
OKAY

If not okay, explain why and identify the problem. (COOLING SYSTEM - Belt condition and tension):
N A 

Corrective Action Taken::
N A 

FUEL - Check for leaks:
OKAY

If not okay, explain why and identify the problem. (FUEL - Check for leaks):
N A 

Corrective Action Taken::
N A 

AIR IN-TAKE (Check for leaks):
OKAY

If not okay, explain why and identify the problem. (AIR IN-TAKE :Check for leaks):
N A 

Corrective Action Taken::
N A 

AIR IN-TAKE (Check for air cleaner restriction):
OKAY

If not okay, explain why and identify the problem. (AIR IN-TAKE (Check for air cleaner restriction):
N A 

Corrective Action Taken::
N A 

EXHAUST- Check for leaks:
OKAY

If not okay, explain why and identify the problem. (EXHAUST- Check for leaks):
N A 

Corrective Action Taken::
N A 

ENGINE RELATED - Check for unusual vibration:
OKAY

If not okay, explain why and identify the problem. (ENGINE RELATED - Check for unusual vibration):
N A 

Corrective Action Taken::
N A 

MAIN GENERATOR - Check for air inlet and outlet from restrictions:
OKAY

If not okay, explain why and identify the problem. (MAIN GENERATOR - Check for air inlet and outlet from restrictions):
N A 

Corrective Action Taken::
N A 

MAIN GENERATOR - Check for windings and electrical connections:
OKAY

If not okay, explain why and identify the problem. (MAIN GENERATOR - Check for windings and electrical connections):
N A 

Corrective Action Taken::
N A 

SWITCH GEAR - Check power distribution wiring and connections:
OKAY

If not okay, explain why and identify the problem. (SWITCH GEAR - Check power distribution wiring and connections):
N A 

Corrective Action Taken::
N A 

Actual test run for 1hr with load.:
OKAY

Indicate the time start and end time of the actual test run conducted.:
1:45pm

Previous reading of running time::
716.30

Present reading of running time::
716.30

Indicate the three (3) line voltages (V) reading::
239v

Indicate the three (3) line amperes (A) reading::
28.10vdc

Indicate the hertz (Hz) reading::
59.99hz

Indicate the oil pressure reading (kPa)::
375kpa

Indicate the oil temperature (°F)::
58°C

Indicate running condition::
Normal

Notes and other concerns::
N A 

Diesel Tank Level:
Full tank

If for refill, When will be refill?:
Motor pool 

Available Diesel Stock Level:
600ltr

———————————————
This task was submitted through HATCHERY DIESEL GENERATOR WEEKLY MAINTENANCE CHECKLIST
https://form.asana.com/?k=jTp-bz9f-Np1TvF8ahkxpQ&d=1186399537984407",Hatchery Diesel Genset Weekly Maintenance Checklist,,,,Paul gaudia ,"Jan 3, 2026",1 (375kVA Cummins Genset),,,
"1212612027276507",2026-01-03,,2026-01-03,Paul gaudia ,Untitled section,,,,,,"Name of Maintenance Technician:
Paul gaudia 

Email address:
paul_gaudia@gmail.com 

DATE::
Dec 27, 2025

DIESEL GENERATOR SET #:
1 (375kVA Cummins Genset)

LUBRICATION- Check for leaks:
OKAY

If not okay, explain why and identify the problem. (LUBRICATION- Check for leaks):
N A 

Corrective Action Taken::
N A 

LUBRICATION- Check for oil level:
OKAY

If not okay, explain why and identify the problem. (LUBRICATION- Check for oil level):
N A 

Corrective Action Taken::
N A 

COOLING SYSTEM -Check for leaks:
OKAY

If not okay, explain why and identify the problem. (COOLING SYSTEM -Check for leaks):
N A 

Corrective Action Taken:
N A 

COOLING SYSTEM -Check for radiator restriction:
OKAY

If not okay, explain why and identify the problem. (COOLING SYSTEM -Check for radiator restriction):
N A 

Corrective Action Taken::
N A 

COOLING SYSTEM -Check for hose and connections:
OKAY

If not okay, explain why and identify the problem. (COOLING SYSTEM -Check for hose and connections):
N A 

Corrective Action Taken:
N A 

COOLING SYSTEM -Coolant level:
OKAY

If not okay, explain why and identify the problem. (COOLING SYSTEM -Coolant level):
N A 

Corrective Action Taken::
N A 

COOLING SYSTEM - Belt condition and tension:
OKAY

If not okay, explain why and identify the problem. (COOLING SYSTEM - Belt condition and tension):
N A 

Corrective Action Taken::
N A 

FUEL - Check for leaks:
OKAY

If not okay, explain why and identify the problem. (FUEL - Check for leaks):
N A 

Corrective Action Taken::
N A 

AIR IN-TAKE (Check for leaks):
OKAY

If not okay, explain why and identify the problem. (AIR IN-TAKE :Check for leaks):
N A 

Corrective Action Taken::
N A 

AIR IN-TAKE (Check for air cleaner restriction):
OKAY

If not okay, explain why and identify the problem. (AIR IN-TAKE (Check for air cleaner restriction):
N A 

Corrective Action Taken::
N A 

EXHAUST- Check for leaks:
OKAY

If not okay, explain why and identify the problem. (EXHAUST- Check for leaks):
N A 

Corrective Action Taken::
N A 

ENGINE RELATED - Check for unusual vibration:
OKAY

If not okay, explain why and identify the problem. (ENGINE RELATED - Check for unusual vibration):
N A 

Corrective Action Taken::
N A 

MAIN GENERATOR - Check for air inlet and outlet from restrictions:
OKAY

If not okay, explain why and identify the problem. (MAIN GENERATOR - Check for air inlet and outlet from restrictions):
N A 

Corrective Action Taken::
N A 

MAIN GENERATOR - Check for windings and electrical connections:
OKAY

If not okay, explain why and identify the problem. (MAIN GENERATOR - Check for windings and electrical connections):
N A 

Corrective Action Taken::
N A 

SWITCH GEAR - Check power distribution wiring and connections:
OKAY

If not okay, explain why and identify the problem. (SWITCH GEAR - Check power distribution wiring and connections):
N A 

Corrective Action Taken::
N A 

Actual test run for 1hr with load.:
OKAY

Indicate the time start and end time of the actual test run conducted.:
1:45pm

Previous reading of running time::
716

Present reading of running time::
716

Indicate the three (3) line voltages (V) reading::
239v

Indicate the three (3) line amperes (A) reading::
28.18vdc

Indicate the hertz (Hz) reading::
59.99hz

Indicate the oil pressure reading (kPa)::
375kpa

Indicate the oil temperature (°F)::
55°C

Indicate running condition::
Normal

Notes and other concerns::
N A 

Diesel Tank Level:
Full tank

If for refill, When will be refill?:
Motor pool 

Available Diesel Stock Level:
600ltr

———————————————
This task was submitted through HATCHERY DIESEL GENERATOR WEEKLY MAINTENANCE CHECKLIST
https://form.asana.com/?k=jTp-bz9f-Np1TvF8ahkxpQ&d=1186399537984407",Hatchery Diesel Genset Weekly Maintenance Checklist,,,,Paul gaudia ,"Dec 27, 2025",1 (375kVA Cummins Genset),,,
"1212642087742777",2026-01-03,,2026-01-03,Paul gaudia ,Untitled section,,,,,,"Name of Maintenance Technician:
Paul gaudia 

Email address:
paul_gaudia@gmail.com 

DATE::
Dec 20, 2025

DIESEL GENERATOR SET #:
1 (375kVA Cummins Genset)

LUBRICATION- Check for leaks:
OKAY

If not okay, explain why and identify the problem. (LUBRICATION- Check for leaks):
N A 

Corrective Action Taken::
N A 

LUBRICATION- Check for oil level:
OKAY

If not okay, explain why and identify the problem. (LUBRICATION- Check for oil level):
N A 

Corrective Action Taken::
N A 

COOLING SYSTEM -Check for leaks:
OKAY

If not okay, explain why and identify the problem. (COOLING SYSTEM -Check for leaks):
N A 

Corrective Action Taken:
N A 

COOLING SYSTEM -Check for radiator restriction:
OKAY

If not okay, explain why and identify the problem. (COOLING SYSTEM -Check for radiator restriction):
N A 

Corrective Action Taken::
N A 

COOLING SYSTEM -Check for hose and connections:
OKAY

If not okay, explain why and identify the problem. (COOLING SYSTEM -Check for hose and connections):
N A 

Corrective Action Taken:
N A 

COOLING SYSTEM -Coolant level:
OKAY

If not okay, explain why and identify the problem. (COOLING SYSTEM -Coolant level):
N A 

Corrective Action Taken::
N A 

COOLING SYSTEM - Belt condition and tension:
OKAY

If not okay, explain why and identify the problem. (COOLING SYSTEM - Belt condition and tension):
N A 

Corrective Action Taken::
N A 

FUEL - Check for leaks:
OKAY

If not okay, explain why and identify the problem. (FUEL - Check for leaks):
N A 

Corrective Action Taken::
N A 

AIR IN-TAKE (Check for leaks):
OKAY

If not okay, explain why and identify the problem. (AIR IN-TAKE :Check for leaks):
N A 

Corrective Action Taken::
N A 

AIR IN-TAKE (Check for air cleaner restriction):
OKAY

If not okay, explain why and identify the problem. (AIR IN-TAKE (Check for air cleaner restriction):
N A 

Corrective Action Taken::
N A 

EXHAUST- Check for leaks:
OKAY

If not okay, explain why and identify the problem. (EXHAUST- Check for leaks):
N A 

Corrective Action Taken::
N A 

ENGINE RELATED - Check for unusual vibration:
OKAY

If not okay, explain why and identify the problem. (ENGINE RELATED - Check for unusual vibration):
N A 

Corrective Action Taken::
N A 

MAIN GENERATOR - Check for air inlet and outlet from restrictions:
OKAY

If not okay, explain why and identify the problem. (MAIN GENERATOR - Check for air inlet and outlet from restrictions):
N A 

Corrective Action Taken::
N A 

MAIN GENERATOR - Check for windings and electrical connections:
OKAY

If not okay, explain why and identify the problem. (MAIN GENERATOR - Check for windings and electrical connections):
N A 

Corrective Action Taken::
N A 

SWITCH GEAR - Check power distribution wiring and connections:
OKAY

If not okay, explain why and identify the problem. (SWITCH GEAR - Check power distribution wiring and connections):
N A 

Corrective Action Taken::
N A 

Actual test run for 1hr with load.:
OKAY

Indicate the time start and end time of the actual test run conducted.:
1:30

Previous reading of running time::
714

Present reading of running time::
714

Indicate the three (3) line voltages (V) reading::
239v

Indicate the three (3) line amperes (A) reading::
28.18vdc

Indicate the hertz (Hz) reading::
59.99hz

Indicate the oil pressure reading (kPa)::
375kpa

Indicate the oil temperature (°F)::
63°C

Indicate running condition::
Normal

Notes and other concerns::
N A 

Diesel Tank Level:
Full tank

If for refill, When will be refill?:
Motor pool 

Available Diesel Stock Level:
800ltr

———————————————
This task was submitted through HATCHERY DIESEL GENERATOR WEEKLY MAINTENANCE CHECKLIST
https://form.asana.com/?k=jTp-bz9f-Np1TvF8ahkxpQ&d=1186399537984407",Hatchery Diesel Genset Weekly Maintenance Checklist,,,,Paul gaudia ,"Dec 20, 2025",1 (375kVA Cummins Genset),,,
"1212642076376300",2026-01-03,,2026-01-03,Paul gaudia ,Untitled section,,,,,,"Name of Maintenance Technician:
Paul gaudia 

Email address:
paul_gaudia@gmail.com 

DATE::
Dec 6, 2025

DIESEL GENERATOR SET #:
1 (375kVA Cummins Genset)

LUBRICATION- Check for leaks:
OKAY

If not okay, explain why and identify the problem. (LUBRICATION- Check for leaks):
N A 

Corrective Action Taken::
N A 

LUBRICATION- Check for oil level:
OKAY

If not okay, explain why and identify the problem. (LUBRICATION- Check for oil level):
N A 

Corrective Action Taken::
N A 

COOLING SYSTEM -Check for leaks:
OKAY

If not okay, explain why and identify the problem. (COOLING SYSTEM -Check for leaks):
N A 

Corrective Action Taken:
N A 

COOLING SYSTEM -Check for radiator restriction:
OKAY

If not okay, explain why and identify the problem. (COOLING SYSTEM -Check for radiator restriction):
N A 

Corrective Action Taken::
N A 

COOLING SYSTEM -Check for hose and connections:
OKAY

If not okay, explain why and identify the problem. (COOLING SYSTEM -Check for hose and connections):
N A 

Corrective Action Taken:
N A 

COOLING SYSTEM -Coolant level:
OKAY

If not okay, explain why and identify the problem. (COOLING SYSTEM -Coolant level):
N A 

Corrective Action Taken::
N A 

COOLING SYSTEM - Belt condition and tension:
OKAY

If not okay, explain why and identify the problem. (COOLING SYSTEM - Belt condition and tension):
N A 

Corrective Action Taken::
N A 

FUEL - Check for leaks:
OKAY

If not okay, explain why and identify the problem. (FUEL - Check for leaks):
N A 

Corrective Action Taken::
N A 

AIR IN-TAKE (Check for leaks):
OKAY

If not okay, explain why and identify the problem. (AIR IN-TAKE :Check for leaks):
N A 

Corrective Action Taken::
N A 

AIR IN-TAKE (Check for air cleaner restriction):
OKAY

If not okay, explain why and identify the problem. (AIR IN-TAKE (Check for air cleaner restriction):
N A 

Corrective Action Taken::
N A 

EXHAUST- Check for leaks:
OKAY

If not okay, explain why and identify the problem. (EXHAUST- Check for leaks):
N A 

Corrective Action Taken::
N A 

ENGINE RELATED - Check for unusual vibration:
OKAY

If not okay, explain why and identify the problem. (ENGINE RELATED - Check for unusual vibration):
N A 

Corrective Action Taken::
N A 

MAIN GENERATOR - Check for air inlet and outlet from restrictions:
OKAY

If not okay, explain why and identify the problem. (MAIN GENERATOR - Check for air inlet and outlet from restrictions):
N A 

Corrective Action Taken::
N A 

MAIN GENERATOR - Check for windings and electrical connections:
OKAY

If not okay, explain why and identify the problem. (MAIN GENERATOR - Check for windings and electrical connections):
N A 

Corrective Action Taken::
N A 

SWITCH GEAR - Check power distribution wiring and connections:
OKAY

If not okay, explain why and identify the problem. (SWITCH GEAR - Check power distribution wiring and connections):
N A 

Corrective Action Taken::
N A 

Actual test run for 1hr with load.:
OKAY

Indicate the time start and end time of the actual test run conducted.:
1:45pm

Previous reading of running time::
714.75

Present reading of running time::
714.75

Indicate the three (3) line voltages (V) reading::
239v

Indicate the three (3) line amperes (A) reading::
28.10vdc

Indicate the hertz (Hz) reading::
60.2hz

Indicate the oil pressure reading (kPa)::
375kpa

Indicate the oil temperature (°F)::
55°C

Indicate running condition::
Normal

Notes and other concerns::
N A 

Diesel Tank Level:
Full tank

If for refill, When will be refill?:
Motor pool 

Available Diesel Stock Level:
800ltr

———————————————
This task was submitted through HATCHERY DIESEL GENERATOR WEEKLY MAINTENANCE CHECKLIST
https://form.asana.com/?k=jTp-bz9f-Np1TvF8ahkxpQ&d=1186399537984407",Hatchery Diesel Genset Weekly Maintenance Checklist,,,,Paul gaudia ,"Dec 6, 2025",1 (375kVA Cummins Genset),,,
"1212642072722595",2026-01-03,,2026-01-03,Paul gaudia ,Untitled section,,,,,,"Name of Maintenance Technician:
Paul gaudia 

Email address:
paul_gaudia@gmail.com 

DATE::
Nov 29, 2025

DIESEL GENERATOR SET #:
1 (375kVA Cummins Genset)

LUBRICATION- Check for leaks:
OKAY

If not okay, explain why and identify the problem. (LUBRICATION- Check for leaks):
N A 

Corrective Action Taken::
N A 

LUBRICATION- Check for oil level:
OKAY

If not okay, explain why and identify the problem. (LUBRICATION- Check for oil level):
N A 

Corrective Action Taken::
N A 

COOLING SYSTEM -Check for leaks:
OKAY

If not okay, explain why and identify the problem. (COOLING SYSTEM -Check for leaks):
N A 

Corrective Action Taken:
N A 

COOLING SYSTEM -Check for radiator restriction:
OKAY

If not okay, explain why and identify the problem. (COOLING SYSTEM -Check for radiator restriction):
N A 

Corrective Action Taken::
N A 

COOLING SYSTEM -Check for hose and connections:
OKAY

If not okay, explain why and identify the problem. (COOLING SYSTEM -Check for hose and connections):
N A 

Corrective Action Taken:
N A 

COOLING SYSTEM -Coolant level:
OKAY

If not okay, explain why and identify the problem. (COOLING SYSTEM -Coolant level):
N A 

Corrective Action Taken::
N A 

COOLING SYSTEM - Belt condition and tension:
OKAY

If not okay, explain why and identify the problem. (COOLING SYSTEM - Belt condition and tension):
N A 

Corrective Action Taken::
N A 

FUEL - Check for leaks:
OKAY

If not okay, explain why and identify the problem. (FUEL - Check for leaks):
N A 

Corrective Action Taken::
N A 

AIR IN-TAKE (Check for leaks):
OKAY

If not okay, explain why and identify the problem. (AIR IN-TAKE :Check for leaks):
N A 

Corrective Action Taken::
N A 

AIR IN-TAKE (Check for air cleaner restriction):
OKAY

If not okay, explain why and identify the problem. (AIR IN-TAKE (Check for air cleaner restriction):
N A 

Corrective Action Taken::
N A 

EXHAUST- Check for leaks:
OKAY

If not okay, explain why and identify the problem. (EXHAUST- Check for leaks):
N A 

Corrective Action Taken::
N A 

ENGINE RELATED - Check for unusual vibration:
OKAY

If not okay, explain why and identify the problem. (ENGINE RELATED - Check for unusual vibration):
N A 

Corrective Action Taken::
N A 

MAIN GENERATOR - Check for air inlet and outlet from restrictions:
OKAY

If not okay, explain why and identify the problem. (MAIN GENERATOR - Check for air inlet and outlet from restrictions):
N A 

Corrective Action Taken::
N A 

MAIN GENERATOR - Check for windings and electrical connections:
OKAY

If not okay, explain why and identify the problem. (MAIN GENERATOR - Check for windings and electrical connections):
N A 

Corrective Action Taken::
N A 

SWITCH GEAR - Check power distribution wiring and connections:
OKAY

If not okay, explain why and identify the problem. (SWITCH GEAR - Check power distribution wiring and connections):
N A 

Corrective Action Taken::
N A 

Actual test run for 1hr with load.:
OKAY

Indicate the time start and end time of the actual test run conducted.:
1:30

Previous reading of running time::
714.70

Present reading of running time::
714.70

Indicate the three (3) line voltages (V) reading::
239v

Indicate the three (3) line amperes (A) reading::
28.18vdc

Indicate the hertz (Hz) reading::
59.99hz

Indicate the oil pressure reading (kPa)::
375kpa

Indicate the oil temperature (°F)::
58°C

Indicate running condition::
Normal

Notes and other concerns::
N A 

Diesel Tank Level:
Full tank

If for refill, When will be refill?:
Motor pool 

Available Diesel Stock Level:
800ltr

———————————————
This task was submitted through HATCHERY DIESEL GENERATOR WEEKLY MAINTENANCE CHECKLIST
https://form.asana.com/?k=jTp-bz9f-Np1TvF8ahkxpQ&d=1186399537984407",Hatchery Diesel Genset Weekly Maintenance Checklist,,,,Paul gaudia ,"Nov 29, 2025",1 (375kVA Cummins Genset),,,
"1212341144482583",2025-12-09,,2025-12-09,Paul gaudia ,Untitled section,,,,,,"Name of Maintenance Technician:
Paul gaudia 

Email address:
paul_gaudia@gmail.com 

DATE::
Dec 6, 2025

DIESEL GENERATOR SET #:
1 (375kVA Cummins Genset)

LUBRICATION- Check for leaks:
OKAY

If not okay, explain why and identify the problem. (LUBRICATION- Check for leaks):
N A 

Corrective Action Taken::
N A 

LUBRICATION- Check for oil level:
OKAY

If not okay, explain why and identify the problem. (LUBRICATION- Check for oil level):
N A 

Corrective Action Taken::
N A 

COOLING SYSTEM -Check for leaks:
OKAY

If not okay, explain why and identify the problem. (COOLING SYSTEM -Check for leaks):
N A 

Corrective Action Taken:
N A 

COOLING SYSTEM -Check for radiator restriction:
OKAY

If not okay, explain why and identify the problem. (COOLING SYSTEM -Check for radiator restriction):
N A 

Corrective Action Taken::
N A 

COOLING SYSTEM -Check for hose and connections:
OKAY

If not okay, explain why and identify the problem. (COOLING SYSTEM -Check for hose and connections):
N A 

Corrective Action Taken:
N A 

COOLING SYSTEM -Coolant level:
OKAY

If not okay, explain why and identify the problem. (COOLING SYSTEM -Coolant level):
N A 

Corrective Action Taken::
N A 

COOLING SYSTEM - Belt condition and tension:
OKAY

If not okay, explain why and identify the problem. (COOLING SYSTEM - Belt condition and tension):
N A 

Corrective Action Taken::
N A 

FUEL - Check for leaks:
OKAY

If not okay, explain why and identify the problem. (FUEL - Check for leaks):
N A 

Corrective Action Taken::
N A 

AIR IN-TAKE (Check for leaks):
OKAY

If not okay, explain why and identify the problem. (AIR IN-TAKE :Check for leaks):
N A 

Corrective Action Taken::
N A 

AIR IN-TAKE (Check for air cleaner restriction):
OKAY

If not okay, explain why and identify the problem. (AIR IN-TAKE (Check for air cleaner restriction):
N A 

Corrective Action Taken::
N A 

EXHAUST- Check for leaks:
OKAY

If not okay, explain why and identify the problem. (EXHAUST- Check for leaks):
N A 

Corrective Action Taken::
N A 

ENGINE RELATED - Check for unusual vibration:
OKAY

If not okay, explain why and identify the problem. (ENGINE RELATED - Check for unusual vibration):
N A 

Corrective Action Taken::
N A 

MAIN GENERATOR - Check for air inlet and outlet from restrictions:
OKAY

If not okay, explain why and identify the problem. (MAIN GENERATOR - Check for air inlet and outlet from restrictions):
N A 

Corrective Action Taken::
N A 

MAIN GENERATOR - Check for windings and electrical connections:
OKAY

If not okay, explain why and identify the problem. (MAIN GENERATOR - Check for windings and electrical connections):
N A 

Corrective Action Taken::
N A 

SWITCH GEAR - Check power distribution wiring and connections:
OKAY

If not okay, explain why and identify the problem. (SWITCH GEAR - Check power distribution wiring and connections):
N A 

Corrective Action Taken::
N A 

Actual test run for 1hr with load.:
OKAY

Indicate the time start and end time of the actual test run conducted.:
1:45pm

Previous reading of running time::
714.75

Present reading of running time::
714.75

Indicate the three (3) line voltages (V) reading::
230v

Indicate the three (3) line amperes (A) reading::
28.10vdc

Indicate the hertz (Hz) reading::
60.2hz

Indicate the oil pressure reading (kPa)::
375kpa

Indicate the oil temperature (°F)::
63°C

Indicate running condition::
Normal

Notes and other concerns::
N A 

Diesel Tank Level:
Full tank

If for refill, When will be refill?:
Motor pool 

Available Diesel Stock Level:
600ltr

———————————————
This task was submitted through HATCHERY DIESEL GENERATOR WEEKLY MAINTENANCE CHECKLIST
https://form.asana.com/?k=jTp-bz9f-Np1TvF8ahkxpQ&d=1186399537984407",Hatchery Diesel Genset Weekly Maintenance Checklist,,,,Paul gaudia ,"Dec 6, 2025",1 (375kVA Cummins Genset),,,
"1212251453907040",2025-12-02,,2025-12-02,Paul gaudia ,Untitled section,,,,,,"Name of Maintenance Technician:
Paul gaudia 

Email address:
paul_gaudia@gmail.com 

DATE::
Nov 29, 2025

DIESEL GENERATOR SET #:
2 (275kVA Camda Genset)

LUBRICATION- Check for leaks:
OKAY

If not okay, explain why and identify the problem. (LUBRICATION- Check for leaks):
N A 

Corrective Action Taken::
N A 

LUBRICATION- Check for oil level:
OKAY

If not okay, explain why and identify the problem. (LUBRICATION- Check for oil level):
N A 

Corrective Action Taken::
N A 

COOLING SYSTEM -Check for leaks:
OKAY

If not okay, explain why and identify the problem. (COOLING SYSTEM -Check for leaks):
N A 

Corrective Action Taken:
N A 

COOLING SYSTEM -Check for radiator restriction:
OKAY

If not okay, explain why and identify the problem. (COOLING SYSTEM -Check for radiator restriction):
N A 

Corrective Action Taken::
N A 

COOLING SYSTEM -Check for hose and connections:
OKAY

If not okay, explain why and identify the problem. (COOLING SYSTEM -Check for hose and connections):
N A 

Corrective Action Taken:
N A 

COOLING SYSTEM -Coolant level:
OKAY

If not okay, explain why and identify the problem. (COOLING SYSTEM -Coolant level):
N A 

Corrective Action Taken::
N A 

COOLING SYSTEM - Belt condition and tension:
OKAY

If not okay, explain why and identify the problem. (COOLING SYSTEM - Belt condition and tension):
N A 

Corrective Action Taken::
N A 

FUEL - Check for leaks:
OKAY

If not okay, explain why and identify the problem. (FUEL - Check for leaks):
N A 

Corrective Action Taken::
N A 

AIR IN-TAKE (Check for leaks):
OKAY

If not okay, explain why and identify the problem. (AIR IN-TAKE :Check for leaks):
N A 

Corrective Action Taken::
N A 

AIR IN-TAKE (Check for air cleaner restriction):
OKAY

If not okay, explain why and identify the problem. (AIR IN-TAKE (Check for air cleaner restriction):
N A 

Corrective Action Taken::
N A 

EXHAUST- Check for leaks:
OKAY

If not okay, explain why and identify the problem. (EXHAUST- Check for leaks):
N A 

Corrective Action Taken::
N A 

ENGINE RELATED - Check for unusual vibration:
OKAY

If not okay, explain why and identify the problem. (ENGINE RELATED - Check for unusual vibration):
N A 

Corrective Action Taken::
N A 

MAIN GENERATOR - Check for air inlet and outlet from restrictions:
OKAY

If not okay, explain why and identify the problem. (MAIN GENERATOR - Check for air inlet and outlet from restrictions):
N A 

Corrective Action Taken::
N A 

MAIN GENERATOR - Check for windings and electrical connections:
OKAY

If not okay, explain why and identify the problem. (MAIN GENERATOR - Check for windings and electrical connections):
N A 

Corrective Action Taken::
N A 

SWITCH GEAR - Check power distribution wiring and connections:
OKAY

If not okay, explain why and identify the problem. (SWITCH GEAR - Check power distribution wiring and connections):
N A 

Corrective Action Taken::
N A 

Actual test run for 1hr with load.:
OKAY

Indicate the time start and end time of the actual test run conducted.:
1:45pm

Previous reading of running time::
635.9

Present reading of running time::
635.9

Indicate the three (3) line voltages (V) reading::
230v

Indicate the three (3) line amperes (A) reading::
28.10vdc

Indicate the hertz (Hz) reading::
60.2hz

Indicate the oil pressure reading (kPa)::
275kva

Indicate the oil temperature (°F)::
55°C

Indicate running condition::
Normal

Notes and other concerns::
N A 

Diesel Tank Level:
Full tank

If for refill, When will be refill?:
Motor pool 

Available Diesel Stock Level:
800ltr

———————————————
This task was submitted through HATCHERY DIESEL GENERATOR WEEKLY MAINTENANCE CHECKLIST
https://form.asana.com/?k=jTp-bz9f-Np1TvF8ahkxpQ&d=1186399537984407",Hatchery Diesel Genset Weekly Maintenance Checklist,,,,Paul gaudia ,"Nov 29, 2025",2 (275kVA Camda Genset),,,
"1212251389786212",2025-12-02,,2025-12-02,Paul gaudia ,Untitled section,,,,,,"Name of Maintenance Technician:
Paul gaudia 

Email address:
paul_gaudia@gmail.com 

DATE::
Dec 2, 2025

DIESEL GENERATOR SET #:
2 (275kVA Camda Genset)

LUBRICATION- Check for leaks:
OKAY

If not okay, explain why and identify the problem. (LUBRICATION- Check for leaks):
N A 

Corrective Action Taken::
N A 

LUBRICATION- Check for oil level:
OKAY

If not okay, explain why and identify the problem. (LUBRICATION- Check for oil level):
N A 

Corrective Action Taken::
N A 

COOLING SYSTEM -Check for leaks:
OKAY

If not okay, explain why and identify the problem. (COOLING SYSTEM -Check for leaks):
N A 

Corrective Action Taken:
N A 

COOLING SYSTEM -Check for radiator restriction:
OKAY

If not okay, explain why and identify the problem. (COOLING SYSTEM -Check for radiator restriction):
N A 

Corrective Action Taken::
N A 

COOLING SYSTEM -Check for hose and connections:
OKAY

If not okay, explain why and identify the problem. (COOLING SYSTEM -Check for hose and connections):
N A 

Corrective Action Taken:
N A 

COOLING SYSTEM -Coolant level:
OKAY

If not okay, explain why and identify the problem. (COOLING SYSTEM -Coolant level):
N A 

Corrective Action Taken::
N A 

COOLING SYSTEM - Belt condition and tension:
OKAY

If not okay, explain why and identify the problem. (COOLING SYSTEM - Belt condition and tension):
N A 

Corrective Action Taken::
N A 

FUEL - Check for leaks:
OKAY

If not okay, explain why and identify the problem. (FUEL - Check for leaks):
N A 

Corrective Action Taken::
N A 

AIR IN-TAKE (Check for leaks):
OKAY

If not okay, explain why and identify the problem. (AIR IN-TAKE :Check for leaks):
N A 

Corrective Action Taken::
N A 

AIR IN-TAKE (Check for air cleaner restriction):
OKAY

If not okay, explain why and identify the problem. (AIR IN-TAKE (Check for air cleaner restriction):
N A 

Corrective Action Taken::
N A 

EXHAUST- Check for leaks:
OKAY

If not okay, explain why and identify the problem. (EXHAUST- Check for leaks):
N A 

Corrective Action Taken::
N A 

ENGINE RELATED - Check for unusual vibration:
OKAY

If not okay, explain why and identify the problem. (ENGINE RELATED - Check for unusual vibration):
N A 

Corrective Action Taken::
N A 

MAIN GENERATOR - Check for air inlet and outlet from restrictions:
OKAY

If not okay, explain why and identify the problem. (MAIN GENERATOR - Check for air inlet and outlet from restrictions):
N A 

Corrective Action Taken::
N A 

MAIN GENERATOR - Check for windings and electrical connections:
OKAY

If not okay, explain why and identify the problem. (MAIN GENERATOR - Check for windings and electrical connections):
N A 

Corrective Action Taken::
N A 

SWITCH GEAR - Check power distribution wiring and connections:
OKAY

If not okay, explain why and identify the problem. (SWITCH GEAR - Check power distribution wiring and connections):
N A 

Corrective Action Taken::
N A 

Actual test run for 1hr with load.:
OKAY

Indicate the time start and end time of the actual test run conducted.:
1:30

Previous reading of running time::
635.9

Present reading of running time::
635.9

Indicate the three (3) line voltages (V) reading::
230v

Indicate the three (3) line amperes (A) reading::
28.10vdc

Indicate the hertz (Hz) reading::
60hz

Indicate the oil pressure reading (kPa)::
275kva

Indicate the oil temperature (°F)::
55°C

Indicate running condition::
Normal

Notes and other concerns::
N A 

Diesel Tank Level:
Full tank

If for refill, When will be refill?:
Motor pool 

Available Diesel Stock Level:
800ltr

———————————————
This task was submitted through HATCHERY DIESEL GENERATOR WEEKLY MAINTENANCE CHECKLIST
https://form.asana.com/?k=jTp-bz9f-Np1TvF8ahkxpQ&d=1186399537984407",Hatchery Diesel Genset Weekly Maintenance Checklist,,,,Paul gaudia ,"Dec 2, 2025",2 (275kVA Camda Genset),,,
"1212250870607588",2025-12-02,,2025-12-02,Paul gaudia ,Untitled section,,,,,,"Name of Maintenance Technician:
Paul gaudia 

Email address:
paul_gaudia@gmail.com 

DATE::
Nov 15, 2025

DIESEL GENERATOR SET #:
2 (275kVA Camda Genset)

LUBRICATION- Check for leaks:
OKAY

If not okay, explain why and identify the problem. (LUBRICATION- Check for leaks):
N A 

Corrective Action Taken::
N A 

LUBRICATION- Check for oil level:
OKAY

If not okay, explain why and identify the problem. (LUBRICATION- Check for oil level):
N A 

Corrective Action Taken::
N A 

COOLING SYSTEM -Check for leaks:
OKAY

If not okay, explain why and identify the problem. (COOLING SYSTEM -Check for leaks):
N A 

Corrective Action Taken:
N A 

COOLING SYSTEM -Check for radiator restriction:
OKAY

If not okay, explain why and identify the problem. (COOLING SYSTEM -Check for radiator restriction):
N A 

Corrective Action Taken::
N A 

COOLING SYSTEM -Check for hose and connections:
OKAY

If not okay, explain why and identify the problem. (COOLING SYSTEM -Check for hose and connections):
N A 

Corrective Action Taken:
N A 

COOLING SYSTEM -Coolant level:
OKAY

If not okay, explain why and identify the problem. (COOLING SYSTEM -Coolant level):
N A 

Corrective Action Taken::
N A 

COOLING SYSTEM - Belt condition and tension:
OKAY

If not okay, explain why and identify the problem. (COOLING SYSTEM - Belt condition and tension):
N A 

Corrective Action Taken::
N A 

FUEL - Check for leaks:
OKAY

If not okay, explain why and identify the problem. (FUEL - Check for leaks):
N A 

Corrective Action Taken::
N A 

AIR IN-TAKE (Check for leaks):
OKAY

If not okay, explain why and identify the problem. (AIR IN-TAKE :Check for leaks):
N A 

Corrective Action Taken::
N A 

AIR IN-TAKE (Check for air cleaner restriction):
OKAY

If not okay, explain why and identify the problem. (AIR IN-TAKE (Check for air cleaner restriction):
N A 

Corrective Action Taken::
N A 

EXHAUST- Check for leaks:
OKAY

If not okay, explain why and identify the problem. (EXHAUST- Check for leaks):
N A 

Corrective Action Taken::
N A 

ENGINE RELATED - Check for unusual vibration:
OKAY

If not okay, explain why and identify the problem. (ENGINE RELATED - Check for unusual vibration):
N A 

Corrective Action Taken::
N A 

MAIN GENERATOR - Check for air inlet and outlet from restrictions:
OKAY

If not okay, explain why and identify the problem. (MAIN GENERATOR - Check for air inlet and outlet from restrictions):
N A 

Corrective Action Taken::
N A 

MAIN GENERATOR - Check for windings and electrical connections:
OKAY

If not okay, explain why and identify the problem. (MAIN GENERATOR - Check for windings and electrical connections):
N A 

Corrective Action Taken::
N A 

SWITCH GEAR - Check power distribution wiring and connections:
OKAY

If not okay, explain why and identify the problem. (SWITCH GEAR - Check power distribution wiring and connections):
N A 

Corrective Action Taken::
N A 

Actual test run for 1hr with load.:
OKAY

Indicate the time start and end time of the actual test run conducted.:
1:45pm

Previous reading of running time::
635.8

Present reading of running time::
635.8

Indicate the three (3) line voltages (V) reading::
230v

Indicate the three (3) line amperes (A) reading::
28.10vdc

Indicate the hertz (Hz) reading::
60.2hz

Indicate the oil pressure reading (kPa)::
275kva

Indicate the oil temperature (°F)::
58°C

Indicate running condition::
Normal

Notes and other concerns::
N A 

Diesel Tank Level:
Full tank

If for refill, When will be refill?:
Motor pool 

Available Diesel Stock Level:
800ltr

———————————————
This task was submitted through HATCHERY DIESEL GENERATOR WEEKLY MAINTENANCE CHECKLIST
https://form.asana.com/?k=jTp-bz9f-Np1TvF8ahkxpQ&d=1186399537984407",Hatchery Diesel Genset Weekly Maintenance Checklist,,,,Paul gaudia ,"Nov 15, 2025",2 (275kVA Camda Genset),,,
"1212250820949035",2025-12-02,,2025-12-02,Paul gaudia ,Untitled section,,,,,,"Name of Maintenance Technician:
Paul gaudia 

Email address:
paul_gaudia@gmail.com 

DATE::
Dec 2, 2025

DIESEL GENERATOR SET #:
2 (275kVA Camda Genset)

LUBRICATION- Check for leaks:
OKAY

If not okay, explain why and identify the problem. (LUBRICATION- Check for leaks):
N A 

Corrective Action Taken::
N A 

LUBRICATION- Check for oil level:
OKAY

If not okay, explain why and identify the problem. (LUBRICATION- Check for oil level):
N A 

Corrective Action Taken::
N A 

COOLING SYSTEM -Check for leaks:
OKAY

If not okay, explain why and identify the problem. (COOLING SYSTEM -Check for leaks):
N A 

Corrective Action Taken:
N A 

COOLING SYSTEM -Check for radiator restriction:
OKAY

If not okay, explain why and identify the problem. (COOLING SYSTEM -Check for radiator restriction):
N A 

Corrective Action Taken::
N A 

COOLING SYSTEM -Check for hose and connections:
OKAY

If not okay, explain why and identify the problem. (COOLING SYSTEM -Check for hose and connections):
N A 

Corrective Action Taken:
N A 

COOLING SYSTEM -Coolant level:
OKAY

If not okay, explain why and identify the problem. (COOLING SYSTEM -Coolant level):
N A 

Corrective Action Taken::
N A 

COOLING SYSTEM - Belt condition and tension:
OKAY

If not okay, explain why and identify the problem. (COOLING SYSTEM - Belt condition and tension):
N A 

Corrective Action Taken::
N A 

FUEL - Check for leaks:
OKAY

If not okay, explain why and identify the problem. (FUEL - Check for leaks):
N A 

Corrective Action Taken::
N A 

AIR IN-TAKE (Check for leaks):
OKAY

If not okay, explain why and identify the problem. (AIR IN-TAKE :Check for leaks):
N A 

Corrective Action Taken::
N A 

AIR IN-TAKE (Check for air cleaner restriction):
OKAY

If not okay, explain why and identify the problem. (AIR IN-TAKE (Check for air cleaner restriction):
N A 

Corrective Action Taken::
N A 

EXHAUST- Check for leaks:
OKAY

If not okay, explain why and identify the problem. (EXHAUST- Check for leaks):
N A 

Corrective Action Taken::
N A 

ENGINE RELATED - Check for unusual vibration:
OKAY

If not okay, explain why and identify the problem. (ENGINE RELATED - Check for unusual vibration):
N A 

Corrective Action Taken::
N A 

MAIN GENERATOR - Check for air inlet and outlet from restrictions:
OKAY

If not okay, explain why and identify the problem. (MAIN GENERATOR - Check for air inlet and outlet from restrictions):
N A 

Corrective Action Taken::
N A 

MAIN GENERATOR - Check for windings and electrical connections:
OKAY

If not okay, explain why and identify the problem. (MAIN GENERATOR - Check for windings and electrical connections):
N A 

Corrective Action Taken::
N A 

SWITCH GEAR - Check power distribution wiring and connections:
OKAY

If not okay, explain why and identify the problem. (SWITCH GEAR - Check power distribution wiring and connections):
N A 

Corrective Action Taken::
N A 

Actual test run for 1hr with load.:
OKAY

Indicate the time start and end time of the actual test run conducted.:
1:30

Previous reading of running time::
635.7

Present reading of running time::
635.7

Indicate the three (3) line voltages (V) reading::
230v

Indicate the three (3) line amperes (A) reading::
28.10vdc

Indicate the hertz (Hz) reading::
60.2hz

Indicate the oil pressure reading (kPa)::
275kva

Indicate the oil temperature (°F)::
55°C

Indicate running condition::
Normal

Notes and other concerns::
N A 

Diesel Tank Level:
Full tank

If for refill, When will be refill?:
Motor pool 

Available Diesel Stock Level:
800ltr

———————————————
This task was submitted through HATCHERY DIESEL GENERATOR WEEKLY MAINTENANCE CHECKLIST
https://form.asana.com/?k=jTp-bz9f-Np1TvF8ahkxpQ&d=1186399537984407",Hatchery Diesel Genset Weekly Maintenance Checklist,,,,Paul gaudia ,"Dec 2, 2025",2 (275kVA Camda Genset),,,
"1212250758006717",2025-12-02,,2025-12-02,Paul gaudia ,Untitled section,,,,,,"Name of Maintenance Technician:
Paul gaudia 

Email address:
paul_gaudia@gmail.com 

DATE::
Nov 29, 2025

DIESEL GENERATOR SET #:
1 (375kVA Cummins Genset)

LUBRICATION- Check for leaks:
OKAY

If not okay, explain why and identify the problem. (LUBRICATION- Check for leaks):
N A 

Corrective Action Taken::
N A 

LUBRICATION- Check for oil level:
OKAY

If not okay, explain why and identify the problem. (LUBRICATION- Check for oil level):
N A 

Corrective Action Taken::
N A 

COOLING SYSTEM -Check for leaks:
OKAY

If not okay, explain why and identify the problem. (COOLING SYSTEM -Check for leaks):
N A 

Corrective Action Taken:
N A 

COOLING SYSTEM -Check for radiator restriction:
OKAY

If not okay, explain why and identify the problem. (COOLING SYSTEM -Check for radiator restriction):
N A 

Corrective Action Taken::
N A 

COOLING SYSTEM -Check for hose and connections:
OKAY

If not okay, explain why and identify the problem. (COOLING SYSTEM -Check for hose and connections):
N A 

Corrective Action Taken:
N A 

COOLING SYSTEM -Coolant level:
OKAY

If not okay, explain why and identify the problem. (COOLING SYSTEM -Coolant level):
N A 

Corrective Action Taken::
N A 

COOLING SYSTEM - Belt condition and tension:
OKAY

If not okay, explain why and identify the problem. (COOLING SYSTEM - Belt condition and tension):
N A 

Corrective Action Taken::
N A 

FUEL - Check for leaks:
OKAY

If not okay, explain why and identify the problem. (FUEL - Check for leaks):
N A 

Corrective Action Taken::
N A 

AIR IN-TAKE (Check for leaks):
OKAY

If not okay, explain why and identify the problem. (AIR IN-TAKE :Check for leaks):
N A 

Corrective Action Taken::
N A 

AIR IN-TAKE (Check for air cleaner restriction):
OKAY

If not okay, explain why and identify the problem. (AIR IN-TAKE (Check for air cleaner restriction):
N A 

Corrective Action Taken::
N A 

EXHAUST- Check for leaks:
OKAY

If not okay, explain why and identify the problem. (EXHAUST- Check for leaks):
N A 

Corrective Action Taken::
N A 

ENGINE RELATED - Check for unusual vibration:
OKAY

If not okay, explain why and identify the problem. (ENGINE RELATED - Check for unusual vibration):
N A 

Corrective Action Taken::
N A 

MAIN GENERATOR - Check for air inlet and outlet from restrictions:
OKAY

If not okay, explain why and identify the problem. (MAIN GENERATOR - Check for air inlet and outlet from restrictions):
N A 

Corrective Action Taken::
N A 

MAIN GENERATOR - Check for windings and electrical connections:
OKAY

If not okay, explain why and identify the problem. (MAIN GENERATOR - Check for windings and electrical connections):
N A 

Corrective Action Taken::
N A 

SWITCH GEAR - Check power distribution wiring and connections:
OKAY

If not okay, explain why and identify the problem. (SWITCH GEAR - Check power distribution wiring and connections):
N A 

Corrective Action Taken::
N A 

Actual test run for 1hr with load.:
OKAY

Indicate the time start and end time of the actual test run conducted.:
1:45pm

Previous reading of running time::
714.70

Present reading of running time::
714.70

Indicate the three (3) line voltages (V) reading::
239v

Indicate the three (3) line amperes (A) reading::
28.18vdc

Indicate the hertz (Hz) reading::
59.99hz

Indicate the oil pressure reading (kPa)::
375kpa

Indicate the oil temperature (°F)::
63°C

Indicate running condition::
Normal

Notes and other concerns::
N A 

Diesel Tank Level:
Half Tank

If for refill, When will be refill?:
Motor pool 

Available Diesel Stock Level:
800ltr

———————————————
This task was submitted through HATCHERY DIESEL GENERATOR WEEKLY MAINTENANCE CHECKLIST
https://form.asana.com/?k=jTp-bz9f-Np1TvF8ahkxpQ&d=1186399537984407",Hatchery Diesel Genset Weekly Maintenance Checklist,,,,Paul gaudia ,"Nov 29, 2025",1 (375kVA Cummins Genset),,,
"1212250718309018",2025-12-02,,2025-12-02,Paul gaudia ,Untitled section,,,,,,"Name of Maintenance Technician:
Paul gaudia 

Email address:
paul_gaudia@gmail.com 

DATE::
Nov 22, 2025

DIESEL GENERATOR SET #:
1 (375kVA Cummins Genset)

LUBRICATION- Check for leaks:
OKAY

If not okay, explain why and identify the problem. (LUBRICATION- Check for leaks):
N A 

Corrective Action Taken::
N A 

LUBRICATION- Check for oil level:
OKAY

If not okay, explain why and identify the problem. (LUBRICATION- Check for oil level):
N A 

Corrective Action Taken::
N A 

COOLING SYSTEM -Check for leaks:
OKAY

If not okay, explain why and identify the problem. (COOLING SYSTEM -Check for leaks):
N A 

Corrective Action Taken:
N A 

COOLING SYSTEM -Check for radiator restriction:
OKAY

If not okay, explain why and identify the problem. (COOLING SYSTEM -Check for radiator restriction):
N A 

Corrective Action Taken::
N A 

COOLING SYSTEM -Check for hose and connections:
OKAY

If not okay, explain why and identify the problem. (COOLING SYSTEM -Check for hose and connections):
N A 

Corrective Action Taken:
N A 

COOLING SYSTEM -Coolant level:
OKAY

If not okay, explain why and identify the problem. (COOLING SYSTEM -Coolant level):
N A 

Corrective Action Taken::
N A 

COOLING SYSTEM - Belt condition and tension:
OKAY

If not okay, explain why and identify the problem. (COOLING SYSTEM - Belt condition and tension):
N A 

Corrective Action Taken::
N A 

FUEL - Check for leaks:
OKAY

If not okay, explain why and identify the problem. (FUEL - Check for leaks):
N A 

Corrective Action Taken::
N A 

AIR IN-TAKE (Check for leaks):
OKAY

If not okay, explain why and identify the problem. (AIR IN-TAKE :Check for leaks):
N A 

Corrective Action Taken::
N A 

AIR IN-TAKE (Check for air cleaner restriction):
OKAY

If not okay, explain why and identify the problem. (AIR IN-TAKE (Check for air cleaner restriction):
N A 

Corrective Action Taken::
N A 

EXHAUST- Check for leaks:
OKAY

If not okay, explain why and identify the problem. (EXHAUST- Check for leaks):
N A 

Corrective Action Taken::
N A 

ENGINE RELATED - Check for unusual vibration:
OKAY

If not okay, explain why and identify the problem. (ENGINE RELATED - Check for unusual vibration):
N A 

Corrective Action Taken::
N A 

MAIN GENERATOR - Check for air inlet and outlet from restrictions:
OKAY

If not okay, explain why and identify the problem. (MAIN GENERATOR - Check for air inlet and outlet from restrictions):
N A 

Corrective Action Taken::
N A 

MAIN GENERATOR - Check for windings and electrical connections:
OKAY

If not okay, explain why and identify the problem. (MAIN GENERATOR - Check for windings and electrical connections):
N A 

Corrective Action Taken::
N A 

SWITCH GEAR - Check power distribution wiring and connections:
OKAY

If not okay, explain why and identify the problem. (SWITCH GEAR - Check power distribution wiring and connections):
N A 

Corrective Action Taken::
N A 

Actual test run for 1hr with load.:
OKAY

Indicate the time start and end time of the actual test run conducted.:
1:45pm

Previous reading of running time::
714.65

Present reading of running time::
714.64

Indicate the three (3) line voltages (V) reading::
239v

Indicate the three (3) line amperes (A) reading::
28.18vdc

Indicate the hertz (Hz) reading::
59.99hz

Indicate the oil pressure reading (kPa)::
375kpa

Indicate the oil temperature (°F)::
63°C

Indicate running condition::
Normal

Notes and other concerns::
N A 

Diesel Tank Level:
Half Tank

If for refill, When will be refill?:
Motor pool 

Available Diesel Stock Level:
800ltr

———————————————
This task was submitted through HATCHERY DIESEL GENERATOR WEEKLY MAINTENANCE CHECKLIST
https://form.asana.com/?k=jTp-bz9f-Np1TvF8ahkxpQ&d=1186399537984407",Hatchery Diesel Genset Weekly Maintenance Checklist,,,,Paul gaudia ,"Nov 22, 2025",1 (375kVA Cummins Genset),,,
"1212250684911185",2025-12-02,,2025-12-02,Paul gaudia ,Untitled section,,,,,,"Name of Maintenance Technician:
Paul gaudia 

Email address:
paul_gaudia@gmail.com 

DATE::
Nov 15, 2025

DIESEL GENERATOR SET #:
1 (375kVA Cummins Genset)

LUBRICATION- Check for leaks:
OKAY

If not okay, explain why and identify the problem. (LUBRICATION- Check for leaks):
N A 

Corrective Action Taken::
N A 

LUBRICATION- Check for oil level:
OKAY

If not okay, explain why and identify the problem. (LUBRICATION- Check for oil level):
N A 

Corrective Action Taken::
N A 

COOLING SYSTEM -Check for leaks:
OKAY

If not okay, explain why and identify the problem. (COOLING SYSTEM -Check for leaks):
N A 

Corrective Action Taken:
N A 

COOLING SYSTEM -Check for radiator restriction:
OKAY

If not okay, explain why and identify the problem. (COOLING SYSTEM -Check for radiator restriction):
N A 

Corrective Action Taken::
N A 

COOLING SYSTEM -Check for hose and connections:
OKAY

If not okay, explain why and identify the problem. (COOLING SYSTEM -Check for hose and connections):
N A 

Corrective Action Taken:
N A 

COOLING SYSTEM -Coolant level:
OKAY

If not okay, explain why and identify the problem. (COOLING SYSTEM -Coolant level):
N A 

Corrective Action Taken::
N A 

COOLING SYSTEM - Belt condition and tension:
OKAY

If not okay, explain why and identify the problem. (COOLING SYSTEM - Belt condition and tension):
N A 

Corrective Action Taken::
N A 

FUEL - Check for leaks:
OKAY

If not okay, explain why and identify the problem. (FUEL - Check for leaks):
N A 

Corrective Action Taken::
N A 

AIR IN-TAKE (Check for leaks):
OKAY

If not okay, explain why and identify the problem. (AIR IN-TAKE :Check for leaks):
N A 

Corrective Action Taken::
N A 

AIR IN-TAKE (Check for air cleaner restriction):
OKAY

If not okay, explain why and identify the problem. (AIR IN-TAKE (Check for air cleaner restriction):
N A 

Corrective Action Taken::
N A 

EXHAUST- Check for leaks:
OKAY

If not okay, explain why and identify the problem. (EXHAUST- Check for leaks):
N A 

Corrective Action Taken::
N A 

ENGINE RELATED - Check for unusual vibration:
OKAY

If not okay, explain why and identify the problem. (ENGINE RELATED - Check for unusual vibration):
N A 

Corrective Action Taken::
N A 

MAIN GENERATOR - Check for air inlet and outlet from restrictions:
OKAY

If not okay, explain why and identify the problem. (MAIN GENERATOR - Check for air inlet and outlet from restrictions):
N A 

Corrective Action Taken::
N A 

MAIN GENERATOR - Check for windings and electrical connections:
OKAY

If not okay, explain why and identify the problem. (MAIN GENERATOR - Check for windings and electrical connections):
N A 

Corrective Action Taken::
N A 

SWITCH GEAR - Check power distribution wiring and connections:
OKAY

If not okay, explain why and identify the problem. (SWITCH GEAR - Check power distribution wiring and connections):
N A 

Corrective Action Taken::
N A 

Actual test run for 1hr with load.:
OKAY

Indicate the time start and end time of the actual test run conducted.:
1:30

Previous reading of running time::
714.45

Present reading of running time::
714.45

Indicate the three (3) line voltages (V) reading::
239v

Indicate the three (3) line amperes (A) reading::
28.18vdc

Indicate the hertz (Hz) reading::
59.99hz

Indicate the oil pressure reading (kPa)::
375kpa

Indicate the oil temperature (°F)::
58°C

Indicate running condition::
Normal

Notes and other concerns::
N A 

Diesel Tank Level:
Half Tank

If for refill, When will be refill?:
Motor pool 

Available Diesel Stock Level:
800ltr

———————————————
This task was submitted through HATCHERY DIESEL GENERATOR WEEKLY MAINTENANCE CHECKLIST
https://form.asana.com/?k=jTp-bz9f-Np1TvF8ahkxpQ&d=1186399537984407",Hatchery Diesel Genset Weekly Maintenance Checklist,,,,Paul gaudia ,"Nov 15, 2025",1 (375kVA Cummins Genset),,,
"1212250623869982",2025-12-02,,2025-12-02,Paul gaudia ,Untitled section,,,,,,"Name of Maintenance Technician:
Paul gaudia 

Email address:
paul_gaudia@gmail.com 

DATE::
Nov 8, 2025

DIESEL GENERATOR SET #:
1 (375kVA Cummins Genset)

LUBRICATION- Check for leaks:
OKAY

If not okay, explain why and identify the problem. (LUBRICATION- Check for leaks):
N A 

Corrective Action Taken::
N A 

LUBRICATION- Check for oil level:
OKAY

If not okay, explain why and identify the problem. (LUBRICATION- Check for oil level):
N A 

Corrective Action Taken::
N A 

COOLING SYSTEM -Check for leaks:
OKAY

If not okay, explain why and identify the problem. (COOLING SYSTEM -Check for leaks):
N A 

Corrective Action Taken:
N A 

COOLING SYSTEM -Check for radiator restriction:
OKAY

If not okay, explain why and identify the problem. (COOLING SYSTEM -Check for radiator restriction):
N A 

Corrective Action Taken::
N A 

COOLING SYSTEM -Check for hose and connections:
OKAY

If not okay, explain why and identify the problem. (COOLING SYSTEM -Check for hose and connections):
N A 

Corrective Action Taken:
N A 

COOLING SYSTEM -Coolant level:
OKAY

If not okay, explain why and identify the problem. (COOLING SYSTEM -Coolant level):
N A 

Corrective Action Taken::
N A 

COOLING SYSTEM - Belt condition and tension:
OKAY

If not okay, explain why and identify the problem. (COOLING SYSTEM - Belt condition and tension):
N A 

Corrective Action Taken::
N A 

FUEL - Check for leaks:
OKAY

If not okay, explain why and identify the problem. (FUEL - Check for leaks):
N A 

Corrective Action Taken::
N A 

AIR IN-TAKE (Check for leaks):
OKAY

If not okay, explain why and identify the problem. (AIR IN-TAKE :Check for leaks):
N A 

Corrective Action Taken::
N A 

AIR IN-TAKE (Check for air cleaner restriction):
OKAY

If not okay, explain why and identify the problem. (AIR IN-TAKE (Check for air cleaner restriction):
N A 

Corrective Action Taken::
N A 

EXHAUST- Check for leaks:
OKAY

If not okay, explain why and identify the problem. (EXHAUST- Check for leaks):
N A 

Corrective Action Taken::
N A 

ENGINE RELATED - Check for unusual vibration:
OKAY

If not okay, explain why and identify the problem. (ENGINE RELATED - Check for unusual vibration):
N A 

Corrective Action Taken::
N A 

MAIN GENERATOR - Check for air inlet and outlet from restrictions:
OKAY

If not okay, explain why and identify the problem. (MAIN GENERATOR - Check for air inlet and outlet from restrictions):
N A 

Corrective Action Taken::
N A 

MAIN GENERATOR - Check for windings and electrical connections:
OKAY

If not okay, explain why and identify the problem. (MAIN GENERATOR - Check for windings and electrical connections):
N A 

Corrective Action Taken::
N A 

SWITCH GEAR - Check power distribution wiring and connections:
OKAY

If not okay, explain why and identify the problem. (SWITCH GEAR - Check power distribution wiring and connections):
N A 

Corrective Action Taken::
N A 

Actual test run for 1hr with load.:
OKAY

Indicate the time start and end time of the actual test run conducted.:
1:45pm

Previous reading of running time::
714.25

Present reading of running time::
714.25

Indicate the three (3) line voltages (V) reading::
239v

Indicate the three (3) line amperes (A) reading::
28.10vdc

Indicate the hertz (Hz) reading::
59.99hz

Indicate the oil pressure reading (kPa)::
375kpa

Indicate the oil temperature (°F)::
58°C

Indicate running condition::
Normal

Notes and other concerns::
N A 

Diesel Tank Level:
Half Tank

If for refill, When will be refill?:
Motor pool 

Available Diesel Stock Level:
800ltr

———————————————
This task was submitted through HATCHERY DIESEL GENERATOR WEEKLY MAINTENANCE CHECKLIST
https://form.asana.com/?k=jTp-bz9f-Np1TvF8ahkxpQ&d=1186399537984407",Hatchery Diesel Genset Weekly Maintenance Checklist,,,,Paul gaudia ,"Nov 8, 2025",1 (375kVA Cummins Genset),,,
"1211810691473949",2025-11-01,,2025-11-01,Paul gaudia ,Untitled section,,,,,,"Name of Maintenance Technician:
Paul gaudia 

Email address:
paul_gaudia@gmail.com 

DATE::
Nov 1, 2025

DIESEL GENERATOR SET #:
2 (275kVA Camda Genset)

LUBRICATION- Check for leaks:
OKAY

If not okay, explain why and identify the problem. (LUBRICATION- Check for leaks):
N A 

Corrective Action Taken::
N A 

LUBRICATION- Check for oil level:
OKAY

If not okay, explain why and identify the problem. (LUBRICATION- Check for oil level):
N A 

Corrective Action Taken::
N A 

COOLING SYSTEM -Check for leaks:
OKAY

If not okay, explain why and identify the problem. (COOLING SYSTEM -Check for leaks):
N A 

Corrective Action Taken:
N A 

COOLING SYSTEM -Check for radiator restriction:
OKAY

If not okay, explain why and identify the problem. (COOLING SYSTEM -Check for radiator restriction):
N A 

Corrective Action Taken::
N A 

COOLING SYSTEM -Check for hose and connections:
OKAY

If not okay, explain why and identify the problem. (COOLING SYSTEM -Check for hose and connections):
N A 

Corrective Action Taken:
N A 

COOLING SYSTEM -Coolant level:
OKAY

If not okay, explain why and identify the problem. (COOLING SYSTEM -Coolant level):
N A 

Corrective Action Taken::
N A 

COOLING SYSTEM - Belt condition and tension:
OKAY

If not okay, explain why and identify the problem. (COOLING SYSTEM - Belt condition and tension):
N A 

Corrective Action Taken::
N A 

FUEL - Check for leaks:
OKAY

If not okay, explain why and identify the problem. (FUEL - Check for leaks):
N A 

Corrective Action Taken::
N A 

AIR IN-TAKE (Check for leaks):
OKAY

If not okay, explain why and identify the problem. (AIR IN-TAKE :Check for leaks):
N A 

Corrective Action Taken::
N A 

AIR IN-TAKE (Check for air cleaner restriction):
OKAY

If not okay, explain why and identify the problem. (AIR IN-TAKE (Check for air cleaner restriction):
N A 

Corrective Action Taken::
N A 

EXHAUST- Check for leaks:
OKAY

If not okay, explain why and identify the problem. (EXHAUST- Check for leaks):
N A 

Corrective Action Taken::
N A 

ENGINE RELATED - Check for unusual vibration:
OKAY

If not okay, explain why and identify the problem. (ENGINE RELATED - Check for unusual vibration):
N A 

Corrective Action Taken::
N A 

MAIN GENERATOR - Check for air inlet and outlet from restrictions:
OKAY

If not okay, explain why and identify the problem. (MAIN GENERATOR - Check for air inlet and outlet from restrictions):
N A 

Corrective Action Taken::
N A 

MAIN GENERATOR - Check for windings and electrical connections:
OKAY

If not okay, explain why and identify the problem. (MAIN GENERATOR - Check for windings and electrical connections):
N A 

Corrective Action Taken::
N A 

SWITCH GEAR - Check power distribution wiring and connections:
OKAY

If not okay, explain why and identify the problem. (SWITCH GEAR - Check power distribution wiring and connections):
N A 

Corrective Action Taken::
N A 

Actual test run for 1hr with load.:
OKAY

Indicate the time start and end time of the actual test run conducted.:
1:30

Previous reading of running time::
635.7

Present reading of running time::
635.7

Indicate the three (3) line voltages (V) reading::
230v

Indicate the three (3) line amperes (A) reading::
28.10vdc

Indicate the hertz (Hz) reading::
60hz

Indicate the oil pressure reading (kPa)::
275kva

Indicate the oil temperature (°F)::
55°C

Indicate running condition::
Normal

Notes and other concerns::
N A 

Diesel Tank Level:
Full tank

If for refill, When will be refill?:
Motor pool 

Available Diesel Stock Level:
800ltr

———————————————
This task was submitted through HATCHERY DIESEL GENERATOR WEEKLY MAINTENANCE CHECKLIST
https://form.asana.com/?k=jTp-bz9f-Np1TvF8ahkxpQ&d=1186399537984407",Hatchery Diesel Genset Weekly Maintenance Checklist,,,,Paul gaudia ,"Nov 1, 2025",2 (275kVA Camda Genset),,,
"1211810677669604",2025-11-01,,2025-11-01,Paul gaudia ,Untitled section,,,,,,"Name of Maintenance Technician:
Paul gaudia 

Email address:
paul_gaudia@gmail.com 

DATE::
Nov 1, 2025

DIESEL GENERATOR SET #:
1 (375kVA Cummins Genset)

LUBRICATION- Check for leaks:
OKAY

If not okay, explain why and identify the problem. (LUBRICATION- Check for leaks):
N A 

Corrective Action Taken::
N A 

LUBRICATION- Check for oil level:
OKAY

If not okay, explain why and identify the problem. (LUBRICATION- Check for oil level):
N A 

Corrective Action Taken::
N A 

COOLING SYSTEM -Check for leaks:
OKAY

If not okay, explain why and identify the problem. (COOLING SYSTEM -Check for leaks):
N A 

Corrective Action Taken:
N A 

COOLING SYSTEM -Check for radiator restriction:
OKAY

If not okay, explain why and identify the problem. (COOLING SYSTEM -Check for radiator restriction):
N A 

Corrective Action Taken::
N A 

COOLING SYSTEM -Check for hose and connections:
OKAY

If not okay, explain why and identify the problem. (COOLING SYSTEM -Check for hose and connections):
N A 

Corrective Action Taken:
N A 

COOLING SYSTEM -Coolant level:
OKAY

If not okay, explain why and identify the problem. (COOLING SYSTEM -Coolant level):
N A 

Corrective Action Taken::
N A 

COOLING SYSTEM - Belt condition and tension:
OKAY

If not okay, explain why and identify the problem. (COOLING SYSTEM - Belt condition and tension):
N A 

Corrective Action Taken::
N A 

FUEL - Check for leaks:
OKAY

If not okay, explain why and identify the problem. (FUEL - Check for leaks):
N A 

Corrective Action Taken::
N A 

AIR IN-TAKE (Check for leaks):
OKAY

If not okay, explain why and identify the problem. (AIR IN-TAKE :Check for leaks):
N A 

Corrective Action Taken::
N A 

AIR IN-TAKE (Check for air cleaner restriction):
OKAY

If not okay, explain why and identify the problem. (AIR IN-TAKE (Check for air cleaner restriction):
N A 

Corrective Action Taken::
N A 

EXHAUST- Check for leaks:
OKAY

If not okay, explain why and identify the problem. (EXHAUST- Check for leaks):
N A 

Corrective Action Taken::
N A 

ENGINE RELATED - Check for unusual vibration:
OKAY

If not okay, explain why and identify the problem. (ENGINE RELATED - Check for unusual vibration):
N A 

Corrective Action Taken::
N A 

MAIN GENERATOR - Check for air inlet and outlet from restrictions:
OKAY

If not okay, explain why and identify the problem. (MAIN GENERATOR - Check for air inlet and outlet from restrictions):
N A 

Corrective Action Taken::
N A 

MAIN GENERATOR - Check for windings and electrical connections:
OKAY

If not okay, explain why and identify the problem. (MAIN GENERATOR - Check for windings and electrical connections):
N A 

Corrective Action Taken::
N A 

SWITCH GEAR - Check power distribution wiring and connections:
OKAY

If not okay, explain why and identify the problem. (SWITCH GEAR - Check power distribution wiring and connections):
N A 

Corrective Action Taken::
N A 

Actual test run for 1hr with load.:
OKAY

Indicate the time start and end time of the actual test run conducted.:
1:30

Previous reading of running time::
714.20

Present reading of running time::
714.20

Indicate the three (3) line voltages (V) reading::
239v

Indicate the three (3) line amperes (A) reading::
28.18vdc

Indicate the hertz (Hz) reading::
60.2hz

Indicate the oil pressure reading (kPa)::
375kpa

Indicate the oil temperature (°F)::
55°C

Indicate running condition::
Normal

Notes and other concerns::
N A 

Diesel Tank Level:
Full tank

If for refill, When will be refill?:
Motor pool 

Available Diesel Stock Level:
800ltr

———————————————
This task was submitted through HATCHERY DIESEL GENERATOR WEEKLY MAINTENANCE CHECKLIST
https://form.asana.com/?k=jTp-bz9f-Np1TvF8ahkxpQ&d=1186399537984407",Hatchery Diesel Genset Weekly Maintenance Checklist,,,,Paul gaudia ,"Nov 1, 2025",1 (375kVA Cummins Genset),,,
"1211746956278706",2025-10-25,,2025-10-25,Paul gaudia ,Untitled section,,,,,,"Name of Maintenance Technician:
Paul gaudia 

Email address:
paul_gaudia@gmail.com 

DATE::
Oct 25, 2025

DIESEL GENERATOR SET #:
2 (275kVA Camda Genset)

LUBRICATION- Check for leaks:
OKAY

If not okay, explain why and identify the problem. (LUBRICATION- Check for leaks):
N A 

Corrective Action Taken::
N A 

LUBRICATION- Check for oil level:
OKAY

If not okay, explain why and identify the problem. (LUBRICATION- Check for oil level):
N A 

Corrective Action Taken::
N A 

COOLING SYSTEM -Check for leaks:
OKAY

If not okay, explain why and identify the problem. (COOLING SYSTEM -Check for leaks):
N A 

Corrective Action Taken:
N A 

COOLING SYSTEM -Check for radiator restriction:
OKAY

If not okay, explain why and identify the problem. (COOLING SYSTEM -Check for radiator restriction):
N A 

Corrective Action Taken::
N A 

COOLING SYSTEM -Check for hose and connections:
OKAY

If not okay, explain why and identify the problem. (COOLING SYSTEM -Check for hose and connections):
N A 

Corrective Action Taken:
N A 

COOLING SYSTEM -Coolant level:
OKAY

If not okay, explain why and identify the problem. (COOLING SYSTEM -Coolant level):
N A 

Corrective Action Taken::
N A 

COOLING SYSTEM - Belt condition and tension:
OKAY

If not okay, explain why and identify the problem. (COOLING SYSTEM - Belt condition and tension):
N A 

Corrective Action Taken::
N A 

FUEL - Check for leaks:
OKAY

If not okay, explain why and identify the problem. (FUEL - Check for leaks):
N A 

Corrective Action Taken::
N A 

AIR IN-TAKE (Check for leaks):
OKAY

If not okay, explain why and identify the problem. (AIR IN-TAKE :Check for leaks):
N A 

Corrective Action Taken::
N A 

AIR IN-TAKE (Check for air cleaner restriction):
OKAY

If not okay, explain why and identify the problem. (AIR IN-TAKE (Check for air cleaner restriction):
N A 

Corrective Action Taken::
N A 

EXHAUST- Check for leaks:
OKAY

If not okay, explain why and identify the problem. (EXHAUST- Check for leaks):
N A 

Corrective Action Taken::
N A 

ENGINE RELATED - Check for unusual vibration:
OKAY

If not okay, explain why and identify the problem. (ENGINE RELATED - Check for unusual vibration):
N A 

Corrective Action Taken::
N A 

MAIN GENERATOR - Check for air inlet and outlet from restrictions:
OKAY

If not okay, explain why and identify the problem. (MAIN GENERATOR - Check for air inlet and outlet from restrictions):
N A 

Corrective Action Taken::
N A 

MAIN GENERATOR - Check for windings and electrical connections:
OKAY

If not okay, explain why and identify the problem. (MAIN GENERATOR - Check for windings and electrical connections):
N A 

Corrective Action Taken::
N A 

SWITCH GEAR - Check power distribution wiring and connections:
OKAY

If not okay, explain why and identify the problem. (SWITCH GEAR - Check power distribution wiring and connections):
N A 

Corrective Action Taken::
N A 

Actual test run for 1hr with load.:
OKAY

Indicate the time start and end time of the actual test run conducted.:
7:30

Previous reading of running time::
635.6

Present reading of running time::
635.6

Indicate the three (3) line voltages (V) reading::
230v

Indicate the three (3) line amperes (A) reading::
28.10vdc

Indicate the hertz (Hz) reading::
60hz

Indicate the oil pressure reading (kPa)::
275kva

Indicate the oil temperature (°F)::
58°C

Indicate running condition::
Normal

Notes and other concerns::
N a 

Diesel Tank Level:
Full tank

If for refill, When will be refill?:
Motor pool 

Available Diesel Stock Level:
800ltr

———————————————
This task was submitted through HATCHERY DIESEL GENERATOR WEEKLY MAINTENANCE CHECKLIST
https://form.asana.com/?k=jTp-bz9f-Np1TvF8ahkxpQ&d=1186399537984407",Hatchery Diesel Genset Weekly Maintenance Checklist,,,,Paul gaudia ,"Oct 25, 2025",2 (275kVA Camda Genset),,,
"1211746658143314",2025-10-25,,2025-10-25,Paul gaudia ,Untitled section,,,,,,"Name of Maintenance Technician:
Paul gaudia 

Email address:
paul_gaudia@gmail.com 

DATE::
Oct 25, 2025

DIESEL GENERATOR SET #:
1 (375kVA Cummins Genset)

LUBRICATION- Check for leaks:
OKAY

If not okay, explain why and identify the problem. (LUBRICATION- Check for leaks):
N A 

Corrective Action Taken::
N A 

LUBRICATION- Check for oil level:
OKAY

If not okay, explain why and identify the problem. (LUBRICATION- Check for oil level):
N A 

Corrective Action Taken::
N A 

COOLING SYSTEM -Check for leaks:
OKAY

If not okay, explain why and identify the problem. (COOLING SYSTEM -Check for leaks):
N A 

Corrective Action Taken:
N A 

COOLING SYSTEM -Check for radiator restriction:
OKAY

If not okay, explain why and identify the problem. (COOLING SYSTEM -Check for radiator restriction):
N A 

Corrective Action Taken::
N A 

COOLING SYSTEM -Check for hose and connections:
OKAY

If not okay, explain why and identify the problem. (COOLING SYSTEM -Check for hose and connections):
N A 

Corrective Action Taken:
N A 

COOLING SYSTEM -Coolant level:
OKAY

If not okay, explain why and identify the problem. (COOLING SYSTEM -Coolant level):
N A 

Corrective Action Taken::
N A 

COOLING SYSTEM - Belt condition and tension:
OKAY

If not okay, explain why and identify the problem. (COOLING SYSTEM - Belt condition and tension):
N A 

Corrective Action Taken::
N A 

FUEL - Check for leaks:
OKAY

If not okay, explain why and identify the problem. (FUEL - Check for leaks):
N A 

Corrective Action Taken::
N A 

AIR IN-TAKE (Check for leaks):
OKAY

If not okay, explain why and identify the problem. (AIR IN-TAKE :Check for leaks):
N A 

Corrective Action Taken::
N A 

AIR IN-TAKE (Check for air cleaner restriction):
OKAY

If not okay, explain why and identify the problem. (AIR IN-TAKE (Check for air cleaner restriction):
N A 

Corrective Action Taken::
N A 

EXHAUST- Check for leaks:
OKAY

If not okay, explain why and identify the problem. (EXHAUST- Check for leaks):
N A 

Corrective Action Taken::
N A 

ENGINE RELATED - Check for unusual vibration:
OKAY

If not okay, explain why and identify the problem. (ENGINE RELATED - Check for unusual vibration):
N A 

Corrective Action Taken::
N A 

MAIN GENERATOR - Check for air inlet and outlet from restrictions:
OKAY

If not okay, explain why and identify the problem. (MAIN GENERATOR - Check for air inlet and outlet from restrictions):
N A 

Corrective Action Taken::
N A 

MAIN GENERATOR - Check for windings and electrical connections:
OKAY

If not okay, explain why and identify the problem. (MAIN GENERATOR - Check for windings and electrical connections):
N A 

Corrective Action Taken::
N A 

SWITCH GEAR - Check power distribution wiring and connections:
OKAY

If not okay, explain why and identify the problem. (SWITCH GEAR - Check power distribution wiring and connections):
N A 

Corrective Action Taken::
N A 

Actual test run for 1hr with load.:
OKAY

Indicate the time start and end time of the actual test run conducted.:
7:30

Previous reading of running time::
714.10

Present reading of running time::
714.10

Indicate the three (3) line voltages (V) reading::
239v

Indicate the three (3) line amperes (A) reading::
28.18vdc

Indicate the hertz (Hz) reading::
60.2hz

Indicate the oil pressure reading (kPa)::
375kpa

Indicate the oil temperature (°F)::
63°C

Indicate running condition::
Normal

Notes and other concerns::
N a 

Diesel Tank Level:
Half Tank

If for refill, When will be refill?:
Motor pool 

Available Diesel Stock Level:
800ltr

———————————————
This task was submitted through HATCHERY DIESEL GENERATOR WEEKLY MAINTENANCE CHECKLIST
https://form.asana.com/?k=jTp-bz9f-Np1TvF8ahkxpQ&d=1186399537984407",Hatchery Diesel Genset Weekly Maintenance Checklist,,,,Paul gaudia ,"Oct 25, 2025",1 (375kVA Cummins Genset),,,
"1211615919128077",2025-10-11,,2025-10-11,Paul gaudia ,Untitled section,,,,,,"Name of Maintenance Technician:
Paul gaudia 

Email address:
paul_gaudia@gmail.com 

DATE::
Oct 11, 2025

DIESEL GENERATOR SET #:
2 (275kVA Camda Genset)

LUBRICATION- Check for leaks:
OKAY

If not okay, explain why and identify the problem. (LUBRICATION- Check for leaks):
N A 

Corrective Action Taken::
N A 

LUBRICATION- Check for oil level:
OKAY

If not okay, explain why and identify the problem. (LUBRICATION- Check for oil level):
N A 

Corrective Action Taken::
N A 

COOLING SYSTEM -Check for leaks:
OKAY

If not okay, explain why and identify the problem. (COOLING SYSTEM -Check for leaks):
N A 

Corrective Action Taken:
N A 

COOLING SYSTEM -Check for radiator restriction:
OKAY

If not okay, explain why and identify the problem. (COOLING SYSTEM -Check for radiator restriction):
N A 

Corrective Action Taken::
N A 

COOLING SYSTEM -Check for hose and connections:
OKAY

If not okay, explain why and identify the problem. (COOLING SYSTEM -Check for hose and connections):
N A 

Corrective Action Taken:
N A 

COOLING SYSTEM -Coolant level:
OKAY

If not okay, explain why and identify the problem. (COOLING SYSTEM -Coolant level):
N A 

Corrective Action Taken::
N A 

COOLING SYSTEM - Belt condition and tension:
OKAY

If not okay, explain why and identify the problem. (COOLING SYSTEM - Belt condition and tension):
N A 

Corrective Action Taken::
N A 

FUEL - Check for leaks:
OKAY

If not okay, explain why and identify the problem. (FUEL - Check for leaks):
N A 

Corrective Action Taken::
N A 

AIR IN-TAKE (Check for leaks):
OKAY

If not okay, explain why and identify the problem. (AIR IN-TAKE :Check for leaks):
N A 

Corrective Action Taken::
N A 

AIR IN-TAKE (Check for air cleaner restriction):
OKAY

If not okay, explain why and identify the problem. (AIR IN-TAKE (Check for air cleaner restriction):
N A 

Corrective Action Taken::
N A 

EXHAUST- Check for leaks:
OKAY

If not okay, explain why and identify the problem. (EXHAUST- Check for leaks):
N A 

Corrective Action Taken::
N A 

ENGINE RELATED - Check for unusual vibration:
OKAY

If not okay, explain why and identify the problem. (ENGINE RELATED - Check for unusual vibration):
N A 

Corrective Action Taken::
N A 

MAIN GENERATOR - Check for air inlet and outlet from restrictions:
OKAY

If not okay, explain why and identify the problem. (MAIN GENERATOR - Check for air inlet and outlet from restrictions):
N A 

Corrective Action Taken::
N A 

MAIN GENERATOR - Check for windings and electrical connections:
OKAY

If not okay, explain why and identify the problem. (MAIN GENERATOR - Check for windings and electrical connections):
N A 

Corrective Action Taken::
N A 

SWITCH GEAR - Check power distribution wiring and connections:
OKAY

If not okay, explain why and identify the problem. (SWITCH GEAR - Check power distribution wiring and connections):
N A 

Corrective Action Taken::
N A 

Actual test run for 1hr with load.:
OKAY

Indicate the time start and end time of the actual test run conducted.:
1:30

Previous reading of running time::
635.5

Present reading of running time::
635.5

Indicate the three (3) line voltages (V) reading::
230v

Indicate the three (3) line amperes (A) reading::
28.10vdc

Indicate the hertz (Hz) reading::
60.2hz

Indicate the oil pressure reading (kPa)::
275kva

Indicate the oil temperature (°F)::
55°C

Indicate running condition::
Normal

Notes and other concerns::
N a 

Diesel Tank Level:
Full tank

If for refill, When will be refill?:
Motor pool 

Available Diesel Stock Level:
800ltr

———————————————
This task was submitted through HATCHERY DIESEL GENERATOR WEEKLY MAINTENANCE CHECKLIST
https://form.asana.com/?k=jTp-bz9f-Np1TvF8ahkxpQ&d=1186399537984407",Hatchery Diesel Genset Weekly Maintenance Checklist,,,,Paul gaudia ,"Oct 11, 2025",2 (275kVA Camda Genset),,,
"1211615975361117",2025-10-11,,2025-10-11,Paul gaudia ,Untitled section,,,,,,"Name of Maintenance Technician:
Paul gaudia 

Email address:
paul_gaudia@gmail.com 

DATE::
Oct 11, 2025

DIESEL GENERATOR SET #:
1 (375kVA Cummins Genset)

LUBRICATION- Check for leaks:
OKAY

If not okay, explain why and identify the problem. (LUBRICATION- Check for leaks):
N A 

Corrective Action Taken::
N A 

LUBRICATION- Check for oil level:
OKAY

If not okay, explain why and identify the problem. (LUBRICATION- Check for oil level):
N A 

Corrective Action Taken::
N A 

COOLING SYSTEM -Check for leaks:
OKAY

If not okay, explain why and identify the problem. (COOLING SYSTEM -Check for leaks):
N A 

Corrective Action Taken:
N A 

COOLING SYSTEM -Check for radiator restriction:
OKAY

If not okay, explain why and identify the problem. (COOLING SYSTEM -Check for radiator restriction):
N A 

Corrective Action Taken::
N A 

COOLING SYSTEM -Check for hose and connections:
OKAY

If not okay, explain why and identify the problem. (COOLING SYSTEM -Check for hose and connections):
N A 

Corrective Action Taken:
N A 

COOLING SYSTEM -Coolant level:
OKAY

If not okay, explain why and identify the problem. (COOLING SYSTEM -Coolant level):
N A 

Corrective Action Taken::
N A 

COOLING SYSTEM - Belt condition and tension:
OKAY

If not okay, explain why and identify the problem. (COOLING SYSTEM - Belt condition and tension):
N A 

Corrective Action Taken::
N A 

FUEL - Check for leaks:
OKAY

If not okay, explain why and identify the problem. (FUEL - Check for leaks):
N A 

Corrective Action Taken::
N A 

AIR IN-TAKE (Check for leaks):
OKAY

If not okay, explain why and identify the problem. (AIR IN-TAKE :Check for leaks):
N A 

Corrective Action Taken::
N A 

AIR IN-TAKE (Check for air cleaner restriction):
OKAY

If not okay, explain why and identify the problem. (AIR IN-TAKE (Check for air cleaner restriction):
N A 

Corrective Action Taken::
N A 

EXHAUST- Check for leaks:
OKAY

If not okay, explain why and identify the problem. (EXHAUST- Check for leaks):
N A 

Corrective Action Taken::
N A 

ENGINE RELATED - Check for unusual vibration:
OKAY

If not okay, explain why and identify the problem. (ENGINE RELATED - Check for unusual vibration):
N A 

Corrective Action Taken::
N A 

MAIN GENERATOR - Check for air inlet and outlet from restrictions:
OKAY

If not okay, explain why and identify the problem. (MAIN GENERATOR - Check for air inlet and outlet from restrictions):
N A 

Corrective Action Taken::
N A 

MAIN GENERATOR - Check for windings and electrical connections:
OKAY

If not okay, explain why and identify the problem. (MAIN GENERATOR - Check for windings and electrical connections):
N A 

Corrective Action Taken::
N A 

SWITCH GEAR - Check power distribution wiring and connections:
OKAY

If not okay, explain why and identify the problem. (SWITCH GEAR - Check power distribution wiring and connections):
N A 

Corrective Action Taken::
N A 

Actual test run for 1hr with load.:
OKAY

Indicate the time start and end time of the actual test run conducted.:
1:30

Previous reading of running time::
713.95

Present reading of running time::
713.95

Indicate the three (3) line voltages (V) reading::
239v

Indicate the three (3) line amperes (A) reading::
28.10vdc

Indicate the hertz (Hz) reading::
59.99hz

Indicate the oil pressure reading (kPa)::
375kpa

Indicate the oil temperature (°F)::
55°C

Indicate running condition::
Normal

Notes and other concerns::
N a 

Diesel Tank Level:
Half Tank

If for refill, When will be refill?:
Motor pool 

Available Diesel Stock Level:
800ltr

———————————————
This task was submitted through HATCHERY DIESEL GENERATOR WEEKLY MAINTENANCE CHECKLIST
https://form.asana.com/?k=jTp-bz9f-Np1TvF8ahkxpQ&d=1186399537984407",Hatchery Diesel Genset Weekly Maintenance Checklist,,,,Paul gaudia ,"Oct 11, 2025",1 (375kVA Cummins Genset),,,
"1211550240482933",2025-10-04,,2025-10-04,Paul gaudia ,Untitled section,,,,,,"Name of Maintenance Technician:
Paul gaudia 

Email address:
paul_gaudia@gmail.com 

DATE::
Oct 4, 2025

DIESEL GENERATOR SET #:
2 (275kVA Camda Genset)

LUBRICATION- Check for leaks:
OKAY

If not okay, explain why and identify the problem. (LUBRICATION- Check for leaks):
N A 

Corrective Action Taken::
N A 

LUBRICATION- Check for oil level:
OKAY

If not okay, explain why and identify the problem. (LUBRICATION- Check for oil level):
N A 

Corrective Action Taken::
N A 

COOLING SYSTEM -Check for leaks:
OKAY

If not okay, explain why and identify the problem. (COOLING SYSTEM -Check for leaks):
N A 

Corrective Action Taken:
N A 

COOLING SYSTEM -Check for radiator restriction:
OKAY

If not okay, explain why and identify the problem. (COOLING SYSTEM -Check for radiator restriction):
N A 

Corrective Action Taken::
N A 

COOLING SYSTEM -Check for hose and connections:
OKAY

If not okay, explain why and identify the problem. (COOLING SYSTEM -Check for hose and connections):
N A 

Corrective Action Taken:
N A 

COOLING SYSTEM -Coolant level:
OKAY

If not okay, explain why and identify the problem. (COOLING SYSTEM -Coolant level):
N A 

Corrective Action Taken::
N A 

COOLING SYSTEM - Belt condition and tension:
OKAY

If not okay, explain why and identify the problem. (COOLING SYSTEM - Belt condition and tension):
N A 

Corrective Action Taken::
N A 

FUEL - Check for leaks:
OKAY

If not okay, explain why and identify the problem. (FUEL - Check for leaks):
N A 

Corrective Action Taken::
N A 

AIR IN-TAKE (Check for leaks):
OKAY

If not okay, explain why and identify the problem. (AIR IN-TAKE :Check for leaks):
N A 

Corrective Action Taken::
N A 

AIR IN-TAKE (Check for air cleaner restriction):
OKAY

If not okay, explain why and identify the problem. (AIR IN-TAKE (Check for air cleaner restriction):
N A 

Corrective Action Taken::
N A 

EXHAUST- Check for leaks:
OKAY

If not okay, explain why and identify the problem. (EXHAUST- Check for leaks):
N A 

Corrective Action Taken::
N A 

ENGINE RELATED - Check for unusual vibration:
OKAY

If not okay, explain why and identify the problem. (ENGINE RELATED - Check for unusual vibration):
N A 

Corrective Action Taken::
N A 

MAIN GENERATOR - Check for air inlet and outlet from restrictions:
OKAY

If not okay, explain why and identify the problem. (MAIN GENERATOR - Check for air inlet and outlet from restrictions):
N A 

Corrective Action Taken::
N A 

MAIN GENERATOR - Check for windings and electrical connections:
OKAY

If not okay, explain why and identify the problem. (MAIN GENERATOR - Check for windings and electrical connections):
N A 

Corrective Action Taken::
N A 

SWITCH GEAR - Check power distribution wiring and connections:
OKAY

If not okay, explain why and identify the problem. (SWITCH GEAR - Check power distribution wiring and connections):
N A 

Corrective Action Taken::
N A 

Actual test run for 1hr with load.:
OKAY

Indicate the time start and end time of the actual test run conducted.:
1:30

Previous reading of running time::
635.4

Present reading of running time::
635.4

Indicate the three (3) line voltages (V) reading::
230v

Indicate the three (3) line amperes (A) reading::
28.10vdc

Indicate the hertz (Hz) reading::
60hz

Indicate the oil pressure reading (kPa)::
275kva

Indicate the oil temperature (°F)::
55°C

Indicate running condition::
Normal

Notes and other concerns::
N a 

Diesel Tank Level:
Full tank

If for refill, When will be refill?:
Motor pool 

Available Diesel Stock Level:
800ltr

———————————————
This task was submitted through HATCHERY DIESEL GENERATOR WEEKLY MAINTENANCE CHECKLIST
https://form.asana.com/?k=jTp-bz9f-Np1TvF8ahkxpQ&d=1186399537984407",Hatchery Diesel Genset Weekly Maintenance Checklist,,,,Paul gaudia ,"Oct 4, 2025",2 (275kVA Camda Genset),,,
"1211550236722441",2025-10-04,,2025-10-04,Paul gaudia ,Untitled section,,,,,,"Name of Maintenance Technician:
Paul gaudia 

Email address:
paul_gaudia@gmail.com 

DATE::
Oct 4, 2025

DIESEL GENERATOR SET #:
1 (375kVA Cummins Genset)

LUBRICATION- Check for leaks:
OKAY

If not okay, explain why and identify the problem. (LUBRICATION- Check for leaks):
N A 

Corrective Action Taken::
N A 

LUBRICATION- Check for oil level:
OKAY

If not okay, explain why and identify the problem. (LUBRICATION- Check for oil level):
N A 

Corrective Action Taken::
N A 

COOLING SYSTEM -Check for leaks:
OKAY

If not okay, explain why and identify the problem. (COOLING SYSTEM -Check for leaks):
N A 

Corrective Action Taken:
N A 

COOLING SYSTEM -Check for radiator restriction:
OKAY

If not okay, explain why and identify the problem. (COOLING SYSTEM -Check for radiator restriction):
N A 

Corrective Action Taken::
N A 

COOLING SYSTEM -Check for hose and connections:
OKAY

If not okay, explain why and identify the problem. (COOLING SYSTEM -Check for hose and connections):
N A 

Corrective Action Taken:
N A 

COOLING SYSTEM -Coolant level:
OKAY

If not okay, explain why and identify the problem. (COOLING SYSTEM -Coolant level):
N A 

Corrective Action Taken::
N A 

COOLING SYSTEM - Belt condition and tension:
OKAY

If not okay, explain why and identify the problem. (COOLING SYSTEM - Belt condition and tension):
N A 

Corrective Action Taken::
N A 

FUEL - Check for leaks:
OKAY

If not okay, explain why and identify the problem. (FUEL - Check for leaks):
N A 

Corrective Action Taken::
N A 

AIR IN-TAKE (Check for leaks):
OKAY

If not okay, explain why and identify the problem. (AIR IN-TAKE :Check for leaks):
N A 

Corrective Action Taken::
N A 

AIR IN-TAKE (Check for air cleaner restriction):
OKAY

If not okay, explain why and identify the problem. (AIR IN-TAKE (Check for air cleaner restriction):
N A 

Corrective Action Taken::
N A 

EXHAUST- Check for leaks:
OKAY

If not okay, explain why and identify the problem. (EXHAUST- Check for leaks):
N A 

Corrective Action Taken::
N A 

ENGINE RELATED - Check for unusual vibration:
OKAY

If not okay, explain why and identify the problem. (ENGINE RELATED - Check for unusual vibration):
N A 

Corrective Action Taken::
N A 

MAIN GENERATOR - Check for air inlet and outlet from restrictions:
OKAY

If not okay, explain why and identify the problem. (MAIN GENERATOR - Check for air inlet and outlet from restrictions):
N A 

Corrective Action Taken::
N A 

MAIN GENERATOR - Check for windings and electrical connections:
OKAY

If not okay, explain why and identify the problem. (MAIN GENERATOR - Check for windings and electrical connections):
N A 

Corrective Action Taken::
N A 

SWITCH GEAR - Check power distribution wiring and connections:
OKAY

If not okay, explain why and identify the problem. (SWITCH GEAR - Check power distribution wiring and connections):
N A 

Corrective Action Taken::
N A 

Actual test run for 1hr with load.:
OKAY

Indicate the time start and end time of the actual test run conducted.:
1:30

Previous reading of running time::
712.30

Present reading of running time::
712.30

Indicate the three (3) line voltages (V) reading::
239v

Indicate the three (3) line amperes (A) reading::
28.18vdc

Indicate the hertz (Hz) reading::
60.2hz

Indicate the oil pressure reading (kPa)::
375kpa

Indicate the oil temperature (°F)::
63°C

Indicate running condition::
Normal

Notes and other concerns::
N a 

Diesel Tank Level:
Half Tank

If for refill, When will be refill?:
Motor pool 

Available Diesel Stock Level:
800ltr

———————————————
This task was submitted through HATCHERY DIESEL GENERATOR WEEKLY MAINTENANCE CHECKLIST
https://form.asana.com/?k=jTp-bz9f-Np1TvF8ahkxpQ&d=1186399537984407",Hatchery Diesel Genset Weekly Maintenance Checklist,,,,Paul gaudia ,"Oct 4, 2025",1 (375kVA Cummins Genset),,,
"1211484278239550",2025-09-27,,2025-09-27,Paul gaudia ,Untitled section,,,,,,"Name of Maintenance Technician:
Paul gaudia 

Email address:
paul_gaudia@gmail.com 

DATE::
Sep 27, 2025

DIESEL GENERATOR SET #:
2 (275kVA Camda Genset)

LUBRICATION- Check for leaks:
OKAY

If not okay, explain why and identify the problem. (LUBRICATION- Check for leaks):
N A 

Corrective Action Taken::
N A 

LUBRICATION- Check for oil level:
OKAY

If not okay, explain why and identify the problem. (LUBRICATION- Check for oil level):
N A 

Corrective Action Taken::
N A 

COOLING SYSTEM -Check for leaks:
OKAY

If not okay, explain why and identify the problem. (COOLING SYSTEM -Check for leaks):
N A 

Corrective Action Taken:
N A 

COOLING SYSTEM -Check for radiator restriction:
OKAY

If not okay, explain why and identify the problem. (COOLING SYSTEM -Check for radiator restriction):
N A 

Corrective Action Taken::
N A 

COOLING SYSTEM -Check for hose and connections:
OKAY

If not okay, explain why and identify the problem. (COOLING SYSTEM -Check for hose and connections):
N A 

Corrective Action Taken:
N A 

COOLING SYSTEM -Coolant level:
OKAY

If not okay, explain why and identify the problem. (COOLING SYSTEM -Coolant level):
N A 

Corrective Action Taken::
N A 

COOLING SYSTEM - Belt condition and tension:
OKAY

If not okay, explain why and identify the problem. (COOLING SYSTEM - Belt condition and tension):
N A 

Corrective Action Taken::
N A 

FUEL - Check for leaks:
OKAY

If not okay, explain why and identify the problem. (FUEL - Check for leaks):
N A 

Corrective Action Taken::
N A 

AIR IN-TAKE (Check for leaks):
OKAY

If not okay, explain why and identify the problem. (AIR IN-TAKE :Check for leaks):
N A 

Corrective Action Taken::
N A 

AIR IN-TAKE (Check for air cleaner restriction):
OKAY

If not okay, explain why and identify the problem. (AIR IN-TAKE (Check for air cleaner restriction):
N A 

Corrective Action Taken::
N A 

EXHAUST- Check for leaks:
OKAY

If not okay, explain why and identify the problem. (EXHAUST- Check for leaks):
N A 

Corrective Action Taken::
N A 

ENGINE RELATED - Check for unusual vibration:
OKAY

If not okay, explain why and identify the problem. (ENGINE RELATED - Check for unusual vibration):
N A 

Corrective Action Taken::
N A 

MAIN GENERATOR - Check for air inlet and outlet from restrictions:
OKAY

If not okay, explain why and identify the problem. (MAIN GENERATOR - Check for air inlet and outlet from restrictions):
N A 

Corrective Action Taken::
N A 

MAIN GENERATOR - Check for windings and electrical connections:
OKAY

If not okay, explain why and identify the problem. (MAIN GENERATOR - Check for windings and electrical connections):
N A 

Corrective Action Taken::
N A 

SWITCH GEAR - Check power distribution wiring and connections:
OKAY

If not okay, explain why and identify the problem. (SWITCH GEAR - Check power distribution wiring and connections):
N A 

Corrective Action Taken::
N A 

Actual test run for 1hr with load.:
OKAY

Indicate the time start and end time of the actual test run conducted.:
1:30

Previous reading of running time::
635.3

Present reading of running time::
635.3

Indicate the three (3) line voltages (V) reading::
230v

Indicate the three (3) line amperes (A) reading::
28.10vdc

Indicate the hertz (Hz) reading::
60.2hz

Indicate the oil pressure reading (kPa)::
275kva

Indicate the oil temperature (°F)::
55°C

Indicate running condition::
Normal

Notes and other concerns::
N A 

Diesel Tank Level:
Full tank

If for refill, When will be refill?:
Motor pool 

Available Diesel Stock Level:
800ltr

———————————————
This task was submitted through HATCHERY DIESEL GENERATOR WEEKLY MAINTENANCE CHECKLIST
https://form.asana.com/?k=jTp-bz9f-Np1TvF8ahkxpQ&d=1186399537984407",Hatchery Diesel Genset Weekly Maintenance Checklist,,,,Paul gaudia ,"Sep 27, 2025",2 (275kVA Camda Genset),,,
"1211484606536243",2025-09-27,,2025-09-27,Paul gaudia ,Untitled section,,,,,,"Name of Maintenance Technician:
Paul gaudia 

Email address:
paul_gaudia@gmail.com 

DATE::
Sep 27, 2025

DIESEL GENERATOR SET #:
1 (375kVA Cummins Genset)

LUBRICATION- Check for leaks:
OKAY

If not okay, explain why and identify the problem. (LUBRICATION- Check for leaks):
N A 

Corrective Action Taken::
N A 

LUBRICATION- Check for oil level:
OKAY

If not okay, explain why and identify the problem. (LUBRICATION- Check for oil level):
N A 

Corrective Action Taken::
N A 

COOLING SYSTEM -Check for leaks:
OKAY

If not okay, explain why and identify the problem. (COOLING SYSTEM -Check for leaks):
N A 

Corrective Action Taken:
N A 

COOLING SYSTEM -Check for radiator restriction:
OKAY

If not okay, explain why and identify the problem. (COOLING SYSTEM -Check for radiator restriction):
N A 

Corrective Action Taken::
N A 

COOLING SYSTEM -Check for hose and connections:
OKAY

If not okay, explain why and identify the problem. (COOLING SYSTEM -Check for hose and connections):
N A 

Corrective Action Taken:
N A 

COOLING SYSTEM -Coolant level:
OKAY

If not okay, explain why and identify the problem. (COOLING SYSTEM -Coolant level):
N A 

Corrective Action Taken::
N A 

COOLING SYSTEM - Belt condition and tension:
OKAY

If not okay, explain why and identify the problem. (COOLING SYSTEM - Belt condition and tension):
N A 

Corrective Action Taken::
N A 

FUEL - Check for leaks:
OKAY

If not okay, explain why and identify the problem. (FUEL - Check for leaks):
N A 

Corrective Action Taken::
N A 

AIR IN-TAKE (Check for leaks):
OKAY

If not okay, explain why and identify the problem. (AIR IN-TAKE :Check for leaks):
N A 

Corrective Action Taken::
N A 

AIR IN-TAKE (Check for air cleaner restriction):
OKAY

If not okay, explain why and identify the problem. (AIR IN-TAKE (Check for air cleaner restriction):
N A 

Corrective Action Taken::
N A 

EXHAUST- Check for leaks:
OKAY

If not okay, explain why and identify the problem. (EXHAUST- Check for leaks):
N A 

Corrective Action Taken::
N A 

ENGINE RELATED - Check for unusual vibration:
OKAY

If not okay, explain why and identify the problem. (ENGINE RELATED - Check for unusual vibration):
N A 

Corrective Action Taken::
N A 

MAIN GENERATOR - Check for air inlet and outlet from restrictions:
OKAY

If not okay, explain why and identify the problem. (MAIN GENERATOR - Check for air inlet and outlet from restrictions):
N A 

Corrective Action Taken::
N A 

MAIN GENERATOR - Check for windings and electrical connections:
OKAY

If not okay, explain why and identify the problem. (MAIN GENERATOR - Check for windings and electrical connections):
N A 

Corrective Action Taken::
N A 

SWITCH GEAR - Check power distribution wiring and connections:
OKAY

If not okay, explain why and identify the problem. (SWITCH GEAR - Check power distribution wiring and connections):
N A 

Corrective Action Taken::
N A 

Actual test run for 1hr with load.:
OKAY

Indicate the time start and end time of the actual test run conducted.:
1:30

Previous reading of running time::
712.10

Present reading of running time::
712.10

Indicate the three (3) line voltages (V) reading::
239v

Indicate the three (3) line amperes (A) reading::
28.18vdc

Indicate the hertz (Hz) reading::
59.99hz

Indicate the oil pressure reading (kPa)::
375kpa

Indicate the oil temperature (°F)::
58°C

Indicate running condition::
Normal

Notes and other concerns::
N a 

Diesel Tank Level:
Half Tank

If for refill, When will be refill?:
Motor pool 

Available Diesel Stock Level:
800ltr

———————————————
This task was submitted through HATCHERY DIESEL GENERATOR WEEKLY MAINTENANCE CHECKLIST
https://form.asana.com/?k=jTp-bz9f-Np1TvF8ahkxpQ&d=1186399537984407",Hatchery Diesel Genset Weekly Maintenance Checklist,,,,Paul gaudia ,"Sep 27, 2025",1 (375kVA Cummins Genset),,,
"1211415763656098",2025-09-20,,2025-09-20,Paul gaudia ,Untitled section,,,,,,"Name of Maintenance Technician:
Paul gaudia 

Email address:
paul_gaudia@gmail.com 

DATE::
Sep 20, 2025

DIESEL GENERATOR SET #:
2 (275kVA Camda Genset)

LUBRICATION- Check for leaks:
OKAY

If not okay, explain why and identify the problem. (LUBRICATION- Check for leaks):
N A 

Corrective Action Taken::
N A 

LUBRICATION- Check for oil level:
OKAY

If not okay, explain why and identify the problem. (LUBRICATION- Check for oil level):
N A 

Corrective Action Taken::
N A 

COOLING SYSTEM -Check for leaks:
OKAY

If not okay, explain why and identify the problem. (COOLING SYSTEM -Check for leaks):
N A 

Corrective Action Taken:
N A 

COOLING SYSTEM -Check for radiator restriction:
OKAY

If not okay, explain why and identify the problem. (COOLING SYSTEM -Check for radiator restriction):
N A 

Corrective Action Taken::
N A 

COOLING SYSTEM -Check for hose and connections:
OKAY

If not okay, explain why and identify the problem. (COOLING SYSTEM -Check for hose and connections):
N A 

Corrective Action Taken:
N A 

COOLING SYSTEM -Coolant level:
OKAY

If not okay, explain why and identify the problem. (COOLING SYSTEM -Coolant level):
N A 

Corrective Action Taken::
N A 

COOLING SYSTEM - Belt condition and tension:
OKAY

If not okay, explain why and identify the problem. (COOLING SYSTEM - Belt condition and tension):
N A 

Corrective Action Taken::
N A 

FUEL - Check for leaks:
OKAY

If not okay, explain why and identify the problem. (FUEL - Check for leaks):
N A 

Corrective Action Taken::
N A 

AIR IN-TAKE (Check for leaks):
OKAY

If not okay, explain why and identify the problem. (AIR IN-TAKE :Check for leaks):
N A 

Corrective Action Taken::
N A 

AIR IN-TAKE (Check for air cleaner restriction):
OKAY

If not okay, explain why and identify the problem. (AIR IN-TAKE (Check for air cleaner restriction):
N A 

Corrective Action Taken::
N A 

EXHAUST- Check for leaks:
OKAY

If not okay, explain why and identify the problem. (EXHAUST- Check for leaks):
N A 

Corrective Action Taken::
N A 

ENGINE RELATED - Check for unusual vibration:
OKAY

If not okay, explain why and identify the problem. (ENGINE RELATED - Check for unusual vibration):
N A 

Corrective Action Taken::
N A 

MAIN GENERATOR - Check for air inlet and outlet from restrictions:
OKAY

If not okay, explain why and identify the problem. (MAIN GENERATOR - Check for air inlet and outlet from restrictions):
N A 

Corrective Action Taken::
N A 

MAIN GENERATOR - Check for windings and electrical connections:
OKAY

If not okay, explain why and identify the problem. (MAIN GENERATOR - Check for windings and electrical connections):
N A 

Corrective Action Taken::
N A 

SWITCH GEAR - Check power distribution wiring and connections:
OKAY

If not okay, explain why and identify the problem. (SWITCH GEAR - Check power distribution wiring and connections):
N A 

Corrective Action Taken::
N A 

Actual test run for 1hr with load.:
OKAY

Indicate the time start and end time of the actual test run conducted.:
1:45pm

Previous reading of running time::
635.3

Present reading of running time::
635.3

Indicate the three (3) line voltages (V) reading::
230v

Indicate the three (3) line amperes (A) reading::
28.10vdc

Indicate the hertz (Hz) reading::
60.2hz

Indicate the oil pressure reading (kPa)::
275kva

Indicate the oil temperature (°F)::
58°C

Indicate running condition::
Normal

Notes and other concerns::
N a 

Diesel Tank Level:
Full tank

If for refill, When will be refill?:
Motor pool 

Available Diesel Stock Level:
800ltr

———————————————
This task was submitted through HATCHERY DIESEL GENERATOR WEEKLY MAINTENANCE CHECKLIST
https://form.asana.com/?k=jTp-bz9f-Np1TvF8ahkxpQ&d=1186399537984407",Hatchery Diesel Genset Weekly Maintenance Checklist,,,,Paul gaudia ,"Sep 20, 2025",2 (275kVA Camda Genset),,,
"1211415665505699",2025-09-20,,2025-09-20,Paul gaudia ,Untitled section,,,,,,"Name of Maintenance Technician:
Paul gaudia 

Email address:
paul_gaudia@gmail.com 

DATE::
Sep 20, 2025

DIESEL GENERATOR SET #:
1 (375kVA Cummins Genset)

LUBRICATION- Check for leaks:
OKAY

If not okay, explain why and identify the problem. (LUBRICATION- Check for leaks):
N A 

Corrective Action Taken::
N A 

LUBRICATION- Check for oil level:
OKAY

If not okay, explain why and identify the problem. (LUBRICATION- Check for oil level):
N A 

Corrective Action Taken::
N A 

COOLING SYSTEM -Check for leaks:
OKAY

If not okay, explain why and identify the problem. (COOLING SYSTEM -Check for leaks):
N A 

Corrective Action Taken:
N A 

COOLING SYSTEM -Check for radiator restriction:
OKAY

If not okay, explain why and identify the problem. (COOLING SYSTEM -Check for radiator restriction):
N A 

Corrective Action Taken::
N A 

COOLING SYSTEM -Check for hose and connections:
OKAY

If not okay, explain why and identify the problem. (COOLING SYSTEM -Check for hose and connections):
N A 

Corrective Action Taken:
N A 

COOLING SYSTEM -Coolant level:
OKAY

If not okay, explain why and identify the problem. (COOLING SYSTEM -Coolant level):
N A 

Corrective Action Taken::
N A 

COOLING SYSTEM - Belt condition and tension:
OKAY

If not okay, explain why and identify the problem. (COOLING SYSTEM - Belt condition and tension):
N A 

Corrective Action Taken::
N A 

FUEL - Check for leaks:
OKAY

If not okay, explain why and identify the problem. (FUEL - Check for leaks):
N A 

Corrective Action Taken::
N A 

AIR IN-TAKE (Check for leaks):
OKAY

If not okay, explain why and identify the problem. (AIR IN-TAKE :Check for leaks):
N A 

Corrective Action Taken::
N A 

AIR IN-TAKE (Check for air cleaner restriction):
OKAY

If not okay, explain why and identify the problem. (AIR IN-TAKE (Check for air cleaner restriction):
N A 

Corrective Action Taken::
N A 

EXHAUST- Check for leaks:
OKAY

If not okay, explain why and identify the problem. (EXHAUST- Check for leaks):
N A 

Corrective Action Taken::
N A 

ENGINE RELATED - Check for unusual vibration:
NOT OKAY

If not okay, explain why and identify the problem. (ENGINE RELATED - Check for unusual vibration):
N A 

Corrective Action Taken::
N A 

MAIN GENERATOR - Check for air inlet and outlet from restrictions:
OKAY

If not okay, explain why and identify the problem. (MAIN GENERATOR - Check for air inlet and outlet from restrictions):
N A 

Corrective Action Taken::
N A 

MAIN GENERATOR - Check for windings and electrical connections:
OKAY

If not okay, explain why and identify the problem. (MAIN GENERATOR - Check for windings and electrical connections):
N A 

Corrective Action Taken::
N A 

SWITCH GEAR - Check power distribution wiring and connections:
OKAY

If not okay, explain why and identify the problem. (SWITCH GEAR - Check power distribution wiring and connections):
N A 

Corrective Action Taken::
N A 

Actual test run for 1hr with load.:
OKAY

Indicate the time start and end time of the actual test run conducted.:
1:45pm

Previous reading of running time::
705.55

Present reading of running time::
705.55

Indicate the three (3) line voltages (V) reading::
239v

Indicate the three (3) line amperes (A) reading::
28.18vdc

Indicate the hertz (Hz) reading::
59.99hz

Indicate the oil pressure reading (kPa)::
375kpa

Indicate the oil temperature (°F)::
55°C

Indicate running condition::
Normal

Notes and other concerns::
N a 

Diesel Tank Level:
Full tank

If for refill, When will be refill?:
Motor pool 

Available Diesel Stock Level:
800ltr

———————————————
This task was submitted through HATCHERY DIESEL GENERATOR WEEKLY MAINTENANCE CHECKLIST
https://form.asana.com/?k=jTp-bz9f-Np1TvF8ahkxpQ&d=1186399537984407",Hatchery Diesel Genset Weekly Maintenance Checklist,,,,Paul gaudia ,"Sep 20, 2025",1 (375kVA Cummins Genset),,,
"1211349660215191",2025-09-13,,2025-09-13,Paul gaudia ,Untitled section,,,,,,"Name of Maintenance Technician:
Paul gaudia 

Email address:
paul_gaudia@gmail.com 

DATE::
Sep 13, 2025

DIESEL GENERATOR SET #:
2 (275kVA Camda Genset)

LUBRICATION- Check for leaks:
OKAY

If not okay, explain why and identify the problem. (LUBRICATION- Check for leaks):
N A 

Corrective Action Taken::
N A 

LUBRICATION- Check for oil level:
OKAY

If not okay, explain why and identify the problem. (LUBRICATION- Check for oil level):
N A 

Corrective Action Taken::
N A 

COOLING SYSTEM -Check for leaks:
OKAY

If not okay, explain why and identify the problem. (COOLING SYSTEM -Check for leaks):
N A 

Corrective Action Taken:
N A 

COOLING SYSTEM -Check for radiator restriction:
OKAY

If not okay, explain why and identify the problem. (COOLING SYSTEM -Check for radiator restriction):
N A 

Corrective Action Taken::
N A 

COOLING SYSTEM -Check for hose and connections:
OKAY

If not okay, explain why and identify the problem. (COOLING SYSTEM -Check for hose and connections):
N A 

Corrective Action Taken:
N A 

COOLING SYSTEM -Coolant level:
OKAY

If not okay, explain why and identify the problem. (COOLING SYSTEM -Coolant level):
N A 

Corrective Action Taken::
N A 

COOLING SYSTEM - Belt condition and tension:
OKAY

If not okay, explain why and identify the problem. (COOLING SYSTEM - Belt condition and tension):
N A 

Corrective Action Taken::
N A 

FUEL - Check for leaks:
OKAY

If not okay, explain why and identify the problem. (FUEL - Check for leaks):
N A 

Corrective Action Taken::
N A 

AIR IN-TAKE (Check for leaks):
OKAY

If not okay, explain why and identify the problem. (AIR IN-TAKE :Check for leaks):
N A 

Corrective Action Taken::
N A 

AIR IN-TAKE (Check for air cleaner restriction):
OKAY

If not okay, explain why and identify the problem. (AIR IN-TAKE (Check for air cleaner restriction):
N A 

Corrective Action Taken::
N A 

EXHAUST- Check for leaks:
OKAY

If not okay, explain why and identify the problem. (EXHAUST- Check for leaks):
N A 

Corrective Action Taken::
N A 

ENGINE RELATED - Check for unusual vibration:
OKAY

If not okay, explain why and identify the problem. (ENGINE RELATED - Check for unusual vibration):
N A 

Corrective Action Taken::
N A 

MAIN GENERATOR - Check for air inlet and outlet from restrictions:
OKAY

If not okay, explain why and identify the problem. (MAIN GENERATOR - Check for air inlet and outlet from restrictions):
N A 

Corrective Action Taken::
N A 

MAIN GENERATOR - Check for windings and electrical connections:
OKAY

If not okay, explain why and identify the problem. (MAIN GENERATOR - Check for windings and electrical connections):
N A 

Corrective Action Taken::
N A 

SWITCH GEAR - Check power distribution wiring and connections:
OKAY

If not okay, explain why and identify the problem. (SWITCH GEAR - Check power distribution wiring and connections):
N A 

Corrective Action Taken::
N A 

Actual test run for 1hr with load.:
OKAY

Indicate the time start and end time of the actual test run conducted.:
1:30

Previous reading of running time::
538.05

Present reading of running time::
538

Indicate the three (3) line voltages (V) reading::
230v

Indicate the three (3) line amperes (A) reading::
28.10vdc

Indicate the hertz (Hz) reading::
60.2hz

Indicate the oil pressure reading (kPa)::
275kva

Indicate the oil temperature (°F)::
55°C

Indicate running condition::
Normal

Notes and other concerns::
N a 

Diesel Tank Level:
Full tank

If for refill, When will be refill?:
Motor pool 

Available Diesel Stock Level:
800ltr

———————————————
This task was submitted through HATCHERY DIESEL GENERATOR WEEKLY MAINTENANCE CHECKLIST
https://form.asana.com/?k=jTp-bz9f-Np1TvF8ahkxpQ&d=1186399537984407",Hatchery Diesel Genset Weekly Maintenance Checklist,,,,Paul gaudia ,"Sep 13, 2025",2 (275kVA Camda Genset),,,
"1211349657690346",2025-09-13,,2025-09-13,Paul gaudia ,Untitled section,,,,,,"Name of Maintenance Technician:
Paul gaudia 

Email address:
paul_gaudia@gmail.com 

DATE::
Sep 13, 2025

DIESEL GENERATOR SET #:
1 (375kVA Cummins Genset)

LUBRICATION- Check for leaks:
OKAY

If not okay, explain why and identify the problem. (LUBRICATION- Check for leaks):
N A 

Corrective Action Taken::
N A 

LUBRICATION- Check for oil level:
OKAY

If not okay, explain why and identify the problem. (LUBRICATION- Check for oil level):
N A 

Corrective Action Taken::
N A 

COOLING SYSTEM -Check for leaks:
OKAY

If not okay, explain why and identify the problem. (COOLING SYSTEM -Check for leaks):
N A 

Corrective Action Taken:
N A 

COOLING SYSTEM -Check for radiator restriction:
OKAY

If not okay, explain why and identify the problem. (COOLING SYSTEM -Check for radiator restriction):
N A 

Corrective Action Taken::
N A 

COOLING SYSTEM -Check for hose and connections:
OKAY

If not okay, explain why and identify the problem. (COOLING SYSTEM -Check for hose and connections):
N A 

Corrective Action Taken:
N A 

COOLING SYSTEM -Coolant level:
OKAY

If not okay, explain why and identify the problem. (COOLING SYSTEM -Coolant level):
N A 

Corrective Action Taken::
N A 

COOLING SYSTEM - Belt condition and tension:
OKAY

If not okay, explain why and identify the problem. (COOLING SYSTEM - Belt condition and tension):
N A 

Corrective Action Taken::
N A 

FUEL - Check for leaks:
OKAY

If not okay, explain why and identify the problem. (FUEL - Check for leaks):
N A 

Corrective Action Taken::
N A 

AIR IN-TAKE (Check for leaks):
OKAY

If not okay, explain why and identify the problem. (AIR IN-TAKE :Check for leaks):
N A 

Corrective Action Taken::
N A 

AIR IN-TAKE (Check for air cleaner restriction):
OKAY

If not okay, explain why and identify the problem. (AIR IN-TAKE (Check for air cleaner restriction):
N A 

Corrective Action Taken::
N A 

EXHAUST- Check for leaks:
OKAY

If not okay, explain why and identify the problem. (EXHAUST- Check for leaks):
N A 

Corrective Action Taken::
N A 

ENGINE RELATED - Check for unusual vibration:
OKAY

If not okay, explain why and identify the problem. (ENGINE RELATED - Check for unusual vibration):
N A 

Corrective Action Taken::
N A 

MAIN GENERATOR - Check for air inlet and outlet from restrictions:
OKAY

If not okay, explain why and identify the problem. (MAIN GENERATOR - Check for air inlet and outlet from restrictions):
N A 

Corrective Action Taken::
N A 

MAIN GENERATOR - Check for windings and electrical connections:
OKAY

If not okay, explain why and identify the problem. (MAIN GENERATOR - Check for windings and electrical connections):
N A 

Corrective Action Taken::
N A 

SWITCH GEAR - Check power distribution wiring and connections:
OKAY

If not okay, explain why and identify the problem. (SWITCH GEAR - Check power distribution wiring and connections):
N A 

Corrective Action Taken::
N A 

Actual test run for 1hr with load.:
OKAY

Indicate the time start and end time of the actual test run conducted.:
1:30

Previous reading of running time::
705.45

Present reading of running time::
705.45

Indicate the three (3) line voltages (V) reading::
239v

Indicate the three (3) line amperes (A) reading::
28.18vdc

Indicate the hertz (Hz) reading::
59.99hz

Indicate the oil pressure reading (kPa)::
375kpa

Indicate the oil temperature (°F)::
58°C

Indicate running condition::
Normal

Notes and other concerns::
N a

Diesel Tank Level:
Full tank

If for refill, When will be refill?:
Motor pool 

Available Diesel Stock Level:
800ltr

———————————————
This task was submitted through HATCHERY DIESEL GENERATOR WEEKLY MAINTENANCE CHECKLIST
https://form.asana.com/?k=jTp-bz9f-Np1TvF8ahkxpQ&d=1186399537984407",Hatchery Diesel Genset Weekly Maintenance Checklist,,,,Paul gaudia ,"Sep 13, 2025",1 (375kVA Cummins Genset),,,
"1211128228500088",2025-08-23,,2025-08-23,Paul gaudia ,Untitled section,,,,,,"Name of Maintenance Technician:
Paul gaudia 

Email address:
paul_gaudia@gmail.com 

DATE::
Aug 23, 2025

DIESEL GENERATOR SET #:
2 (275kVA Camda Genset)

LUBRICATION- Check for leaks:
OKAY

If not okay, explain why and identify the problem. (LUBRICATION- Check for leaks):
N A 

Corrective Action Taken::
N A 

LUBRICATION- Check for oil level:
OKAY

If not okay, explain why and identify the problem. (LUBRICATION- Check for oil level):
N A 

Corrective Action Taken::
N A 

COOLING SYSTEM -Check for leaks:
OKAY

If not okay, explain why and identify the problem. (COOLING SYSTEM -Check for leaks):
N A 

Corrective Action Taken:
N A 

COOLING SYSTEM -Check for radiator restriction:
OKAY

If not okay, explain why and identify the problem. (COOLING SYSTEM -Check for radiator restriction):
N A 

Corrective Action Taken::
N A 

COOLING SYSTEM -Check for hose and connections:
OKAY

If not okay, explain why and identify the problem. (COOLING SYSTEM -Check for hose and connections):
N A 

Corrective Action Taken:
N A 

COOLING SYSTEM -Coolant level:
OKAY

If not okay, explain why and identify the problem. (COOLING SYSTEM -Coolant level):
N A 

Corrective Action Taken::
N A 

COOLING SYSTEM - Belt condition and tension:
OKAY

If not okay, explain why and identify the problem. (COOLING SYSTEM - Belt condition and tension):
N A 

Corrective Action Taken::
N A 

FUEL - Check for leaks:
OKAY

If not okay, explain why and identify the problem. (FUEL - Check for leaks):
N A 

Corrective Action Taken::
N A 

AIR IN-TAKE (Check for leaks):
OKAY

If not okay, explain why and identify the problem. (AIR IN-TAKE :Check for leaks):
N A 

Corrective Action Taken::
N A 

AIR IN-TAKE (Check for air cleaner restriction):
OKAY

If not okay, explain why and identify the problem. (AIR IN-TAKE (Check for air cleaner restriction):
N A 

Corrective Action Taken::
N A 

EXHAUST- Check for leaks:
OKAY

If not okay, explain why and identify the problem. (EXHAUST- Check for leaks):
N A 

Corrective Action Taken::
N A 

ENGINE RELATED - Check for unusual vibration:
OKAY

If not okay, explain why and identify the problem. (ENGINE RELATED - Check for unusual vibration):
N A 

Corrective Action Taken::
N A 

MAIN GENERATOR - Check for air inlet and outlet from restrictions:
OKAY

If not okay, explain why and identify the problem. (MAIN GENERATOR - Check for air inlet and outlet from restrictions):
N A 

Corrective Action Taken::
N A 

MAIN GENERATOR - Check for windings and electrical connections:
OKAY

If not okay, explain why and identify the problem. (MAIN GENERATOR - Check for windings and electrical connections):
N A 

Corrective Action Taken::
N A 

SWITCH GEAR - Check power distribution wiring and connections:
OKAY

If not okay, explain why and identify the problem. (SWITCH GEAR - Check power distribution wiring and connections):
N A 

Corrective Action Taken::
N A 

Actual test run for 1hr with load.:
OKAY

Indicate the time start and end time of the actual test run conducted.:
8 am

Previous reading of running time::
634.8

Present reading of running time::
634.8

Indicate the three (3) line voltages (V) reading::
230v

Indicate the three (3) line amperes (A) reading::
28.10vdc

Indicate the hertz (Hz) reading::
60.2hz

Indicate the oil pressure reading (kPa)::
275kva

Indicate the oil temperature (°F)::
55°C

Indicate running condition::
Normal

Notes and other concerns::
N A 

Diesel Tank Level:
Half Tank

If for refill, When will be refill?:
Motor pool 

Available Diesel Stock Level:
600ltr

———————————————
This task was submitted through HATCHERY DIESEL GENERATOR WEEKLY MAINTENANCE CHECKLIST
https://form.asana.com/?k=jTp-bz9f-Np1TvF8ahkxpQ&d=1186399537984407",Hatchery Diesel Genset Weekly Maintenance Checklist,,,,Paul gaudia ,"Aug 23, 2025",2 (275kVA Camda Genset),,,
"1211127924185765",2025-08-23,,2025-08-23,Paul gaudia ,Untitled section,,,,,,"Name of Maintenance Technician:
Paul gaudia 

Email address:
paul_gaudia@gmail.com 

DATE::
Aug 23, 2025

DIESEL GENERATOR SET #:
1 (375kVA Cummins Genset)

LUBRICATION- Check for leaks:
OKAY

If not okay, explain why and identify the problem. (LUBRICATION- Check for leaks):
N A 

Corrective Action Taken::
N A 

LUBRICATION- Check for oil level:
OKAY

If not okay, explain why and identify the problem. (LUBRICATION- Check for oil level):
N A 

Corrective Action Taken::
N A 

COOLING SYSTEM -Check for leaks:
OKAY

If not okay, explain why and identify the problem. (COOLING SYSTEM -Check for leaks):
N A 

Corrective Action Taken:
N A 

COOLING SYSTEM -Check for radiator restriction:
OKAY

If not okay, explain why and identify the problem. (COOLING SYSTEM -Check for radiator restriction):
N A 

Corrective Action Taken::
N A 

COOLING SYSTEM -Check for hose and connections:
OKAY

If not okay, explain why and identify the problem. (COOLING SYSTEM -Check for hose and connections):
N A 

Corrective Action Taken:
N A 

COOLING SYSTEM -Coolant level:
OKAY

If not okay, explain why and identify the problem. (COOLING SYSTEM -Coolant level):
N A 

Corrective Action Taken::
N A 

COOLING SYSTEM - Belt condition and tension:
OKAY

If not okay, explain why and identify the problem. (COOLING SYSTEM - Belt condition and tension):
N A 

Corrective Action Taken::
N A 

FUEL - Check for leaks:
OKAY

If not okay, explain why and identify the problem. (FUEL - Check for leaks):
N A 

Corrective Action Taken::
N A 

AIR IN-TAKE (Check for leaks):
OKAY

If not okay, explain why and identify the problem. (AIR IN-TAKE :Check for leaks):
N A 

Corrective Action Taken::
N A 

AIR IN-TAKE (Check for air cleaner restriction):
OKAY

If not okay, explain why and identify the problem. (AIR IN-TAKE (Check for air cleaner restriction):
N A 

Corrective Action Taken::
N A 

EXHAUST- Check for leaks:
OKAY

If not okay, explain why and identify the problem. (EXHAUST- Check for leaks):
N A 

Corrective Action Taken::
N A 

ENGINE RELATED - Check for unusual vibration:
OKAY

If not okay, explain why and identify the problem. (ENGINE RELATED - Check for unusual vibration):
N A 

Corrective Action Taken::
N A 

MAIN GENERATOR - Check for air inlet and outlet from restrictions:
OKAY

If not okay, explain why and identify the problem. (MAIN GENERATOR - Check for air inlet and outlet from restrictions):
N A 

Corrective Action Taken::
N A 

MAIN GENERATOR - Check for windings and electrical connections:
OKAY

If not okay, explain why and identify the problem. (MAIN GENERATOR - Check for windings and electrical connections):
N A 

Corrective Action Taken::
N A 

SWITCH GEAR - Check power distribution wiring and connections:
OKAY

If not okay, explain why and identify the problem. (SWITCH GEAR - Check power distribution wiring and connections):
N A 

Corrective Action Taken::
N A 

Actual test run for 1hr with load.:
OKAY

Indicate the time start and end time of the actual test run conducted.:
8am

Previous reading of running time::
693.40

Present reading of running time::
693.40

Indicate the three (3) line voltages (V) reading::
239v

Indicate the three (3) line amperes (A) reading::
28.18vdc

Indicate the hertz (Hz) reading::
59.99hz

Indicate the oil pressure reading (kPa)::
375kpa

Indicate the oil temperature (°F)::
58°C

Indicate running condition::
Normal

Notes and other concerns::
N A 

Diesel Tank Level:
Full tank

If for refill, When will be refill?:
Motor pool 

Available Diesel Stock Level:
600ltr

———————————————
This task was submitted through HATCHERY DIESEL GENERATOR WEEKLY MAINTENANCE CHECKLIST
https://form.asana.com/?k=jTp-bz9f-Np1TvF8ahkxpQ&d=1186399537984407",Hatchery Diesel Genset Weekly Maintenance Checklist,,,,Paul gaudia ,"Aug 23, 2025",1 (375kVA Cummins Genset),,,
"1210597630093115",2025-06-20,,2025-06-20,Paul gaudia ,Untitled section,,,,,,"Name of Maintenance Technician:
Paul gaudia 

Email address:
paul_gaudia@gmail.com 

DATE::
Jun 20, 2025

DIESEL GENERATOR SET #:
2 (275kVA Camda Genset)

LUBRICATION- Check for leaks:
OKAY

If not okay, explain why and identify the problem. (LUBRICATION- Check for leaks):
N A 

Corrective Action Taken::
N A 

LUBRICATION- Check for oil level:
OKAY

If not okay, explain why and identify the problem. (LUBRICATION- Check for oil level):
N A 

Corrective Action Taken::
N A 

COOLING SYSTEM -Check for leaks:
OKAY

If not okay, explain why and identify the problem. (COOLING SYSTEM -Check for leaks):
N A 

Corrective Action Taken:
N A 

COOLING SYSTEM -Check for radiator restriction:
OKAY

If not okay, explain why and identify the problem. (COOLING SYSTEM -Check for radiator restriction):
N A 

Corrective Action Taken::
N A 

COOLING SYSTEM -Check for hose and connections:
OKAY

If not okay, explain why and identify the problem. (COOLING SYSTEM -Check for hose and connections):
N A 

Corrective Action Taken:
N A 

COOLING SYSTEM -Coolant level:
OKAY

If not okay, explain why and identify the problem. (COOLING SYSTEM -Coolant level):
N A 

Corrective Action Taken::
N A 

COOLING SYSTEM - Belt condition and tension:
OKAY

If not okay, explain why and identify the problem. (COOLING SYSTEM - Belt condition and tension):
N A 

Corrective Action Taken::
N A 

FUEL - Check for leaks:
OKAY

If not okay, explain why and identify the problem. (FUEL - Check for leaks):
N A 

Corrective Action Taken::
N A 

AIR IN-TAKE (Check for leaks):
OKAY

If not okay, explain why and identify the problem. (AIR IN-TAKE :Check for leaks):
N A 

Corrective Action Taken::
N A 

AIR IN-TAKE (Check for air cleaner restriction):
OKAY

If not okay, explain why and identify the problem. (AIR IN-TAKE (Check for air cleaner restriction):
N A 

Corrective Action Taken::
N A 

EXHAUST- Check for leaks:
OKAY

If not okay, explain why and identify the problem. (EXHAUST- Check for leaks):
N A 

Corrective Action Taken::
N A 

ENGINE RELATED - Check for unusual vibration:
OKAY

If not okay, explain why and identify the problem. (ENGINE RELATED - Check for unusual vibration):
N A 

Corrective Action Taken::
N A 

MAIN GENERATOR - Check for air inlet and outlet from restrictions:
OKAY

If not okay, explain why and identify the problem. (MAIN GENERATOR - Check for air inlet and outlet from restrictions):
N A 

Corrective Action Taken::
N A 

MAIN GENERATOR - Check for windings and electrical connections:
OKAY

If not okay, explain why and identify the problem. (MAIN GENERATOR - Check for windings and electrical connections):
N A 

Corrective Action Taken::
N A 

SWITCH GEAR - Check power distribution wiring and connections:
OKAY

If not okay, explain why and identify the problem. (SWITCH GEAR - Check power distribution wiring and connections):
N A 

Corrective Action Taken::
N A 

Actual test run for 1hr with load.:
OKAY

Indicate the time start and end time of the actual test run conducted.:
1:30

Previous reading of running time::
634..7

Present reading of running time::
634.7

Indicate the three (3) line voltages (V) reading::
230v

Indicate the three (3) line amperes (A) reading::
28.10vdc

Indicate the hertz (Hz) reading::
60.2hz

Indicate the oil pressure reading (kPa)::
275kva

Indicate the oil temperature (°F)::
55°C

Indicate running condition::
Normal

Notes and other concerns::
N A 

Diesel Tank Level:
Half Tank

If for refill, When will be refill?:
Motor pool 

Available Diesel Stock Level:
400ltr

———————————————
This task was submitted through HATCHERY DIESEL GENERATOR WEEKLY MAINTENANCE CHECKLIST
https://form.asana.com/?k=jTp-bz9f-Np1TvF8ahkxpQ&d=1186399537984407",Hatchery Diesel Genset Weekly Maintenance Checklist,,,,Paul gaudia ,"Jun 20, 2025",2 (275kVA Camda Genset),,,
"1210597510149911",2025-06-20,,2025-06-20,Paul gaudia ,Untitled section,,,,,,"Name of Maintenance Technician:
Paul gaudia 

Email address:
paul_gaudia@gmail.com 

DATE::
Jun 20, 2025

DIESEL GENERATOR SET #:
1 (375kVA Cummins Genset)

LUBRICATION- Check for leaks:
OKAY

If not okay, explain why and identify the problem. (LUBRICATION- Check for leaks):
N A 

Corrective Action Taken::
N A 

LUBRICATION- Check for oil level:
OKAY

If not okay, explain why and identify the problem. (LUBRICATION- Check for oil level):
N A 

Corrective Action Taken::
N A 

COOLING SYSTEM -Check for leaks:
OKAY

If not okay, explain why and identify the problem. (COOLING SYSTEM -Check for leaks):
N A 

Corrective Action Taken:
N A 

COOLING SYSTEM -Check for radiator restriction:
OKAY

If not okay, explain why and identify the problem. (COOLING SYSTEM -Check for radiator restriction):
N A 

Corrective Action Taken::
N A 

COOLING SYSTEM -Check for hose and connections:
OKAY

If not okay, explain why and identify the problem. (COOLING SYSTEM -Check for hose and connections):
N A 

Corrective Action Taken:
N A 

COOLING SYSTEM -Coolant level:
OKAY

If not okay, explain why and identify the problem. (COOLING SYSTEM -Coolant level):
N A 

Corrective Action Taken::
N A 

COOLING SYSTEM - Belt condition and tension:
OKAY

If not okay, explain why and identify the problem. (COOLING SYSTEM - Belt condition and tension):
N A 

Corrective Action Taken::
N A 

FUEL - Check for leaks:
OKAY

If not okay, explain why and identify the problem. (FUEL - Check for leaks):
N A 

Corrective Action Taken::
N A 

AIR IN-TAKE (Check for leaks):
OKAY

If not okay, explain why and identify the problem. (AIR IN-TAKE :Check for leaks):
N A 

Corrective Action Taken::
N A 

AIR IN-TAKE (Check for air cleaner restriction):
OKAY

If not okay, explain why and identify the problem. (AIR IN-TAKE (Check for air cleaner restriction):
N A 

Corrective Action Taken::
N A 

EXHAUST- Check for leaks:
OKAY

If not okay, explain why and identify the problem. (EXHAUST- Check for leaks):
N A 

Corrective Action Taken::
N A 

ENGINE RELATED - Check for unusual vibration:
OKAY

If not okay, explain why and identify the problem. (ENGINE RELATED - Check for unusual vibration):
N A 

Corrective Action Taken::
N A 

MAIN GENERATOR - Check for air inlet and outlet from restrictions:
OKAY

If not okay, explain why and identify the problem. (MAIN GENERATOR - Check for air inlet and outlet from restrictions):
N A 

Corrective Action Taken::
N A 

MAIN GENERATOR - Check for windings and electrical connections:
OKAY

If not okay, explain why and identify the problem. (MAIN GENERATOR - Check for windings and electrical connections):
N A 

Corrective Action Taken::
N A 

SWITCH GEAR - Check power distribution wiring and connections:
OKAY

If not okay, explain why and identify the problem. (SWITCH GEAR - Check power distribution wiring and connections):
N A 

Corrective Action Taken::
N A 

Actual test run for 1hr with load.:
OKAY

Indicate the time start and end time of the actual test run conducted.:
1:30

Previous reading of running time::
682.10

Present reading of running time::
682.10

Indicate the three (3) line voltages (V) reading::
239v

Indicate the three (3) line amperes (A) reading::
28.10vdc

Indicate the hertz (Hz) reading::
59.99hz

Indicate the oil pressure reading (kPa)::
375kpa

Indicate the oil temperature (°F)::
63°C

Indicate running condition::
Normal

Notes and other concerns::
N A 

Diesel Tank Level:
Full tank

If for refill, When will be refill?:
Motor pool 

Available Diesel Stock Level:
400ltr

———————————————
This task was submitted through HATCHERY DIESEL GENERATOR WEEKLY MAINTENANCE CHECKLIST
https://form.asana.com/?k=jTp-bz9f-Np1TvF8ahkxpQ&d=1186399537984407",Hatchery Diesel Genset Weekly Maintenance Checklist,,,,Paul gaudia ,"Jun 20, 2025",1 (375kVA Cummins Genset),,,
"1210529477886699",2025-06-12,,2025-06-12,Paul gaudia ,Untitled section,,,,,,"Name of Maintenance Technician:
Paul gaudia 

Email address:
paul_gaudia@gmail.com 

DATE::
Jun 12, 2025

DIESEL GENERATOR SET #:
2 (275kVA Camda Genset)

LUBRICATION- Check for leaks:
OKAY

If not okay, explain why and identify the problem. (LUBRICATION- Check for leaks):
N A 

Corrective Action Taken::
N A 

LUBRICATION- Check for oil level:
OKAY

If not okay, explain why and identify the problem. (LUBRICATION- Check for oil level):
N A 

Corrective Action Taken::
N A 

COOLING SYSTEM -Check for leaks:
OKAY

If not okay, explain why and identify the problem. (COOLING SYSTEM -Check for leaks):
N A 

Corrective Action Taken:
N A 

COOLING SYSTEM -Check for radiator restriction:
OKAY

If not okay, explain why and identify the problem. (COOLING SYSTEM -Check for radiator restriction):
N A 

Corrective Action Taken::
N A 

COOLING SYSTEM -Check for hose and connections:
OKAY

If not okay, explain why and identify the problem. (COOLING SYSTEM -Check for hose and connections):
N A 

Corrective Action Taken:
N A 

COOLING SYSTEM -Coolant level:
OKAY

If not okay, explain why and identify the problem. (COOLING SYSTEM -Coolant level):
N A 

Corrective Action Taken::
N A 

COOLING SYSTEM - Belt condition and tension:
OKAY

If not okay, explain why and identify the problem. (COOLING SYSTEM - Belt condition and tension):
N A 

Corrective Action Taken::
N A 

FUEL - Check for leaks:
OKAY

If not okay, explain why and identify the problem. (FUEL - Check for leaks):
N A 

Corrective Action Taken::
N A 

AIR IN-TAKE (Check for leaks):
OKAY

If not okay, explain why and identify the problem. (AIR IN-TAKE :Check for leaks):
N A 

Corrective Action Taken::
N A 

AIR IN-TAKE (Check for air cleaner restriction):
OKAY

If not okay, explain why and identify the problem. (AIR IN-TAKE (Check for air cleaner restriction):
N A 

Corrective Action Taken::
N A 

EXHAUST- Check for leaks:
OKAY

If not okay, explain why and identify the problem. (EXHAUST- Check for leaks):
N A 

Corrective Action Taken::
N A 

ENGINE RELATED - Check for unusual vibration:
OKAY

If not okay, explain why and identify the problem. (ENGINE RELATED - Check for unusual vibration):
N A 

Corrective Action Taken::
N A 

MAIN GENERATOR - Check for air inlet and outlet from restrictions:
OKAY

If not okay, explain why and identify the problem. (MAIN GENERATOR - Check for air inlet and outlet from restrictions):
N A 

Corrective Action Taken::
N A 

MAIN GENERATOR - Check for windings and electrical connections:
OKAY

If not okay, explain why and identify the problem. (MAIN GENERATOR - Check for windings and electrical connections):
N A 

Corrective Action Taken::
N A 

SWITCH GEAR - Check power distribution wiring and connections:
OKAY

If not okay, explain why and identify the problem. (SWITCH GEAR - Check power distribution wiring and connections):
N A 

Corrective Action Taken::
N A 

Actual test run for 1hr with load.:
OKAY

Indicate the time start and end time of the actual test run conducted.:
1:30

Previous reading of running time::
634.6

Present reading of running time::
634.6

Indicate the three (3) line voltages (V) reading::
230v

Indicate the three (3) line amperes (A) reading::
28.10vdc

Indicate the hertz (Hz) reading::
60.2hz

Indicate the oil pressure reading (kPa)::
275kva

Indicate the oil temperature (°F)::
55°C

Indicate running condition::
Normal

Notes and other concerns::
N A 

Diesel Tank Level:
Half Tank

If for refill, When will be refill?:
Motor pool 

Available Diesel Stock Level:
500ltr

———————————————
This task was submitted through HATCHERY DIESEL GENERATOR WEEKLY MAINTENANCE CHECKLIST
https://form.asana.com/?k=jTp-bz9f-Np1TvF8ahkxpQ&d=1186399537984407",Hatchery Diesel Genset Weekly Maintenance Checklist,,,,Paul gaudia ,"Jun 12, 2025",2 (275kVA Camda Genset),,,
"1210529526269882",2025-06-12,,2025-06-12,Paul gaudia ,Untitled section,,,,,,"Name of Maintenance Technician:
Paul gaudia 

Email address:
paul_gaudia@gmail.com 

DATE::
Jun 12, 2025

DIESEL GENERATOR SET #:
1 (375kVA Cummins Genset)

LUBRICATION- Check for leaks:
OKAY

If not okay, explain why and identify the problem. (LUBRICATION- Check for leaks):
N A 

Corrective Action Taken::
N A 

LUBRICATION- Check for oil level:
OKAY

If not okay, explain why and identify the problem. (LUBRICATION- Check for oil level):
N A 

Corrective Action Taken::
N A 

COOLING SYSTEM -Check for leaks:
OKAY

If not okay, explain why and identify the problem. (COOLING SYSTEM -Check for leaks):
N A 

Corrective Action Taken:
N A 

COOLING SYSTEM -Check for radiator restriction:
OKAY

If not okay, explain why and identify the problem. (COOLING SYSTEM -Check for radiator restriction):
N A 

Corrective Action Taken::
N A 

COOLING SYSTEM -Check for hose and connections:
OKAY

If not okay, explain why and identify the problem. (COOLING SYSTEM -Check for hose and connections):
N A 

Corrective Action Taken:
N A 

COOLING SYSTEM -Coolant level:
OKAY

If not okay, explain why and identify the problem. (COOLING SYSTEM -Coolant level):
N A 

Corrective Action Taken::
N A 

COOLING SYSTEM - Belt condition and tension:
OKAY

If not okay, explain why and identify the problem. (COOLING SYSTEM - Belt condition and tension):
N A 

Corrective Action Taken::
N A 

FUEL - Check for leaks:
OKAY

If not okay, explain why and identify the problem. (FUEL - Check for leaks):
N A 

Corrective Action Taken::
N A 

AIR IN-TAKE (Check for leaks):
OKAY

If not okay, explain why and identify the problem. (AIR IN-TAKE :Check for leaks):
N A 

Corrective Action Taken::
N A 

AIR IN-TAKE (Check for air cleaner restriction):
OKAY

If not okay, explain why and identify the problem. (AIR IN-TAKE (Check for air cleaner restriction):
N A 

Corrective Action Taken::
N A 

EXHAUST- Check for leaks:
OKAY

If not okay, explain why and identify the problem. (EXHAUST- Check for leaks):
N A 

Corrective Action Taken::
N A 

ENGINE RELATED - Check for unusual vibration:
OKAY

If not okay, explain why and identify the problem. (ENGINE RELATED - Check for unusual vibration):
N A 

Corrective Action Taken::
N A 

MAIN GENERATOR - Check for air inlet and outlet from restrictions:
OKAY

If not okay, explain why and identify the problem. (MAIN GENERATOR - Check for air inlet and outlet from restrictions):
N A 

Corrective Action Taken::
N A 

MAIN GENERATOR - Check for windings and electrical connections:
OKAY

If not okay, explain why and identify the problem. (MAIN GENERATOR - Check for windings and electrical connections):
N A 

Corrective Action Taken::
N A 

SWITCH GEAR - Check power distribution wiring and connections:
OKAY

If not okay, explain why and identify the problem. (SWITCH GEAR - Check power distribution wiring and connections):
N A 

Corrective Action Taken::
N A 

Actual test run for 1hr with load.:
OKAY

Indicate the time start and end time of the actual test run conducted.:
1:30

Previous reading of running time::
680.60

Present reading of running time::
680.60

Indicate the three (3) line voltages (V) reading::
239v

Indicate the three (3) line amperes (A) reading::
28.18vdc

Indicate the hertz (Hz) reading::
59.99hz

Indicate the oil pressure reading (kPa)::
375kpa

Indicate the oil temperature (°F)::
55°C

Indicate running condition::
Normal

Notes and other concerns::
N A 

Diesel Tank Level:
Half Tank

If for refill, When will be refill?:
Motor pool 

Available Diesel Stock Level:
500ltr

———————————————
This task was submitted through HATCHERY DIESEL GENERATOR WEEKLY MAINTENANCE CHECKLIST
https://form.asana.com/?k=jTp-bz9f-Np1TvF8ahkxpQ&d=1186399537984407",Hatchery Diesel Genset Weekly Maintenance Checklist,,,,Paul gaudia ,"Jun 12, 2025",1 (375kVA Cummins Genset),,,
"1210429000075290",2025-05-31,,2025-05-31,Paul gaudia ,Untitled section,,,,,,"Name of Maintenance Technician:
Paul gaudia 

Email address:
paul_gaudia@gmail.com 

DATE::
May 31, 2025

DIESEL GENERATOR SET #:
2 (275kVA Camda Genset)

LUBRICATION- Check for leaks:
OKAY

If not okay, explain why and identify the problem. (LUBRICATION- Check for leaks):
N A 

Corrective Action Taken::
N A 

LUBRICATION- Check for oil level:
OKAY

If not okay, explain why and identify the problem. (LUBRICATION- Check for oil level):
N A 

Corrective Action Taken::
N A 

COOLING SYSTEM -Check for leaks:
OKAY

If not okay, explain why and identify the problem. (COOLING SYSTEM -Check for leaks):
N A 

Corrective Action Taken:
N A 

COOLING SYSTEM -Check for radiator restriction:
OKAY

If not okay, explain why and identify the problem. (COOLING SYSTEM -Check for radiator restriction):
N A 

Corrective Action Taken::
N A 

COOLING SYSTEM -Check for hose and connections:
OKAY

If not okay, explain why and identify the problem. (COOLING SYSTEM -Check for hose and connections):
N A 

Corrective Action Taken:
N A 

COOLING SYSTEM -Coolant level:
OKAY

If not okay, explain why and identify the problem. (COOLING SYSTEM -Coolant level):
N A 

Corrective Action Taken::
N A 

COOLING SYSTEM - Belt condition and tension:
OKAY

If not okay, explain why and identify the problem. (COOLING SYSTEM - Belt condition and tension):
N A 

Corrective Action Taken::
N A 

FUEL - Check for leaks:
OKAY

If not okay, explain why and identify the problem. (FUEL - Check for leaks):
N A 

Corrective Action Taken::
N A 

AIR IN-TAKE (Check for leaks):
OKAY

If not okay, explain why and identify the problem. (AIR IN-TAKE :Check for leaks):
N A 

Corrective Action Taken::
N A 

AIR IN-TAKE (Check for air cleaner restriction):
OKAY

If not okay, explain why and identify the problem. (AIR IN-TAKE (Check for air cleaner restriction):
N A 

Corrective Action Taken::
N A 

EXHAUST- Check for leaks:
OKAY

If not okay, explain why and identify the problem. (EXHAUST- Check for leaks):
N A 

Corrective Action Taken::
N A 

ENGINE RELATED - Check for unusual vibration:
OKAY

If not okay, explain why and identify the problem. (ENGINE RELATED - Check for unusual vibration):
N A 

Corrective Action Taken::
N A 

MAIN GENERATOR - Check for air inlet and outlet from restrictions:
OKAY

If not okay, explain why and identify the problem. (MAIN GENERATOR - Check for air inlet and outlet from restrictions):
N A 

Corrective Action Taken::
N A 

MAIN GENERATOR - Check for windings and electrical connections:
OKAY

If not okay, explain why and identify the problem. (MAIN GENERATOR - Check for windings and electrical connections):
N A 

Corrective Action Taken::
N A 

SWITCH GEAR - Check power distribution wiring and connections:
OKAY

If not okay, explain why and identify the problem. (SWITCH GEAR - Check power distribution wiring and connections):
N A 

Corrective Action Taken::
N A 

Actual test run for 1hr with load.:
OKAY

Indicate the time start and end time of the actual test run conducted.:
1:30

Previous reading of running time::
634.6

Present reading of running time::
634.6

Indicate the three (3) line voltages (V) reading::
230v

Indicate the three (3) line amperes (A) reading::
28.10vdc

Indicate the hertz (Hz) reading::
60.2hz

Indicate the oil pressure reading (kPa)::
275kva

Indicate the oil temperature (°F)::
55°C

Indicate running condition::
Normal

Notes and other concerns::
N A 

Diesel Tank Level:
Half Tank

If for refill, When will be refill?:
Motor pool 

Available Diesel Stock Level:
500ltr

———————————————
This task was submitted through HATCHERY DIESEL GENERATOR WEEKLY MAINTENANCE CHECKLIST
https://form.asana.com/?k=jTp-bz9f-Np1TvF8ahkxpQ&d=1186399537984407",Hatchery Diesel Genset Weekly Maintenance Checklist,,,,Paul gaudia ,"May 31, 2025",2 (275kVA Camda Genset),,,
"1210428935440941",2025-05-31,,2025-05-31,Paul gaudia ,Untitled section,,,,,,"Name of Maintenance Technician:
Paul gaudia 

Email address:
paul_gaudia@gmail.com 

DATE::
May 31, 2025

DIESEL GENERATOR SET #:
1 (375kVA Cummins Genset)

LUBRICATION- Check for leaks:
OKAY

If not okay, explain why and identify the problem. (LUBRICATION- Check for leaks):
N A 

Corrective Action Taken::
N A 

LUBRICATION- Check for oil level:
OKAY

If not okay, explain why and identify the problem. (LUBRICATION- Check for oil level):
N A 

Corrective Action Taken::
N A 

COOLING SYSTEM -Check for leaks:
OKAY

If not okay, explain why and identify the problem. (COOLING SYSTEM -Check for leaks):
N A 

Corrective Action Taken:
N A 

COOLING SYSTEM -Check for radiator restriction:
OKAY

If not okay, explain why and identify the problem. (COOLING SYSTEM -Check for radiator restriction):
N A 

Corrective Action Taken::
N A 

COOLING SYSTEM -Check for hose and connections:
OKAY

If not okay, explain why and identify the problem. (COOLING SYSTEM -Check for hose and connections):
N A 

Corrective Action Taken:
N A 

COOLING SYSTEM -Coolant level:
OKAY

If not okay, explain why and identify the problem. (COOLING SYSTEM -Coolant level):
N A 

Corrective Action Taken::
N A 

COOLING SYSTEM - Belt condition and tension:
OKAY

If not okay, explain why and identify the problem. (COOLING SYSTEM - Belt condition and tension):
N A 

Corrective Action Taken::
N A 

FUEL - Check for leaks:
OKAY

If not okay, explain why and identify the problem. (FUEL - Check for leaks):
N A 

Corrective Action Taken::
N A 

AIR IN-TAKE (Check for leaks):
OKAY

If not okay, explain why and identify the problem. (AIR IN-TAKE :Check for leaks):
N A 

Corrective Action Taken::
N A 

AIR IN-TAKE (Check for air cleaner restriction):
OKAY

If not okay, explain why and identify the problem. (AIR IN-TAKE (Check for air cleaner restriction):
N A 

Corrective Action Taken::
N A 

EXHAUST- Check for leaks:
OKAY

If not okay, explain why and identify the problem. (EXHAUST- Check for leaks):
N A 

Corrective Action Taken::
N A 

ENGINE RELATED - Check for unusual vibration:
OKAY

If not okay, explain why and identify the problem. (ENGINE RELATED - Check for unusual vibration):
N A 

Corrective Action Taken::
N A 

MAIN GENERATOR - Check for air inlet and outlet from restrictions:
OKAY

If not okay, explain why and identify the problem. (MAIN GENERATOR - Check for air inlet and outlet from restrictions):
N A 

Corrective Action Taken::
N A 

MAIN GENERATOR - Check for windings and electrical connections:
OKAY

If not okay, explain why and identify the problem. (MAIN GENERATOR - Check for windings and electrical connections):
N A 

Corrective Action Taken::
N A 

SWITCH GEAR - Check power distribution wiring and connections:
OKAY

If not okay, explain why and identify the problem. (SWITCH GEAR - Check power distribution wiring and connections):
N A 

Corrective Action Taken::
N A 

Actual test run for 1hr with load.:
OKAY

Indicate the time start and end time of the actual test run conducted.:
1:30

Previous reading of running time::
680.45

Present reading of running time::
680.45

Indicate the three (3) line voltages (V) reading::
239v

Indicate the three (3) line amperes (A) reading::
28.18vdc

Indicate the hertz (Hz) reading::
59.99hz

Indicate the oil pressure reading (kPa)::
375kpa

Indicate the oil temperature (°F)::
58°C

Indicate running condition::
Normal

Notes and other concerns::
N A 

Diesel Tank Level:
Full tank

If for refill, When will be refill?:
Motor pool 

Available Diesel Stock Level:
500ltr

———————————————
This task was submitted through HATCHERY DIESEL GENERATOR WEEKLY MAINTENANCE CHECKLIST
https://form.asana.com/?k=jTp-bz9f-Np1TvF8ahkxpQ&d=1186399537984407",Hatchery Diesel Genset Weekly Maintenance Checklist,,,,Paul gaudia ,"May 31, 2025",1 (375kVA Cummins Genset),,,
"1210325342360452",2025-05-20,,2025-05-20,Paul gaudia ,Untitled section,,,,,,"Name of Maintenance Technician:
Paul gaudia 

Email address:
paul_gaudia@gmail.com 

DATE::
May 20, 2025

DIESEL GENERATOR SET #:
2 (275kVA Camda Genset)

LUBRICATION- Check for leaks:
OKAY

If not okay, explain why and identify the problem. (LUBRICATION- Check for leaks):
N A 

Corrective Action Taken::
N A 

LUBRICATION- Check for oil level:
OKAY

If not okay, explain why and identify the problem. (LUBRICATION- Check for oil level):
N A 

Corrective Action Taken::
N A 

COOLING SYSTEM -Check for leaks:
OKAY

If not okay, explain why and identify the problem. (COOLING SYSTEM -Check for leaks):
N A 

Corrective Action Taken:
N A 

COOLING SYSTEM -Check for radiator restriction:
OKAY

If not okay, explain why and identify the problem. (COOLING SYSTEM -Check for radiator restriction):
N A 

Corrective Action Taken::
N A 

COOLING SYSTEM -Check for hose and connections:
OKAY

If not okay, explain why and identify the problem. (COOLING SYSTEM -Check for hose and connections):
N A 

Corrective Action Taken:
N A 

COOLING SYSTEM -Coolant level:
OKAY

If not okay, explain why and identify the problem. (COOLING SYSTEM -Coolant level):
N A 

Corrective Action Taken::
N A 

COOLING SYSTEM - Belt condition and tension:
OKAY

If not okay, explain why and identify the problem. (COOLING SYSTEM - Belt condition and tension):
N A 

Corrective Action Taken::
N A 

FUEL - Check for leaks:
OKAY

If not okay, explain why and identify the problem. (FUEL - Check for leaks):
N A 

Corrective Action Taken::
N A 

AIR IN-TAKE (Check for leaks):
OKAY

If not okay, explain why and identify the problem. (AIR IN-TAKE :Check for leaks):
N A 

Corrective Action Taken::
N A 

AIR IN-TAKE (Check for air cleaner restriction):
OKAY

If not okay, explain why and identify the problem. (AIR IN-TAKE (Check for air cleaner restriction):
N A 

Corrective Action Taken::
N A 

EXHAUST- Check for leaks:
OKAY

If not okay, explain why and identify the problem. (EXHAUST- Check for leaks):
N A 

Corrective Action Taken::
N A 

ENGINE RELATED - Check for unusual vibration:
OKAY

If not okay, explain why and identify the problem. (ENGINE RELATED - Check for unusual vibration):
N A 

Corrective Action Taken::
N A 

MAIN GENERATOR - Check for air inlet and outlet from restrictions:
OKAY

If not okay, explain why and identify the problem. (MAIN GENERATOR - Check for air inlet and outlet from restrictions):
N A 

Corrective Action Taken::
N A 

MAIN GENERATOR - Check for windings and electrical connections:
OKAY

If not okay, explain why and identify the problem. (MAIN GENERATOR - Check for windings and electrical connections):
N A 

Corrective Action Taken::
N A 

SWITCH GEAR - Check power distribution wiring and connections:
OKAY

If not okay, explain why and identify the problem. (SWITCH GEAR - Check power distribution wiring and connections):
N A 

Corrective Action Taken::
N A 

Actual test run for 1hr with load.:
OKAY

Indicate the time start and end time of the actual test run conducted.:
1:45pm

Previous reading of running time::
634.5

Present reading of running time::
634.5

Indicate the three (3) line voltages (V) reading::
230v

Indicate the three (3) line amperes (A) reading::
28.10vdc

Indicate the hertz (Hz) reading::
60.2hz

Indicate the oil pressure reading (kPa)::
275kva

Indicate the oil temperature (°F)::
55°C

Indicate running condition::
Normal

Notes and other concerns::
N A 

Diesel Tank Level:
Half Tank

If for refill, When will be refill?:
Motor pool 

Available Diesel Stock Level:
500ltr

———————————————
This task was submitted through HATCHERY DIESEL GENERATOR WEEKLY MAINTENANCE CHECKLIST
https://form.asana.com/?k=jTp-bz9f-Np1TvF8ahkxpQ&d=1186399537984407",Hatchery Diesel Genset Weekly Maintenance Checklist,,,,Paul gaudia ,"May 20, 2025",2 (275kVA Camda Genset),,,
"1210325381590331",2025-05-20,,2025-05-20,Paul gaudia ,Untitled section,,,,,,"Name of Maintenance Technician:
Paul gaudia 

Email address:
paul_gaudia@gmail.com 

DATE::
May 20, 2025

DIESEL GENERATOR SET #:
1 (375kVA Cummins Genset)

LUBRICATION- Check for leaks:
OKAY

If not okay, explain why and identify the problem. (LUBRICATION- Check for leaks):
N A 

Corrective Action Taken::
N A 

LUBRICATION- Check for oil level:
OKAY

If not okay, explain why and identify the problem. (LUBRICATION- Check for oil level):
N A 

Corrective Action Taken::
N A 

COOLING SYSTEM -Check for leaks:
OKAY

If not okay, explain why and identify the problem. (COOLING SYSTEM -Check for leaks):
N A 

Corrective Action Taken:
N A 

COOLING SYSTEM -Check for radiator restriction:
OKAY

If not okay, explain why and identify the problem. (COOLING SYSTEM -Check for radiator restriction):
N A 

Corrective Action Taken::
N A 

COOLING SYSTEM -Check for hose and connections:
OKAY

If not okay, explain why and identify the problem. (COOLING SYSTEM -Check for hose and connections):
N A 

Corrective Action Taken:
N A 

COOLING SYSTEM -Coolant level:
OKAY

If not okay, explain why and identify the problem. (COOLING SYSTEM -Coolant level):
N A 

Corrective Action Taken::
N A 

COOLING SYSTEM - Belt condition and tension:
OKAY

If not okay, explain why and identify the problem. (COOLING SYSTEM - Belt condition and tension):
N A 

Corrective Action Taken::
N A 

FUEL - Check for leaks:
OKAY

If not okay, explain why and identify the problem. (FUEL - Check for leaks):
N A 

Corrective Action Taken::
N A 

AIR IN-TAKE (Check for leaks):
OKAY

If not okay, explain why and identify the problem. (AIR IN-TAKE :Check for leaks):
N A 

Corrective Action Taken::
N A 

AIR IN-TAKE (Check for air cleaner restriction):
OKAY

If not okay, explain why and identify the problem. (AIR IN-TAKE (Check for air cleaner restriction):
N A 

Corrective Action Taken::
N A 

EXHAUST- Check for leaks:
OKAY

If not okay, explain why and identify the problem. (EXHAUST- Check for leaks):
N A 

Corrective Action Taken::
N A 

ENGINE RELATED - Check for unusual vibration:
OKAY

If not okay, explain why and identify the problem. (ENGINE RELATED - Check for unusual vibration):
N A 

Corrective Action Taken::
N A 

MAIN GENERATOR - Check for air inlet and outlet from restrictions:
OKAY

If not okay, explain why and identify the problem. (MAIN GENERATOR - Check for air inlet and outlet from restrictions):
N A 

Corrective Action Taken::
N A 

MAIN GENERATOR - Check for windings and electrical connections:
OKAY

If not okay, explain why and identify the problem. (MAIN GENERATOR - Check for windings and electrical connections):
N A 

Corrective Action Taken::
N A 

SWITCH GEAR - Check power distribution wiring and connections:
OKAY

If not okay, explain why and identify the problem. (SWITCH GEAR - Check power distribution wiring and connections):
N A 

Corrective Action Taken::
N A 

Actual test run for 1hr with load.:
OKAY

Indicate the time start and end time of the actual test run conducted.:
1:45pm

Previous reading of running time::
680.30

Present reading of running time::
680.30

Indicate the three (3) line voltages (V) reading::
239v

Indicate the three (3) line amperes (A) reading::
28.18vdc

Indicate the hertz (Hz) reading::
59.99hz

Indicate the oil pressure reading (kPa)::
375kpa

Indicate the oil temperature (°F)::
63°C

Indicate running condition::
Normal

Notes and other concerns::
N A 

Diesel Tank Level:
Full tank

If for refill, When will be refill?:
Motor pool 

Available Diesel Stock Level:
500ltr

———————————————
This task was submitted through HATCHERY DIESEL GENERATOR WEEKLY MAINTENANCE CHECKLIST
https://form.asana.com/?k=jTp-bz9f-Np1TvF8ahkxpQ&d=1186399537984407",Hatchery Diesel Genset Weekly Maintenance Checklist,,,,Paul gaudia ,"May 20, 2025",1 (375kVA Cummins Genset),,,
"1210213104219494",2025-05-10,,2025-05-10,Paul gaudia ,Untitled section,,,,,,"Name of Maintenance Technician:
Paul gaudia 

Email address:
paul_gaudia@gmail.com 

DATE::
May 10, 2025

DIESEL GENERATOR SET #:
2 (275kVA Camda Genset)

LUBRICATION- Check for leaks:
OKAY

If not okay, explain why and identify the problem. (LUBRICATION- Check for leaks):
N A 

Corrective Action Taken::
N A 

LUBRICATION- Check for oil level:
OKAY

If not okay, explain why and identify the problem. (LUBRICATION- Check for oil level):
N A 

Corrective Action Taken::
N A 

COOLING SYSTEM -Check for leaks:
OKAY

If not okay, explain why and identify the problem. (COOLING SYSTEM -Check for leaks):
N A 

Corrective Action Taken:
N A 

COOLING SYSTEM -Check for radiator restriction:
OKAY

If not okay, explain why and identify the problem. (COOLING SYSTEM -Check for radiator restriction):
N A 

Corrective Action Taken::
N A 

COOLING SYSTEM -Check for hose and connections:
OKAY

If not okay, explain why and identify the problem. (COOLING SYSTEM -Check for hose and connections):
N A 

Corrective Action Taken:
N A 

COOLING SYSTEM -Coolant level:
OKAY

If not okay, explain why and identify the problem. (COOLING SYSTEM -Coolant level):
N A 

Corrective Action Taken::
N A 

COOLING SYSTEM - Belt condition and tension:
OKAY

If not okay, explain why and identify the problem. (COOLING SYSTEM - Belt condition and tension):
N A 

Corrective Action Taken::
N A 

FUEL - Check for leaks:
OKAY

If not okay, explain why and identify the problem. (FUEL - Check for leaks):
N A 

Corrective Action Taken::
N A 

AIR IN-TAKE (Check for leaks):
OKAY

If not okay, explain why and identify the problem. (AIR IN-TAKE :Check for leaks):
N A 

Corrective Action Taken::
N A 

AIR IN-TAKE (Check for air cleaner restriction):
OKAY

If not okay, explain why and identify the problem. (AIR IN-TAKE (Check for air cleaner restriction):
N A 

Corrective Action Taken::
N A 

EXHAUST- Check for leaks:
OKAY

If not okay, explain why and identify the problem. (EXHAUST- Check for leaks):
N A 

Corrective Action Taken::
N A 

ENGINE RELATED - Check for unusual vibration:
OKAY

If not okay, explain why and identify the problem. (ENGINE RELATED - Check for unusual vibration):
N A 

Corrective Action Taken::
N A 

MAIN GENERATOR - Check for air inlet and outlet from restrictions:
OKAY

If not okay, explain why and identify the problem. (MAIN GENERATOR - Check for air inlet and outlet from restrictions):
N A 

Corrective Action Taken::
N A 

MAIN GENERATOR - Check for windings and electrical connections:
OKAY

If not okay, explain why and identify the problem. (MAIN GENERATOR - Check for windings and electrical connections):
N A 

Corrective Action Taken::
N A 

SWITCH GEAR - Check power distribution wiring and connections:
OKAY

If not okay, explain why and identify the problem. (SWITCH GEAR - Check power distribution wiring and connections):
N A 

Corrective Action Taken::
N A 

Actual test run for 1hr with load.:
OKAY

Indicate the time start and end time of the actual test run conducted.:
1:45pm

Previous reading of running time::
634.4

Present reading of running time::
634.4

Indicate the three (3) line voltages (V) reading::
230v

Indicate the three (3) line amperes (A) reading::
28.10vdc

Indicate the hertz (Hz) reading::
60.2hz

Indicate the oil pressure reading (kPa)::
275kva

Indicate the oil temperature (°F)::
55°C

Indicate running condition::
Normal

Notes and other concerns::
N A 

Diesel Tank Level:
Half Tank

If for refill, When will be refill?:
Motor pool 

Available Diesel Stock Level:
600ltr

———————————————
This task was submitted through HATCHERY DIESEL GENERATOR WEEKLY MAINTENANCE CHECKLIST
https://form.asana.com/?k=jTp-bz9f-Np1TvF8ahkxpQ&d=1186399537984407",Hatchery Diesel Genset Weekly Maintenance Checklist,,,,Paul gaudia ,"May 10, 2025",2 (275kVA Camda Genset),,,
"1210213025778005",2025-05-10,,2025-05-10,Paul gaudia ,Untitled section,,,,,,"Name of Maintenance Technician:
Paul gaudia 

Email address:
paul_gaudia@gmail.com 

DATE::
May 10, 2025

DIESEL GENERATOR SET #:
1 (375kVA Cummins Genset)

LUBRICATION- Check for leaks:
OKAY

If not okay, explain why and identify the problem. (LUBRICATION- Check for leaks):
N A 

Corrective Action Taken::
N A 

LUBRICATION- Check for oil level:
OKAY

If not okay, explain why and identify the problem. (LUBRICATION- Check for oil level):
N A 

Corrective Action Taken::
N A 

COOLING SYSTEM -Check for leaks:
OKAY

If not okay, explain why and identify the problem. (COOLING SYSTEM -Check for leaks):
N A 

Corrective Action Taken:
N A 

COOLING SYSTEM -Check for radiator restriction:
OKAY

If not okay, explain why and identify the problem. (COOLING SYSTEM -Check for radiator restriction):
N A 

Corrective Action Taken::
N A 

COOLING SYSTEM -Check for hose and connections:
OKAY

If not okay, explain why and identify the problem. (COOLING SYSTEM -Check for hose and connections):
N A 

Corrective Action Taken:
N A 

COOLING SYSTEM -Coolant level:
OKAY

If not okay, explain why and identify the problem. (COOLING SYSTEM -Coolant level):
N A 

Corrective Action Taken::
N A 

COOLING SYSTEM - Belt condition and tension:
OKAY

If not okay, explain why and identify the problem. (COOLING SYSTEM - Belt condition and tension):
N A 

Corrective Action Taken::
N A 

FUEL - Check for leaks:
OKAY

If not okay, explain why and identify the problem. (FUEL - Check for leaks):
N A 

Corrective Action Taken::
N A 

AIR IN-TAKE (Check for leaks):
OKAY

If not okay, explain why and identify the problem. (AIR IN-TAKE :Check for leaks):
N A 

Corrective Action Taken::
N A 

AIR IN-TAKE (Check for air cleaner restriction):
OKAY

If not okay, explain why and identify the problem. (AIR IN-TAKE (Check for air cleaner restriction):
N A 

Corrective Action Taken::
N A 

EXHAUST- Check for leaks:
OKAY

If not okay, explain why and identify the problem. (EXHAUST- Check for leaks):
N A 

Corrective Action Taken::
N A 

ENGINE RELATED - Check for unusual vibration:
OKAY

If not okay, explain why and identify the problem. (ENGINE RELATED - Check for unusual vibration):
N A 

Corrective Action Taken::
N A 

MAIN GENERATOR - Check for air inlet and outlet from restrictions:
OKAY

If not okay, explain why and identify the problem. (MAIN GENERATOR - Check for air inlet and outlet from restrictions):
N A 

Corrective Action Taken::
N A 

MAIN GENERATOR - Check for windings and electrical connections:
OKAY

If not okay, explain why and identify the problem. (MAIN GENERATOR - Check for windings and electrical connections):
N A 

Corrective Action Taken::
N A 

SWITCH GEAR - Check power distribution wiring and connections:
OKAY

If not okay, explain why and identify the problem. (SWITCH GEAR - Check power distribution wiring and connections):
N A 

Corrective Action Taken::
N A 

Actual test run for 1hr with load.:
OKAY

Indicate the time start and end time of the actual test run conducted.:
1:45pm

Previous reading of running time::
673.55

Present reading of running time::
673.55

Indicate the three (3) line voltages (V) reading::
239v

Indicate the three (3) line amperes (A) reading::
28.18vdc

Indicate the hertz (Hz) reading::
59.99hz

Indicate the oil pressure reading (kPa)::
375kpa

Indicate the oil temperature (°F)::
63°C

Indicate running condition::
Normal

Notes and other concerns::
N A 

Diesel Tank Level:
Full tank

If for refill, When will be refill?:
Motor pool 

Available Diesel Stock Level:
600ltr

———————————————
This task was submitted through HATCHERY DIESEL GENERATOR WEEKLY MAINTENANCE CHECKLIST
https://form.asana.com/?k=jTp-bz9f-Np1TvF8ahkxpQ&d=1186399537984407",Hatchery Diesel Genset Weekly Maintenance Checklist,,,,Paul gaudia ,"May 10, 2025",1 (375kVA Cummins Genset),,,
"1210140881708898",2025-05-02,,2025-05-02,Paul gaudia ,Untitled section,,,,,,"Name of Maintenance Technician:
Paul gaudia 

Email address:
paul_gaudia@gmail.com 

DATE::
May 2, 2025

DIESEL GENERATOR SET #:
2 (275kVA Camda Genset)

LUBRICATION- Check for leaks:
OKAY

If not okay, explain why and identify the problem. (LUBRICATION- Check for leaks):
N A 

Corrective Action Taken::
N A 

LUBRICATION- Check for oil level:
OKAY

If not okay, explain why and identify the problem. (LUBRICATION- Check for oil level):
N A 

Corrective Action Taken::
N A 

COOLING SYSTEM -Check for leaks:
OKAY

If not okay, explain why and identify the problem. (COOLING SYSTEM -Check for leaks):
N A 

Corrective Action Taken:
N A 

COOLING SYSTEM -Check for radiator restriction:
OKAY

If not okay, explain why and identify the problem. (COOLING SYSTEM -Check for radiator restriction):
N A 

Corrective Action Taken::
N A 

COOLING SYSTEM -Check for hose and connections:
OKAY

If not okay, explain why and identify the problem. (COOLING SYSTEM -Check for hose and connections):
N A 

Corrective Action Taken:
N A 

COOLING SYSTEM -Coolant level:
OKAY

If not okay, explain why and identify the problem. (COOLING SYSTEM -Coolant level):
N A 

Corrective Action Taken::
N A 

COOLING SYSTEM - Belt condition and tension:
OKAY

If not okay, explain why and identify the problem. (COOLING SYSTEM - Belt condition and tension):
N A 

Corrective Action Taken::
N A 

FUEL - Check for leaks:
OKAY

If not okay, explain why and identify the problem. (FUEL - Check for leaks):
N A 

Corrective Action Taken::
N A 

AIR IN-TAKE (Check for leaks):
OKAY

If not okay, explain why and identify the problem. (AIR IN-TAKE :Check for leaks):
N A 

Corrective Action Taken::
N A 

AIR IN-TAKE (Check for air cleaner restriction):
OKAY

If not okay, explain why and identify the problem. (AIR IN-TAKE (Check for air cleaner restriction):
N A 

Corrective Action Taken::
N A 

EXHAUST- Check for leaks:
OKAY

If not okay, explain why and identify the problem. (EXHAUST- Check for leaks):
N A 

Corrective Action Taken::
N A 

ENGINE RELATED - Check for unusual vibration:
OKAY

If not okay, explain why and identify the problem. (ENGINE RELATED - Check for unusual vibration):
N A 

Corrective Action Taken::
N A 

MAIN GENERATOR - Check for air inlet and outlet from restrictions:
OKAY

If not okay, explain why and identify the problem. (MAIN GENERATOR - Check for air inlet and outlet from restrictions):
N A 

Corrective Action Taken::
N A 

MAIN GENERATOR - Check for windings and electrical connections:
OKAY

If not okay, explain why and identify the problem. (MAIN GENERATOR - Check for windings and electrical connections):
N A 

Corrective Action Taken::
N A 

SWITCH GEAR - Check power distribution wiring and connections:
OKAY

If not okay, explain why and identify the problem. (SWITCH GEAR - Check power distribution wiring and connections):
N A 

Corrective Action Taken::
N A 

Actual test run for 1hr with load.:
OKAY

Indicate the time start and end time of the actual test run conducted.:
1:45pm

Previous reading of running time::
634.3

Present reading of running time::
634.3

Indicate the three (3) line voltages (V) reading::
230v

Indicate the three (3) line amperes (A) reading::
28.10vdc

Indicate the hertz (Hz) reading::
60.2hz

Indicate the oil pressure reading (kPa)::
275kva

Indicate the oil temperature (°F)::
58°C

Indicate running condition::
Normal

Notes and other concerns::
N A 

Diesel Tank Level:
Half Tank

If for refill, When will be refill?:
Motor pool 

Available Diesel Stock Level:
700ltr

———————————————
This task was submitted through HATCHERY DIESEL GENERATOR WEEKLY MAINTENANCE CHECKLIST
https://form.asana.com/?k=jTp-bz9f-Np1TvF8ahkxpQ&d=1186399537984407",Hatchery Diesel Genset Weekly Maintenance Checklist,,,,Paul gaudia ,"May 2, 2025",2 (275kVA Camda Genset),,,
"1210140825861390",2025-05-02,,2025-05-02,Paul gaudia ,Untitled section,,,,,,"Name of Maintenance Technician:
Paul gaudia 

Email address:
paul_gaudia@gmail.com 

DATE::
May 2, 2025

DIESEL GENERATOR SET #:
1 (375kVA Cummins Genset)

LUBRICATION- Check for leaks:
OKAY

If not okay, explain why and identify the problem. (LUBRICATION- Check for leaks):
N A 

Corrective Action Taken::
N A 

LUBRICATION- Check for oil level:
OKAY

If not okay, explain why and identify the problem. (LUBRICATION- Check for oil level):
N A 

Corrective Action Taken::
N A 

COOLING SYSTEM -Check for leaks:
OKAY

If not okay, explain why and identify the problem. (COOLING SYSTEM -Check for leaks):
N A 

Corrective Action Taken:
N A 

COOLING SYSTEM -Check for radiator restriction:
OKAY

If not okay, explain why and identify the problem. (COOLING SYSTEM -Check for radiator restriction):
N A 

Corrective Action Taken::
N A 

COOLING SYSTEM -Check for hose and connections:
OKAY

If not okay, explain why and identify the problem. (COOLING SYSTEM -Check for hose and connections):
N A 

Corrective Action Taken:
N A 

COOLING SYSTEM -Coolant level:
OKAY

If not okay, explain why and identify the problem. (COOLING SYSTEM -Coolant level):
N A 

Corrective Action Taken::
N A 

COOLING SYSTEM - Belt condition and tension:
OKAY

If not okay, explain why and identify the problem. (COOLING SYSTEM - Belt condition and tension):
N A 

Corrective Action Taken::
N A 

FUEL - Check for leaks:
OKAY

If not okay, explain why and identify the problem. (FUEL - Check for leaks):
N A 

Corrective Action Taken::
N A 

AIR IN-TAKE (Check for leaks):
OKAY

If not okay, explain why and identify the problem. (AIR IN-TAKE :Check for leaks):
N A 

Corrective Action Taken::
N A 

AIR IN-TAKE (Check for air cleaner restriction):
OKAY

If not okay, explain why and identify the problem. (AIR IN-TAKE (Check for air cleaner restriction):
N A 

Corrective Action Taken::
N A 

EXHAUST- Check for leaks:
OKAY

If not okay, explain why and identify the problem. (EXHAUST- Check for leaks):
N A 

Corrective Action Taken::
N A 

ENGINE RELATED - Check for unusual vibration:
OKAY

If not okay, explain why and identify the problem. (ENGINE RELATED - Check for unusual vibration):
N A 

Corrective Action Taken::
N A 

MAIN GENERATOR - Check for air inlet and outlet from restrictions:
OKAY

If not okay, explain why and identify the problem. (MAIN GENERATOR - Check for air inlet and outlet from restrictions):
N A 

Corrective Action Taken::
N A 

MAIN GENERATOR - Check for windings and electrical connections:
OKAY

If not okay, explain why and identify the problem. (MAIN GENERATOR - Check for windings and electrical connections):
N A 

Corrective Action Taken::
N A 

SWITCH GEAR - Check power distribution wiring and connections:
OKAY

If not okay, explain why and identify the problem. (SWITCH GEAR - Check power distribution wiring and connections):
N A 

Corrective Action Taken::
N A 

Actual test run for 1hr with load.:
OKAY

Indicate the time start and end time of the actual test run conducted.:
1:45pm

Previous reading of running time::
673.45

Present reading of running time::
673.45

Indicate the three (3) line voltages (V) reading::
239v

Indicate the three (3) line amperes (A) reading::
28.18vdc

Indicate the hertz (Hz) reading::
59.99hz

Indicate the oil pressure reading (kPa)::
375kpa

Indicate the oil temperature (°F)::
66°C

Indicate running condition::
Normal

Notes and other concerns::
N A 

Diesel Tank Level:
Half Tank

If for refill, When will be refill?:
Motor pool 

Available Diesel Stock Level:
700ltr

———————————————
This task was submitted through HATCHERY DIESEL GENERATOR WEEKLY MAINTENANCE CHECKLIST
https://form.asana.com/?k=jTp-bz9f-Np1TvF8ahkxpQ&d=1186399537984407",Hatchery Diesel Genset Weekly Maintenance Checklist,,,,Paul gaudia ,"May 2, 2025",1 (375kVA Cummins Genset),,,
"1210027647254035",2025-04-19,,2025-04-19,Paul gaudia ,Untitled section,,,,,,"Name of Maintenance Technician:
Paul gaudia 

Email address:
paul_gaudia@gmail.com 

DATE::
Apr 19, 2025

DIESEL GENERATOR SET #:
2 (275kVA Camda Genset)

LUBRICATION- Check for leaks:
OKAY

If not okay, explain why and identify the problem. (LUBRICATION- Check for leaks):
N A 

Corrective Action Taken::
N A 

LUBRICATION- Check for oil level:
OKAY

If not okay, explain why and identify the problem. (LUBRICATION- Check for oil level):
N A 

Corrective Action Taken::
N A 

COOLING SYSTEM -Check for leaks:
OKAY

If not okay, explain why and identify the problem. (COOLING SYSTEM -Check for leaks):
N A 

Corrective Action Taken:
N A 

COOLING SYSTEM -Check for radiator restriction:
OKAY

If not okay, explain why and identify the problem. (COOLING SYSTEM -Check for radiator restriction):
N A 

Corrective Action Taken::
N A 

COOLING SYSTEM -Check for hose and connections:
OKAY

If not okay, explain why and identify the problem. (COOLING SYSTEM -Check for hose and connections):
N A 

Corrective Action Taken:
N A 

COOLING SYSTEM -Coolant level:
OKAY

If not okay, explain why and identify the problem. (COOLING SYSTEM -Coolant level):
N A 

Corrective Action Taken::
N A 

COOLING SYSTEM - Belt condition and tension:
OKAY

If not okay, explain why and identify the problem. (COOLING SYSTEM - Belt condition and tension):
N A 

Corrective Action Taken::
N A 

FUEL - Check for leaks:
OKAY

If not okay, explain why and identify the problem. (FUEL - Check for leaks):
N A 

Corrective Action Taken::
N A 

AIR IN-TAKE (Check for leaks):
OKAY

If not okay, explain why and identify the problem. (AIR IN-TAKE :Check for leaks):
N A 

Corrective Action Taken::
N A 

AIR IN-TAKE (Check for air cleaner restriction):
OKAY

If not okay, explain why and identify the problem. (AIR IN-TAKE (Check for air cleaner restriction):
N A 

Corrective Action Taken::
N A 

EXHAUST- Check for leaks:
OKAY

If not okay, explain why and identify the problem. (EXHAUST- Check for leaks):
N A 

Corrective Action Taken::
N A 

ENGINE RELATED - Check for unusual vibration:
OKAY

If not okay, explain why and identify the problem. (ENGINE RELATED - Check for unusual vibration):
N A 

Corrective Action Taken::
N A 

MAIN GENERATOR - Check for air inlet and outlet from restrictions:
OKAY

If not okay, explain why and identify the problem. (MAIN GENERATOR - Check for air inlet and outlet from restrictions):
N A 

Corrective Action Taken::
N A 

MAIN GENERATOR - Check for windings and electrical connections:
OKAY

If not okay, explain why and identify the problem. (MAIN GENERATOR - Check for windings and electrical connections):
N A 

Corrective Action Taken::
N A 

SWITCH GEAR - Check power distribution wiring and connections:
OKAY

If not okay, explain why and identify the problem. (SWITCH GEAR - Check power distribution wiring and connections):
N A 

Corrective Action Taken::
N A 

Actual test run for 1hr with load.:
OKAY

Indicate the time start and end time of the actual test run conducted.:
1:30

Previous reading of running time::
634..2

Present reading of running time::
634.2

Indicate the three (3) line voltages (V) reading::
230v

Indicate the three (3) line amperes (A) reading::
28.10vdc

Indicate the hertz (Hz) reading::
60.2hz

Indicate the oil pressure reading (kPa)::
275kva

Indicate the oil temperature (°F)::
55°C

Indicate running condition::
Normal

Notes and other concerns::
N A 

Diesel Tank Level:
Half Tank

If for refill, When will be refill?:
Motor pool 

Available Diesel Stock Level:
700

———————————————
This task was submitted through HATCHERY DIESEL GENERATOR WEEKLY MAINTENANCE CHECKLIST
https://form.asana.com/?k=jTp-bz9f-Np1TvF8ahkxpQ&d=1186399537984407",Hatchery Diesel Genset Weekly Maintenance Checklist,,,,Paul gaudia ,"Apr 19, 2025",2 (275kVA Camda Genset),,,
"1210027332899160",2025-04-19,,2025-04-19,Paul gaudia ,Untitled section,,,,,,"Name of Maintenance Technician:
Paul gaudia 

Email address:
paul_gaudia@gmail.com 

DATE::
Apr 19, 2025

DIESEL GENERATOR SET #:
1 (375kVA Cummins Genset)

LUBRICATION- Check for leaks:
OKAY

If not okay, explain why and identify the problem. (LUBRICATION- Check for leaks):
N A 

Corrective Action Taken::
N A 

LUBRICATION- Check for oil level:
OKAY

If not okay, explain why and identify the problem. (LUBRICATION- Check for oil level):
N A 

Corrective Action Taken::
N A 

COOLING SYSTEM -Check for leaks:
OKAY

If not okay, explain why and identify the problem. (COOLING SYSTEM -Check for leaks):
N A 

Corrective Action Taken:
N A 

COOLING SYSTEM -Check for radiator restriction:
OKAY

If not okay, explain why and identify the problem. (COOLING SYSTEM -Check for radiator restriction):
N A 

Corrective Action Taken::
N A 

COOLING SYSTEM -Check for hose and connections:
OKAY

If not okay, explain why and identify the problem. (COOLING SYSTEM -Check for hose and connections):
N A 

Corrective Action Taken:
N A 

COOLING SYSTEM -Coolant level:
OKAY

If not okay, explain why and identify the problem. (COOLING SYSTEM -Coolant level):
N A 

Corrective Action Taken::
N A 

COOLING SYSTEM - Belt condition and tension:
OKAY

If not okay, explain why and identify the problem. (COOLING SYSTEM - Belt condition and tension):
N A 

Corrective Action Taken::
N A 

FUEL - Check for leaks:
OKAY

If not okay, explain why and identify the problem. (FUEL - Check for leaks):
N A 

Corrective Action Taken::
N A 

AIR IN-TAKE (Check for leaks):
OKAY

If not okay, explain why and identify the problem. (AIR IN-TAKE :Check for leaks):
N A 

Corrective Action Taken::
N A 

AIR IN-TAKE (Check for air cleaner restriction):
OKAY

If not okay, explain why and identify the problem. (AIR IN-TAKE (Check for air cleaner restriction):
N A 

Corrective Action Taken::
N A 

EXHAUST- Check for leaks:
OKAY

If not okay, explain why and identify the problem. (EXHAUST- Check for leaks):
N A 

Corrective Action Taken::
N A 

ENGINE RELATED - Check for unusual vibration:
OKAY

If not okay, explain why and identify the problem. (ENGINE RELATED - Check for unusual vibration):
N A 

Corrective Action Taken::
N A 

MAIN GENERATOR - Check for air inlet and outlet from restrictions:
OKAY

If not okay, explain why and identify the problem. (MAIN GENERATOR - Check for air inlet and outlet from restrictions):
N A 

Corrective Action Taken::
N A 

MAIN GENERATOR - Check for windings and electrical connections:
OKAY

If not okay, explain why and identify the problem. (MAIN GENERATOR - Check for windings and electrical connections):
N A 

Corrective Action Taken::
N A 

SWITCH GEAR - Check power distribution wiring and connections:
OKAY

If not okay, explain why and identify the problem. (SWITCH GEAR - Check power distribution wiring and connections):
N A 

Corrective Action Taken::
N A 

Actual test run for 1hr with load.:
OKAY

Indicate the time start and end time of the actual test run conducted.:
1:30

Previous reading of running time::
661.75

Present reading of running time::
661.75

Indicate the three (3) line voltages (V) reading::
239v

Indicate the three (3) line amperes (A) reading::
28.18vdc

Indicate the hertz (Hz) reading::
59.99hz

Indicate the oil pressure reading (kPa)::
375kpa

Indicate the oil temperature (°F)::
58°C

Indicate running condition::
Normal

Notes and other concerns::
N A 

Diesel Tank Level:
Full tank

If for refill, When will be refill?:
Motor pool 

Available Diesel Stock Level:
700

———————————————
This task was submitted through HATCHERY DIESEL GENERATOR WEEKLY MAINTENANCE CHECKLIST
https://form.asana.com/?k=jTp-bz9f-Np1TvF8ahkxpQ&d=1186399537984407",Hatchery Diesel Genset Weekly Maintenance Checklist,,,,Paul gaudia ,"Apr 19, 2025",1 (375kVA Cummins Genset),,,
"1209967310006938",2025-04-12,,2025-04-12,Paul gaudia ,Untitled section,,,,,,"Name of Maintenance Technician:
Paul gaudia 

Email address:
paul_gaudia@gmail.com 

DATE::
Apr 12, 2025

DIESEL GENERATOR SET #:
2 (275kVA Camda Genset)

LUBRICATION- Check for leaks:
OKAY

If not okay, explain why and identify the problem. (LUBRICATION- Check for leaks):
N A 

Corrective Action Taken::
N A 

LUBRICATION- Check for oil level:
OKAY

If not okay, explain why and identify the problem. (LUBRICATION- Check for oil level):
N A 

Corrective Action Taken::
N A 

COOLING SYSTEM -Check for leaks:
OKAY

If not okay, explain why and identify the problem. (COOLING SYSTEM -Check for leaks):
N A 

Corrective Action Taken:
N A 

COOLING SYSTEM -Check for radiator restriction:
OKAY

If not okay, explain why and identify the problem. (COOLING SYSTEM -Check for radiator restriction):
N A 

Corrective Action Taken::
N A 

COOLING SYSTEM -Check for hose and connections:
OKAY

If not okay, explain why and identify the problem. (COOLING SYSTEM -Check for hose and connections):
N A 

Corrective Action Taken:
N A 

COOLING SYSTEM -Coolant level:
OKAY

If not okay, explain why and identify the problem. (COOLING SYSTEM -Coolant level):
N A 

Corrective Action Taken::
N A 

COOLING SYSTEM - Belt condition and tension:
OKAY

If not okay, explain why and identify the problem. (COOLING SYSTEM - Belt condition and tension):
N A 

Corrective Action Taken::
N A 

FUEL - Check for leaks:
OKAY

If not okay, explain why and identify the problem. (FUEL - Check for leaks):
N A 

Corrective Action Taken::
N A 

AIR IN-TAKE (Check for leaks):
OKAY

If not okay, explain why and identify the problem. (AIR IN-TAKE :Check for leaks):
N A 

Corrective Action Taken::
N A 

AIR IN-TAKE (Check for air cleaner restriction):
OKAY

If not okay, explain why and identify the problem. (AIR IN-TAKE (Check for air cleaner restriction):
N A 

Corrective Action Taken::
N A 

EXHAUST- Check for leaks:
OKAY

If not okay, explain why and identify the problem. (EXHAUST- Check for leaks):
N A 

Corrective Action Taken::
N A 

ENGINE RELATED - Check for unusual vibration:
OKAY

If not okay, explain why and identify the problem. (ENGINE RELATED - Check for unusual vibration):
N A 

Corrective Action Taken::
N A 

MAIN GENERATOR - Check for air inlet and outlet from restrictions:
OKAY

If not okay, explain why and identify the problem. (MAIN GENERATOR - Check for air inlet and outlet from restrictions):
N A 

Corrective Action Taken::
N A 

MAIN GENERATOR - Check for windings and electrical connections:
OKAY

If not okay, explain why and identify the problem. (MAIN GENERATOR - Check for windings and electrical connections):
N A 

Corrective Action Taken::
N A 

SWITCH GEAR - Check power distribution wiring and connections:
OKAY

If not okay, explain why and identify the problem. (SWITCH GEAR - Check power distribution wiring and connections):
N A 

Corrective Action Taken::
N A 

Actual test run for 1hr with load.:
OKAY

Indicate the time start and end time of the actual test run conducted.:
10am

Previous reading of running time::
634 2

Present reading of running time::
634.2

Indicate the three (3) line voltages (V) reading::
230v

Indicate the three (3) line amperes (A) reading::
28.10vdc

Indicate the hertz (Hz) reading::
60.2hz

Indicate the oil pressure reading (kPa)::
275kva

Indicate the oil temperature (°F)::
55°C

Indicate running condition::
Normal

Notes and other concerns::
N A 

Diesel Tank Level:
Full tank

If for refill, When will be refill?:
Motor pool 

Available Diesel Stock Level:
300ltr

———————————————
This task was submitted through HATCHERY DIESEL GENERATOR WEEKLY MAINTENANCE CHECKLIST
https://form.asana.com/?k=jTp-bz9f-Np1TvF8ahkxpQ&d=1186399537984407",Hatchery Diesel Genset Weekly Maintenance Checklist,,,,Paul gaudia ,"Apr 12, 2025",2 (275kVA Camda Genset),,,
"1209967172998763",2025-04-12,,2025-04-12,Paul gaudia ,Untitled section,,,,,,"Name of Maintenance Technician:
Paul gaudia 

Email address:
paul_gaudia@gmail.com 

DATE::
Apr 12, 2025

DIESEL GENERATOR SET #:
1 (375kVA Cummins Genset)

LUBRICATION- Check for leaks:
OKAY

If not okay, explain why and identify the problem. (LUBRICATION- Check for leaks):
N A 

Corrective Action Taken::
N A 

LUBRICATION- Check for oil level:
OKAY

If not okay, explain why and identify the problem. (LUBRICATION- Check for oil level):
N A 

Corrective Action Taken::
N A 

COOLING SYSTEM -Check for leaks:
OKAY

If not okay, explain why and identify the problem. (COOLING SYSTEM -Check for leaks):
N A 

Corrective Action Taken:
N A 

COOLING SYSTEM -Check for radiator restriction:
OKAY

If not okay, explain why and identify the problem. (COOLING SYSTEM -Check for radiator restriction):
N A 

Corrective Action Taken::
N A 

COOLING SYSTEM -Check for hose and connections:
OKAY

If not okay, explain why and identify the problem. (COOLING SYSTEM -Check for hose and connections):
N A 

Corrective Action Taken:
N A 

COOLING SYSTEM -Coolant level:
OKAY

If not okay, explain why and identify the problem. (COOLING SYSTEM -Coolant level):
N A 

Corrective Action Taken::
N A 

COOLING SYSTEM - Belt condition and tension:
OKAY

If not okay, explain why and identify the problem. (COOLING SYSTEM - Belt condition and tension):
N A 

Corrective Action Taken::
N A 

FUEL - Check for leaks:
OKAY

If not okay, explain why and identify the problem. (FUEL - Check for leaks):
N A 

Corrective Action Taken::
N A 

AIR IN-TAKE (Check for leaks):
OKAY

If not okay, explain why and identify the problem. (AIR IN-TAKE :Check for leaks):
N A 

Corrective Action Taken::
N A 

AIR IN-TAKE (Check for air cleaner restriction):
OKAY

If not okay, explain why and identify the problem. (AIR IN-TAKE (Check for air cleaner restriction):
N A 

Corrective Action Taken::
N A 

EXHAUST- Check for leaks:
OKAY

If not okay, explain why and identify the problem. (EXHAUST- Check for leaks):
N A 

Corrective Action Taken::
N A 

ENGINE RELATED - Check for unusual vibration:
OKAY

If not okay, explain why and identify the problem. (ENGINE RELATED - Check for unusual vibration):
N A 

Corrective Action Taken::
N A 

MAIN GENERATOR - Check for air inlet and outlet from restrictions:
OKAY

If not okay, explain why and identify the problem. (MAIN GENERATOR - Check for air inlet and outlet from restrictions):
N A 

Corrective Action Taken::
N A 

MAIN GENERATOR - Check for windings and electrical connections:
OKAY

If not okay, explain why and identify the problem. (MAIN GENERATOR - Check for windings and electrical connections):
N A 

Corrective Action Taken::
N A 

SWITCH GEAR - Check power distribution wiring and connections:
OKAY

If not okay, explain why and identify the problem. (SWITCH GEAR - Check power distribution wiring and connections):
N A 

Corrective Action Taken::
N A 

Actual test run for 1hr with load.:
OKAY

Indicate the time start and end time of the actual test run conducted.:
10am

Previous reading of running time::
660.05

Present reading of running time::
660 00

Indicate the three (3) line voltages (V) reading::
239v

Indicate the three (3) line amperes (A) reading::
28.18vdc

Indicate the hertz (Hz) reading::
59.99hz

Indicate the oil pressure reading (kPa)::
375kpa

Indicate the oil temperature (°F)::
58°C

Indicate running condition::
Normal

Notes and other concerns::
N A 

Diesel Tank Level:
Full tank

If for refill, When will be refill?:
Motor pool 

Available Diesel Stock Level:
300ltr

———————————————
This task was submitted through HATCHERY DIESEL GENERATOR WEEKLY MAINTENANCE CHECKLIST
https://form.asana.com/?k=jTp-bz9f-Np1TvF8ahkxpQ&d=1186399537984407",Hatchery Diesel Genset Weekly Maintenance Checklist,,,,Paul gaudia ,"Apr 12, 2025",1 (375kVA Cummins Genset),,,
"1209832234020183",2025-03-29,,2025-03-29,Paul gaudia ,Untitled section,,,,,,"Name of Maintenance Technician:
Paul gaudia 

Email address:
paul_gaudia@gmail.com 

DATE::
Mar 29, 2025

DIESEL GENERATOR SET #:
2 (275kVA Camda Genset)

LUBRICATION- Check for leaks:
OKAY

If not okay, explain why and identify the problem. (LUBRICATION- Check for leaks):
N A 

Corrective Action Taken::
N A 

LUBRICATION- Check for oil level:
OKAY

If not okay, explain why and identify the problem. (LUBRICATION- Check for oil level):
N A 

Corrective Action Taken::
N A 

COOLING SYSTEM -Check for leaks:
OKAY

If not okay, explain why and identify the problem. (COOLING SYSTEM -Check for leaks):
N A 

Corrective Action Taken:
N A 

COOLING SYSTEM -Check for radiator restriction:
OKAY

If not okay, explain why and identify the problem. (COOLING SYSTEM -Check for radiator restriction):
N A 

Corrective Action Taken::
N A 

COOLING SYSTEM -Check for hose and connections:
OKAY

If not okay, explain why and identify the problem. (COOLING SYSTEM -Check for hose and connections):
N A 

Corrective Action Taken:
N A 

COOLING SYSTEM -Coolant level:
OKAY

If not okay, explain why and identify the problem. (COOLING SYSTEM -Coolant level):
N A 

Corrective Action Taken::
N A 

COOLING SYSTEM - Belt condition and tension:
OKAY

If not okay, explain why and identify the problem. (COOLING SYSTEM - Belt condition and tension):
N A 

Corrective Action Taken::
N A 

FUEL - Check for leaks:
OKAY

If not okay, explain why and identify the problem. (FUEL - Check for leaks):
N A 

Corrective Action Taken::
N A 

AIR IN-TAKE (Check for leaks):
OKAY

If not okay, explain why and identify the problem. (AIR IN-TAKE :Check for leaks):
N A 

Corrective Action Taken::
N A 

AIR IN-TAKE (Check for air cleaner restriction):
OKAY

If not okay, explain why and identify the problem. (AIR IN-TAKE (Check for air cleaner restriction):
N A 

Corrective Action Taken::
N A 

EXHAUST- Check for leaks:
OKAY

If not okay, explain why and identify the problem. (EXHAUST- Check for leaks):
N A 

Corrective Action Taken::
N A 

ENGINE RELATED - Check for unusual vibration:
OKAY

If not okay, explain why and identify the problem. (ENGINE RELATED - Check for unusual vibration):
N A 

Corrective Action Taken::
N A 

MAIN GENERATOR - Check for air inlet and outlet from restrictions:
OKAY

If not okay, explain why and identify the problem. (MAIN GENERATOR - Check for air inlet and outlet from restrictions):
N A 

Corrective Action Taken::
N A 

MAIN GENERATOR - Check for windings and electrical connections:
OKAY

If not okay, explain why and identify the problem. (MAIN GENERATOR - Check for windings and electrical connections):
N A 

Corrective Action Taken::
N A 

SWITCH GEAR - Check power distribution wiring and connections:
OKAY

If not okay, explain why and identify the problem. (SWITCH GEAR - Check power distribution wiring and connections):
N A 

Corrective Action Taken::
N A 

Actual test run for 1hr with load.:
OKAY

Indicate the time start and end time of the actual test run conducted.:
1:30

Previous reading of running time::
634.0

Present reading of running time::
634.0

Indicate the three (3) line voltages (V) reading::
230v

Indicate the three (3) line amperes (A) reading::
28.2bat

Indicate the hertz (Hz) reading::
60.2hz

Indicate the oil pressure reading (kPa)::
275kva

Indicate the oil temperature (°F)::
55°C

Indicate running condition::
Normal

Notes and other concerns::
N A 

Diesel Tank Level:
Full tank

If for refill, When will be refill?:
Motor pool 

Available Diesel Stock Level:
500ltr

———————————————
This task was submitted through HATCHERY DIESEL GENERATOR WEEKLY MAINTENANCE CHECKLIST
https://form.asana.com/?k=jTp-bz9f-Np1TvF8ahkxpQ&d=1186399537984407",Hatchery Diesel Genset Weekly Maintenance Checklist,,,,Paul gaudia ,"Mar 29, 2025",2 (275kVA Camda Genset),,,
"1209832231026271",2025-03-29,,2025-03-29,Paul gaudia ,Untitled section,,,,,,"Name of Maintenance Technician:
Paul gaudia 

Email address:
paul_gaudia@gmail.com 

DATE::
Mar 29, 2025

DIESEL GENERATOR SET #:
1 (375kVA Cummins Genset)

LUBRICATION- Check for leaks:
OKAY

If not okay, explain why and identify the problem. (LUBRICATION- Check for leaks):
N A 

Corrective Action Taken::
N A 

LUBRICATION- Check for oil level:
OKAY

If not okay, explain why and identify the problem. (LUBRICATION- Check for oil level):
N A 

Corrective Action Taken::
N A 

COOLING SYSTEM -Check for leaks:
OKAY

If not okay, explain why and identify the problem. (COOLING SYSTEM -Check for leaks):
N A 

Corrective Action Taken:
N A 

COOLING SYSTEM -Check for radiator restriction:
OKAY

If not okay, explain why and identify the problem. (COOLING SYSTEM -Check for radiator restriction):
N A 

Corrective Action Taken::
N A 

COOLING SYSTEM -Check for hose and connections:
OKAY

If not okay, explain why and identify the problem. (COOLING SYSTEM -Check for hose and connections):
N A 

Corrective Action Taken:
N A 

COOLING SYSTEM -Coolant level:
OKAY

If not okay, explain why and identify the problem. (COOLING SYSTEM -Coolant level):
N A 

Corrective Action Taken::
N A 

COOLING SYSTEM - Belt condition and tension:
OKAY

If not okay, explain why and identify the problem. (COOLING SYSTEM - Belt condition and tension):
N A 

Corrective Action Taken::
N A 

FUEL - Check for leaks:
OKAY

If not okay, explain why and identify the problem. (FUEL - Check for leaks):
N A 

Corrective Action Taken::
N A 

AIR IN-TAKE (Check for leaks):
OKAY

If not okay, explain why and identify the problem. (AIR IN-TAKE :Check for leaks):
N A 

Corrective Action Taken::
N A 

AIR IN-TAKE (Check for air cleaner restriction):
OKAY

If not okay, explain why and identify the problem. (AIR IN-TAKE (Check for air cleaner restriction):
N A 

Corrective Action Taken::
N A 

EXHAUST- Check for leaks:
OKAY

If not okay, explain why and identify the problem. (EXHAUST- Check for leaks):
N A 

Corrective Action Taken::
N A 

ENGINE RELATED - Check for unusual vibration:
OKAY

If not okay, explain why and identify the problem. (ENGINE RELATED - Check for unusual vibration):
N A 

Corrective Action Taken::
N A 

MAIN GENERATOR - Check for air inlet and outlet from restrictions:
OKAY

If not okay, explain why and identify the problem. (MAIN GENERATOR - Check for air inlet and outlet from restrictions):
N A 

Corrective Action Taken::
N A 

MAIN GENERATOR - Check for windings and electrical connections:
OKAY

If not okay, explain why and identify the problem. (MAIN GENERATOR - Check for windings and electrical connections):
N A 

Corrective Action Taken::
N A 

SWITCH GEAR - Check power distribution wiring and connections:
OKAY

If not okay, explain why and identify the problem. (SWITCH GEAR - Check power distribution wiring and connections):
N A 

Corrective Action Taken::
N A 

Actual test run for 1hr with load.:
OKAY

Indicate the time start and end time of the actual test run conducted.:
1:30

Previous reading of running time::
654.65

Present reading of running time::
654.65

Indicate the three (3) line voltages (V) reading::
239v

Indicate the three (3) line amperes (A) reading::
28.10vdc

Indicate the hertz (Hz) reading::
59.99hz

Indicate the oil pressure reading (kPa)::
375kpa

Indicate the oil temperature (°F)::
58°C

Indicate running condition::
Normal

Notes and other concerns::
N A 

Diesel Tank Level:
Half Tank

If for refill, When will be refill?:
Motor pool 

Available Diesel Stock Level:
500ltr

———————————————
This task was submitted through HATCHERY DIESEL GENERATOR WEEKLY MAINTENANCE CHECKLIST
https://form.asana.com/?k=jTp-bz9f-Np1TvF8ahkxpQ&d=1186399537984407",Hatchery Diesel Genset Weekly Maintenance Checklist,,,,Paul gaudia ,"Mar 29, 2025",1 (375kVA Cummins Genset),,,
"1209689283826698",2025-03-15,,2025-03-15,Paul gaudia ,Untitled section,,,,,,"Name of Maintenance Technician:
Paul gaudia 

Email address:
paul_gaudia@gmail.com 

DATE::
Mar 15, 2025

DIESEL GENERATOR SET #:
2 (275kVA Camda Genset)

LUBRICATION- Check for leaks:
OKAY

If not okay, explain why and identify the problem. (LUBRICATION- Check for leaks):
N A 

Corrective Action Taken::
N A 

LUBRICATION- Check for oil level:
OKAY

If not okay, explain why and identify the problem. (LUBRICATION- Check for oil level):
N A 

Corrective Action Taken::
N A 

COOLING SYSTEM -Check for leaks:
OKAY

If not okay, explain why and identify the problem. (COOLING SYSTEM -Check for leaks):
N A 

Corrective Action Taken:
N A 

COOLING SYSTEM -Check for radiator restriction:
OKAY

If not okay, explain why and identify the problem. (COOLING SYSTEM -Check for radiator restriction):
N A 

Corrective Action Taken::
N A 

COOLING SYSTEM -Check for hose and connections:
OKAY

If not okay, explain why and identify the problem. (COOLING SYSTEM -Check for hose and connections):
N A 

Corrective Action Taken:
N A 

COOLING SYSTEM -Coolant level:
OKAY

If not okay, explain why and identify the problem. (COOLING SYSTEM -Coolant level):
N A 

Corrective Action Taken::
N A 

COOLING SYSTEM - Belt condition and tension:
OKAY

If not okay, explain why and identify the problem. (COOLING SYSTEM - Belt condition and tension):
N A 

Corrective Action Taken::
N A 

FUEL - Check for leaks:
OKAY

If not okay, explain why and identify the problem. (FUEL - Check for leaks):
N A 

Corrective Action Taken::
N A 

AIR IN-TAKE (Check for leaks):
OKAY

If not okay, explain why and identify the problem. (AIR IN-TAKE :Check for leaks):
N A 

Corrective Action Taken::
N A 

AIR IN-TAKE (Check for air cleaner restriction):
OKAY

If not okay, explain why and identify the problem. (AIR IN-TAKE (Check for air cleaner restriction):
N A 

Corrective Action Taken::
N A 

EXHAUST- Check for leaks:
OKAY

If not okay, explain why and identify the problem. (EXHAUST- Check for leaks):
N A 

Corrective Action Taken::
N A 

ENGINE RELATED - Check for unusual vibration:
OKAY

If not okay, explain why and identify the problem. (ENGINE RELATED - Check for unusual vibration):
N A 

Corrective Action Taken::
N A 

MAIN GENERATOR - Check for air inlet and outlet from restrictions:
OKAY

If not okay, explain why and identify the problem. (MAIN GENERATOR - Check for air inlet and outlet from restrictions):
N A 

Corrective Action Taken::
N A 

MAIN GENERATOR - Check for windings and electrical connections:
OKAY

If not okay, explain why and identify the problem. (MAIN GENERATOR - Check for windings and electrical connections):
N A 

Corrective Action Taken::
N A 

SWITCH GEAR - Check power distribution wiring and connections:
OKAY

If not okay, explain why and identify the problem. (SWITCH GEAR - Check power distribution wiring and connections):
N A 

Corrective Action Taken::
N A 

Actual test run for 1hr with load.:
OKAY

Indicate the time start and end time of the actual test run conducted.:
1:45pm

Previous reading of running time::
633.8

Present reading of running time::
633.8

Indicate the three (3) line voltages (V) reading::
230v

Indicate the three (3) line amperes (A) reading::
28.2bat

Indicate the hertz (Hz) reading::
60.2hz

Indicate the oil pressure reading (kPa)::
275kva

Indicate the oil temperature (°F)::
55°C

Indicate running condition::
Normal

Notes and other concerns::
N A 

Diesel Tank Level:
Full tank

If for refill, When will be refill?:
Motor pool 

Available Diesel Stock Level:
500ltr

———————————————
This task was submitted through HATCHERY DIESEL GENERATOR WEEKLY MAINTENANCE CHECKLIST
https://form.asana.com/?k=jTp-bz9f-Np1TvF8ahkxpQ&d=1186399537984407",Hatchery Diesel Genset Weekly Maintenance Checklist,,,,Paul gaudia ,"Mar 15, 2025",2 (275kVA Camda Genset),,,
"1209689280926304",2025-03-15,,2025-03-15,Paul gaudia ,Untitled section,,,,,,"Name of Maintenance Technician:
Paul gaudia 

Email address:
paul_gaudia@gmail.com 

DATE::
Mar 15, 2025

DIESEL GENERATOR SET #:
1 (375kVA Cummins Genset)

LUBRICATION- Check for leaks:
OKAY

If not okay, explain why and identify the problem. (LUBRICATION- Check for leaks):
N A 

Corrective Action Taken::
N A 

LUBRICATION- Check for oil level:
OKAY

If not okay, explain why and identify the problem. (LUBRICATION- Check for oil level):
N A 

Corrective Action Taken::
N A 

COOLING SYSTEM -Check for leaks:
OKAY

If not okay, explain why and identify the problem. (COOLING SYSTEM -Check for leaks):
N A 

Corrective Action Taken:
N A 

COOLING SYSTEM -Check for radiator restriction:
OKAY

If not okay, explain why and identify the problem. (COOLING SYSTEM -Check for radiator restriction):
N A 

Corrective Action Taken::
N A 

COOLING SYSTEM -Check for hose and connections:
OKAY

If not okay, explain why and identify the problem. (COOLING SYSTEM -Check for hose and connections):
N A 

Corrective Action Taken:
N A 

COOLING SYSTEM -Coolant level:
OKAY

If not okay, explain why and identify the problem. (COOLING SYSTEM -Coolant level):
N A 

Corrective Action Taken::
N A 

COOLING SYSTEM - Belt condition and tension:
OKAY

If not okay, explain why and identify the problem. (COOLING SYSTEM - Belt condition and tension):
N A 

Corrective Action Taken::
N A 

FUEL - Check for leaks:
OKAY

If not okay, explain why and identify the problem. (FUEL - Check for leaks):
N A 

Corrective Action Taken::
N A 

AIR IN-TAKE (Check for leaks):
OKAY

If not okay, explain why and identify the problem. (AIR IN-TAKE :Check for leaks):
N A 

Corrective Action Taken::
N A 

AIR IN-TAKE (Check for air cleaner restriction):
OKAY

If not okay, explain why and identify the problem. (AIR IN-TAKE (Check for air cleaner restriction):
N A 

Corrective Action Taken::
N A 

EXHAUST- Check for leaks:
OKAY

If not okay, explain why and identify the problem. (EXHAUST- Check for leaks):
N A 

Corrective Action Taken::
N A 

ENGINE RELATED - Check for unusual vibration:
OKAY

If not okay, explain why and identify the problem. (ENGINE RELATED - Check for unusual vibration):
N A 

Corrective Action Taken::
N A 

MAIN GENERATOR - Check for air inlet and outlet from restrictions:
OKAY

If not okay, explain why and identify the problem. (MAIN GENERATOR - Check for air inlet and outlet from restrictions):
N A 

Corrective Action Taken::
N A 

MAIN GENERATOR - Check for windings and electrical connections:
OKAY

If not okay, explain why and identify the problem. (MAIN GENERATOR - Check for windings and electrical connections):
N A 

Corrective Action Taken::
N A 

SWITCH GEAR - Check power distribution wiring and connections:
OKAY

If not okay, explain why and identify the problem. (SWITCH GEAR - Check power distribution wiring and connections):
N A 

Corrective Action Taken::
N A 

Actual test run for 1hr with load.:
OKAY

Indicate the time start and end time of the actual test run conducted.:
1:45pm

Previous reading of running time::
649.80

Present reading of running time::
649.80

Indicate the three (3) line voltages (V) reading::
239v

Indicate the three (3) line amperes (A) reading::
28.10vdc

Indicate the hertz (Hz) reading::
59.99hz

Indicate the oil pressure reading (kPa)::
375kpa

Indicate the oil temperature (°F)::
58°C

Indicate running condition::
Normal

Notes and other concerns::
N A 

Diesel Tank Level:
Full tank

If for refill, When will be refill?:
Motor pool 

Available Diesel Stock Level:
500ltr

———————————————
This task was submitted through HATCHERY DIESEL GENERATOR WEEKLY MAINTENANCE CHECKLIST
https://form.asana.com/?k=jTp-bz9f-Np1TvF8ahkxpQ&d=1186399537984407",Hatchery Diesel Genset Weekly Maintenance Checklist,,,,Paul gaudia ,"Mar 15, 2025",1 (375kVA Cummins Genset),,,
"1209617008648297",2025-03-08,,2025-03-08,Paul gaudia ,Untitled section,,,,,,"Name of Maintenance Technician:
Paul gaudia 

Email address:
paul_gaudia@gmail.com 

DATE::
Mar 8, 2025

DIESEL GENERATOR SET #:
2 (275kVA Camda Genset)

LUBRICATION- Check for leaks:
OKAY

If not okay, explain why and identify the problem. (LUBRICATION- Check for leaks):
N A 

Corrective Action Taken::
N A 

LUBRICATION- Check for oil level:
OKAY

If not okay, explain why and identify the problem. (LUBRICATION- Check for oil level):
N A 

Corrective Action Taken::
N A 

COOLING SYSTEM -Check for leaks:
OKAY

If not okay, explain why and identify the problem. (COOLING SYSTEM -Check for leaks):
N A 

Corrective Action Taken:
N A 

COOLING SYSTEM -Check for radiator restriction:
OKAY

If not okay, explain why and identify the problem. (COOLING SYSTEM -Check for radiator restriction):
N A 

Corrective Action Taken::
N A 

COOLING SYSTEM -Check for hose and connections:
OKAY

If not okay, explain why and identify the problem. (COOLING SYSTEM -Check for hose and connections):
N A 

Corrective Action Taken:
N A 

COOLING SYSTEM -Coolant level:
OKAY

If not okay, explain why and identify the problem. (COOLING SYSTEM -Coolant level):
N A 

Corrective Action Taken::
N A 

COOLING SYSTEM - Belt condition and tension:
OKAY

If not okay, explain why and identify the problem. (COOLING SYSTEM - Belt condition and tension):
N A 

Corrective Action Taken::
N A 

FUEL - Check for leaks:
OKAY

If not okay, explain why and identify the problem. (FUEL - Check for leaks):
N A 

Corrective Action Taken::
N A 

AIR IN-TAKE (Check for leaks):
OKAY

If not okay, explain why and identify the problem. (AIR IN-TAKE :Check for leaks):
N A 

Corrective Action Taken::
N A 

AIR IN-TAKE (Check for air cleaner restriction):
OKAY

If not okay, explain why and identify the problem. (AIR IN-TAKE (Check for air cleaner restriction):
N A 

Corrective Action Taken::
N A 

EXHAUST- Check for leaks:
OKAY

If not okay, explain why and identify the problem. (EXHAUST- Check for leaks):
N A 

Corrective Action Taken::
N A 

ENGINE RELATED - Check for unusual vibration:
OKAY

If not okay, explain why and identify the problem. (ENGINE RELATED - Check for unusual vibration):
N A 

Corrective Action Taken::
N A 

MAIN GENERATOR - Check for air inlet and outlet from restrictions:
OKAY

If not okay, explain why and identify the problem. (MAIN GENERATOR - Check for air inlet and outlet from restrictions):
N A 

Corrective Action Taken::
N A 

MAIN GENERATOR - Check for windings and electrical connections:
OKAY

If not okay, explain why and identify the problem. (MAIN GENERATOR - Check for windings and electrical connections):
N A 

Corrective Action Taken::
N A 

SWITCH GEAR - Check power distribution wiring and connections:
OKAY

If not okay, explain why and identify the problem. (SWITCH GEAR - Check power distribution wiring and connections):
N A 

Corrective Action Taken::
N A 

Actual test run for 1hr with load.:
OKAY

Indicate the time start and end time of the actual test run conducted.:
633.8

Previous reading of running time::
633.8

Present reading of running time::
633.8

Indicate the three (3) line voltages (V) reading::
230v

Indicate the three (3) line amperes (A) reading::
28.10vdc

Indicate the hertz (Hz) reading::
60.2hz

Indicate the oil pressure reading (kPa)::
275kva

Indicate the oil temperature (°F)::
55°C

Indicate running condition::
Normal

Notes and other concerns::
N A 

Diesel Tank Level:
Full tank

If for refill, When will be refill?:
Motor pool 

Available Diesel Stock Level:
500ltr

———————————————
This task was submitted through HATCHERY DIESEL GENERATOR WEEKLY MAINTENANCE CHECKLIST
https://form.asana.com/?k=jTp-bz9f-Np1TvF8ahkxpQ&d=1186399537984407",Hatchery Diesel Genset Weekly Maintenance Checklist,,,,Paul gaudia ,"Mar 8, 2025",2 (275kVA Camda Genset),,,
"1209616850111581",2025-03-08,,2025-03-08,Paul gaudia ,Untitled section,,,,,,"Name of Maintenance Technician:
Paul gaudia 

Email address:
paul_gaudia@gmail.com 

DATE::
Mar 8, 2025

DIESEL GENERATOR SET #:
1 (375kVA Cummins Genset)

LUBRICATION- Check for leaks:
OKAY

If not okay, explain why and identify the problem. (LUBRICATION- Check for leaks):
N A 

Corrective Action Taken::
N A 

LUBRICATION- Check for oil level:
OKAY

If not okay, explain why and identify the problem. (LUBRICATION- Check for oil level):
N A 

Corrective Action Taken::
N A 

COOLING SYSTEM -Check for leaks:
OKAY

If not okay, explain why and identify the problem. (COOLING SYSTEM -Check for leaks):
N A 

Corrective Action Taken:
N A 

COOLING SYSTEM -Check for radiator restriction:
OKAY

If not okay, explain why and identify the problem. (COOLING SYSTEM -Check for radiator restriction):
N A 

Corrective Action Taken::
N A 

COOLING SYSTEM -Check for hose and connections:
NOT OKAY

If not okay, explain why and identify the problem. (COOLING SYSTEM -Check for hose and connections):
N A 

Corrective Action Taken:
N A 

COOLING SYSTEM -Coolant level:
OKAY

If not okay, explain why and identify the problem. (COOLING SYSTEM -Coolant level):
N A 

Corrective Action Taken::
N A 

COOLING SYSTEM - Belt condition and tension:
OKAY

If not okay, explain why and identify the problem. (COOLING SYSTEM - Belt condition and tension):
N A 

Corrective Action Taken::
N A 

FUEL - Check for leaks:
OKAY

If not okay, explain why and identify the problem. (FUEL - Check for leaks):
N A 

Corrective Action Taken::
N A 

AIR IN-TAKE (Check for leaks):
OKAY

If not okay, explain why and identify the problem. (AIR IN-TAKE :Check for leaks):
N A 

Corrective Action Taken::
N A 

AIR IN-TAKE (Check for air cleaner restriction):
OKAY

If not okay, explain why and identify the problem. (AIR IN-TAKE (Check for air cleaner restriction):
N A 

Corrective Action Taken::
N A 

EXHAUST- Check for leaks:
OKAY

If not okay, explain why and identify the problem. (EXHAUST- Check for leaks):
N A 

Corrective Action Taken::
N A 

ENGINE RELATED - Check for unusual vibration:
OKAY

If not okay, explain why and identify the problem. (ENGINE RELATED - Check for unusual vibration):
N A 

Corrective Action Taken::
N A 

MAIN GENERATOR - Check for air inlet and outlet from restrictions:
OKAY

If not okay, explain why and identify the problem. (MAIN GENERATOR - Check for air inlet and outlet from restrictions):
N A 

Corrective Action Taken::
N A 

MAIN GENERATOR - Check for windings and electrical connections:
OKAY

If not okay, explain why and identify the problem. (MAIN GENERATOR - Check for windings and electrical connections):
N A 

Corrective Action Taken::
N A 

SWITCH GEAR - Check power distribution wiring and connections:
OKAY

If not okay, explain why and identify the problem. (SWITCH GEAR - Check power distribution wiring and connections):
N A 

Corrective Action Taken::
N A 

Actual test run for 1hr with load.:
OKAY

Indicate the time start and end time of the actual test run conducted.:
649.75

Previous reading of running time::
649.75

Present reading of running time::
649.75

Indicate the three (3) line voltages (V) reading::
239v

Indicate the three (3) line amperes (A) reading::
28.18vdc

Indicate the hertz (Hz) reading::
59.99hz

Indicate the oil pressure reading (kPa)::
375kpa

Indicate the oil temperature (°F)::
58°C

Indicate running condition::
Normal

Notes and other concerns::
N A 

Diesel Tank Level:
Full tank

If for refill, When will be refill?:
Motor pool 

Available Diesel Stock Level:
500ltr

———————————————
This task was submitted through HATCHERY DIESEL GENERATOR WEEKLY MAINTENANCE CHECKLIST
https://form.asana.com/?k=jTp-bz9f-Np1TvF8ahkxpQ&d=1186399537984407",Hatchery Diesel Genset Weekly Maintenance Checklist,,,,Paul gaudia ,"Mar 8, 2025",1 (375kVA Cummins Genset),,,
"1209545343730764",2025-03-01,,2025-03-01,Paul gaudia ,Untitled section,,,,,,"Name of Maintenance Technician:
Paul gaudia 

Email address:
paul_gaudia@gmail.com 

DATE::
Mar 1, 2025

DIESEL GENERATOR SET #:
2 (275kVA Camda Genset)

LUBRICATION- Check for leaks:
OKAY

If not okay, explain why and identify the problem. (LUBRICATION- Check for leaks):
N A 

Corrective Action Taken::
N A 

LUBRICATION- Check for oil level:
OKAY

If not okay, explain why and identify the problem. (LUBRICATION- Check for oil level):
N A 

Corrective Action Taken::
N A 

COOLING SYSTEM -Check for leaks:
OKAY

If not okay, explain why and identify the problem. (COOLING SYSTEM -Check for leaks):
N A 

Corrective Action Taken:
N A 

COOLING SYSTEM -Check for radiator restriction:
OKAY

If not okay, explain why and identify the problem. (COOLING SYSTEM -Check for radiator restriction):
N A 

Corrective Action Taken::
N A 

COOLING SYSTEM -Check for hose and connections:
OKAY

If not okay, explain why and identify the problem. (COOLING SYSTEM -Check for hose and connections):
N A 

Corrective Action Taken:
N A 

COOLING SYSTEM -Coolant level:
OKAY

If not okay, explain why and identify the problem. (COOLING SYSTEM -Coolant level):
N A 

Corrective Action Taken::
N A 

COOLING SYSTEM - Belt condition and tension:
OKAY

If not okay, explain why and identify the problem. (COOLING SYSTEM - Belt condition and tension):
N A 

Corrective Action Taken::
N A 

FUEL - Check for leaks:
OKAY

If not okay, explain why and identify the problem. (FUEL - Check for leaks):
N A 

Corrective Action Taken::
N A 

AIR IN-TAKE (Check for leaks):
OKAY

If not okay, explain why and identify the problem. (AIR IN-TAKE :Check for leaks):
N A 

Corrective Action Taken::
N A 

AIR IN-TAKE (Check for air cleaner restriction):
OKAY

If not okay, explain why and identify the problem. (AIR IN-TAKE (Check for air cleaner restriction):
N A 

Corrective Action Taken::
N A 

EXHAUST- Check for leaks:
OKAY

If not okay, explain why and identify the problem. (EXHAUST- Check for leaks):
N A 

Corrective Action Taken::
N A 

ENGINE RELATED - Check for unusual vibration:
OKAY

If not okay, explain why and identify the problem. (ENGINE RELATED - Check for unusual vibration):
N A 

Corrective Action Taken::
N A 

MAIN GENERATOR - Check for air inlet and outlet from restrictions:
OKAY

If not okay, explain why and identify the problem. (MAIN GENERATOR - Check for air inlet and outlet from restrictions):
N A 

Corrective Action Taken::
N A 

MAIN GENERATOR - Check for windings and electrical connections:
OKAY

If not okay, explain why and identify the problem. (MAIN GENERATOR - Check for windings and electrical connections):
N A 

Corrective Action Taken::
N A 

SWITCH GEAR - Check power distribution wiring and connections:
OKAY

If not okay, explain why and identify the problem. (SWITCH GEAR - Check power distribution wiring and connections):
N A 

Corrective Action Taken::
N A 

Actual test run for 1hr with load.:
OKAY

Indicate the time start and end time of the actual test run conducted.:
633.7

Previous reading of running time::
633.7

Present reading of running time::
633.7

Indicate the three (3) line voltages (V) reading::
230v

Indicate the three (3) line amperes (A) reading::
28.10vdc

Indicate the hertz (Hz) reading::
60.2hz

Indicate the oil pressure reading (kPa)::
275kva

Indicate the oil temperature (°F)::
55°C

Indicate running condition::
Normal

Notes and other concerns::
N A 

Diesel Tank Level:
Full tank

If for refill, When will be refill?:
Motor pool 

Available Diesel Stock Level:
500ltr

———————————————
This task was submitted through HATCHERY DIESEL GENERATOR WEEKLY MAINTENANCE CHECKLIST
https://form.asana.com/?k=jTp-bz9f-Np1TvF8ahkxpQ&d=1186399537984407",Hatchery Diesel Genset Weekly Maintenance Checklist,,,,Paul gaudia ,"Mar 1, 2025",2 (275kVA Camda Genset),,,
"1209545438704436",2025-03-01,,2025-03-01,Paul gaudia ,Untitled section,,,,,,"Name of Maintenance Technician:
Paul gaudia 

Email address:
paul_gaudia@gmail.com 

DATE::
Mar 1, 2025

DIESEL GENERATOR SET #:
1 (375kVA Cummins Genset)

LUBRICATION- Check for leaks:
OKAY

If not okay, explain why and identify the problem. (LUBRICATION- Check for leaks):
N A 

Corrective Action Taken::
N A 

LUBRICATION- Check for oil level:
OKAY

If not okay, explain why and identify the problem. (LUBRICATION- Check for oil level):
N A 

Corrective Action Taken::
N A 

COOLING SYSTEM -Check for leaks:
OKAY

If not okay, explain why and identify the problem. (COOLING SYSTEM -Check for leaks):
N A 

Corrective Action Taken:
N A 

COOLING SYSTEM -Check for radiator restriction:
OKAY

If not okay, explain why and identify the problem. (COOLING SYSTEM -Check for radiator restriction):
N A 

Corrective Action Taken::
N A 

COOLING SYSTEM -Check for hose and connections:
OKAY

If not okay, explain why and identify the problem. (COOLING SYSTEM -Check for hose and connections):
N A 

Corrective Action Taken:
N A 

COOLING SYSTEM -Coolant level:
OKAY

If not okay, explain why and identify the problem. (COOLING SYSTEM -Coolant level):
N A 

Corrective Action Taken::
N A 

COOLING SYSTEM - Belt condition and tension:
OKAY

If not okay, explain why and identify the problem. (COOLING SYSTEM - Belt condition and tension):
N A 

Corrective Action Taken::
N A 

FUEL - Check for leaks:
OKAY

If not okay, explain why and identify the problem. (FUEL - Check for leaks):
N A 

Corrective Action Taken::
N A 

AIR IN-TAKE (Check for leaks):
OKAY

If not okay, explain why and identify the problem. (AIR IN-TAKE :Check for leaks):
N A 

Corrective Action Taken::
N A 

AIR IN-TAKE (Check for air cleaner restriction):
OKAY

If not okay, explain why and identify the problem. (AIR IN-TAKE (Check for air cleaner restriction):
N A 

Corrective Action Taken::
N A 

EXHAUST- Check for leaks:
OKAY

If not okay, explain why and identify the problem. (EXHAUST- Check for leaks):
N A 

Corrective Action Taken::
N A 

ENGINE RELATED - Check for unusual vibration:
OKAY

If not okay, explain why and identify the problem. (ENGINE RELATED - Check for unusual vibration):
N A 

Corrective Action Taken::
N A 

MAIN GENERATOR - Check for air inlet and outlet from restrictions:
OKAY

If not okay, explain why and identify the problem. (MAIN GENERATOR - Check for air inlet and outlet from restrictions):
N A 

Corrective Action Taken::
N A 

MAIN GENERATOR - Check for windings and electrical connections:
OKAY

If not okay, explain why and identify the problem. (MAIN GENERATOR - Check for windings and electrical connections):
N A 

Corrective Action Taken::
N A 

SWITCH GEAR - Check power distribution wiring and connections:
OKAY

If not okay, explain why and identify the problem. (SWITCH GEAR - Check power distribution wiring and connections):
N A 

Corrective Action Taken::
N A 

Actual test run for 1hr with load.:
OKAY

Indicate the time start and end time of the actual test run conducted.:
649.60

Previous reading of running time::
649.60

Present reading of running time::
649.60

Indicate the three (3) line voltages (V) reading::
239v

Indicate the three (3) line amperes (A) reading::
28.18vdc

Indicate the hertz (Hz) reading::
59.99hz

Indicate the oil pressure reading (kPa)::
375kpa

Indicate the oil temperature (°F)::
58°C

Indicate running condition::
Normal

Notes and other concerns::
N A 

Diesel Tank Level:
Full tank

If for refill, When will be refill?:
Motor pool 

Available Diesel Stock Level:
500ltr

———————————————
This task was submitted through HATCHERY DIESEL GENERATOR WEEKLY MAINTENANCE CHECKLIST
https://form.asana.com/?k=jTp-bz9f-Np1TvF8ahkxpQ&d=1186399537984407",Hatchery Diesel Genset Weekly Maintenance Checklist,,,,Paul gaudia ,"Mar 1, 2025",1 (375kVA Cummins Genset),,,
"1209414673517928",2025-02-15,,2025-02-15,Paul gaudia ,Untitled section,,,,,,"Name of Maintenance Technician:
Paul gaudia 

Email address:
paul_gaudia@gmail.com 

DATE::
Feb 15, 2025

DIESEL GENERATOR SET #:
2 (275kVA Camda Genset)

LUBRICATION- Check for leaks:
OKAY

If not okay, explain why and identify the problem. (LUBRICATION- Check for leaks):
N A 

Corrective Action Taken::
N A 

LUBRICATION- Check for oil level:
OKAY

If not okay, explain why and identify the problem. (LUBRICATION- Check for oil level):
N A 

Corrective Action Taken::
N A 

COOLING SYSTEM -Check for leaks:
OKAY

If not okay, explain why and identify the problem. (COOLING SYSTEM -Check for leaks):
N A 

Corrective Action Taken:
N A 

COOLING SYSTEM -Check for radiator restriction:
OKAY

If not okay, explain why and identify the problem. (COOLING SYSTEM -Check for radiator restriction):
N A 

Corrective Action Taken::
N A 

COOLING SYSTEM -Check for hose and connections:
OKAY

If not okay, explain why and identify the problem. (COOLING SYSTEM -Check for hose and connections):
N A 

Corrective Action Taken:
N A 

COOLING SYSTEM -Coolant level:
OKAY

If not okay, explain why and identify the problem. (COOLING SYSTEM -Coolant level):
N A 

Corrective Action Taken::
N A 

COOLING SYSTEM - Belt condition and tension:
OKAY

If not okay, explain why and identify the problem. (COOLING SYSTEM - Belt condition and tension):
N A 

Corrective Action Taken::
N A 

FUEL - Check for leaks:
OKAY

If not okay, explain why and identify the problem. (FUEL - Check for leaks):
N A 

Corrective Action Taken::
N A 

AIR IN-TAKE (Check for leaks):
OKAY

If not okay, explain why and identify the problem. (AIR IN-TAKE :Check for leaks):
N A 

Corrective Action Taken::
N A 

AIR IN-TAKE (Check for air cleaner restriction):
OKAY

If not okay, explain why and identify the problem. (AIR IN-TAKE (Check for air cleaner restriction):
N A 

Corrective Action Taken::
N A 

EXHAUST- Check for leaks:
OKAY

If not okay, explain why and identify the problem. (EXHAUST- Check for leaks):
N A 

Corrective Action Taken::
N A 

ENGINE RELATED - Check for unusual vibration:
OKAY

If not okay, explain why and identify the problem. (ENGINE RELATED - Check for unusual vibration):
N A 

Corrective Action Taken::
N A 

MAIN GENERATOR - Check for air inlet and outlet from restrictions:
OKAY

If not okay, explain why and identify the problem. (MAIN GENERATOR - Check for air inlet and outlet from restrictions):
N A 

Corrective Action Taken::
N A 

MAIN GENERATOR - Check for windings and electrical connections:
OKAY

If not okay, explain why and identify the problem. (MAIN GENERATOR - Check for windings and electrical connections):
N A 

Corrective Action Taken::
N A 

SWITCH GEAR - Check power distribution wiring and connections:
OKAY

If not okay, explain why and identify the problem. (SWITCH GEAR - Check power distribution wiring and connections):
N A 

Corrective Action Taken::
N A 

Actual test run for 1hr with load.:
OKAY

Indicate the time start and end time of the actual test run conducted.:
633.5

Previous reading of running time::
633.5

Present reading of running time::
633.5

Indicate the three (3) line voltages (V) reading::
230v

Indicate the three (3) line amperes (A) reading::
28.10vdc

Indicate the hertz (Hz) reading::
60.2hz

Indicate the oil pressure reading (kPa)::
275kva

Indicate the oil temperature (°F)::
58°C

Indicate running condition::
Normal

Notes and other concerns::
N A 

Diesel Tank Level:
Full tank

If for refill, When will be refill?:
Motor pool 

Available Diesel Stock Level:
500ltr

———————————————
This task was submitted through HATCHERY DIESEL GENERATOR WEEKLY MAINTENANCE CHECKLIST
https://form.asana.com/?k=jTp-bz9f-Np1TvF8ahkxpQ&d=1186399537984407",Hatchery Diesel Genset Weekly Maintenance Checklist,,,,Paul gaudia ,"Feb 15, 2025",2 (275kVA Camda Genset),,,
"1209356902990600",2025-02-08,,2025-02-08,Paul gaudia ,Untitled section,,,,,,"Name of Maintenance Technician:
Paul gaudia 

Email address:
paul_gaudia@gmail.com 

DATE::
Feb 8, 2025

DIESEL GENERATOR SET #:
2 (275kVA Camda Genset)

LUBRICATION- Check for leaks:
OKAY

If not okay, explain why and identify the problem. (LUBRICATION- Check for leaks):
N A 

Corrective Action Taken::
N A 

LUBRICATION- Check for oil level:
OKAY

If not okay, explain why and identify the problem. (LUBRICATION- Check for oil level):
N A 

Corrective Action Taken::
N A 

COOLING SYSTEM -Check for leaks:
OKAY

If not okay, explain why and identify the problem. (COOLING SYSTEM -Check for leaks):
N A 

Corrective Action Taken:
N A 

COOLING SYSTEM -Check for radiator restriction:
OKAY

If not okay, explain why and identify the problem. (COOLING SYSTEM -Check for radiator restriction):
N A 

Corrective Action Taken::
N A 

COOLING SYSTEM -Check for hose and connections:
OKAY

If not okay, explain why and identify the problem. (COOLING SYSTEM -Check for hose and connections):
N A 

Corrective Action Taken:
N A 

COOLING SYSTEM -Coolant level:
OKAY

If not okay, explain why and identify the problem. (COOLING SYSTEM -Coolant level):
N A 

Corrective Action Taken::
N A 

COOLING SYSTEM - Belt condition and tension:
OKAY

If not okay, explain why and identify the problem. (COOLING SYSTEM - Belt condition and tension):
N A 

Corrective Action Taken::
N A 

FUEL - Check for leaks:
OKAY

If not okay, explain why and identify the problem. (FUEL - Check for leaks):
N A 

Corrective Action Taken::
N A 

AIR IN-TAKE (Check for leaks):
OKAY

If not okay, explain why and identify the problem. (AIR IN-TAKE :Check for leaks):
N A 

Corrective Action Taken::
N A 

AIR IN-TAKE (Check for air cleaner restriction):
OKAY

If not okay, explain why and identify the problem. (AIR IN-TAKE (Check for air cleaner restriction):
N A 

Corrective Action Taken::
N A 

EXHAUST- Check for leaks:
OKAY

If not okay, explain why and identify the problem. (EXHAUST- Check for leaks):
N A 

Corrective Action Taken::
N A 

ENGINE RELATED - Check for unusual vibration:
OKAY

If not okay, explain why and identify the problem. (ENGINE RELATED - Check for unusual vibration):
N A 

Corrective Action Taken::
N A 

MAIN GENERATOR - Check for air inlet and outlet from restrictions:
OKAY

If not okay, explain why and identify the problem. (MAIN GENERATOR - Check for air inlet and outlet from restrictions):
N A 

Corrective Action Taken::
N A 

MAIN GENERATOR - Check for windings and electrical connections:
OKAY

If not okay, explain why and identify the problem. (MAIN GENERATOR - Check for windings and electrical connections):
N A 

Corrective Action Taken::
N A 

SWITCH GEAR - Check power distribution wiring and connections:
OKAY

If not okay, explain why and identify the problem. (SWITCH GEAR - Check power distribution wiring and connections):
N A 

Corrective Action Taken::
N A 

Actual test run for 1hr with load.:
OKAY

Indicate the time start and end time of the actual test run conducted.:
633.4

Previous reading of running time::
633.4

Present reading of running time::
633.4

Indicate the three (3) line voltages (V) reading::
230v

Indicate the three (3) line amperes (A) reading::
28.10vdc

Indicate the hertz (Hz) reading::
60.2hz

Indicate the oil pressure reading (kPa)::
275kva

Indicate the oil temperature (°F)::
55°C

Indicate running condition::
Normal

Notes and other concerns::
N the 

Diesel Tank Level:
Full tank

If for refill, When will be refill?:
Motor pool 

Available Diesel Stock Level:
500ltr

———————————————
This task was submitted through HATCHERY DIESEL GENERATOR WEEKLY MAINTENANCE CHECKLIST
https://form.asana.com/?k=jTp-bz9f-Np1TvF8ahkxpQ&d=1186399537984407",Hatchery Diesel Genset Weekly Maintenance Checklist,,,,Paul gaudia ,"Feb 8, 2025",2 (275kVA Camda Genset),,,
"1209296189014938",2025-02-01,,2025-02-01,Paul gaudia ,Untitled section,,,,,,"Name of Maintenance Technician:
Paul gaudia 

Email address:
paul_gaudia@gmail.com 

DATE::
Feb 1, 2025

DIESEL GENERATOR SET #:
2 (275kVA Camda Genset)

LUBRICATION- Check for leaks:
OKAY

If not okay, explain why and identify the problem. (LUBRICATION- Check for leaks):
N A 

Corrective Action Taken::
N A 

LUBRICATION- Check for oil level:
OKAY

If not okay, explain why and identify the problem. (LUBRICATION- Check for oil level):
N A 

Corrective Action Taken::
N A 

COOLING SYSTEM -Check for leaks:
OKAY

If not okay, explain why and identify the problem. (COOLING SYSTEM -Check for leaks):
N A 

Corrective Action Taken:
N A 

COOLING SYSTEM -Check for radiator restriction:
OKAY

If not okay, explain why and identify the problem. (COOLING SYSTEM -Check for radiator restriction):
N A 

Corrective Action Taken::
N A 

COOLING SYSTEM -Check for hose and connections:
OKAY

If not okay, explain why and identify the problem. (COOLING SYSTEM -Check for hose and connections):
N A 

Corrective Action Taken:
N A 

COOLING SYSTEM -Coolant level:
OKAY

If not okay, explain why and identify the problem. (COOLING SYSTEM -Coolant level):
N A 

Corrective Action Taken::
N A 

COOLING SYSTEM - Belt condition and tension:
OKAY

If not okay, explain why and identify the problem. (COOLING SYSTEM - Belt condition and tension):
N A 

Corrective Action Taken::
N A 

FUEL - Check for leaks:
OKAY

If not okay, explain why and identify the problem. (FUEL - Check for leaks):
N A 

Corrective Action Taken::
N A 

AIR IN-TAKE (Check for leaks):
OKAY

If not okay, explain why and identify the problem. (AIR IN-TAKE :Check for leaks):
N A 

Corrective Action Taken::
N A 

AIR IN-TAKE (Check for air cleaner restriction):
OKAY

If not okay, explain why and identify the problem. (AIR IN-TAKE (Check for air cleaner restriction):
N A 

Corrective Action Taken::
N A 

EXHAUST- Check for leaks:
OKAY

If not okay, explain why and identify the problem. (EXHAUST- Check for leaks):
N A 

Corrective Action Taken::
N A 

ENGINE RELATED - Check for unusual vibration:
OKAY

If not okay, explain why and identify the problem. (ENGINE RELATED - Check for unusual vibration):
N A 

Corrective Action Taken::
N A 

MAIN GENERATOR - Check for air inlet and outlet from restrictions:
OKAY

If not okay, explain why and identify the problem. (MAIN GENERATOR - Check for air inlet and outlet from restrictions):
N A 

Corrective Action Taken::
N A 

MAIN GENERATOR - Check for windings and electrical connections:
OKAY

If not okay, explain why and identify the problem. (MAIN GENERATOR - Check for windings and electrical connections):
N A 

Corrective Action Taken::
N A 

SWITCH GEAR - Check power distribution wiring and connections:
OKAY

If not okay, explain why and identify the problem. (SWITCH GEAR - Check power distribution wiring and connections):
N A 

Corrective Action Taken::
N A 

Actual test run for 1hr with load.:
OKAY

Indicate the time start and end time of the actual test run conducted.:
633.4

Previous reading of running time::
633.4

Present reading of running time::
633.4

Indicate the three (3) line voltages (V) reading::
230v

Indicate the three (3) line amperes (A) reading::
28.10vdc

Indicate the hertz (Hz) reading::
60.2hz

Indicate the oil pressure reading (kPa)::
275kva

Indicate the oil temperature (°F)::
58°C

Indicate running condition::
Normal

Notes and other concerns::
N A 

Diesel Tank Level:
Full tank

If for refill, When will be refill?:
Motor pool 

Available Diesel Stock Level:
500ltr

———————————————
This task was submitted through HATCHERY DIESEL GENERATOR WEEKLY MAINTENANCE CHECKLIST
https://form.asana.com/?k=jTp-bz9f-Np1TvF8ahkxpQ&d=1186399537984407",Hatchery Diesel Genset Weekly Maintenance Checklist,,,,Paul gaudia ,"Feb 1, 2025",2 (275kVA Camda Genset),,,
"1209240045623738",2025-01-25,,2025-01-25,Paul gaudia ,Untitled section,,,,,,"Name of Maintenance Technician:
Paul gaudia 

Email address:
paul_gaudia@gmail.com 

DATE::
Jan 25, 2025

DIESEL GENERATOR SET #:
2 (275kVA Camda Genset)

LUBRICATION- Check for leaks:
OKAY

If not okay, explain why and identify the problem. (LUBRICATION- Check for leaks):
N A 

Corrective Action Taken::
N A 

LUBRICATION- Check for oil level:
OKAY

If not okay, explain why and identify the problem. (LUBRICATION- Check for oil level):
N A 

Corrective Action Taken::
N A 

COOLING SYSTEM -Check for leaks:
OKAY

If not okay, explain why and identify the problem. (COOLING SYSTEM -Check for leaks):
N A 

Corrective Action Taken:
N A 

COOLING SYSTEM -Check for radiator restriction:
OKAY

If not okay, explain why and identify the problem. (COOLING SYSTEM -Check for radiator restriction):
N A 

Corrective Action Taken::
N A 

COOLING SYSTEM -Check for hose and connections:
OKAY

If not okay, explain why and identify the problem. (COOLING SYSTEM -Check for hose and connections):
N A 

Corrective Action Taken:
N A 

COOLING SYSTEM -Coolant level:
OKAY

If not okay, explain why and identify the problem. (COOLING SYSTEM -Coolant level):
N A 

Corrective Action Taken::
N A 

COOLING SYSTEM - Belt condition and tension:
OKAY

If not okay, explain why and identify the problem. (COOLING SYSTEM - Belt condition and tension):
N A 

Corrective Action Taken::
N A 

FUEL - Check for leaks:
OKAY

If not okay, explain why and identify the problem. (FUEL - Check for leaks):
N A 

Corrective Action Taken::
N A 

AIR IN-TAKE (Check for leaks):
OKAY

If not okay, explain why and identify the problem. (AIR IN-TAKE :Check for leaks):
N A 

Corrective Action Taken::
N A 

AIR IN-TAKE (Check for air cleaner restriction):
OKAY

If not okay, explain why and identify the problem. (AIR IN-TAKE (Check for air cleaner restriction):
N A 

Corrective Action Taken::
N A 

EXHAUST- Check for leaks:
OKAY

If not okay, explain why and identify the problem. (EXHAUST- Check for leaks):
N A 

Corrective Action Taken::
N A 

ENGINE RELATED - Check for unusual vibration:
OKAY

If not okay, explain why and identify the problem. (ENGINE RELATED - Check for unusual vibration):
N A 

Corrective Action Taken::
N A 

MAIN GENERATOR - Check for air inlet and outlet from restrictions:
OKAY

If not okay, explain why and identify the problem. (MAIN GENERATOR - Check for air inlet and outlet from restrictions):
N A 

Corrective Action Taken::
N A 

MAIN GENERATOR - Check for windings and electrical connections:
OKAY

If not okay, explain why and identify the problem. (MAIN GENERATOR - Check for windings and electrical connections):
N A 

Corrective Action Taken::
N A 

SWITCH GEAR - Check power distribution wiring and connections:
OKAY

If not okay, explain why and identify the problem. (SWITCH GEAR - Check power distribution wiring and connections):
N A 

Corrective Action Taken::
N A 

Actual test run for 1hr with load.:
OKAY

Indicate the time start and end time of the actual test run conducted.:
630.8

Previous reading of running time::
630.8

Present reading of running time::
630.8

Indicate the three (3) line voltages (V) reading::
230v

Indicate the three (3) line amperes (A) reading::
28.10vdc

Indicate the hertz (Hz) reading::
60.2hz

Indicate the oil pressure reading (kPa)::
275kva

Indicate the oil temperature (°F)::
55°C

Indicate running condition::
Normal

Notes and other concerns::
N A 

Diesel Tank Level:
Full tank

If for refill, When will be refill?:
Motor pool 

Available Diesel Stock Level:
500ltr

———————————————
This task was submitted through HATCHERY DIESEL GENERATOR WEEKLY MAINTENANCE CHECKLIST
https://form.asana.com/?k=jTp-bz9f-Np1TvF8ahkxpQ&d=1186399537984407",Hatchery Diesel Genset Weekly Maintenance Checklist,,,,Paul gaudia ,"Jan 25, 2025",2 (275kVA Camda Genset),,,
"1209185844541770",2025-01-18,,2025-01-18,Paul gaudia ,Untitled section,,,,,,"Name of Maintenance Technician:
Paul gaudia 

Email address:
paul_gaudia@gmail.com 

DATE::
Jan 18, 2025

DIESEL GENERATOR SET #:
2 (275kVA Camda Genset)

LUBRICATION- Check for leaks:
OKAY

If not okay, explain why and identify the problem. (LUBRICATION- Check for leaks):
N A 

Corrective Action Taken::
N A 

LUBRICATION- Check for oil level:
OKAY

If not okay, explain why and identify the problem. (LUBRICATION- Check for oil level):
N A 

Corrective Action Taken::
N A 

COOLING SYSTEM -Check for leaks:
OKAY

If not okay, explain why and identify the problem. (COOLING SYSTEM -Check for leaks):
N A 

Corrective Action Taken:
N A 

COOLING SYSTEM -Check for radiator restriction:
OKAY

If not okay, explain why and identify the problem. (COOLING SYSTEM -Check for radiator restriction):
N A 

Corrective Action Taken::
N A 

COOLING SYSTEM -Check for hose and connections:
OKAY

If not okay, explain why and identify the problem. (COOLING SYSTEM -Check for hose and connections):
N A 

Corrective Action Taken:
N A 

COOLING SYSTEM -Coolant level:
OKAY

If not okay, explain why and identify the problem. (COOLING SYSTEM -Coolant level):
N A 

Corrective Action Taken::
N A 

COOLING SYSTEM - Belt condition and tension:
OKAY

If not okay, explain why and identify the problem. (COOLING SYSTEM - Belt condition and tension):
N A 

Corrective Action Taken::
N A 

FUEL - Check for leaks:
OKAY

If not okay, explain why and identify the problem. (FUEL - Check for leaks):
N A 

Corrective Action Taken::
N A 

AIR IN-TAKE (Check for leaks):
OKAY

If not okay, explain why and identify the problem. (AIR IN-TAKE :Check for leaks):
N A 

Corrective Action Taken::
N A 

AIR IN-TAKE (Check for air cleaner restriction):
OKAY

If not okay, explain why and identify the problem. (AIR IN-TAKE (Check for air cleaner restriction):
N A 

Corrective Action Taken::
N A 

EXHAUST- Check for leaks:
OKAY

If not okay, explain why and identify the problem. (EXHAUST- Check for leaks):
N A 

Corrective Action Taken::
N A 

ENGINE RELATED - Check for unusual vibration:
OKAY

If not okay, explain why and identify the problem. (ENGINE RELATED - Check for unusual vibration):
N A 

Corrective Action Taken::
N A 

MAIN GENERATOR - Check for air inlet and outlet from restrictions:
OKAY

If not okay, explain why and identify the problem. (MAIN GENERATOR - Check for air inlet and outlet from restrictions):
N A 

Corrective Action Taken::
N A 

MAIN GENERATOR - Check for windings and electrical connections:
OKAY

If not okay, explain why and identify the problem. (MAIN GENERATOR - Check for windings and electrical connections):
N A 

Corrective Action Taken::
N A 

SWITCH GEAR - Check power distribution wiring and connections:
OKAY

If not okay, explain why and identify the problem. (SWITCH GEAR - Check power distribution wiring and connections):
N A 

Corrective Action Taken::
N A 

Actual test run for 1hr with load.:
OKAY

Indicate the time start and end time of the actual test run conducted.:
630.8

Previous reading of running time::
630.8

Present reading of running time::
630.8

Indicate the three (3) line voltages (V) reading::
230v

Indicate the three (3) line amperes (A) reading::
28.18vdc

Indicate the hertz (Hz) reading::
60.2hz

Indicate the oil pressure reading (kPa)::
275kva

Indicate the oil temperature (°F)::
63°C

Indicate running condition::
Normal

Notes and other concerns::
N A 

Diesel Tank Level:
Full tank

If for refill, When will be refill?:
Motor pool 

Available Diesel Stock Level:
500ltr

———————————————
This task was submitted through HATCHERY DIESEL GENERATOR WEEKLY MAINTENANCE CHECKLIST
https://form.asana.com/?k=jTp-bz9f-Np1TvF8ahkxpQ&d=1186399537984407",Hatchery Diesel Genset Weekly Maintenance Checklist,,,,Paul gaudia ,"Jan 18, 2025",2 (275kVA Camda Genset),,,
"1209054358624300",2024-12-28,,2024-12-28,Paul gaudia ,Untitled section,,,,,,"Name of Maintenance Technician:
Paul gaudia 

Email address:
paul_gaudia@gmail.com 

DATE::
Dec 28, 2024

DIESEL GENERATOR SET #:
2 (275kVA Camda Genset)

LUBRICATION- Check for leaks:
OKAY

If not okay, explain why and identify the problem. (LUBRICATION- Check for leaks):
N A 

Corrective Action Taken::
N A 

LUBRICATION- Check for oil level:
OKAY

If not okay, explain why and identify the problem. (LUBRICATION- Check for oil level):
N A 

Corrective Action Taken::
N A 

COOLING SYSTEM -Check for leaks:
OKAY

If not okay, explain why and identify the problem. (COOLING SYSTEM -Check for leaks):
N A 

Corrective Action Taken:
N A 

COOLING SYSTEM -Check for radiator restriction:
OKAY

If not okay, explain why and identify the problem. (COOLING SYSTEM -Check for radiator restriction):
N A 

Corrective Action Taken::
N A 

COOLING SYSTEM -Check for hose and connections:
OKAY

If not okay, explain why and identify the problem. (COOLING SYSTEM -Check for hose and connections):
N A 

Corrective Action Taken:
N A 

COOLING SYSTEM -Coolant level:
OKAY

If not okay, explain why and identify the problem. (COOLING SYSTEM -Coolant level):
N A 

Corrective Action Taken::
N A 

COOLING SYSTEM - Belt condition and tension:
OKAY

If not okay, explain why and identify the problem. (COOLING SYSTEM - Belt condition and tension):
N A 

Corrective Action Taken::
N A 

FUEL - Check for leaks:
OKAY

If not okay, explain why and identify the problem. (FUEL - Check for leaks):
N A 

Corrective Action Taken::
N A 

AIR IN-TAKE (Check for leaks):
OKAY

If not okay, explain why and identify the problem. (AIR IN-TAKE :Check for leaks):
N A 

Corrective Action Taken::
N A 

AIR IN-TAKE (Check for air cleaner restriction):
OKAY

If not okay, explain why and identify the problem. (AIR IN-TAKE (Check for air cleaner restriction):
N A 

Corrective Action Taken::
N A 

EXHAUST- Check for leaks:
OKAY

If not okay, explain why and identify the problem. (EXHAUST- Check for leaks):
N A 

Corrective Action Taken::
N A 

ENGINE RELATED - Check for unusual vibration:
OKAY

If not okay, explain why and identify the problem. (ENGINE RELATED - Check for unusual vibration):
N A 

Corrective Action Taken::
N A 

MAIN GENERATOR - Check for air inlet and outlet from restrictions:
OKAY

If not okay, explain why and identify the problem. (MAIN GENERATOR - Check for air inlet and outlet from restrictions):
N A 

Corrective Action Taken::
N A 

MAIN GENERATOR - Check for windings and electrical connections:
OKAY

If not okay, explain why and identify the problem. (MAIN GENERATOR - Check for windings and electrical connections):
N A 

Corrective Action Taken::
N A 

SWITCH GEAR - Check power distribution wiring and connections:
OKAY

If not okay, explain why and identify the problem. (SWITCH GEAR - Check power distribution wiring and connections):
N A 

Corrective Action Taken::
N A 

Actual test run for 1hr with load.:
OKAY

Indicate the time start and end time of the actual test run conducted.:
630.4

Previous reading of running time::
630.4

Present reading of running time::
630.4

Indicate the three (3) line voltages (V) reading::
230v

Indicate the three (3) line amperes (A) reading::
28.10vdc

Indicate the hertz (Hz) reading::
60.2hz

Indicate the oil pressure reading (kPa)::
275kva

Indicate the oil temperature (°F)::
66°C

Indicate running condition::
Normal

Notes and other concerns::
N A 

Diesel Tank Level:
Full tank

If for refill, When will be refill?:
Motor pool 

Available Diesel Stock Level:
600ltr

———————————————
This task was submitted through HATCHERY DIESEL GENERATOR WEEKLY MAINTENANCE CHECKLIST
https://form.asana.com/?k=jTp-bz9f-Np1TvF8ahkxpQ&d=1186399537984407",Hatchery Diesel Genset Weekly Maintenance Checklist,,,,Paul gaudia ,"Dec 28, 2024",2 (275kVA Camda Genset),,,
"1209020689037943",2024-12-20,,2024-12-20,Paul gaudia ,Untitled section,,,,,,"Name of Maintenance Technician:
Paul gaudia 

Email address:
paul_gaudia@gmail.com 

DATE::
Dec 20, 2024

DIESEL GENERATOR SET #:
2 (275kVA Camda Genset)

LUBRICATION- Check for leaks:
OKAY

If not okay, explain why and identify the problem. (LUBRICATION- Check for leaks):
N A 

Corrective Action Taken::
N A 

LUBRICATION- Check for oil level:
OKAY

If not okay, explain why and identify the problem. (LUBRICATION- Check for oil level):
N A 

Corrective Action Taken::
N A 

COOLING SYSTEM -Check for leaks:
OKAY

If not okay, explain why and identify the problem. (COOLING SYSTEM -Check for leaks):
N A 

Corrective Action Taken:
N A 

COOLING SYSTEM -Check for radiator restriction:
OKAY

If not okay, explain why and identify the problem. (COOLING SYSTEM -Check for radiator restriction):
N A 

Corrective Action Taken::
N A 

COOLING SYSTEM -Check for hose and connections:
OKAY

If not okay, explain why and identify the problem. (COOLING SYSTEM -Check for hose and connections):
N A 

Corrective Action Taken:
N A 

COOLING SYSTEM -Coolant level:
OKAY

If not okay, explain why and identify the problem. (COOLING SYSTEM -Coolant level):
N A 

Corrective Action Taken::
N A 

COOLING SYSTEM - Belt condition and tension:
OKAY

If not okay, explain why and identify the problem. (COOLING SYSTEM - Belt condition and tension):
N A 

Corrective Action Taken::
N A 

FUEL - Check for leaks:
OKAY

If not okay, explain why and identify the problem. (FUEL - Check for leaks):
N A 

Corrective Action Taken::
N A 

AIR IN-TAKE (Check for leaks):
OKAY

If not okay, explain why and identify the problem. (AIR IN-TAKE :Check for leaks):
N A 

Corrective Action Taken::
N A 

AIR IN-TAKE (Check for air cleaner restriction):
OKAY

If not okay, explain why and identify the problem. (AIR IN-TAKE (Check for air cleaner restriction):
N A 

Corrective Action Taken::
N A 

EXHAUST- Check for leaks:
OKAY

If not okay, explain why and identify the problem. (EXHAUST- Check for leaks):
N A 

Corrective Action Taken::
N A 

ENGINE RELATED - Check for unusual vibration:
OKAY

If not okay, explain why and identify the problem. (ENGINE RELATED - Check for unusual vibration):
N A 

Corrective Action Taken::
N A 

MAIN GENERATOR - Check for air inlet and outlet from restrictions:
OKAY

If not okay, explain why and identify the problem. (MAIN GENERATOR - Check for air inlet and outlet from restrictions):
N A 

Corrective Action Taken::
N A 

MAIN GENERATOR - Check for windings and electrical connections:
OKAY

If not okay, explain why and identify the problem. (MAIN GENERATOR - Check for windings and electrical connections):
N A 

Corrective Action Taken::
N A 

SWITCH GEAR - Check power distribution wiring and connections:
OKAY

If not okay, explain why and identify the problem. (SWITCH GEAR - Check power distribution wiring and connections):
N A 

Corrective Action Taken::
N A 

Actual test run for 1hr with load.:
OKAY

Indicate the time start and end time of the actual test run conducted.:
628.4

Previous reading of running time::
628.4

Present reading of running time::
628.4

Indicate the three (3) line voltages (V) reading::
230v

Indicate the three (3) line amperes (A) reading::
28.2bat

Indicate the hertz (Hz) reading::
60.2hz

Indicate the oil pressure reading (kPa)::
275kva

Indicate the oil temperature (°F)::
55°C

Indicate running condition::
Normal

Notes and other concerns::
N A 

Diesel Tank Level:
Full tank

If for refill, When will be refill?:
Motor pool 

Available Diesel Stock Level:
600ltr

———————————————
This task was submitted through HATCHERY DIESEL GENERATOR WEEKLY MAINTENANCE CHECKLIST
https://form.asana.com/?k=jTp-bz9f-Np1TvF8ahkxpQ&d=1186399537984407",Hatchery Diesel Genset Weekly Maintenance Checklist,,,,Paul gaudia ,"Dec 20, 2024",2 (275kVA Camda Genset),,,
"1208972250408514",2024-12-13,,2024-12-13,Paul gaudia ,Untitled section,,,,,,"Name of Maintenance Technician:
Paul gaudia 

Email address:
paul_gaudia@gmail.com 

DATE::
Dec 13, 2024

DIESEL GENERATOR SET #:
1 (375kVA Cummins Genset)

LUBRICATION- Check for leaks:
OKAY

If not okay, explain why and identify the problem. (LUBRICATION- Check for leaks):
N A 

Corrective Action Taken::
N A 

LUBRICATION- Check for oil level:
OKAY

If not okay, explain why and identify the problem. (LUBRICATION- Check for oil level):
N A 

Corrective Action Taken::
N A 

COOLING SYSTEM -Check for leaks:
OKAY

If not okay, explain why and identify the problem. (COOLING SYSTEM -Check for leaks):
N A 

Corrective Action Taken:
N A 

COOLING SYSTEM -Check for radiator restriction:
OKAY

If not okay, explain why and identify the problem. (COOLING SYSTEM -Check for radiator restriction):
N A 

Corrective Action Taken::
N A 

COOLING SYSTEM -Check for hose and connections:
OKAY

If not okay, explain why and identify the problem. (COOLING SYSTEM -Check for hose and connections):
N A 

Corrective Action Taken:
N A 

COOLING SYSTEM -Coolant level:
OKAY

If not okay, explain why and identify the problem. (COOLING SYSTEM -Coolant level):
N A 

Corrective Action Taken::
N A 

COOLING SYSTEM - Belt condition and tension:
OKAY

If not okay, explain why and identify the problem. (COOLING SYSTEM - Belt condition and tension):
N A 

Corrective Action Taken::
N A 

FUEL - Check for leaks:
OKAY

If not okay, explain why and identify the problem. (FUEL - Check for leaks):
N A 

Corrective Action Taken::
N A 

AIR IN-TAKE (Check for leaks):
OKAY

If not okay, explain why and identify the problem. (AIR IN-TAKE :Check for leaks):
N A 

Corrective Action Taken::
N A 

AIR IN-TAKE (Check for air cleaner restriction):
OKAY

If not okay, explain why and identify the problem. (AIR IN-TAKE (Check for air cleaner restriction):
N A 

Corrective Action Taken::
N A 

EXHAUST- Check for leaks:
OKAY

If not okay, explain why and identify the problem. (EXHAUST- Check for leaks):
N A 

Corrective Action Taken::
N A 

ENGINE RELATED - Check for unusual vibration:
OKAY

If not okay, explain why and identify the problem. (ENGINE RELATED - Check for unusual vibration):
N A 

Corrective Action Taken::
N A 

MAIN GENERATOR - Check for air inlet and outlet from restrictions:
OKAY

If not okay, explain why and identify the problem. (MAIN GENERATOR - Check for air inlet and outlet from restrictions):
N A 

Corrective Action Taken::
N A 

MAIN GENERATOR - Check for windings and electrical connections:
OKAY

If not okay, explain why and identify the problem. (MAIN GENERATOR - Check for windings and electrical connections):
N A 

Corrective Action Taken::
N A 

SWITCH GEAR - Check power distribution wiring and connections:
OKAY

If not okay, explain why and identify the problem. (SWITCH GEAR - Check power distribution wiring and connections):
N A 

Corrective Action Taken::
N A 

Actual test run for 1hr with load.:
OKAY

Indicate the time start and end time of the actual test run conducted.:
640.65

Previous reading of running time::
640.65

Present reading of running time::
640.65

Indicate the three (3) line voltages (V) reading::
239v

Indicate the three (3) line amperes (A) reading::
28.10vdc

Indicate the hertz (Hz) reading::
59.99hz

Indicate the oil pressure reading (kPa)::
375kpa

Indicate the oil temperature (°F)::
58°C

Indicate running condition::
Normal

Notes and other concerns::
N A 

Diesel Tank Level:
Full tank

If for refill, When will be refill?:
Motor pool 

Available Diesel Stock Level:
800ltr

———————————————
This task was submitted through HATCHERY DIESEL GENERATOR WEEKLY MAINTENANCE CHECKLIST
https://form.asana.com/?k=jTp-bz9f-Np1TvF8ahkxpQ&d=1186399537984407",Hatchery Diesel Genset Weekly Maintenance Checklist,,,,Paul gaudia ,"Dec 13, 2024",1 (375kVA Cummins Genset),,,
"1208874660583229",2024-11-30,,2024-11-30,Paul gaudia ,Untitled section,,,,,,"Name of Maintenance Technician:
Paul gaudia 

Email address:
paul_gaudia@gmail.com 

DATE::
Nov 30, 2024

DIESEL GENERATOR SET #:
1 (375kVA Cummins Genset)

LUBRICATION- Check for leaks:
OKAY

If not okay, explain why and identify the problem. (LUBRICATION- Check for leaks):
N A 

Corrective Action Taken::
N A 

LUBRICATION- Check for oil level:
OKAY

If not okay, explain why and identify the problem. (LUBRICATION- Check for oil level):
N A 

Corrective Action Taken::
N A 

COOLING SYSTEM -Check for leaks:
OKAY

If not okay, explain why and identify the problem. (COOLING SYSTEM -Check for leaks):
N A 

Corrective Action Taken:
N A 

COOLING SYSTEM -Check for radiator restriction:
OKAY

If not okay, explain why and identify the problem. (COOLING SYSTEM -Check for radiator restriction):
N A 

Corrective Action Taken::
N A 

COOLING SYSTEM -Check for hose and connections:
OKAY

If not okay, explain why and identify the problem. (COOLING SYSTEM -Check for hose and connections):
N A 

Corrective Action Taken:
N A 

COOLING SYSTEM -Coolant level:
OKAY

If not okay, explain why and identify the problem. (COOLING SYSTEM -Coolant level):
N A 

Corrective Action Taken::
N A 

COOLING SYSTEM - Belt condition and tension:
OKAY

If not okay, explain why and identify the problem. (COOLING SYSTEM - Belt condition and tension):
N A 

Corrective Action Taken::
N A 

FUEL - Check for leaks:
OKAY

If not okay, explain why and identify the problem. (FUEL - Check for leaks):
N A 

Corrective Action Taken::
N A 

AIR IN-TAKE (Check for leaks):
OKAY

If not okay, explain why and identify the problem. (AIR IN-TAKE :Check for leaks):
N A 

Corrective Action Taken::
N A 

AIR IN-TAKE (Check for air cleaner restriction):
OKAY

If not okay, explain why and identify the problem. (AIR IN-TAKE (Check for air cleaner restriction):
N A 

Corrective Action Taken::
N A 

EXHAUST- Check for leaks:
OKAY

If not okay, explain why and identify the problem. (EXHAUST- Check for leaks):
N A 

Corrective Action Taken::
N A 

ENGINE RELATED - Check for unusual vibration:
OKAY

If not okay, explain why and identify the problem. (ENGINE RELATED - Check for unusual vibration):
N A 

Corrective Action Taken::
N A 

MAIN GENERATOR - Check for air inlet and outlet from restrictions:
OKAY

If not okay, explain why and identify the problem. (MAIN GENERATOR - Check for air inlet and outlet from restrictions):
N A 

Corrective Action Taken::
N A 

MAIN GENERATOR - Check for windings and electrical connections:
OKAY

If not okay, explain why and identify the problem. (MAIN GENERATOR - Check for windings and electrical connections):
N A 

Corrective Action Taken::
N A 

SWITCH GEAR - Check power distribution wiring and connections:
OKAY

If not okay, explain why and identify the problem. (SWITCH GEAR - Check power distribution wiring and connections):
N A 

Corrective Action Taken::
N A 

Actual test run for 1hr with load.:
OKAY

Indicate the time start and end time of the actual test run conducted.:
640.55

Previous reading of running time::
640.55

Present reading of running time::
640.55

Indicate the three (3) line voltages (V) reading::
239v

Indicate the three (3) line amperes (A) reading::
28.18vdc

Indicate the hertz (Hz) reading::
59.99hz

Indicate the oil pressure reading (kPa)::
375kpa

Indicate the oil temperature (°F)::
58°C

Indicate running condition::
Normal

Notes and other concerns::
N A 

Diesel Tank Level:
Full tank

If for refill, When will be refill?:
Motor pool 

Available Diesel Stock Level:
800ltr

———————————————
This task was submitted through HATCHERY DIESEL GENERATOR WEEKLY MAINTENANCE CHECKLIST
https://form.asana.com/?k=jTp-bz9f-Np1TvF8ahkxpQ&d=1186399537984407",Hatchery Diesel Genset Weekly Maintenance Checklist,,,,Paul gaudia ,"Nov 30, 2024",1 (375kVA Cummins Genset),,,
"1208779685952673",2024-11-16,,2024-11-16,Paul gaudia ,Untitled section,,,,,,"Name of Maintenance Technician:
Paul gaudia 

Email address:
paul_gaudia@gmail.com 

DATE::
Nov 16, 2024

DIESEL GENERATOR SET #:
2 (275kVA Camda Genset)

LUBRICATION- Check for leaks:
OKAY

If not okay, explain why and identify the problem. (LUBRICATION- Check for leaks):
N A 

Corrective Action Taken::
N A 

LUBRICATION- Check for oil level:
OKAY

If not okay, explain why and identify the problem. (LUBRICATION- Check for oil level):
N A 

Corrective Action Taken::
N A 

COOLING SYSTEM -Check for leaks:
OKAY

If not okay, explain why and identify the problem. (COOLING SYSTEM -Check for leaks):
N A 

Corrective Action Taken:
N A 

COOLING SYSTEM -Check for radiator restriction:
OKAY

If not okay, explain why and identify the problem. (COOLING SYSTEM -Check for radiator restriction):
N A 

Corrective Action Taken::
N A 

COOLING SYSTEM -Check for hose and connections:
OKAY

If not okay, explain why and identify the problem. (COOLING SYSTEM -Check for hose and connections):
N A 

Corrective Action Taken:
N A 

COOLING SYSTEM -Coolant level:
OKAY

If not okay, explain why and identify the problem. (COOLING SYSTEM -Coolant level):
N A 

Corrective Action Taken::
N A 

COOLING SYSTEM - Belt condition and tension:
OKAY

If not okay, explain why and identify the problem. (COOLING SYSTEM - Belt condition and tension):
N A 

Corrective Action Taken::
N A 

FUEL - Check for leaks:
OKAY

If not okay, explain why and identify the problem. (FUEL - Check for leaks):
N A 

Corrective Action Taken::
N A 

AIR IN-TAKE (Check for leaks):
OKAY

If not okay, explain why and identify the problem. (AIR IN-TAKE :Check for leaks):
N A 

Corrective Action Taken::
N A 

AIR IN-TAKE (Check for air cleaner restriction):
OKAY

If not okay, explain why and identify the problem. (AIR IN-TAKE (Check for air cleaner restriction):
N A 

Corrective Action Taken::
N A 

EXHAUST- Check for leaks:
OKAY

If not okay, explain why and identify the problem. (EXHAUST- Check for leaks):
N A 

Corrective Action Taken::
N A 

ENGINE RELATED - Check for unusual vibration:
OKAY

If not okay, explain why and identify the problem. (ENGINE RELATED - Check for unusual vibration):
N A 

Corrective Action Taken::
N A 

MAIN GENERATOR - Check for air inlet and outlet from restrictions:
OKAY

If not okay, explain why and identify the problem. (MAIN GENERATOR - Check for air inlet and outlet from restrictions):
N A 

Corrective Action Taken::
N A 

MAIN GENERATOR - Check for windings and electrical connections:
OKAY

If not okay, explain why and identify the problem. (MAIN GENERATOR - Check for windings and electrical connections):
N A 

Corrective Action Taken::
N A 

SWITCH GEAR - Check power distribution wiring and connections:
OKAY

If not okay, explain why and identify the problem. (SWITCH GEAR - Check power distribution wiring and connections):
N A 

Corrective Action Taken::
N A 

Actual test run for 1hr with load.:
OKAY

Indicate the time start and end time of the actual test run conducted.:
621.2

Previous reading of running time::
621.2

Present reading of running time::
621.2

Indicate the three (3) line voltages (V) reading::
230v

Indicate the three (3) line amperes (A) reading::
28.10vdc

Indicate the hertz (Hz) reading::
60.2hz

Indicate the oil pressure reading (kPa)::
275kva

Indicate the oil temperature (°F)::
58°C

Indicate running condition::
Normal

Notes and other concerns::
N A 

Diesel Tank Level:
Full tank

If for refill, When will be refill?:
Motor pool 

Available Diesel Stock Level:
800ltr

———————————————
This task was submitted through HATCHERY DIESEL GENERATOR WEEKLY MAINTENANCE CHECKLIST
https://form.asana.com/?k=jTp-bz9f-Np1TvF8ahkxpQ&d=1186399537984407",Hatchery Diesel Genset Weekly Maintenance Checklist,,,,Paul gaudia ,"Nov 16, 2024",2 (275kVA Camda Genset),,,
"1208779575293149",2024-11-16,,2024-11-16,Paul gaudia ,Untitled section,,,,,,"Name of Maintenance Technician:
Paul gaudia 

Email address:
paul_gaudia@gmail.com 

DATE::
Nov 16, 2024

DIESEL GENERATOR SET #:
1 (375kVA Cummins Genset)

LUBRICATION- Check for leaks:
OKAY

If not okay, explain why and identify the problem. (LUBRICATION- Check for leaks):
N A 

Corrective Action Taken::
N A 

LUBRICATION- Check for oil level:
OKAY

If not okay, explain why and identify the problem. (LUBRICATION- Check for oil level):
N A 

Corrective Action Taken::
N A 

COOLING SYSTEM -Check for leaks:
OKAY

If not okay, explain why and identify the problem. (COOLING SYSTEM -Check for leaks):
N A 

Corrective Action Taken:
N A 

COOLING SYSTEM -Check for radiator restriction:
OKAY

If not okay, explain why and identify the problem. (COOLING SYSTEM -Check for radiator restriction):
N A 

Corrective Action Taken::
N A 

COOLING SYSTEM -Check for hose and connections:
OKAY

If not okay, explain why and identify the problem. (COOLING SYSTEM -Check for hose and connections):
N A 

Corrective Action Taken:
N A 

COOLING SYSTEM -Coolant level:
OKAY

If not okay, explain why and identify the problem. (COOLING SYSTEM -Coolant level):
N A 

Corrective Action Taken::
N A 

COOLING SYSTEM - Belt condition and tension:
OKAY

If not okay, explain why and identify the problem. (COOLING SYSTEM - Belt condition and tension):
N A 

Corrective Action Taken::
N A 

FUEL - Check for leaks:
OKAY

If not okay, explain why and identify the problem. (FUEL - Check for leaks):
N A 

Corrective Action Taken::
N A 

AIR IN-TAKE (Check for leaks):
OKAY

If not okay, explain why and identify the problem. (AIR IN-TAKE :Check for leaks):
N A 

Corrective Action Taken::
N A 

AIR IN-TAKE (Check for air cleaner restriction):
OKAY

If not okay, explain why and identify the problem. (AIR IN-TAKE (Check for air cleaner restriction):
N A 

Corrective Action Taken::
N A 

EXHAUST- Check for leaks:
OKAY

If not okay, explain why and identify the problem. (EXHAUST- Check for leaks):
N A 

Corrective Action Taken::
N A 

ENGINE RELATED - Check for unusual vibration:
OKAY

If not okay, explain why and identify the problem. (ENGINE RELATED - Check for unusual vibration):
N A 

Corrective Action Taken::
N A 

MAIN GENERATOR - Check for air inlet and outlet from restrictions:
OKAY

If not okay, explain why and identify the problem. (MAIN GENERATOR - Check for air inlet and outlet from restrictions):
N A 

Corrective Action Taken::
N A 

MAIN GENERATOR - Check for windings and electrical connections:
OKAY

If not okay, explain why and identify the problem. (MAIN GENERATOR - Check for windings and electrical connections):
N A 

Corrective Action Taken::
N A 

SWITCH GEAR - Check power distribution wiring and connections:
OKAY

If not okay, explain why and identify the problem. (SWITCH GEAR - Check power distribution wiring and connections):
N A 

Corrective Action Taken::
N A 

Actual test run for 1hr with load.:
OKAY

Indicate the time start and end time of the actual test run conducted.:
640.35

Previous reading of running time::
640.35

Present reading of running time::
640.35

Indicate the three (3) line voltages (V) reading::
239v

Indicate the three (3) line amperes (A) reading::
28.18vdc

Indicate the hertz (Hz) reading::
59.99hz

Indicate the oil pressure reading (kPa)::
375kpa

Indicate the oil temperature (°F)::
55°C

Indicate running condition::
Normal

Notes and other concerns::
N A 

Diesel Tank Level:
Full tank

If for refill, When will be refill?:
Motor pool 

Available Diesel Stock Level:
800ltr

———————————————
This task was submitted through HATCHERY DIESEL GENERATOR WEEKLY MAINTENANCE CHECKLIST
https://form.asana.com/?k=jTp-bz9f-Np1TvF8ahkxpQ&d=1186399537984407",Hatchery Diesel Genset Weekly Maintenance Checklist,,,,Paul gaudia ,"Nov 16, 2024",1 (375kVA Cummins Genset),,,
"1208631990915218",2024-10-26,,2024-10-26,Paul gaudia ,Untitled section,,,,,,"Name of Maintenance Technician:
Paul gaudia 

Email address:
paul_gaudia@gmail.com 

DATE::
Oct 26, 2024

DIESEL GENERATOR SET #:
2 (275kVA Camda Genset)

LUBRICATION- Check for leaks:
OKAY

If not okay, explain why and identify the problem. (LUBRICATION- Check for leaks):
N A 

Corrective Action Taken::
N A 

LUBRICATION- Check for oil level:
OKAY

If not okay, explain why and identify the problem. (LUBRICATION- Check for oil level):
N A 

Corrective Action Taken::
N A 

COOLING SYSTEM -Check for leaks:
OKAY

If not okay, explain why and identify the problem. (COOLING SYSTEM -Check for leaks):
N A 

Corrective Action Taken:
N A 

COOLING SYSTEM -Check for radiator restriction:
OKAY

If not okay, explain why and identify the problem. (COOLING SYSTEM -Check for radiator restriction):
N A 

Corrective Action Taken::
N A 

COOLING SYSTEM -Check for hose and connections:
OKAY

If not okay, explain why and identify the problem. (COOLING SYSTEM -Check for hose and connections):
N A 

Corrective Action Taken:
N A 

COOLING SYSTEM -Coolant level:
OKAY

If not okay, explain why and identify the problem. (COOLING SYSTEM -Coolant level):
N A 

Corrective Action Taken::
N A 

COOLING SYSTEM - Belt condition and tension:
OKAY

If not okay, explain why and identify the problem. (COOLING SYSTEM - Belt condition and tension):
N A 

Corrective Action Taken::
N A 

FUEL - Check for leaks:
OKAY

If not okay, explain why and identify the problem. (FUEL - Check for leaks):
N A 

Corrective Action Taken::
N A 

AIR IN-TAKE (Check for leaks):
OKAY

If not okay, explain why and identify the problem. (AIR IN-TAKE :Check for leaks):
N A 

Corrective Action Taken::
N A 

AIR IN-TAKE (Check for air cleaner restriction):
OKAY

If not okay, explain why and identify the problem. (AIR IN-TAKE (Check for air cleaner restriction):
N A 

Corrective Action Taken::
N A 

EXHAUST- Check for leaks:
OKAY

If not okay, explain why and identify the problem. (EXHAUST- Check for leaks):
N A 

Corrective Action Taken::
N A 

ENGINE RELATED - Check for unusual vibration:
OKAY

If not okay, explain why and identify the problem. (ENGINE RELATED - Check for unusual vibration):
N A 

Corrective Action Taken::
N A 

MAIN GENERATOR - Check for air inlet and outlet from restrictions:
OKAY

If not okay, explain why and identify the problem. (MAIN GENERATOR - Check for air inlet and outlet from restrictions):
N A 

Corrective Action Taken::
N A 

MAIN GENERATOR - Check for windings and electrical connections:
OKAY

If not okay, explain why and identify the problem. (MAIN GENERATOR - Check for windings and electrical connections):
N A 

Corrective Action Taken::
N A 

SWITCH GEAR - Check power distribution wiring and connections:
OKAY

If not okay, explain why and identify the problem. (SWITCH GEAR - Check power distribution wiring and connections):
N A 

Corrective Action Taken::
N A 

Actual test run for 1hr with load.:
OKAY

Indicate the time start and end time of the actual test run conducted.:
621.1

Previous reading of running time::
621.1

Present reading of running time::
621.1

Indicate the three (3) line voltages (V) reading::
230v

Indicate the three (3) line amperes (A) reading::
28.10vdc

Indicate the hertz (Hz) reading::
60.2hz

Indicate the oil pressure reading (kPa)::
275kva

Indicate the oil temperature (°F)::
58°C

Indicate running condition::
Normal

Notes and other concerns::
N A 

Diesel Tank Level:
Full tank

If for refill, When will be refill?:
Motor pool 

Available Diesel Stock Level:
800ltr

———————————————
This task was submitted through HATCHERY DIESEL GENERATOR WEEKLY MAINTENANCE CHECKLIST
https://form.asana.com/?k=jTp-bz9f-Np1TvF8ahkxpQ&d=1186399537984407",Hatchery Diesel Genset Weekly Maintenance Checklist,,,,Paul gaudia ,"Oct 26, 2024",2 (275kVA Camda Genset),,,
"1208631854476383",2024-10-26,,2024-10-26,Paul gaudia ,Untitled section,,,,,,"Name of Maintenance Technician:
Paul gaudia 

Email address:
paul_gaudia@gmail.com 

DATE::
Oct 26, 2024

DIESEL GENERATOR SET #:
1 (375kVA Cummins Genset)

LUBRICATION- Check for leaks:
OKAY

If not okay, explain why and identify the problem. (LUBRICATION- Check for leaks):
N A 

Corrective Action Taken::
N A 

LUBRICATION- Check for oil level:
OKAY

If not okay, explain why and identify the problem. (LUBRICATION- Check for oil level):
N A 

Corrective Action Taken::
N A 

COOLING SYSTEM -Check for leaks:
OKAY

If not okay, explain why and identify the problem. (COOLING SYSTEM -Check for leaks):
N A 

Corrective Action Taken:
N A 

COOLING SYSTEM -Check for radiator restriction:
OKAY

If not okay, explain why and identify the problem. (COOLING SYSTEM -Check for radiator restriction):
N A 

Corrective Action Taken::
N A 

COOLING SYSTEM -Check for hose and connections:
OKAY

If not okay, explain why and identify the problem. (COOLING SYSTEM -Check for hose and connections):
N A 

Corrective Action Taken:
N A 

COOLING SYSTEM -Coolant level:
OKAY

If not okay, explain why and identify the problem. (COOLING SYSTEM -Coolant level):
N A 

Corrective Action Taken::
N A 

COOLING SYSTEM - Belt condition and tension:
OKAY

If not okay, explain why and identify the problem. (COOLING SYSTEM - Belt condition and tension):
N A 

Corrective Action Taken::
N A 

FUEL - Check for leaks:
OKAY

If not okay, explain why and identify the problem. (FUEL - Check for leaks):
N A 

Corrective Action Taken::
N A 

AIR IN-TAKE (Check for leaks):
OKAY

If not okay, explain why and identify the problem. (AIR IN-TAKE :Check for leaks):
N A 

Corrective Action Taken::
N A 

AIR IN-TAKE (Check for air cleaner restriction):
OKAY

If not okay, explain why and identify the problem. (AIR IN-TAKE (Check for air cleaner restriction):
N A 

Corrective Action Taken::
N A 

EXHAUST- Check for leaks:
OKAY

If not okay, explain why and identify the problem. (EXHAUST- Check for leaks):
N A 

Corrective Action Taken::
N A 

ENGINE RELATED - Check for unusual vibration:
OKAY

If not okay, explain why and identify the problem. (ENGINE RELATED - Check for unusual vibration):
N A 

Corrective Action Taken::
N A 

MAIN GENERATOR - Check for air inlet and outlet from restrictions:
OKAY

If not okay, explain why and identify the problem. (MAIN GENERATOR - Check for air inlet and outlet from restrictions):
N A 

Corrective Action Taken::
N A 

MAIN GENERATOR - Check for windings and electrical connections:
OKAY

If not okay, explain why and identify the problem. (MAIN GENERATOR - Check for windings and electrical connections):
N A 

Corrective Action Taken::
N A 

SWITCH GEAR - Check power distribution wiring and connections:
OKAY

If not okay, explain why and identify the problem. (SWITCH GEAR - Check power distribution wiring and connections):
N A 

Corrective Action Taken::
N A 

Actual test run for 1hr with load.:
OKAY

Indicate the time start and end time of the actual test run conducted.:
640.25

Previous reading of running time::
640.25

Present reading of running time::
640.25

Indicate the three (3) line voltages (V) reading::
239v

Indicate the three (3) line amperes (A) reading::
28.18vdc

Indicate the hertz (Hz) reading::
59.99hz

Indicate the oil pressure reading (kPa)::
375kpa

Indicate the oil temperature (°F)::
63°C

Indicate running condition::
Normal

Notes and other concerns::
No 

Diesel Tank Level:
Full tank

If for refill, When will be refill?:
Motor pool 

Available Diesel Stock Level:
800ltr

———————————————
This task was submitted through HATCHERY DIESEL GENERATOR WEEKLY MAINTENANCE CHECKLIST
https://form.asana.com/?k=jTp-bz9f-Np1TvF8ahkxpQ&d=1186399537984407",Hatchery Diesel Genset Weekly Maintenance Checklist,,,,Paul gaudia ,"Oct 26, 2024",1 (375kVA Cummins Genset),,,
"1208582686679046",2024-10-19,,2024-10-19,Paul gaudia ,Untitled section,,,,,,"Name of Maintenance Technician:
Paul gaudia 

Email address:
paul_gaudia@gmail.com 

DATE::
Oct 19, 2024

DIESEL GENERATOR SET #:
2 (275kVA Camda Genset)

LUBRICATION- Check for leaks:
OKAY

If not okay, explain why and identify the problem. (LUBRICATION- Check for leaks):
N A 

Corrective Action Taken::
N A 

LUBRICATION- Check for oil level:
OKAY

If not okay, explain why and identify the problem. (LUBRICATION- Check for oil level):
N A 

Corrective Action Taken::
N A 

COOLING SYSTEM -Check for leaks:
OKAY

If not okay, explain why and identify the problem. (COOLING SYSTEM -Check for leaks):
N A 

Corrective Action Taken:
N A 

COOLING SYSTEM -Check for radiator restriction:
OKAY

If not okay, explain why and identify the problem. (COOLING SYSTEM -Check for radiator restriction):
N A 

Corrective Action Taken::
N A 

COOLING SYSTEM -Check for hose and connections:
OKAY

If not okay, explain why and identify the problem. (COOLING SYSTEM -Check for hose and connections):
N A 

Corrective Action Taken:
N A 

COOLING SYSTEM -Coolant level:
OKAY

If not okay, explain why and identify the problem. (COOLING SYSTEM -Coolant level):
N A 

Corrective Action Taken::
N A 

COOLING SYSTEM - Belt condition and tension:
OKAY

If not okay, explain why and identify the problem. (COOLING SYSTEM - Belt condition and tension):
N A 

Corrective Action Taken::
N A 

FUEL - Check for leaks:
OKAY

If not okay, explain why and identify the problem. (FUEL - Check for leaks):
N A 

Corrective Action Taken::
N A 

AIR IN-TAKE (Check for leaks):
OKAY

If not okay, explain why and identify the problem. (AIR IN-TAKE :Check for leaks):
N A 

Corrective Action Taken::
N A 

AIR IN-TAKE (Check for air cleaner restriction):
OKAY

If not okay, explain why and identify the problem. (AIR IN-TAKE (Check for air cleaner restriction):
N A 

Corrective Action Taken::
N A 

EXHAUST- Check for leaks:
OKAY

If not okay, explain why and identify the problem. (EXHAUST- Check for leaks):
N A 

Corrective Action Taken::
N A 

ENGINE RELATED - Check for unusual vibration:
OKAY

If not okay, explain why and identify the problem. (ENGINE RELATED - Check for unusual vibration):
N A 

Corrective Action Taken::
N A 

MAIN GENERATOR - Check for air inlet and outlet from restrictions:
OKAY

If not okay, explain why and identify the problem. (MAIN GENERATOR - Check for air inlet and outlet from restrictions):
N A 

Corrective Action Taken::
N A 

MAIN GENERATOR - Check for windings and electrical connections:
OKAY

If not okay, explain why and identify the problem. (MAIN GENERATOR - Check for windings and electrical connections):
N A 

Corrective Action Taken::
N A 

SWITCH GEAR - Check power distribution wiring and connections:
OKAY

If not okay, explain why and identify the problem. (SWITCH GEAR - Check power distribution wiring and connections):
N A 

Corrective Action Taken::
N A 

Actual test run for 1hr with load.:
OKAY

Indicate the time start and end time of the actual test run conducted.:
621.1

Previous reading of running time::
621.1

Present reading of running time::
621.1

Indicate the three (3) line voltages (V) reading::
230v

Indicate the three (3) line amperes (A) reading::
28.10vdc

Indicate the hertz (Hz) reading::
60.2hz

Indicate the oil pressure reading (kPa)::
275kva

Indicate the oil temperature (°F)::
55°C

Indicate running condition::
Normal

Notes and other concerns::
N A 

Diesel Tank Level:
Full tank

If for refill, When will be refill?:
Motor pool 

Available Diesel Stock Level:
800ltr

———————————————
This task was submitted through HATCHERY DIESEL GENERATOR WEEKLY MAINTENANCE CHECKLIST
https://form.asana.com/?k=jTp-bz9f-Np1TvF8ahkxpQ&d=1186399537984407",Hatchery Diesel Genset Weekly Maintenance Checklist,,,,Paul gaudia ,"Oct 19, 2024",2 (275kVA Camda Genset),,,
"1208582684226171",2024-10-19,,2024-10-19,Paul gaudia ,Untitled section,,,,,,"Name of Maintenance Technician:
Paul gaudia 

Email address:
paul_gaudia@gmail.com 

DATE::
Oct 19, 2024

DIESEL GENERATOR SET #:
1 (375kVA Cummins Genset)

LUBRICATION- Check for leaks:
OKAY

If not okay, explain why and identify the problem. (LUBRICATION- Check for leaks):
N A 

Corrective Action Taken::
N A 

LUBRICATION- Check for oil level:
OKAY

If not okay, explain why and identify the problem. (LUBRICATION- Check for oil level):
N A 

Corrective Action Taken::
N A 

COOLING SYSTEM -Check for leaks:
OKAY

If not okay, explain why and identify the problem. (COOLING SYSTEM -Check for leaks):
N A 

Corrective Action Taken:
N A 

COOLING SYSTEM -Check for radiator restriction:
OKAY

If not okay, explain why and identify the problem. (COOLING SYSTEM -Check for radiator restriction):
N A 

Corrective Action Taken::
N A 

COOLING SYSTEM -Check for hose and connections:
OKAY

If not okay, explain why and identify the problem. (COOLING SYSTEM -Check for hose and connections):
N A 

Corrective Action Taken:
N A 

COOLING SYSTEM -Coolant level:
OKAY

If not okay, explain why and identify the problem. (COOLING SYSTEM -Coolant level):
N A 

Corrective Action Taken::
N A 

COOLING SYSTEM - Belt condition and tension:
OKAY

If not okay, explain why and identify the problem. (COOLING SYSTEM - Belt condition and tension):
N A 

Corrective Action Taken::
N A 

FUEL - Check for leaks:
OKAY

If not okay, explain why and identify the problem. (FUEL - Check for leaks):
N A 

Corrective Action Taken::
N A 

AIR IN-TAKE (Check for leaks):
OKAY

If not okay, explain why and identify the problem. (AIR IN-TAKE :Check for leaks):
N A 

Corrective Action Taken::
N A 

AIR IN-TAKE (Check for air cleaner restriction):
OKAY

If not okay, explain why and identify the problem. (AIR IN-TAKE (Check for air cleaner restriction):
N A 

Corrective Action Taken::
N A 

EXHAUST- Check for leaks:
OKAY

If not okay, explain why and identify the problem. (EXHAUST- Check for leaks):
N A 

Corrective Action Taken::
N A 

ENGINE RELATED - Check for unusual vibration:
OKAY

If not okay, explain why and identify the problem. (ENGINE RELATED - Check for unusual vibration):
N A 

Corrective Action Taken::
N A 

MAIN GENERATOR - Check for air inlet and outlet from restrictions:
OKAY

If not okay, explain why and identify the problem. (MAIN GENERATOR - Check for air inlet and outlet from restrictions):
N A 

Corrective Action Taken::
N A 

MAIN GENERATOR - Check for windings and electrical connections:
OKAY

If not okay, explain why and identify the problem. (MAIN GENERATOR - Check for windings and electrical connections):
N A 

Corrective Action Taken::
N A 

SWITCH GEAR - Check power distribution wiring and connections:
OKAY

If not okay, explain why and identify the problem. (SWITCH GEAR - Check power distribution wiring and connections):
N A 

Corrective Action Taken::
N A 

Actual test run for 1hr with load.:
OKAY

Indicate the time start and end time of the actual test run conducted.:
639.65

Previous reading of running time::
639.65

Present reading of running time::
639.65

Indicate the three (3) line voltages (V) reading::
239v

Indicate the three (3) line amperes (A) reading::
28.18vdc

Indicate the hertz (Hz) reading::
59.99hz

Indicate the oil pressure reading (kPa)::
375kpa

Indicate the oil temperature (°F)::
55°C

Indicate running condition::
Normal

Notes and other concerns::
N A 

Diesel Tank Level:
Full tank

If for refill, When will be refill?:
Motor pool 

Available Diesel Stock Level:
800ltr

———————————————
This task was submitted through HATCHERY DIESEL GENERATOR WEEKLY MAINTENANCE CHECKLIST
https://form.asana.com/?k=jTp-bz9f-Np1TvF8ahkxpQ&d=1186399537984407",Hatchery Diesel Genset Weekly Maintenance Checklist,,,,Paul gaudia ,"Oct 19, 2024",1 (375kVA Cummins Genset),,,
"1208533396946169",2024-10-12,,2024-10-12,Paul gaudia ,Untitled section,,,,,,"Name of Maintenance Technician:
Paul gaudia 

Email address:
paul_gaudia@gmail.com 

DATE::
Oct 12, 2024

DIESEL GENERATOR SET #:
2 (275kVA Camda Genset)

LUBRICATION- Check for leaks:
OKAY

If not okay, explain why and identify the problem. (LUBRICATION- Check for leaks):
N A 

Corrective Action Taken::
N A 

LUBRICATION- Check for oil level:
OKAY

If not okay, explain why and identify the problem. (LUBRICATION- Check for oil level):
N A 

Corrective Action Taken::
N A 

COOLING SYSTEM -Check for leaks:
OKAY

If not okay, explain why and identify the problem. (COOLING SYSTEM -Check for leaks):
N A 

Corrective Action Taken:
N A 

COOLING SYSTEM -Check for radiator restriction:
OKAY

If not okay, explain why and identify the problem. (COOLING SYSTEM -Check for radiator restriction):
N A 

Corrective Action Taken::
N A 

COOLING SYSTEM -Check for hose and connections:
OKAY

If not okay, explain why and identify the problem. (COOLING SYSTEM -Check for hose and connections):
N A 

Corrective Action Taken:
N A 

COOLING SYSTEM -Coolant level:
OKAY

If not okay, explain why and identify the problem. (COOLING SYSTEM -Coolant level):
N A 

Corrective Action Taken::
N A 

COOLING SYSTEM - Belt condition and tension:
OKAY

If not okay, explain why and identify the problem. (COOLING SYSTEM - Belt condition and tension):
N A 

Corrective Action Taken::
N A 

FUEL - Check for leaks:
OKAY

If not okay, explain why and identify the problem. (FUEL - Check for leaks):
N A 

Corrective Action Taken::
N A 

AIR IN-TAKE (Check for leaks):
OKAY

If not okay, explain why and identify the problem. (AIR IN-TAKE :Check for leaks):
N A 

Corrective Action Taken::
N A 

AIR IN-TAKE (Check for air cleaner restriction):
OKAY

If not okay, explain why and identify the problem. (AIR IN-TAKE (Check for air cleaner restriction):
N A 

Corrective Action Taken::
N A 

EXHAUST- Check for leaks:
OKAY

If not okay, explain why and identify the problem. (EXHAUST- Check for leaks):
N A 

Corrective Action Taken::
N A 

ENGINE RELATED - Check for unusual vibration:
OKAY

If not okay, explain why and identify the problem. (ENGINE RELATED - Check for unusual vibration):
N A 

Corrective Action Taken::
N A 

MAIN GENERATOR - Check for air inlet and outlet from restrictions:
OKAY

If not okay, explain why and identify the problem. (MAIN GENERATOR - Check for air inlet and outlet from restrictions):
N A 

Corrective Action Taken::
N A 

MAIN GENERATOR - Check for windings and electrical connections:
OKAY

If not okay, explain why and identify the problem. (MAIN GENERATOR - Check for windings and electrical connections):
N A 

Corrective Action Taken::
N A 

SWITCH GEAR - Check power distribution wiring and connections:
OKAY

If not okay, explain why and identify the problem. (SWITCH GEAR - Check power distribution wiring and connections):
N A 

Corrective Action Taken::
N A 

Actual test run for 1hr with load.:
OKAY

Indicate the time start and end time of the actual test run conducted.:
620.9

Previous reading of running time::
620.9

Present reading of running time::
620.9

Indicate the three (3) line voltages (V) reading::
230v

Indicate the three (3) line amperes (A) reading::
28.10vdc

Indicate the hertz (Hz) reading::
60.2hz

Indicate the oil pressure reading (kPa)::
275kva

Indicate the oil temperature (°F)::
63°C

Indicate running condition::
Normal

Notes and other concerns::
N A 

Diesel Tank Level:
Full tank

If for refill, When will be refill?:
Motor pool 

Available Diesel Stock Level:
800ltr

———————————————
This task was submitted through HATCHERY DIESEL GENERATOR WEEKLY MAINTENANCE CHECKLIST
https://form.asana.com/?k=jTp-bz9f-Np1TvF8ahkxpQ&d=1186399537984407",Hatchery Diesel Genset Weekly Maintenance Checklist,,,,Paul gaudia ,"Oct 12, 2024",2 (275kVA Camda Genset),,,
"1208533523641226",2024-10-12,,2024-10-12,Paul gaudia ,Untitled section,,,,,,"Name of Maintenance Technician:
Paul gaudia 

Email address:
paul_gaudia@gmail.com 

DATE::
Oct 12, 2024

DIESEL GENERATOR SET #:
1 (375kVA Cummins Genset)

LUBRICATION- Check for leaks:
OKAY

If not okay, explain why and identify the problem. (LUBRICATION- Check for leaks):
N A 

Corrective Action Taken::
N A 

LUBRICATION- Check for oil level:
OKAY

If not okay, explain why and identify the problem. (LUBRICATION- Check for oil level):
N A 

Corrective Action Taken::
N A 

COOLING SYSTEM -Check for leaks:
OKAY

If not okay, explain why and identify the problem. (COOLING SYSTEM -Check for leaks):
N A 

Corrective Action Taken:
N A 

COOLING SYSTEM -Check for radiator restriction:
OKAY

If not okay, explain why and identify the problem. (COOLING SYSTEM -Check for radiator restriction):
N A 

Corrective Action Taken::
N A 

COOLING SYSTEM -Check for hose and connections:
OKAY

If not okay, explain why and identify the problem. (COOLING SYSTEM -Check for hose and connections):
N A 

Corrective Action Taken:
N A 

COOLING SYSTEM -Coolant level:
OKAY

If not okay, explain why and identify the problem. (COOLING SYSTEM -Coolant level):
N A 

Corrective Action Taken::
N A 

COOLING SYSTEM - Belt condition and tension:
OKAY

If not okay, explain why and identify the problem. (COOLING SYSTEM - Belt condition and tension):
N A 

Corrective Action Taken::
N A 

FUEL - Check for leaks:
OKAY

If not okay, explain why and identify the problem. (FUEL - Check for leaks):
N A 

Corrective Action Taken::
N A 

AIR IN-TAKE (Check for leaks):
OKAY

If not okay, explain why and identify the problem. (AIR IN-TAKE :Check for leaks):
N A 

Corrective Action Taken::
N A 

AIR IN-TAKE (Check for air cleaner restriction):
OKAY

If not okay, explain why and identify the problem. (AIR IN-TAKE (Check for air cleaner restriction):
N A 

Corrective Action Taken::
N A 

EXHAUST- Check for leaks:
OKAY

If not okay, explain why and identify the problem. (EXHAUST- Check for leaks):
N A 

Corrective Action Taken::
N A 

ENGINE RELATED - Check for unusual vibration:
OKAY

If not okay, explain why and identify the problem. (ENGINE RELATED - Check for unusual vibration):
N A 

Corrective Action Taken::
N A 

MAIN GENERATOR - Check for air inlet and outlet from restrictions:
OKAY

If not okay, explain why and identify the problem. (MAIN GENERATOR - Check for air inlet and outlet from restrictions):
N A 

Corrective Action Taken::
N A 

MAIN GENERATOR - Check for windings and electrical connections:
OKAY

If not okay, explain why and identify the problem. (MAIN GENERATOR - Check for windings and electrical connections):
N A 

Corrective Action Taken::
N A 

SWITCH GEAR - Check power distribution wiring and connections:
OKAY

If not okay, explain why and identify the problem. (SWITCH GEAR - Check power distribution wiring and connections):
N A 

Corrective Action Taken::
N A 

Actual test run for 1hr with load.:
OKAY

Indicate the time start and end time of the actual test run conducted.:
639.50

Previous reading of running time::
639.50

Present reading of running time::
639.50

Indicate the three (3) line voltages (V) reading::
239v

Indicate the three (3) line amperes (A) reading::
28.10vdc

Indicate the hertz (Hz) reading::
60.2hz

Indicate the oil pressure reading (kPa)::
375kpa

Indicate the oil temperature (°F)::
68°C

Indicate running condition::
Normal

Notes and other concerns::
N A 

Diesel Tank Level:
Full tank

If for refill, When will be refill?:
Motor pool 

Available Diesel Stock Level:
800ltr

———————————————
This task was submitted through HATCHERY DIESEL GENERATOR WEEKLY MAINTENANCE CHECKLIST
https://form.asana.com/?k=jTp-bz9f-Np1TvF8ahkxpQ&d=1186399537984407",Hatchery Diesel Genset Weekly Maintenance Checklist,,,,Paul gaudia ,"Oct 12, 2024",1 (375kVA Cummins Genset),,,
"1208483180272325",2024-10-05,,2024-10-05,Paul gaudia ,Untitled section,,,,,,"Name of Maintenance Technician:
Paul gaudia 

Email address:
paul_gaudia@gmail.com 

DATE::
Oct 5, 2024

DIESEL GENERATOR SET #:
1 (375kVA Cummins Genset)

LUBRICATION- Check for leaks:
OKAY

If not okay, explain why and identify the problem. (LUBRICATION- Check for leaks):
N A 

Corrective Action Taken::
N A 

LUBRICATION- Check for oil level:
OKAY

If not okay, explain why and identify the problem. (LUBRICATION- Check for oil level):
N A 

Corrective Action Taken::
N A 

COOLING SYSTEM -Check for leaks:
OKAY

If not okay, explain why and identify the problem. (COOLING SYSTEM -Check for leaks):
N A 

Corrective Action Taken:
N A 

COOLING SYSTEM -Check for radiator restriction:
OKAY

If not okay, explain why and identify the problem. (COOLING SYSTEM -Check for radiator restriction):
N A 

Corrective Action Taken::
N A 

COOLING SYSTEM -Check for hose and connections:
OKAY

If not okay, explain why and identify the problem. (COOLING SYSTEM -Check for hose and connections):
N A 

Corrective Action Taken:
N A 

COOLING SYSTEM -Coolant level:
OKAY

If not okay, explain why and identify the problem. (COOLING SYSTEM -Coolant level):
N A 

Corrective Action Taken::
N A 

COOLING SYSTEM - Belt condition and tension:
OKAY

If not okay, explain why and identify the problem. (COOLING SYSTEM - Belt condition and tension):
N A 

Corrective Action Taken::
N A 

FUEL - Check for leaks:
OKAY

If not okay, explain why and identify the problem. (FUEL - Check for leaks):
N A 

Corrective Action Taken::
N A 

AIR IN-TAKE (Check for leaks):
OKAY

If not okay, explain why and identify the problem. (AIR IN-TAKE :Check for leaks):
N A 

Corrective Action Taken::
N A 

AIR IN-TAKE (Check for air cleaner restriction):
OKAY

If not okay, explain why and identify the problem. (AIR IN-TAKE (Check for air cleaner restriction):
N A 

Corrective Action Taken::
N A 

EXHAUST- Check for leaks:
OKAY

If not okay, explain why and identify the problem. (EXHAUST- Check for leaks):
N A 

Corrective Action Taken::
N A 

ENGINE RELATED - Check for unusual vibration:
OKAY

If not okay, explain why and identify the problem. (ENGINE RELATED - Check for unusual vibration):
N A 

Corrective Action Taken::
N A 

MAIN GENERATOR - Check for air inlet and outlet from restrictions:
OKAY

If not okay, explain why and identify the problem. (MAIN GENERATOR - Check for air inlet and outlet from restrictions):
N A 

Corrective Action Taken::
N A 

MAIN GENERATOR - Check for windings and electrical connections:
OKAY

If not okay, explain why and identify the problem. (MAIN GENERATOR - Check for windings and electrical connections):
N A 

Corrective Action Taken::
N A 

SWITCH GEAR - Check power distribution wiring and connections:
OKAY

If not okay, explain why and identify the problem. (SWITCH GEAR - Check power distribution wiring and connections):
N A 

Corrective Action Taken::
N A 

Actual test run for 1hr with load.:
OKAY

Indicate the time start and end time of the actual test run conducted.:
639.35

Previous reading of running time::
639.35

Present reading of running time::
639.35

Indicate the three (3) line voltages (V) reading::
239v

Indicate the three (3) line amperes (A) reading::
28.18vdc

Indicate the hertz (Hz) reading::
59.99hz

Indicate the oil pressure reading (kPa)::
375kpa

Indicate the oil temperature (°F)::
58°C

Indicate running condition::
Normal

Notes and other concerns::
N A 

Diesel Tank Level:
Full tank

If for refill, When will be refill?:
Motor pool 

Available Diesel Stock Level:
800ltr

———————————————
This task was submitted through HATCHERY DIESEL GENERATOR WEEKLY MAINTENANCE CHECKLIST
https://form.asana.com/?k=jTp-bz9f-Np1TvF8ahkxpQ&d=1186399537984407",Hatchery Diesel Genset Weekly Maintenance Checklist,,,,Paul gaudia ,"Oct 5, 2024",1 (375kVA Cummins Genset),,,
"1208366927015048",2024-09-21,,2024-09-21,Paul gaudia ,Untitled section,,,,,,"Name of Maintenance Technician:
Paul gaudia 

Email address:
paul_gaudia@gmail.com 

DATE::
Sep 21, 2024

DIESEL GENERATOR SET #:
1 (375kVA Cummins Genset)

LUBRICATION- Check for leaks:
OKAY

If not okay, explain why and identify the problem. (LUBRICATION- Check for leaks):
N A 

Corrective Action Taken::
N A 

LUBRICATION- Check for oil level:
OKAY

If not okay, explain why and identify the problem. (LUBRICATION- Check for oil level):
N A 

Corrective Action Taken::
N A 

COOLING SYSTEM -Check for leaks:
OKAY

If not okay, explain why and identify the problem. (COOLING SYSTEM -Check for leaks):
N A 

Corrective Action Taken:
N A 

COOLING SYSTEM -Check for radiator restriction:
OKAY

If not okay, explain why and identify the problem. (COOLING SYSTEM -Check for radiator restriction):
N A 

Corrective Action Taken::
N A 

COOLING SYSTEM -Check for hose and connections:
OKAY

If not okay, explain why and identify the problem. (COOLING SYSTEM -Check for hose and connections):
N A 

Corrective Action Taken:
N A 

COOLING SYSTEM -Coolant level:
OKAY

If not okay, explain why and identify the problem. (COOLING SYSTEM -Coolant level):
N A 

Corrective Action Taken::
N A 

COOLING SYSTEM - Belt condition and tension:
OKAY

If not okay, explain why and identify the problem. (COOLING SYSTEM - Belt condition and tension):
N A 

Corrective Action Taken::
N A 

FUEL - Check for leaks:
OKAY

If not okay, explain why and identify the problem. (FUEL - Check for leaks):
N A 

Corrective Action Taken::
N A 

AIR IN-TAKE (Check for leaks):
OKAY

If not okay, explain why and identify the problem. (AIR IN-TAKE :Check for leaks):
N A 

Corrective Action Taken::
N A 

AIR IN-TAKE (Check for air cleaner restriction):
OKAY

If not okay, explain why and identify the problem. (AIR IN-TAKE (Check for air cleaner restriction):
N A 

Corrective Action Taken::
N A 

EXHAUST- Check for leaks:
OKAY

If not okay, explain why and identify the problem. (EXHAUST- Check for leaks):
N A 

Corrective Action Taken::
N A 

ENGINE RELATED - Check for unusual vibration:
OKAY

If not okay, explain why and identify the problem. (ENGINE RELATED - Check for unusual vibration):
N A 

Corrective Action Taken::
N A 

MAIN GENERATOR - Check for air inlet and outlet from restrictions:
OKAY

If not okay, explain why and identify the problem. (MAIN GENERATOR - Check for air inlet and outlet from restrictions):
N A 

Corrective Action Taken::
N A 

MAIN GENERATOR - Check for windings and electrical connections:
OKAY

If not okay, explain why and identify the problem. (MAIN GENERATOR - Check for windings and electrical connections):
N A 

Corrective Action Taken::
N A 

SWITCH GEAR - Check power distribution wiring and connections:
OKAY

If not okay, explain why and identify the problem. (SWITCH GEAR - Check power distribution wiring and connections):
N A 

Corrective Action Taken::
N A 

Actual test run for 1hr with load.:
OKAY

Indicate the time start and end time of the actual test run conducted.:
638.30

Previous reading of running time::
638.30

Present reading of running time::
638.30

Indicate the three (3) line voltages (V) reading::
239v

Indicate the three (3) line amperes (A) reading::
28.18vdc

Indicate the hertz (Hz) reading::
59.99hz

Indicate the oil pressure reading (kPa)::
375kpa

Indicate the oil temperature (°F)::
58°C

Indicate running condition::
Normal

Notes and other concerns::
N A 

Diesel Tank Level:
Half Tank

If for refill, When will be refill?:
Motor pool 

Available Diesel Stock Level:
400ltr

———————————————
This task was submitted through HATCHERY DIESEL GENERATOR WEEKLY MAINTENANCE CHECKLIST
https://form.asana.com/?k=jTp-bz9f-Np1TvF8ahkxpQ&d=1186399537984407",Hatchery Diesel Genset Weekly Maintenance Checklist,,,,Paul gaudia ,"Sep 21, 2024",1 (375kVA Cummins Genset),,,
"1208309097327741",2024-09-14,,2024-09-14,Paul gaudia ,Untitled section,,,,,,"Name of Maintenance Technician:
Paul gaudia 

Email address:
paul_gaudia@gmail.com 

DATE::
Sep 14, 2024

DIESEL GENERATOR SET #:
1 (375kVA Cummins Genset)

LUBRICATION- Check for leaks:
OKAY

If not okay, explain why and identify the problem. (LUBRICATION- Check for leaks):
N A 

Corrective Action Taken::
N A 

LUBRICATION- Check for oil level:
OKAY

If not okay, explain why and identify the problem. (LUBRICATION- Check for oil level):
N A 

Corrective Action Taken::
N A 

COOLING SYSTEM -Check for leaks:
OKAY

If not okay, explain why and identify the problem. (COOLING SYSTEM -Check for leaks):
N A 

Corrective Action Taken:
N A 

COOLING SYSTEM -Check for radiator restriction:
OKAY

If not okay, explain why and identify the problem. (COOLING SYSTEM -Check for radiator restriction):
N A 

Corrective Action Taken::
N A 

COOLING SYSTEM -Check for hose and connections:
OKAY

If not okay, explain why and identify the problem. (COOLING SYSTEM -Check for hose and connections):
N A 

Corrective Action Taken:
N A 

COOLING SYSTEM -Coolant level:
OKAY

If not okay, explain why and identify the problem. (COOLING SYSTEM -Coolant level):
N A 

Corrective Action Taken::
N A 

COOLING SYSTEM - Belt condition and tension:
OKAY

If not okay, explain why and identify the problem. (COOLING SYSTEM - Belt condition and tension):
N A 

Corrective Action Taken::
N A 

FUEL - Check for leaks:
OKAY

If not okay, explain why and identify the problem. (FUEL - Check for leaks):
N A 

Corrective Action Taken::
N A 

AIR IN-TAKE (Check for leaks):
OKAY

If not okay, explain why and identify the problem. (AIR IN-TAKE :Check for leaks):
N A 

Corrective Action Taken::
N A 

AIR IN-TAKE (Check for air cleaner restriction):
OKAY

If not okay, explain why and identify the problem. (AIR IN-TAKE (Check for air cleaner restriction):
N A 

Corrective Action Taken::
N A 

EXHAUST- Check for leaks:
OKAY

If not okay, explain why and identify the problem. (EXHAUST- Check for leaks):
N A 

Corrective Action Taken::
N A 

ENGINE RELATED - Check for unusual vibration:
OKAY

If not okay, explain why and identify the problem. (ENGINE RELATED - Check for unusual vibration):
N A 

Corrective Action Taken::
N A 

MAIN GENERATOR - Check for air inlet and outlet from restrictions:
OKAY

If not okay, explain why and identify the problem. (MAIN GENERATOR - Check for air inlet and outlet from restrictions):
N A 

Corrective Action Taken::
N A 

MAIN GENERATOR - Check for windings and electrical connections:
OKAY

If not okay, explain why and identify the problem. (MAIN GENERATOR - Check for windings and electrical connections):
N A 

Corrective Action Taken::
N A 

SWITCH GEAR - Check power distribution wiring and connections:
OKAY

If not okay, explain why and identify the problem. (SWITCH GEAR - Check power distribution wiring and connections):
N A 

Corrective Action Taken::
N A 

Actual test run for 1hr with load.:
OKAY

Indicate the time start and end time of the actual test run conducted.:
629.60

Previous reading of running time::
629.60

Present reading of running time::
629.60

Indicate the three (3) line voltages (V) reading::
239v

Indicate the three (3) line amperes (A) reading::
28.10vdc

Indicate the hertz (Hz) reading::
59.99hz

Indicate the oil pressure reading (kPa)::
375kpa

Indicate the oil temperature (°F)::
58°C

Indicate running condition::
Normal

Notes and other concerns::
N A 

Diesel Tank Level:
Half Tank

If for refill, When will be refill?:
Motor pool 

Available Diesel Stock Level:
600ltr

———————————————
This task was submitted through HATCHERY DIESEL GENERATOR WEEKLY MAINTENANCE CHECKLIST
https://form.asana.com/?k=jTp-bz9f-Np1TvF8ahkxpQ&d=1186399537984407",Hatchery Diesel Genset Weekly Maintenance Checklist,,,,Paul gaudia ,"Sep 14, 2024",1 (375kVA Cummins Genset),,,
"1208251046293157",2024-09-07,,2024-09-07,Paul gaudia ,Untitled section,,,,,,"Name of Maintenance Technician:
Paul gaudia 

Email address:
paul_gaudia@gmail.com 

DATE::
Sep 7, 2024

DIESEL GENERATOR SET #:
1 (375kVA Cummins Genset)

LUBRICATION- Check for leaks:
OKAY

If not okay, explain why and identify the problem. (LUBRICATION- Check for leaks):
N A 

Corrective Action Taken::
N A 

LUBRICATION- Check for oil level:
OKAY

If not okay, explain why and identify the problem. (LUBRICATION- Check for oil level):
N A 

Corrective Action Taken::
N A 

COOLING SYSTEM -Check for leaks:
OKAY

If not okay, explain why and identify the problem. (COOLING SYSTEM -Check for leaks):
N A 

Corrective Action Taken:
N A 

COOLING SYSTEM -Check for radiator restriction:
OKAY

If not okay, explain why and identify the problem. (COOLING SYSTEM -Check for radiator restriction):
N A 

Corrective Action Taken::
N A 

COOLING SYSTEM -Check for hose and connections:
OKAY

If not okay, explain why and identify the problem. (COOLING SYSTEM -Check for hose and connections):
N A 

Corrective Action Taken:
N A 

COOLING SYSTEM -Coolant level:
OKAY

If not okay, explain why and identify the problem. (COOLING SYSTEM -Coolant level):
N A 

Corrective Action Taken::
N A 

COOLING SYSTEM - Belt condition and tension:
OKAY

If not okay, explain why and identify the problem. (COOLING SYSTEM - Belt condition and tension):
N A 

Corrective Action Taken::
N A 

FUEL - Check for leaks:
OKAY

If not okay, explain why and identify the problem. (FUEL - Check for leaks):
N A 

Corrective Action Taken::
N A 

AIR IN-TAKE (Check for leaks):
OKAY

If not okay, explain why and identify the problem. (AIR IN-TAKE :Check for leaks):
N A 

Corrective Action Taken::
N A 

AIR IN-TAKE (Check for air cleaner restriction):
OKAY

If not okay, explain why and identify the problem. (AIR IN-TAKE (Check for air cleaner restriction):
N A 

Corrective Action Taken::
N A 

EXHAUST- Check for leaks:
OKAY

If not okay, explain why and identify the problem. (EXHAUST- Check for leaks):
N A 

Corrective Action Taken::
N A 

ENGINE RELATED - Check for unusual vibration:
OKAY

If not okay, explain why and identify the problem. (ENGINE RELATED - Check for unusual vibration):
N A 

Corrective Action Taken::
N A 

MAIN GENERATOR - Check for air inlet and outlet from restrictions:
OKAY

If not okay, explain why and identify the problem. (MAIN GENERATOR - Check for air inlet and outlet from restrictions):
N A 

Corrective Action Taken::
N A 

MAIN GENERATOR - Check for windings and electrical connections:
OKAY

If not okay, explain why and identify the problem. (MAIN GENERATOR - Check for windings and electrical connections):
N A 

Corrective Action Taken::
N A 

SWITCH GEAR - Check power distribution wiring and connections:
OKAY

If not okay, explain why and identify the problem. (SWITCH GEAR - Check power distribution wiring and connections):
N A 

Corrective Action Taken::
N A 

Actual test run for 1hr with load.:
OKAY

Indicate the time start and end time of the actual test run conducted.:
629.45

Previous reading of running time::
629.45

Present reading of running time::
629.45

Indicate the three (3) line voltages (V) reading::
239v

Indicate the three (3) line amperes (A) reading::
28.18vdc

Indicate the hertz (Hz) reading::
59.99hz

Indicate the oil pressure reading (kPa)::
375kpa

Indicate the oil temperature (°F)::
58°C

Indicate running condition::
Normal

Notes and other concerns::
N A 

Diesel Tank Level:
Half Tank

If for refill, When will be refill?:
Motor pool 

Available Diesel Stock Level:
600ltr

———————————————
This task was submitted through HATCHERY DIESEL GENERATOR WEEKLY MAINTENANCE CHECKLIST
https://form.asana.com/?k=jTp-bz9f-Np1TvF8ahkxpQ&d=1186399537984407",Hatchery Diesel Genset Weekly Maintenance Checklist,,,,Paul gaudia ,"Sep 7, 2024",1 (375kVA Cummins Genset),,,
"1208195524059160",2024-08-31,,2024-08-31,Paul gaudia ,Untitled section,,,,,,"Name of Maintenance Technician:
Paul gaudia 

Email address:
paul_gaudia@gmail.com 

DATE::
Aug 31, 2024

DIESEL GENERATOR SET #:
2 (275kVA Camda Genset)

LUBRICATION- Check for leaks:
OKAY

If not okay, explain why and identify the problem. (LUBRICATION- Check for leaks):
N A 

Corrective Action Taken::
N A 

LUBRICATION- Check for oil level:
OKAY

If not okay, explain why and identify the problem. (LUBRICATION- Check for oil level):
N A 

Corrective Action Taken::
N A 

COOLING SYSTEM -Check for leaks:
OKAY

If not okay, explain why and identify the problem. (COOLING SYSTEM -Check for leaks):
N A 

Corrective Action Taken:
N A 

COOLING SYSTEM -Check for radiator restriction:
OKAY

If not okay, explain why and identify the problem. (COOLING SYSTEM -Check for radiator restriction):
N A 

Corrective Action Taken::
N A 

COOLING SYSTEM -Check for hose and connections:
OKAY

If not okay, explain why and identify the problem. (COOLING SYSTEM -Check for hose and connections):
N A 

Corrective Action Taken:
N A 

COOLING SYSTEM -Coolant level:
OKAY

If not okay, explain why and identify the problem. (COOLING SYSTEM -Coolant level):
N A 

Corrective Action Taken::
N A 

COOLING SYSTEM - Belt condition and tension:
OKAY

If not okay, explain why and identify the problem. (COOLING SYSTEM - Belt condition and tension):
N A 

Corrective Action Taken::
N A 

FUEL - Check for leaks:
OKAY

If not okay, explain why and identify the problem. (FUEL - Check for leaks):
N A 

Corrective Action Taken::
N A 

AIR IN-TAKE (Check for leaks):
OKAY

If not okay, explain why and identify the problem. (AIR IN-TAKE :Check for leaks):
N A 

Corrective Action Taken::
N A 

AIR IN-TAKE (Check for air cleaner restriction):
OKAY

If not okay, explain why and identify the problem. (AIR IN-TAKE (Check for air cleaner restriction):
N A 

Corrective Action Taken::
N A 

EXHAUST- Check for leaks:
OKAY

If not okay, explain why and identify the problem. (EXHAUST- Check for leaks):
N A 

Corrective Action Taken::
N A 

ENGINE RELATED - Check for unusual vibration:
OKAY

If not okay, explain why and identify the problem. (ENGINE RELATED - Check for unusual vibration):
N A 

Corrective Action Taken::
N A 

MAIN GENERATOR - Check for air inlet and outlet from restrictions:
OKAY

If not okay, explain why and identify the problem. (MAIN GENERATOR - Check for air inlet and outlet from restrictions):
N A 

Corrective Action Taken::
N A 

MAIN GENERATOR - Check for windings and electrical connections:
OKAY

If not okay, explain why and identify the problem. (MAIN GENERATOR - Check for windings and electrical connections):
N A 

Corrective Action Taken::
N A 

SWITCH GEAR - Check power distribution wiring and connections:
OKAY

If not okay, explain why and identify the problem. (SWITCH GEAR - Check power distribution wiring and connections):
N A 

Corrective Action Taken::
N A 

Actual test run for 1hr with load.:
OKAY

Indicate the time start and end time of the actual test run conducted.:
620.8

Previous reading of running time::
620.8

Present reading of running time::
620.8

Indicate the three (3) line voltages (V) reading::
230v

Indicate the three (3) line amperes (A) reading::
28.10vdc

Indicate the hertz (Hz) reading::
60.2hz

Indicate the oil pressure reading (kPa)::
275kva

Indicate the oil temperature (°F)::
55°C

Indicate running condition::
Normal

Notes and other concerns::
N A 

Diesel Tank Level:
Full tank

If for refill, When will be refill?:
Motor pool 

Available Diesel Stock Level:
600ltr

———————————————
This task was submitted through HATCHERY DIESEL GENERATOR WEEKLY MAINTENANCE CHECKLIST
https://form.asana.com/?k=jTp-bz9f-Np1TvF8ahkxpQ&d=1186399537984407",Hatchery Diesel Genset Weekly Maintenance Checklist,,,,Paul gaudia ,"Aug 31, 2024",2 (275kVA Camda Genset),,,
"1208195521510279",2024-08-31,,2024-08-31,Paul gaudia ,Untitled section,,,,,,"Name of Maintenance Technician:
Paul gaudia 

Email address:
paul_gaudia@gmail.com 

DATE::
Aug 31, 2024

DIESEL GENERATOR SET #:
1 (375kVA Cummins Genset)

LUBRICATION- Check for leaks:
OKAY

If not okay, explain why and identify the problem. (LUBRICATION- Check for leaks):
N A 

Corrective Action Taken::
N A 

LUBRICATION- Check for oil level:
OKAY

If not okay, explain why and identify the problem. (LUBRICATION- Check for oil level):
N A 

Corrective Action Taken::
N A 

COOLING SYSTEM -Check for leaks:
OKAY

If not okay, explain why and identify the problem. (COOLING SYSTEM -Check for leaks):
N A 

Corrective Action Taken:
N A 

COOLING SYSTEM -Check for radiator restriction:
OKAY

If not okay, explain why and identify the problem. (COOLING SYSTEM -Check for radiator restriction):
N A 

Corrective Action Taken::
N A 

COOLING SYSTEM -Check for hose and connections:
OKAY

If not okay, explain why and identify the problem. (COOLING SYSTEM -Check for hose and connections):
N A 

Corrective Action Taken:
N A 

COOLING SYSTEM -Coolant level:
OKAY

If not okay, explain why and identify the problem. (COOLING SYSTEM -Coolant level):
N A 

Corrective Action Taken::
N A 

COOLING SYSTEM - Belt condition and tension:
OKAY

If not okay, explain why and identify the problem. (COOLING SYSTEM - Belt condition and tension):
N A 

Corrective Action Taken::
N A 

FUEL - Check for leaks:
OKAY

If not okay, explain why and identify the problem. (FUEL - Check for leaks):
N A 

Corrective Action Taken::
N A 

AIR IN-TAKE (Check for leaks):
OKAY

If not okay, explain why and identify the problem. (AIR IN-TAKE :Check for leaks):
N A 

Corrective Action Taken::
N A 

AIR IN-TAKE (Check for air cleaner restriction):
OKAY

If not okay, explain why and identify the problem. (AIR IN-TAKE (Check for air cleaner restriction):
N A 

Corrective Action Taken::
N A 

EXHAUST- Check for leaks:
OKAY

If not okay, explain why and identify the problem. (EXHAUST- Check for leaks):
N A 

Corrective Action Taken::
N A 

ENGINE RELATED - Check for unusual vibration:
OKAY

If not okay, explain why and identify the problem. (ENGINE RELATED - Check for unusual vibration):
N A 

Corrective Action Taken::
N A 

MAIN GENERATOR - Check for air inlet and outlet from restrictions:
OKAY

If not okay, explain why and identify the problem. (MAIN GENERATOR - Check for air inlet and outlet from restrictions):
N A 

Corrective Action Taken::
N A 

MAIN GENERATOR - Check for windings and electrical connections:
OKAY

If not okay, explain why and identify the problem. (MAIN GENERATOR - Check for windings and electrical connections):
N A 

Corrective Action Taken::
N A 

SWITCH GEAR - Check power distribution wiring and connections:
OKAY

If not okay, explain why and identify the problem. (SWITCH GEAR - Check power distribution wiring and connections):
N A 

Corrective Action Taken::
N A 

Actual test run for 1hr with load.:
OKAY

Indicate the time start and end time of the actual test run conducted.:
628.30

Previous reading of running time::
628.30

Present reading of running time::
628.30

Indicate the three (3) line voltages (V) reading::
239v

Indicate the three (3) line amperes (A) reading::
28.10vdc

Indicate the hertz (Hz) reading::
59.99hz

Indicate the oil pressure reading (kPa)::
375kpa

Indicate the oil temperature (°F)::
55°C

Indicate running condition::
Normal

Notes and other concerns::
N A 

Diesel Tank Level:
Half Tank

If for refill, When will be refill?:
Motor pool 

Available Diesel Stock Level:
600ltr

———————————————
This task was submitted through HATCHERY DIESEL GENERATOR WEEKLY MAINTENANCE CHECKLIST
https://form.asana.com/?k=jTp-bz9f-Np1TvF8ahkxpQ&d=1186399537984407",Hatchery Diesel Genset Weekly Maintenance Checklist,,,,Paul gaudia ,"Aug 31, 2024",1 (375kVA Cummins Genset),,,
"1208081290458078",2024-08-17,,2024-08-17,Paul gaudia ,Untitled section,,,,,,"Name of Maintenance Technician:
Paul gaudia 

Email address:
paul_gaudia@gmail.com 

DATE::
Aug 17, 2024

DIESEL GENERATOR SET #:
1 (375kVA Cummins Genset)

LUBRICATION- Check for leaks:
OKAY

If not okay, explain why and identify the problem. (LUBRICATION- Check for leaks):
N A 

Corrective Action Taken::
N A 

LUBRICATION- Check for oil level:
OKAY

If not okay, explain why and identify the problem. (LUBRICATION- Check for oil level):
N A 

Corrective Action Taken::
N A 

COOLING SYSTEM -Check for leaks:
OKAY

If not okay, explain why and identify the problem. (COOLING SYSTEM -Check for leaks):
N A 

Corrective Action Taken:
N A 

COOLING SYSTEM -Check for radiator restriction:
OKAY

If not okay, explain why and identify the problem. (COOLING SYSTEM -Check for radiator restriction):
N A 

Corrective Action Taken::
N A 

COOLING SYSTEM -Check for hose and connections:
OKAY

If not okay, explain why and identify the problem. (COOLING SYSTEM -Check for hose and connections):
N A 

Corrective Action Taken:
N A 

COOLING SYSTEM -Coolant level:
OKAY

If not okay, explain why and identify the problem. (COOLING SYSTEM -Coolant level):
N A 

Corrective Action Taken::
N A 

COOLING SYSTEM - Belt condition and tension:
OKAY

If not okay, explain why and identify the problem. (COOLING SYSTEM - Belt condition and tension):
N A 

Corrective Action Taken::
N A 

FUEL - Check for leaks:
OKAY

If not okay, explain why and identify the problem. (FUEL - Check for leaks):
N A 

Corrective Action Taken::
N A 

AIR IN-TAKE (Check for leaks):
OKAY

If not okay, explain why and identify the problem. (AIR IN-TAKE :Check for leaks):
N A 

Corrective Action Taken::
N A 

AIR IN-TAKE (Check for air cleaner restriction):
OKAY

If not okay, explain why and identify the problem. (AIR IN-TAKE (Check for air cleaner restriction):
N A 

Corrective Action Taken::
N A 

EXHAUST- Check for leaks:
OKAY

If not okay, explain why and identify the problem. (EXHAUST- Check for leaks):
N A 

Corrective Action Taken::
N A 

ENGINE RELATED - Check for unusual vibration:
OKAY

If not okay, explain why and identify the problem. (ENGINE RELATED - Check for unusual vibration):
N A 

Corrective Action Taken::
N A 

MAIN GENERATOR - Check for air inlet and outlet from restrictions:
OKAY

If not okay, explain why and identify the problem. (MAIN GENERATOR - Check for air inlet and outlet from restrictions):
N A 

Corrective Action Taken::
N A 

MAIN GENERATOR - Check for windings and electrical connections:
OKAY

If not okay, explain why and identify the problem. (MAIN GENERATOR - Check for windings and electrical connections):
N A 

Corrective Action Taken::
N A 

SWITCH GEAR - Check power distribution wiring and connections:
OKAY

If not okay, explain why and identify the problem. (SWITCH GEAR - Check power distribution wiring and connections):
N A 

Corrective Action Taken::
N A 

Actual test run for 1hr with load.:
OKAY

Indicate the time start and end time of the actual test run conducted.:
626.35

Previous reading of running time::
626.35

Present reading of running time::
626.35

Indicate the three (3) line voltages (V) reading::
239v

Indicate the three (3) line amperes (A) reading::
28.18vdc

Indicate the hertz (Hz) reading::
59.99hz

Indicate the oil pressure reading (kPa)::
375kpa

Indicate the oil temperature (°F)::
55°C

Indicate running condition::
Normal

Notes and other concerns::
N A 

Diesel Tank Level:
Half Tank

If for refill, When will be refill?:
Motor pool 

Available Diesel Stock Level:
600ltr

———————————————
This task was submitted through HATCHERY DIESEL GENERATOR WEEKLY MAINTENANCE CHECKLIST
https://form.asana.com/?k=jTp-bz9f-Np1TvF8ahkxpQ&d=1186399537984407",Hatchery Diesel Genset Weekly Maintenance Checklist,,,,Paul gaudia ,"Aug 17, 2024",1 (375kVA Cummins Genset),,,
"1207911135530667",2024-07-27,,2024-07-27,Paul gaudia ,Untitled section,,,,,,"Name of Maintenance Technician:
Paul gaudia 

Email address:
paul_gaudia@gmail.com 

DATE::
Jul 27, 2024

DIESEL GENERATOR SET #:
2 (275kVA Camda Genset)

LUBRICATION- Check for leaks:
OKAY

If not okay, explain why and identify the problem. (LUBRICATION- Check for leaks):
N A 

Corrective Action Taken::
N A 

LUBRICATION- Check for oil level:
OKAY

If not okay, explain why and identify the problem. (LUBRICATION- Check for oil level):
N A 

Corrective Action Taken::
N A 

COOLING SYSTEM -Check for leaks:
OKAY

If not okay, explain why and identify the problem. (COOLING SYSTEM -Check for leaks):
N A 

Corrective Action Taken:
N A 

COOLING SYSTEM -Check for radiator restriction:
OKAY

If not okay, explain why and identify the problem. (COOLING SYSTEM -Check for radiator restriction):
N A 

Corrective Action Taken::
N A 

COOLING SYSTEM -Check for hose and connections:
OKAY

If not okay, explain why and identify the problem. (COOLING SYSTEM -Check for hose and connections):
N A 

Corrective Action Taken:
N A 

COOLING SYSTEM -Coolant level:
OKAY

If not okay, explain why and identify the problem. (COOLING SYSTEM -Coolant level):
N A 

Corrective Action Taken::
N A 

COOLING SYSTEM - Belt condition and tension:
OKAY

If not okay, explain why and identify the problem. (COOLING SYSTEM - Belt condition and tension):
N A 

Corrective Action Taken::
N A 

FUEL - Check for leaks:
OKAY

If not okay, explain why and identify the problem. (FUEL - Check for leaks):
N A 

Corrective Action Taken::
N A 

AIR IN-TAKE (Check for leaks):
OKAY

If not okay, explain why and identify the problem. (AIR IN-TAKE :Check for leaks):
N A 

Corrective Action Taken::
N A 

AIR IN-TAKE (Check for air cleaner restriction):
OKAY

If not okay, explain why and identify the problem. (AIR IN-TAKE (Check for air cleaner restriction):
N A 

Corrective Action Taken::
N A 

EXHAUST- Check for leaks:
OKAY

If not okay, explain why and identify the problem. (EXHAUST- Check for leaks):
N A 

Corrective Action Taken::
N A 

ENGINE RELATED - Check for unusual vibration:
OKAY

If not okay, explain why and identify the problem. (ENGINE RELATED - Check for unusual vibration):
N A 

Corrective Action Taken::
N A 

MAIN GENERATOR - Check for air inlet and outlet from restrictions:
OKAY

If not okay, explain why and identify the problem. (MAIN GENERATOR - Check for air inlet and outlet from restrictions):
N A 

Corrective Action Taken::
N A 

MAIN GENERATOR - Check for windings and electrical connections:
OKAY

If not okay, explain why and identify the problem. (MAIN GENERATOR - Check for windings and electrical connections):
N A 

Corrective Action Taken::
N A 

SWITCH GEAR - Check power distribution wiring and connections:
OKAY

If not okay, explain why and identify the problem. (SWITCH GEAR - Check power distribution wiring and connections):
N A 

Corrective Action Taken::
N A 

Actual test run for 1hr with load.:
OKAY

Indicate the time start and end time of the actual test run conducted.:
620.5

Previous reading of running time::
620.5

Present reading of running time::
620.5

Indicate the three (3) line voltages (V) reading::
230v

Indicate the three (3) line amperes (A) reading::
28.18vdc

Indicate the hertz (Hz) reading::
60.2hz

Indicate the oil pressure reading (kPa)::
275kva

Indicate the oil temperature (°F)::
55°C

Indicate running condition::
Normal

Notes and other concerns::
N A 

Diesel Tank Level:
Full tank

If for refill, When will be refill?:
Motor pool 

Available Diesel Stock Level:
800ltr

———————————————
This task was submitted through HATCHERY DIESEL GENERATOR WEEKLY MAINTENANCE CHECKLIST
https://form.asana.com/?k=jTp-bz9f-Np1TvF8ahkxpQ&d=1186399537984407",Hatchery Diesel Genset Weekly Maintenance Checklist,,,,Paul gaudia ,"Jul 27, 2024",2 (275kVA Camda Genset),,,
"1207911129553449",2024-07-27,,2024-07-27,Paul gaudia ,Untitled section,,,,,,"Name of Maintenance Technician:
Paul gaudia 

Email address:
paul_gaudia@gmail.com 

DATE::
Jul 27, 2024

DIESEL GENERATOR SET #:
1 (375kVA Cummins Genset)

LUBRICATION- Check for leaks:
OKAY

If not okay, explain why and identify the problem. (LUBRICATION- Check for leaks):
N A 

Corrective Action Taken::
N A 

LUBRICATION- Check for oil level:
OKAY

If not okay, explain why and identify the problem. (LUBRICATION- Check for oil level):
N A 

Corrective Action Taken::
N A 

COOLING SYSTEM -Check for leaks:
OKAY

If not okay, explain why and identify the problem. (COOLING SYSTEM -Check for leaks):
N A 

Corrective Action Taken:
N A 

COOLING SYSTEM -Check for radiator restriction:
OKAY

If not okay, explain why and identify the problem. (COOLING SYSTEM -Check for radiator restriction):
N A 

Corrective Action Taken::
N A 

COOLING SYSTEM -Check for hose and connections:
OKAY

If not okay, explain why and identify the problem. (COOLING SYSTEM -Check for hose and connections):
N A 

Corrective Action Taken:
N A 

COOLING SYSTEM -Coolant level:
OKAY

If not okay, explain why and identify the problem. (COOLING SYSTEM -Coolant level):
N A 

Corrective Action Taken::
N A 

COOLING SYSTEM - Belt condition and tension:
OKAY

If not okay, explain why and identify the problem. (COOLING SYSTEM - Belt condition and tension):
N A 

Corrective Action Taken::
N A 

FUEL - Check for leaks:
OKAY

If not okay, explain why and identify the problem. (FUEL - Check for leaks):
N A 

Corrective Action Taken::
N A 

AIR IN-TAKE (Check for leaks):
OKAY

If not okay, explain why and identify the problem. (AIR IN-TAKE :Check for leaks):
N A 

Corrective Action Taken::
N A 

AIR IN-TAKE (Check for air cleaner restriction):
OKAY

If not okay, explain why and identify the problem. (AIR IN-TAKE (Check for air cleaner restriction):
N A 

Corrective Action Taken::
N A 

EXHAUST- Check for leaks:
OKAY

If not okay, explain why and identify the problem. (EXHAUST- Check for leaks):
N A 

Corrective Action Taken::
N A 

ENGINE RELATED - Check for unusual vibration:
OKAY

If not okay, explain why and identify the problem. (ENGINE RELATED - Check for unusual vibration):
N A 

Corrective Action Taken::
N A 

MAIN GENERATOR - Check for air inlet and outlet from restrictions:
OKAY

If not okay, explain why and identify the problem. (MAIN GENERATOR - Check for air inlet and outlet from restrictions):
N A 

Corrective Action Taken::
N A 

MAIN GENERATOR - Check for windings and electrical connections:
OKAY

If not okay, explain why and identify the problem. (MAIN GENERATOR - Check for windings and electrical connections):
N A 

Corrective Action Taken::
N A 

SWITCH GEAR - Check power distribution wiring and connections:
OKAY

If not okay, explain why and identify the problem. (SWITCH GEAR - Check power distribution wiring and connections):
N A 

Corrective Action Taken::
N A 

Actual test run for 1hr with load.:
OKAY

Indicate the time start and end time of the actual test run conducted.:
613.50

Previous reading of running time::
613.50

Present reading of running time::
613.50

Indicate the three (3) line voltages (V) reading::
239v

Indicate the three (3) line amperes (A) reading::
28.10vdc

Indicate the hertz (Hz) reading::
59.99hz

Indicate the oil pressure reading (kPa)::
375kpa

Indicate the oil temperature (°F)::
58°C

Indicate running condition::
Normal

Notes and other concerns::
N A 

Diesel Tank Level:
Half Tank

If for refill, When will be refill?:
Motor pool 

Available Diesel Stock Level:
800ltr

———————————————
This task was submitted through HATCHERY DIESEL GENERATOR WEEKLY MAINTENANCE CHECKLIST
https://form.asana.com/?k=jTp-bz9f-Np1TvF8ahkxpQ&d=1186399537984407",Hatchery Diesel Genset Weekly Maintenance Checklist,,,,Paul gaudia ,"Jul 27, 2024",1 (375kVA Cummins Genset),,,
"1207859110172383",2024-07-20,,2024-07-20,Paul gaudia ,Untitled section,,,,,,"Name of Maintenance Technician:
Paul gaudia 

Email address:
paul_gaudia@gmail.com 

DATE::
Jul 20, 2024

DIESEL GENERATOR SET #:
1 (375kVA Cummins Genset)

LUBRICATION- Check for leaks:
OKAY

If not okay, explain why and identify the problem. (LUBRICATION- Check for leaks):
N A 

Corrective Action Taken::
N A 

LUBRICATION- Check for oil level:
OKAY

If not okay, explain why and identify the problem. (LUBRICATION- Check for oil level):
N A 

Corrective Action Taken::
N A 

COOLING SYSTEM -Check for leaks:
OKAY

If not okay, explain why and identify the problem. (COOLING SYSTEM -Check for leaks):
N A 

Corrective Action Taken:
N A 

COOLING SYSTEM -Check for radiator restriction:
OKAY

If not okay, explain why and identify the problem. (COOLING SYSTEM -Check for radiator restriction):
N A 

Corrective Action Taken::
N A 

COOLING SYSTEM -Check for hose and connections:
OKAY

If not okay, explain why and identify the problem. (COOLING SYSTEM -Check for hose and connections):
N A 

Corrective Action Taken:
N A 

COOLING SYSTEM -Coolant level:
OKAY

If not okay, explain why and identify the problem. (COOLING SYSTEM -Coolant level):
N A 

Corrective Action Taken::
N A 

COOLING SYSTEM - Belt condition and tension:
OKAY

If not okay, explain why and identify the problem. (COOLING SYSTEM - Belt condition and tension):
N A 

Corrective Action Taken::
N A 

FUEL - Check for leaks:
OKAY

If not okay, explain why and identify the problem. (FUEL - Check for leaks):
N A 

Corrective Action Taken::
N A 

AIR IN-TAKE (Check for leaks):
OKAY

If not okay, explain why and identify the problem. (AIR IN-TAKE :Check for leaks):
N A 

Corrective Action Taken::
N A 

AIR IN-TAKE (Check for air cleaner restriction):
OKAY

If not okay, explain why and identify the problem. (AIR IN-TAKE (Check for air cleaner restriction):
N A 

Corrective Action Taken::
N A 

EXHAUST- Check for leaks:
OKAY

If not okay, explain why and identify the problem. (EXHAUST- Check for leaks):
N A 

Corrective Action Taken::
N A 

ENGINE RELATED - Check for unusual vibration:
OKAY

If not okay, explain why and identify the problem. (ENGINE RELATED - Check for unusual vibration):
N A 

Corrective Action Taken::
N A 

MAIN GENERATOR - Check for air inlet and outlet from restrictions:
OKAY

If not okay, explain why and identify the problem. (MAIN GENERATOR - Check for air inlet and outlet from restrictions):
N A 

Corrective Action Taken::
N A 

MAIN GENERATOR - Check for windings and electrical connections:
OKAY

If not okay, explain why and identify the problem. (MAIN GENERATOR - Check for windings and electrical connections):
N A 

Corrective Action Taken::
N A 

SWITCH GEAR - Check power distribution wiring and connections:
OKAY

If not okay, explain why and identify the problem. (SWITCH GEAR - Check power distribution wiring and connections):
N A 

Corrective Action Taken::
N A 

Actual test run for 1hr with load.:
OKAY

Indicate the time start and end time of the actual test run conducted.:
613.45

Previous reading of running time::
613.45

Present reading of running time::
613.45

Indicate the three (3) line voltages (V) reading::
239v

Indicate the three (3) line amperes (A) reading::
28.18vdc

Indicate the hertz (Hz) reading::
59.99hz

Indicate the oil pressure reading (kPa)::
375kpa

Indicate the oil temperature (°F)::
71°C

Indicate running condition::
Normal

Notes and other concerns::
N A 

Diesel Tank Level:
Half Tank

If for refill, When will be refill?:
Motor pool 

Available Diesel Stock Level:
800ltr

———————————————
This task was submitted through HATCHERY DIESEL GENERATOR WEEKLY MAINTENANCE CHECKLIST
https://form.asana.com/?k=jTp-bz9f-Np1TvF8ahkxpQ&d=1186399537984407",Hatchery Diesel Genset Weekly Maintenance Checklist,,,,Paul gaudia ,"Jul 20, 2024",1 (375kVA Cummins Genset),,,
"1207801737789989",2024-07-13,,2024-07-13,Paul gaudia ,Untitled section,,,,,,"Name of Maintenance Technician:
Paul gaudia 

Email address:
paul_gaudia@gmail.com 

DATE::
Jul 13, 2024

DIESEL GENERATOR SET #:
2 (275kVA Camda Genset)

LUBRICATION- Check for leaks:
OKAY

If not okay, explain why and identify the problem. (LUBRICATION- Check for leaks):
N A 

Corrective Action Taken::
N A 

LUBRICATION- Check for oil level:
OKAY

If not okay, explain why and identify the problem. (LUBRICATION- Check for oil level):
N A 

Corrective Action Taken::
N A 

COOLING SYSTEM -Check for leaks:
OKAY

If not okay, explain why and identify the problem. (COOLING SYSTEM -Check for leaks):
N A 

Corrective Action Taken:
N A 

COOLING SYSTEM -Check for radiator restriction:
OKAY

If not okay, explain why and identify the problem. (COOLING SYSTEM -Check for radiator restriction):
N A 

Corrective Action Taken::
N A 

COOLING SYSTEM -Check for hose and connections:
OKAY

If not okay, explain why and identify the problem. (COOLING SYSTEM -Check for hose and connections):
N A 

Corrective Action Taken:
N A 

COOLING SYSTEM -Coolant level:
OKAY

If not okay, explain why and identify the problem. (COOLING SYSTEM -Coolant level):
N A 

Corrective Action Taken::
N A 

COOLING SYSTEM - Belt condition and tension:
OKAY

If not okay, explain why and identify the problem. (COOLING SYSTEM - Belt condition and tension):
N A 

Corrective Action Taken::
N A 

FUEL - Check for leaks:
OKAY

If not okay, explain why and identify the problem. (FUEL - Check for leaks):
N A 

Corrective Action Taken::
N A 

AIR IN-TAKE (Check for leaks):
OKAY

If not okay, explain why and identify the problem. (AIR IN-TAKE :Check for leaks):
N A 

Corrective Action Taken::
N A 

AIR IN-TAKE (Check for air cleaner restriction):
OKAY

If not okay, explain why and identify the problem. (AIR IN-TAKE (Check for air cleaner restriction):
N A 

Corrective Action Taken::
N A 

EXHAUST- Check for leaks:
OKAY

If not okay, explain why and identify the problem. (EXHAUST- Check for leaks):
N A 

Corrective Action Taken::
N A 

ENGINE RELATED - Check for unusual vibration:
OKAY

If not okay, explain why and identify the problem. (ENGINE RELATED - Check for unusual vibration):
N A 

Corrective Action Taken::
N A 

MAIN GENERATOR - Check for air inlet and outlet from restrictions:
OKAY

If not okay, explain why and identify the problem. (MAIN GENERATOR - Check for air inlet and outlet from restrictions):
N A 

Corrective Action Taken::
N A 

MAIN GENERATOR - Check for windings and electrical connections:
OKAY

If not okay, explain why and identify the problem. (MAIN GENERATOR - Check for windings and electrical connections):
N A 

Corrective Action Taken::
N A 

SWITCH GEAR - Check power distribution wiring and connections:
OKAY

If not okay, explain why and identify the problem. (SWITCH GEAR - Check power distribution wiring and connections):
N A 

Corrective Action Taken::
N A 

Actual test run for 1hr with load.:
OKAY

Indicate the time start and end time of the actual test run conducted.:
620.5

Previous reading of running time::
620.5

Present reading of running time::
620.5

Indicate the three (3) line voltages (V) reading::
230v

Indicate the three (3) line amperes (A) reading::
28.10vdc

Indicate the hertz (Hz) reading::
60.2hz

Indicate the oil pressure reading (kPa)::
275kva

Indicate the oil temperature (°F)::
72°C

Indicate running condition::
Normal

Notes and other concerns::
N A 

Diesel Tank Level:
Full tank

If for refill, When will be refill?:
Motor pool 

Available Diesel Stock Level:
400ltr

———————————————
This task was submitted through HATCHERY DIESEL GENERATOR WEEKLY MAINTENANCE CHECKLIST
https://form.asana.com/?k=jTp-bz9f-Np1TvF8ahkxpQ&d=1186399537984407",Hatchery Diesel Genset Weekly Maintenance Checklist,,,,Paul gaudia ,"Jul 13, 2024",2 (275kVA Camda Genset),,,
"1207801651477387",2024-07-13,,2024-07-13,Paul gaudia ,Untitled section,,,,,,"Name of Maintenance Technician:
Paul gaudia 

Email address:
paul_gaudia@gmail.com 

DATE::
Jul 13, 2024

DIESEL GENERATOR SET #:
1 (375kVA Cummins Genset)

LUBRICATION- Check for leaks:
OKAY

If not okay, explain why and identify the problem. (LUBRICATION- Check for leaks):
N A 

Corrective Action Taken::
N A 

LUBRICATION- Check for oil level:
OKAY

If not okay, explain why and identify the problem. (LUBRICATION- Check for oil level):
N A 

Corrective Action Taken::
N A 

COOLING SYSTEM -Check for leaks:
OKAY

If not okay, explain why and identify the problem. (COOLING SYSTEM -Check for leaks):
N A 

Corrective Action Taken:
N A 

COOLING SYSTEM -Check for radiator restriction:
OKAY

If not okay, explain why and identify the problem. (COOLING SYSTEM -Check for radiator restriction):
N A 

Corrective Action Taken::
N A 

COOLING SYSTEM -Check for hose and connections:
OKAY

If not okay, explain why and identify the problem. (COOLING SYSTEM -Check for hose and connections):
N A 

Corrective Action Taken:
N A 

COOLING SYSTEM -Coolant level:
OKAY

If not okay, explain why and identify the problem. (COOLING SYSTEM -Coolant level):
N A 

Corrective Action Taken::
N A 

COOLING SYSTEM - Belt condition and tension:
OKAY

If not okay, explain why and identify the problem. (COOLING SYSTEM - Belt condition and tension):
N A 

Corrective Action Taken::
N A 

FUEL - Check for leaks:
OKAY

If not okay, explain why and identify the problem. (FUEL - Check for leaks):
N A 

Corrective Action Taken::
N A 

AIR IN-TAKE (Check for leaks):
OKAY

If not okay, explain why and identify the problem. (AIR IN-TAKE :Check for leaks):
N A 

Corrective Action Taken::
N A 

AIR IN-TAKE (Check for air cleaner restriction):
OKAY

If not okay, explain why and identify the problem. (AIR IN-TAKE (Check for air cleaner restriction):
N A 

Corrective Action Taken::
N A 

EXHAUST- Check for leaks:
OKAY

If not okay, explain why and identify the problem. (EXHAUST- Check for leaks):
N A 

Corrective Action Taken::
N A 

ENGINE RELATED - Check for unusual vibration:
OKAY

If not okay, explain why and identify the problem. (ENGINE RELATED - Check for unusual vibration):
N A 

Corrective Action Taken::
N A 

MAIN GENERATOR - Check for air inlet and outlet from restrictions:
OKAY

If not okay, explain why and identify the problem. (MAIN GENERATOR - Check for air inlet and outlet from restrictions):
N A 

Corrective Action Taken::
N A 

MAIN GENERATOR - Check for windings and electrical connections:
OKAY

If not okay, explain why and identify the problem. (MAIN GENERATOR - Check for windings and electrical connections):
N A 

Corrective Action Taken::
N A 

SWITCH GEAR - Check power distribution wiring and connections:
OKAY

If not okay, explain why and identify the problem. (SWITCH GEAR - Check power distribution wiring and connections):
N A 

Corrective Action Taken::
N A 

Actual test run for 1hr with load.:
OKAY

Indicate the time start and end time of the actual test run conducted.:
611.75

Previous reading of running time::
611.75

Present reading of running time::
611.75

Indicate the three (3) line voltages (V) reading::
239v

Indicate the three (3) line amperes (A) reading::
28.18vdc

Indicate the hertz (Hz) reading::
59.99hz

Indicate the oil pressure reading (kPa)::
375kpa

Indicate the oil temperature (°F)::
72°C

Indicate running condition::
Normal

Notes and other concerns::
N A 

Diesel Tank Level:
Half Tank

If for refill, When will be refill?:
Motor pool 

Available Diesel Stock Level:
400ltr

———————————————
This task was submitted through HATCHERY DIESEL GENERATOR WEEKLY MAINTENANCE CHECKLIST
https://form.asana.com/?k=jTp-bz9f-Np1TvF8ahkxpQ&d=1186399537984407",Hatchery Diesel Genset Weekly Maintenance Checklist,,,,Paul gaudia ,"Jul 13, 2024",1 (375kVA Cummins Genset),,,
"1207748643810279",2024-07-06,,2024-07-06,Paul gaudia ,Untitled section,,,,,,"Name of Maintenance Technician:
Paul gaudia 

Email address:
paul_gaudia@gmail.com 

DATE::
Jul 6, 2024

DIESEL GENERATOR SET #:
2 (275kVA Camda Genset)

LUBRICATION- Check for leaks:
OKAY

If not okay, explain why and identify the problem. (LUBRICATION- Check for leaks):
N A 

Corrective Action Taken::
N A 

LUBRICATION- Check for oil level:
OKAY

If not okay, explain why and identify the problem. (LUBRICATION- Check for oil level):
N A 

Corrective Action Taken::
N A 

COOLING SYSTEM -Check for leaks:
OKAY

If not okay, explain why and identify the problem. (COOLING SYSTEM -Check for leaks):
N A 

Corrective Action Taken:
N A 

COOLING SYSTEM -Check for radiator restriction:
OKAY

If not okay, explain why and identify the problem. (COOLING SYSTEM -Check for radiator restriction):
N A 

Corrective Action Taken::
N A 

COOLING SYSTEM -Check for hose and connections:
OKAY

If not okay, explain why and identify the problem. (COOLING SYSTEM -Check for hose and connections):
N A 

Corrective Action Taken:
N A 

COOLING SYSTEM -Coolant level:
OKAY

If not okay, explain why and identify the problem. (COOLING SYSTEM -Coolant level):
N A 

Corrective Action Taken::
N A 

COOLING SYSTEM - Belt condition and tension:
OKAY

If not okay, explain why and identify the problem. (COOLING SYSTEM - Belt condition and tension):
N A 

Corrective Action Taken::
N A 

FUEL - Check for leaks:
OKAY

If not okay, explain why and identify the problem. (FUEL - Check for leaks):
N A 

Corrective Action Taken::
N A 

AIR IN-TAKE (Check for leaks):
OKAY

If not okay, explain why and identify the problem. (AIR IN-TAKE :Check for leaks):
N A 

Corrective Action Taken::
N A 

AIR IN-TAKE (Check for air cleaner restriction):
OKAY

If not okay, explain why and identify the problem. (AIR IN-TAKE (Check for air cleaner restriction):
N A 

Corrective Action Taken::
N A 

EXHAUST- Check for leaks:
OKAY

If not okay, explain why and identify the problem. (EXHAUST- Check for leaks):
N A 

Corrective Action Taken::
N A 

ENGINE RELATED - Check for unusual vibration:
OKAY

If not okay, explain why and identify the problem. (ENGINE RELATED - Check for unusual vibration):
N A 

Corrective Action Taken::
N A 

MAIN GENERATOR - Check for air inlet and outlet from restrictions:
OKAY

If not okay, explain why and identify the problem. (MAIN GENERATOR - Check for air inlet and outlet from restrictions):
N A 

Corrective Action Taken::
N A 

MAIN GENERATOR - Check for windings and electrical connections:
OKAY

If not okay, explain why and identify the problem. (MAIN GENERATOR - Check for windings and electrical connections):
N A 

Corrective Action Taken::
N A 

SWITCH GEAR - Check power distribution wiring and connections:
OKAY

If not okay, explain why and identify the problem. (SWITCH GEAR - Check power distribution wiring and connections):
N A 

Corrective Action Taken::
N A 

Actual test run for 1hr with load.:
OKAY

Indicate the time start and end time of the actual test run conducted.:
620.3

Previous reading of running time::
620.3

Present reading of running time::
620.3

Indicate the three (3) line voltages (V) reading::
230v

Indicate the three (3) line amperes (A) reading::
28.10vdc

Indicate the hertz (Hz) reading::
60hz

Indicate the oil pressure reading (kPa)::
275kva

Indicate the oil temperature (°F)::
60°C

Indicate running condition::
Normal

Notes and other concerns::
N A 

Diesel Tank Level:
Full tank

If for refill, When will be refill?:
Motor pool 

Available Diesel Stock Level:
400ltr

———————————————
This task was submitted through HATCHERY DIESEL GENERATOR WEEKLY MAINTENANCE CHECKLIST
https://form.asana.com/?k=jTp-bz9f-Np1TvF8ahkxpQ&d=1186399537984407",Hatchery Diesel Genset Weekly Maintenance Checklist,,,,Paul gaudia ,"Jul 6, 2024",2 (275kVA Camda Genset),,,
"1207748752840778",2024-07-06,,2024-07-06,Paul gaudia ,Untitled section,,,,,,"Name of Maintenance Technician:
Paul gaudia 

Email address:
paul_gaudia@gmail.com 

DATE::
Jul 6, 2024

DIESEL GENERATOR SET #:
1 (375kVA Cummins Genset)

LUBRICATION- Check for leaks:
OKAY

If not okay, explain why and identify the problem. (LUBRICATION- Check for leaks):
N A 

Corrective Action Taken::
N A 

LUBRICATION- Check for oil level:
OKAY

If not okay, explain why and identify the problem. (LUBRICATION- Check for oil level):
N A 

Corrective Action Taken::
N A 

COOLING SYSTEM -Check for leaks:
OKAY

If not okay, explain why and identify the problem. (COOLING SYSTEM -Check for leaks):
N A 

Corrective Action Taken:
N A 

COOLING SYSTEM -Check for radiator restriction:
OKAY

If not okay, explain why and identify the problem. (COOLING SYSTEM -Check for radiator restriction):
N A 

Corrective Action Taken::
N A 

COOLING SYSTEM -Check for hose and connections:
OKAY

If not okay, explain why and identify the problem. (COOLING SYSTEM -Check for hose and connections):
N A 

Corrective Action Taken:
N A 

COOLING SYSTEM -Coolant level:
OKAY

If not okay, explain why and identify the problem. (COOLING SYSTEM -Coolant level):
N A 

Corrective Action Taken::
N A 

COOLING SYSTEM - Belt condition and tension:
OKAY

If not okay, explain why and identify the problem. (COOLING SYSTEM - Belt condition and tension):
N A 

Corrective Action Taken::
N A 

FUEL - Check for leaks:
OKAY

If not okay, explain why and identify the problem. (FUEL - Check for leaks):
N A 

Corrective Action Taken::
N A 

AIR IN-TAKE (Check for leaks):
OKAY

If not okay, explain why and identify the problem. (AIR IN-TAKE :Check for leaks):
N A 

Corrective Action Taken::
N A 

AIR IN-TAKE (Check for air cleaner restriction):
OKAY

If not okay, explain why and identify the problem. (AIR IN-TAKE (Check for air cleaner restriction):
N A 

Corrective Action Taken::
N A 

EXHAUST- Check for leaks:
OKAY

If not okay, explain why and identify the problem. (EXHAUST- Check for leaks):
N A 

Corrective Action Taken::
N A 

ENGINE RELATED - Check for unusual vibration:
OKAY

If not okay, explain why and identify the problem. (ENGINE RELATED - Check for unusual vibration):
N A 

Corrective Action Taken::
N A 

MAIN GENERATOR - Check for air inlet and outlet from restrictions:
OKAY

If not okay, explain why and identify the problem. (MAIN GENERATOR - Check for air inlet and outlet from restrictions):
N A 

Corrective Action Taken::
N A 

MAIN GENERATOR - Check for windings and electrical connections:
OKAY

If not okay, explain why and identify the problem. (MAIN GENERATOR - Check for windings and electrical connections):
N A 

Corrective Action Taken::
N A 

SWITCH GEAR - Check power distribution wiring and connections:
OKAY

If not okay, explain why and identify the problem. (SWITCH GEAR - Check power distribution wiring and connections):
N A 

Corrective Action Taken::
N A 

Actual test run for 1hr with load.:
OKAY

Indicate the time start and end time of the actual test run conducted.:
611.60

Previous reading of running time::
611.60

Present reading of running time::
611.60

Indicate the three (3) line voltages (V) reading::
239v

Indicate the three (3) line amperes (A) reading::
28.10vdc

Indicate the hertz (Hz) reading::
59.99hz

Indicate the oil pressure reading (kPa)::
375kpa

Indicate the oil temperature (°F)::
58°C

Indicate running condition::
Normal

Notes and other concerns::
N A 

Diesel Tank Level:
Half Tank

If for refill, When will be refill?:
Motor pool 

Available Diesel Stock Level:
400ltr

———————————————
This task was submitted through HATCHERY DIESEL GENERATOR WEEKLY MAINTENANCE CHECKLIST
https://form.asana.com/?k=jTp-bz9f-Np1TvF8ahkxpQ&d=1186399537984407",Hatchery Diesel Genset Weekly Maintenance Checklist,,,,Paul gaudia ,"Jul 6, 2024",1 (375kVA Cummins Genset),,,
"1207691072225840",2024-06-29,,2024-06-29,Paul gaudia ,Untitled section,,,,,,"Name of Maintenance Technician:
Paul gaudia 

Email address:
paul_gaudia@gmail.com 

DATE::
Jun 29, 2024

DIESEL GENERATOR SET #:
2 (275kVA Camda Genset)

LUBRICATION- Check for leaks:
OKAY

If not okay, explain why and identify the problem. (LUBRICATION- Check for leaks):
N A 

Corrective Action Taken::
N A 

LUBRICATION- Check for oil level:
OKAY

If not okay, explain why and identify the problem. (LUBRICATION- Check for oil level):
N A 

Corrective Action Taken::
N A 

COOLING SYSTEM -Check for leaks:
OKAY

If not okay, explain why and identify the problem. (COOLING SYSTEM -Check for leaks):
N A 

Corrective Action Taken:
N A 

COOLING SYSTEM -Check for radiator restriction:
OKAY

If not okay, explain why and identify the problem. (COOLING SYSTEM -Check for radiator restriction):
N A 

Corrective Action Taken::
N A 

COOLING SYSTEM -Check for hose and connections:
OKAY

If not okay, explain why and identify the problem. (COOLING SYSTEM -Check for hose and connections):
N A 

Corrective Action Taken:
N A 

COOLING SYSTEM -Coolant level:
OKAY

If not okay, explain why and identify the problem. (COOLING SYSTEM -Coolant level):
N A 

Corrective Action Taken::
N A 

COOLING SYSTEM - Belt condition and tension:
OKAY

If not okay, explain why and identify the problem. (COOLING SYSTEM - Belt condition and tension):
N A 

Corrective Action Taken::
N A 

FUEL - Check for leaks:
OKAY

If not okay, explain why and identify the problem. (FUEL - Check for leaks):
N A 

Corrective Action Taken::
N A 

AIR IN-TAKE (Check for leaks):
OKAY

If not okay, explain why and identify the problem. (AIR IN-TAKE :Check for leaks):
N A 

Corrective Action Taken::
N A 

AIR IN-TAKE (Check for air cleaner restriction):
OKAY

If not okay, explain why and identify the problem. (AIR IN-TAKE (Check for air cleaner restriction):
N A 

Corrective Action Taken::
N A 

EXHAUST- Check for leaks:
OKAY

If not okay, explain why and identify the problem. (EXHAUST- Check for leaks):
N A 

Corrective Action Taken::
N A 

ENGINE RELATED - Check for unusual vibration:
OKAY

If not okay, explain why and identify the problem. (ENGINE RELATED - Check for unusual vibration):
N A 

Corrective Action Taken::
N A 

MAIN GENERATOR - Check for air inlet and outlet from restrictions:
OKAY

If not okay, explain why and identify the problem. (MAIN GENERATOR - Check for air inlet and outlet from restrictions):
N A 

Corrective Action Taken::
N A 

MAIN GENERATOR - Check for windings and electrical connections:
OKAY

If not okay, explain why and identify the problem. (MAIN GENERATOR - Check for windings and electrical connections):
N A 

Corrective Action Taken::
N A 

SWITCH GEAR - Check power distribution wiring and connections:
OKAY

If not okay, explain why and identify the problem. (SWITCH GEAR - Check power distribution wiring and connections):
N A 

Corrective Action Taken::
N A 

Actual test run for 1hr with load.:
OKAY

Indicate the time start and end time of the actual test run conducted.:
620.2

Previous reading of running time::
620.2

Present reading of running time::
620.2

Indicate the three (3) line voltages (V) reading::
230v

Indicate the three (3) line amperes (A) reading::
28.10vdc

Indicate the hertz (Hz) reading::
60.2hz

Indicate the oil pressure reading (kPa)::
275kva

Indicate the oil temperature (°F)::
60°C

Indicate running condition::
Normal

Notes and other concerns::
N A 

Diesel Tank Level:
Full tank

If for refill, When will be refill?:
Motor pool 

Available Diesel Stock Level:
400ltr

———————————————
This task was submitted through HATCHERY DIESEL GENERATOR WEEKLY MAINTENANCE CHECKLIST
https://form.asana.com/?k=jTp-bz9f-Np1TvF8ahkxpQ&d=1186399537984407",Hatchery Diesel Genset Weekly Maintenance Checklist,,,,Paul gaudia ,"Jun 29, 2024",2 (275kVA Camda Genset),,,
"1207691218513139",2024-06-29,,2024-06-29,Paul gaudia ,Untitled section,,,,,,"Name of Maintenance Technician:
Paul gaudia 

Email address:
paul_gaudia@gmail.com 

DATE::
Jun 29, 2024

DIESEL GENERATOR SET #:
1 (375kVA Cummins Genset)

LUBRICATION- Check for leaks:
OKAY

If not okay, explain why and identify the problem. (LUBRICATION- Check for leaks):
N A 

Corrective Action Taken::
N A 

LUBRICATION- Check for oil level:
OKAY

If not okay, explain why and identify the problem. (LUBRICATION- Check for oil level):
N A 

Corrective Action Taken::
N A 

COOLING SYSTEM -Check for leaks:
OKAY

If not okay, explain why and identify the problem. (COOLING SYSTEM -Check for leaks):
N A 

Corrective Action Taken:
N A 

COOLING SYSTEM -Check for radiator restriction:
OKAY

If not okay, explain why and identify the problem. (COOLING SYSTEM -Check for radiator restriction):
N A 

Corrective Action Taken::
N A 

COOLING SYSTEM -Check for hose and connections:
OKAY

If not okay, explain why and identify the problem. (COOLING SYSTEM -Check for hose and connections):
N A 

Corrective Action Taken:
N A 

COOLING SYSTEM -Coolant level:
OKAY

If not okay, explain why and identify the problem. (COOLING SYSTEM -Coolant level):
N A 

Corrective Action Taken::
N A 

COOLING SYSTEM - Belt condition and tension:
OKAY

If not okay, explain why and identify the problem. (COOLING SYSTEM - Belt condition and tension):
N A 

Corrective Action Taken::
N A 

FUEL - Check for leaks:
OKAY

If not okay, explain why and identify the problem. (FUEL - Check for leaks):
N A 

Corrective Action Taken::
N A 

AIR IN-TAKE (Check for leaks):
OKAY

If not okay, explain why and identify the problem. (AIR IN-TAKE :Check for leaks):
N A 

Corrective Action Taken::
N A 

AIR IN-TAKE (Check for air cleaner restriction):
OKAY

If not okay, explain why and identify the problem. (AIR IN-TAKE (Check for air cleaner restriction):
N A 

Corrective Action Taken::
N A 

EXHAUST- Check for leaks:
OKAY

If not okay, explain why and identify the problem. (EXHAUST- Check for leaks):
N A 

Corrective Action Taken::
N A 

ENGINE RELATED - Check for unusual vibration:
OKAY

If not okay, explain why and identify the problem. (ENGINE RELATED - Check for unusual vibration):
N A 

Corrective Action Taken::
N A 

MAIN GENERATOR - Check for air inlet and outlet from restrictions:
OKAY

If not okay, explain why and identify the problem. (MAIN GENERATOR - Check for air inlet and outlet from restrictions):
N A 

Corrective Action Taken::
N A 

MAIN GENERATOR - Check for windings and electrical connections:
OKAY

If not okay, explain why and identify the problem. (MAIN GENERATOR - Check for windings and electrical connections):
N A 

Corrective Action Taken::
N A 

SWITCH GEAR - Check power distribution wiring and connections:
OKAY

If not okay, explain why and identify the problem. (SWITCH GEAR - Check power distribution wiring and connections):
N A 

Corrective Action Taken::
N A 

Actual test run for 1hr with load.:
OKAY

Indicate the time start and end time of the actual test run conducted.:
610.95

Previous reading of running time::
610.95

Present reading of running time::
610.95

Indicate the three (3) line voltages (V) reading::
239v

Indicate the three (3) line amperes (A) reading::
28.18vdc

Indicate the hertz (Hz) reading::
59.99hz

Indicate the oil pressure reading (kPa)::
375kpa

Indicate the oil temperature (°F)::
55°C

Indicate running condition::
Normal

Notes and other concerns::
N A 

Diesel Tank Level:
Half Tank

If for refill, When will be refill?:
Motor pool 

Available Diesel Stock Level:
400ltr

———————————————
This task was submitted through HATCHERY DIESEL GENERATOR WEEKLY MAINTENANCE CHECKLIST
https://form.asana.com/?k=jTp-bz9f-Np1TvF8ahkxpQ&d=1186399537984407",Hatchery Diesel Genset Weekly Maintenance Checklist,,,,Paul gaudia ,"Jun 29, 2024",1 (375kVA Cummins Genset),,,
"1207637235157730",2024-06-22,,2024-06-22,Paul gaudia ,Untitled section,,,,,,"Name of Maintenance Technician:
Paul gaudia 

Email address:
paul_gaudia@gmail.com 

DATE::
Jun 22, 2024

DIESEL GENERATOR SET #:
1 (375kVA Cummins Genset)

LUBRICATION- Check for leaks:
OKAY

If not okay, explain why and identify the problem. (LUBRICATION- Check for leaks):
N A 

Corrective Action Taken::
N A 

LUBRICATION- Check for oil level:
OKAY

If not okay, explain why and identify the problem. (LUBRICATION- Check for oil level):
N A 

Corrective Action Taken::
N A 

COOLING SYSTEM -Check for leaks:
OKAY

If not okay, explain why and identify the problem. (COOLING SYSTEM -Check for leaks):
N A 

Corrective Action Taken:
N A 

COOLING SYSTEM -Check for radiator restriction:
OKAY

If not okay, explain why and identify the problem. (COOLING SYSTEM -Check for radiator restriction):
N A 

Corrective Action Taken::
N A 

COOLING SYSTEM -Check for hose and connections:
OKAY

If not okay, explain why and identify the problem. (COOLING SYSTEM -Check for hose and connections):
N A 

Corrective Action Taken:
N A 

COOLING SYSTEM -Coolant level:
OKAY

If not okay, explain why and identify the problem. (COOLING SYSTEM -Coolant level):
N A 

Corrective Action Taken::
N A 

COOLING SYSTEM - Belt condition and tension:
OKAY

If not okay, explain why and identify the problem. (COOLING SYSTEM - Belt condition and tension):
N A 

Corrective Action Taken::
N A 

FUEL - Check for leaks:
OKAY

If not okay, explain why and identify the problem. (FUEL - Check for leaks):
N A 

Corrective Action Taken::
N A 

AIR IN-TAKE (Check for leaks):
OKAY

If not okay, explain why and identify the problem. (AIR IN-TAKE :Check for leaks):
N A 

Corrective Action Taken::
N A 

AIR IN-TAKE (Check for air cleaner restriction):
OKAY

If not okay, explain why and identify the problem. (AIR IN-TAKE (Check for air cleaner restriction):
N A 

Corrective Action Taken::
N A 

EXHAUST- Check for leaks:
OKAY

If not okay, explain why and identify the problem. (EXHAUST- Check for leaks):
N A 

Corrective Action Taken::
N A 

ENGINE RELATED - Check for unusual vibration:
OKAY

If not okay, explain why and identify the problem. (ENGINE RELATED - Check for unusual vibration):
N A 

Corrective Action Taken::
N A 

MAIN GENERATOR - Check for air inlet and outlet from restrictions:
OKAY

If not okay, explain why and identify the problem. (MAIN GENERATOR - Check for air inlet and outlet from restrictions):
N A 

Corrective Action Taken::
N A 

MAIN GENERATOR - Check for windings and electrical connections:
OKAY

If not okay, explain why and identify the problem. (MAIN GENERATOR - Check for windings and electrical connections):
N A 

Corrective Action Taken::
N A 

SWITCH GEAR - Check power distribution wiring and connections:
OKAY

If not okay, explain why and identify the problem. (SWITCH GEAR - Check power distribution wiring and connections):
N A 

Corrective Action Taken::
N A 

Actual test run for 1hr with load.:
OKAY

Indicate the time start and end time of the actual test run conducted.:
610.90

Previous reading of running time::
610.90

Present reading of running time::
610.90

Indicate the three (3) line voltages (V) reading::
239v

Indicate the three (3) line amperes (A) reading::
28.18vdc

Indicate the hertz (Hz) reading::
59.99hz

Indicate the oil pressure reading (kPa)::
375kpa

Indicate the oil temperature (°F)::
55°C

Indicate running condition::
Normal

Notes and other concerns::
N A 

Diesel Tank Level:
Full tank

If for refill, When will be refill?:
Motor pool 

Available Diesel Stock Level:
400ltr

———————————————
This task was submitted through HATCHERY DIESEL GENERATOR WEEKLY MAINTENANCE CHECKLIST
https://form.asana.com/?k=jTp-bz9f-Np1TvF8ahkxpQ&d=1186399537984407",Hatchery Diesel Genset Weekly Maintenance Checklist,,,,Paul gaudia ,"Jun 22, 2024",1 (375kVA Cummins Genset),,,
"1207578478011544",2024-06-15,,2024-06-15,Paul gaudia ,Untitled section,,,,,,"Name of Maintenance Technician:
Paul gaudia 

Email address:
paul_gaudia@gmail.com 

DATE::
Jun 15, 2024

DIESEL GENERATOR SET #:
2 (275kVA Camda Genset)

LUBRICATION- Check for leaks:
OKAY

If not okay, explain why and identify the problem. (LUBRICATION- Check for leaks):
N A 

Corrective Action Taken::
N A 

LUBRICATION- Check for oil level:
OKAY

If not okay, explain why and identify the problem. (LUBRICATION- Check for oil level):
N A 

Corrective Action Taken::
N A 

COOLING SYSTEM -Check for leaks:
OKAY

If not okay, explain why and identify the problem. (COOLING SYSTEM -Check for leaks):
N A 

Corrective Action Taken:
N A 

COOLING SYSTEM -Check for radiator restriction:
OKAY

If not okay, explain why and identify the problem. (COOLING SYSTEM -Check for radiator restriction):
N A 

Corrective Action Taken::
N A 

COOLING SYSTEM -Check for hose and connections:
OKAY

If not okay, explain why and identify the problem. (COOLING SYSTEM -Check for hose and connections):
N A 

Corrective Action Taken:
N A 

COOLING SYSTEM -Coolant level:
OKAY

If not okay, explain why and identify the problem. (COOLING SYSTEM -Coolant level):
N A 

Corrective Action Taken::
N A 

COOLING SYSTEM - Belt condition and tension:
OKAY

If not okay, explain why and identify the problem. (COOLING SYSTEM - Belt condition and tension):
N A 

Corrective Action Taken::
N A 

FUEL - Check for leaks:
OKAY

If not okay, explain why and identify the problem. (FUEL - Check for leaks):
N A 

Corrective Action Taken::
N A 

AIR IN-TAKE (Check for leaks):
OKAY

If not okay, explain why and identify the problem. (AIR IN-TAKE :Check for leaks):
N A 

Corrective Action Taken::
N A 

AIR IN-TAKE (Check for air cleaner restriction):
OKAY

If not okay, explain why and identify the problem. (AIR IN-TAKE (Check for air cleaner restriction):
N A 

Corrective Action Taken::
N A 

EXHAUST- Check for leaks:
OKAY

If not okay, explain why and identify the problem. (EXHAUST- Check for leaks):
N A 

Corrective Action Taken::
N A 

ENGINE RELATED - Check for unusual vibration:
OKAY

If not okay, explain why and identify the problem. (ENGINE RELATED - Check for unusual vibration):
N A 

Corrective Action Taken::
N A 

MAIN GENERATOR - Check for air inlet and outlet from restrictions:
OKAY

If not okay, explain why and identify the problem. (MAIN GENERATOR - Check for air inlet and outlet from restrictions):
N A 

Corrective Action Taken::
N A 

MAIN GENERATOR - Check for windings and electrical connections:
OKAY

If not okay, explain why and identify the problem. (MAIN GENERATOR - Check for windings and electrical connections):
N A 

Corrective Action Taken::
N A 

SWITCH GEAR - Check power distribution wiring and connections:
OKAY

If not okay, explain why and identify the problem. (SWITCH GEAR - Check power distribution wiring and connections):
N A 

Corrective Action Taken::
N A 

Actual test run for 1hr with load.:
OKAY

Indicate the time start and end time of the actual test run conducted.:
620

Previous reading of running time::
620

Present reading of running time::
620

Indicate the three (3) line voltages (V) reading::
230v

Indicate the three (3) line amperes (A) reading::
28.10vdc

Indicate the hertz (Hz) reading::
60.2hz

Indicate the oil pressure reading (kPa)::
275kva

Indicate the oil temperature (°F)::
66°C

Indicate running condition::
Normal

Notes and other concerns::
N A 

Diesel Tank Level:
Full tank

If for refill, When will be refill?:
Motor pool 

Available Diesel Stock Level:
400ltr

———————————————
This task was submitted through HATCHERY DIESEL GENERATOR WEEKLY MAINTENANCE CHECKLIST
https://form.asana.com/?k=jTp-bz9f-Np1TvF8ahkxpQ&d=1186399537984407",Hatchery Diesel Genset Weekly Maintenance Checklist,,,,Paul gaudia ,"Jun 15, 2024",2 (275kVA Camda Genset),,,
"1207578595397306",2024-06-15,,2024-06-15,Paul gaudia ,Untitled section,,,,,,"Name of Maintenance Technician:
Paul gaudia 

Email address:
paul_gaudia@gmail.com 

DATE::
Jun 15, 2024

DIESEL GENERATOR SET #:
1 (375kVA Cummins Genset)

LUBRICATION- Check for leaks:
OKAY

If not okay, explain why and identify the problem. (LUBRICATION- Check for leaks):
N A 

Corrective Action Taken::
N A 

LUBRICATION- Check for oil level:
OKAY

If not okay, explain why and identify the problem. (LUBRICATION- Check for oil level):
N A 

Corrective Action Taken::
N A 

COOLING SYSTEM -Check for leaks:
OKAY

If not okay, explain why and identify the problem. (COOLING SYSTEM -Check for leaks):
N A 

Corrective Action Taken:
N A 

COOLING SYSTEM -Check for radiator restriction:
OKAY

If not okay, explain why and identify the problem. (COOLING SYSTEM -Check for radiator restriction):
N A 

Corrective Action Taken::
N A 

COOLING SYSTEM -Check for hose and connections:
OKAY

If not okay, explain why and identify the problem. (COOLING SYSTEM -Check for hose and connections):
N A 

Corrective Action Taken:
N A 

COOLING SYSTEM -Coolant level:
OKAY

If not okay, explain why and identify the problem. (COOLING SYSTEM -Coolant level):
N A 

Corrective Action Taken::
N A 

COOLING SYSTEM - Belt condition and tension:
OKAY

If not okay, explain why and identify the problem. (COOLING SYSTEM - Belt condition and tension):
N A 

Corrective Action Taken::
N A 

FUEL - Check for leaks:
OKAY

If not okay, explain why and identify the problem. (FUEL - Check for leaks):
N A 

Corrective Action Taken::
N A 

AIR IN-TAKE (Check for leaks):
OKAY

If not okay, explain why and identify the problem. (AIR IN-TAKE :Check for leaks):
N A 

Corrective Action Taken::
N A 

AIR IN-TAKE (Check for air cleaner restriction):
OKAY

If not okay, explain why and identify the problem. (AIR IN-TAKE (Check for air cleaner restriction):
N A 

Corrective Action Taken::
N A 

EXHAUST- Check for leaks:
OKAY

If not okay, explain why and identify the problem. (EXHAUST- Check for leaks):
N A 

Corrective Action Taken::
N A 

ENGINE RELATED - Check for unusual vibration:
OKAY

If not okay, explain why and identify the problem. (ENGINE RELATED - Check for unusual vibration):
N A 

Corrective Action Taken::
N A 

MAIN GENERATOR - Check for air inlet and outlet from restrictions:
OKAY

If not okay, explain why and identify the problem. (MAIN GENERATOR - Check for air inlet and outlet from restrictions):
N A 

Corrective Action Taken::
N A 

MAIN GENERATOR - Check for windings and electrical connections:
OKAY

If not okay, explain why and identify the problem. (MAIN GENERATOR - Check for windings and electrical connections):
N A 

Corrective Action Taken::
N A 

SWITCH GEAR - Check power distribution wiring and connections:
OKAY

If not okay, explain why and identify the problem. (SWITCH GEAR - Check power distribution wiring and connections):
N A 

Corrective Action Taken::
N A 

Actual test run for 1hr with load.:
OKAY

Indicate the time start and end time of the actual test run conducted.:
610.80

Previous reading of running time::
610.80

Present reading of running time::
610.80

Indicate the three (3) line voltages (V) reading::
239

Indicate the three (3) line amperes (A) reading::
28.18vdc

Indicate the hertz (Hz) reading::
59.99hz

Indicate the oil pressure reading (kPa)::
375kpa

Indicate the oil temperature (°F)::
68°C

Indicate running condition::
Normal

Notes and other concerns::
N A 

Diesel Tank Level:
Full tank

If for refill, When will be refill?:
Motor pool 

Available Diesel Stock Level:
400ltr

———————————————
This task was submitted through HATCHERY DIESEL GENERATOR WEEKLY MAINTENANCE CHECKLIST
https://form.asana.com/?k=jTp-bz9f-Np1TvF8ahkxpQ&d=1186399537984407",Hatchery Diesel Genset Weekly Maintenance Checklist,,,,Paul gaudia ,"Jun 15, 2024",1 (375kVA Cummins Genset),,,
"1207519081920175",2024-06-08,,2024-06-08,Paul gaudia ,Untitled section,,,,,,"Name of Maintenance Technician:
Paul gaudia 

Email address:
paul_gaudia@gmail.com 

DATE::
Jun 8, 2024

DIESEL GENERATOR SET #:
2 (275kVA Camda Genset)

LUBRICATION- Check for leaks:
OKAY

If not okay, explain why and identify the problem. (LUBRICATION- Check for leaks):
N A 

Corrective Action Taken::
N A 

LUBRICATION- Check for oil level:
OKAY

If not okay, explain why and identify the problem. (LUBRICATION- Check for oil level):
N A 

Corrective Action Taken::
N A 

COOLING SYSTEM -Check for leaks:
OKAY

If not okay, explain why and identify the problem. (COOLING SYSTEM -Check for leaks):
N A 

Corrective Action Taken:
N A 

COOLING SYSTEM -Check for radiator restriction:
OKAY

If not okay, explain why and identify the problem. (COOLING SYSTEM -Check for radiator restriction):
N A 

Corrective Action Taken::
N A 

COOLING SYSTEM -Check for hose and connections:
OKAY

If not okay, explain why and identify the problem. (COOLING SYSTEM -Check for hose and connections):
N A 

Corrective Action Taken:
N A 

COOLING SYSTEM -Coolant level:
OKAY

If not okay, explain why and identify the problem. (COOLING SYSTEM -Coolant level):
N A 

Corrective Action Taken::
N A 

COOLING SYSTEM - Belt condition and tension:
OKAY

If not okay, explain why and identify the problem. (COOLING SYSTEM - Belt condition and tension):
N A 

Corrective Action Taken::
N A 

FUEL - Check for leaks:
OKAY

If not okay, explain why and identify the problem. (FUEL - Check for leaks):
N A 

Corrective Action Taken::
N A 

AIR IN-TAKE (Check for leaks):
OKAY

If not okay, explain why and identify the problem. (AIR IN-TAKE :Check for leaks):
N A 

Corrective Action Taken::
N A 

AIR IN-TAKE (Check for air cleaner restriction):
OKAY

If not okay, explain why and identify the problem. (AIR IN-TAKE (Check for air cleaner restriction):
N A 

Corrective Action Taken::
N A 

EXHAUST- Check for leaks:
OKAY

If not okay, explain why and identify the problem. (EXHAUST- Check for leaks):
N A 

Corrective Action Taken::
N A 

ENGINE RELATED - Check for unusual vibration:
OKAY

If not okay, explain why and identify the problem. (ENGINE RELATED - Check for unusual vibration):
N A 

Corrective Action Taken::
N A 

MAIN GENERATOR - Check for air inlet and outlet from restrictions:
OKAY

If not okay, explain why and identify the problem. (MAIN GENERATOR - Check for air inlet and outlet from restrictions):
N A 

Corrective Action Taken::
N A 

MAIN GENERATOR - Check for windings and electrical connections:
OKAY

If not okay, explain why and identify the problem. (MAIN GENERATOR - Check for windings and electrical connections):
N A 

Corrective Action Taken::
N A 

SWITCH GEAR - Check power distribution wiring and connections:
OKAY

If not okay, explain why and identify the problem. (SWITCH GEAR - Check power distribution wiring and connections):
N A 

Corrective Action Taken::
N A 

Actual test run for 1hr with load.:
OKAY

Indicate the time start and end time of the actual test run conducted.:
619.9

Previous reading of running time::
619.9

Present reading of running time::
619.9

Indicate the three (3) line voltages (V) reading::
230v

Indicate the three (3) line amperes (A) reading::
28.18vdc

Indicate the hertz (Hz) reading::
60.2hz

Indicate the oil pressure reading (kPa)::
275kva

Indicate the oil temperature (°F)::
63°C

Indicate running condition::
Normal

Notes and other concerns::
N A 

Diesel Tank Level:
Full tank

If for refill, When will be refill?:
Motor pool 

Available Diesel Stock Level:
400ltr

———————————————
This task was submitted through HATCHERY DIESEL GENERATOR WEEKLY MAINTENANCE CHECKLIST
https://form.asana.com/?k=jTp-bz9f-Np1TvF8ahkxpQ&d=1186399537984407",Hatchery Diesel Genset Weekly Maintenance Checklist,,,,Paul gaudia ,"Jun 8, 2024",2 (275kVA Camda Genset),,,
"1207519156178947",2024-06-08,,2024-06-08,Paul gaudia ,Untitled section,,,,,,"Name of Maintenance Technician:
Paul gaudia 

Email address:
paul_gaudia@gmail.com 

DATE::
Jun 8, 2024

DIESEL GENERATOR SET #:
1 (375kVA Cummins Genset)

LUBRICATION- Check for leaks:
OKAY

If not okay, explain why and identify the problem. (LUBRICATION- Check for leaks):
N A 

Corrective Action Taken::
N A 

LUBRICATION- Check for oil level:
OKAY

If not okay, explain why and identify the problem. (LUBRICATION- Check for oil level):
N A 

Corrective Action Taken::
N A 

COOLING SYSTEM -Check for leaks:
OKAY

If not okay, explain why and identify the problem. (COOLING SYSTEM -Check for leaks):
N A 

Corrective Action Taken:
N A 

COOLING SYSTEM -Check for radiator restriction:
OKAY

If not okay, explain why and identify the problem. (COOLING SYSTEM -Check for radiator restriction):
N A 

Corrective Action Taken::
N A 

COOLING SYSTEM -Check for hose and connections:
OKAY

If not okay, explain why and identify the problem. (COOLING SYSTEM -Check for hose and connections):
N A 

Corrective Action Taken:
N A 

COOLING SYSTEM -Coolant level:
OKAY

If not okay, explain why and identify the problem. (COOLING SYSTEM -Coolant level):
N A 

Corrective Action Taken::
N A 

COOLING SYSTEM - Belt condition and tension:
OKAY

If not okay, explain why and identify the problem. (COOLING SYSTEM - Belt condition and tension):
N A 

Corrective Action Taken::
N A 

FUEL - Check for leaks:
OKAY

If not okay, explain why and identify the problem. (FUEL - Check for leaks):
N A 

Corrective Action Taken::
N A 

AIR IN-TAKE (Check for leaks):
OKAY

If not okay, explain why and identify the problem. (AIR IN-TAKE :Check for leaks):
N A 

Corrective Action Taken::
N A 

AIR IN-TAKE (Check for air cleaner restriction):
OKAY

If not okay, explain why and identify the problem. (AIR IN-TAKE (Check for air cleaner restriction):
N A 

Corrective Action Taken::
N A 

EXHAUST- Check for leaks:
OKAY

If not okay, explain why and identify the problem. (EXHAUST- Check for leaks):
N A 

Corrective Action Taken::
N A 

ENGINE RELATED - Check for unusual vibration:
OKAY

If not okay, explain why and identify the problem. (ENGINE RELATED - Check for unusual vibration):
N A 

Corrective Action Taken::
N A 

MAIN GENERATOR - Check for air inlet and outlet from restrictions:
OKAY

If not okay, explain why and identify the problem. (MAIN GENERATOR - Check for air inlet and outlet from restrictions):
N A 

Corrective Action Taken::
N A 

MAIN GENERATOR - Check for windings and electrical connections:
OKAY

If not okay, explain why and identify the problem. (MAIN GENERATOR - Check for windings and electrical connections):
N A 

Corrective Action Taken::
N A 

SWITCH GEAR - Check power distribution wiring and connections:
OKAY

If not okay, explain why and identify the problem. (SWITCH GEAR - Check power distribution wiring and connections):
N A 

Corrective Action Taken::
N A 

Actual test run for 1hr with load.:
OKAY

Indicate the time start and end time of the actual test run conducted.:
608.90

Previous reading of running time::
608.90

Present reading of running time::
608.90

Indicate the three (3) line voltages (V) reading::
239v

Indicate the three (3) line amperes (A) reading::
28.10vdc

Indicate the hertz (Hz) reading::
59.99hz

Indicate the oil pressure reading (kPa)::
375kpa

Indicate the oil temperature (°F)::
58°C

Indicate running condition::
Normal

Notes and other concerns::
N A 

Diesel Tank Level:
Full tank

If for refill, When will be refill?:
Motor pool 

Available Diesel Stock Level:
400ltr

———————————————
This task was submitted through HATCHERY DIESEL GENERATOR WEEKLY MAINTENANCE CHECKLIST
https://form.asana.com/?k=jTp-bz9f-Np1TvF8ahkxpQ&d=1186399537984407",Hatchery Diesel Genset Weekly Maintenance Checklist,,,,Paul gaudia ,"Jun 8, 2024",1 (375kVA Cummins Genset),,,
"1207406060488083",2024-05-25,,2024-05-25,Paul gaudia ,Untitled section,,,,,,"Name of Maintenance Technician:
Paul gaudia 

Email address:
paul_gaudia@gmail.com 

DATE::
May 25, 2024

DIESEL GENERATOR SET #:
2 (275kVA Camda Genset)

LUBRICATION- Check for leaks:
OKAY

If not okay, explain why and identify the problem. (LUBRICATION- Check for leaks):
N A 

Corrective Action Taken::
N A 

LUBRICATION- Check for oil level:
OKAY

If not okay, explain why and identify the problem. (LUBRICATION- Check for oil level):
N A 

Corrective Action Taken::
N A 

COOLING SYSTEM -Check for leaks:
OKAY

If not okay, explain why and identify the problem. (COOLING SYSTEM -Check for leaks):
N A 

Corrective Action Taken:
N A 

COOLING SYSTEM -Check for radiator restriction:
OKAY

If not okay, explain why and identify the problem. (COOLING SYSTEM -Check for radiator restriction):
N A 

Corrective Action Taken::
N A 

COOLING SYSTEM -Check for hose and connections:
OKAY

If not okay, explain why and identify the problem. (COOLING SYSTEM -Check for hose and connections):
N A 

Corrective Action Taken:
N A 

COOLING SYSTEM -Coolant level:
OKAY

If not okay, explain why and identify the problem. (COOLING SYSTEM -Coolant level):
N A 

Corrective Action Taken::
N A 

COOLING SYSTEM - Belt condition and tension:
OKAY

If not okay, explain why and identify the problem. (COOLING SYSTEM - Belt condition and tension):
N A 

Corrective Action Taken::
N A 

FUEL - Check for leaks:
OKAY

If not okay, explain why and identify the problem. (FUEL - Check for leaks):
N A 

Corrective Action Taken::
N A 

AIR IN-TAKE (Check for leaks):
OKAY

If not okay, explain why and identify the problem. (AIR IN-TAKE :Check for leaks):
N A 

Corrective Action Taken::
N A 

AIR IN-TAKE (Check for air cleaner restriction):
OKAY

If not okay, explain why and identify the problem. (AIR IN-TAKE (Check for air cleaner restriction):
N A 

Corrective Action Taken::
N A 

EXHAUST- Check for leaks:
OKAY

If not okay, explain why and identify the problem. (EXHAUST- Check for leaks):
N A 

Corrective Action Taken::
N A 

ENGINE RELATED - Check for unusual vibration:
OKAY

If not okay, explain why and identify the problem. (ENGINE RELATED - Check for unusual vibration):
N A 

Corrective Action Taken::
N A 

MAIN GENERATOR - Check for air inlet and outlet from restrictions:
OKAY

If not okay, explain why and identify the problem. (MAIN GENERATOR - Check for air inlet and outlet from restrictions):
N A 

Corrective Action Taken::
N A 

MAIN GENERATOR - Check for windings and electrical connections:
OKAY

If not okay, explain why and identify the problem. (MAIN GENERATOR - Check for windings and electrical connections):
N A 

Corrective Action Taken::
N A 

SWITCH GEAR - Check power distribution wiring and connections:
OKAY

If not okay, explain why and identify the problem. (SWITCH GEAR - Check power distribution wiring and connections):
N A 

Corrective Action Taken::
N A 

Actual test run for 1hr with load.:
OKAY

Indicate the time start and end time of the actual test run conducted.:
619.9

Previous reading of running time::
617.3

Present reading of running time::
619.9

Indicate the three (3) line voltages (V) reading::
230v

Indicate the three (3) line amperes (A) reading::
28.18vdc

Indicate the hertz (Hz) reading::
60.2hz

Indicate the oil pressure reading (kPa)::
275kva

Indicate the oil temperature (°F)::
58°C

Indicate running condition::
Normal

Notes and other concerns::
N A 

Diesel Tank Level:
Full tank

If for refill, When will be refill?:
Motor pool 

Available Diesel Stock Level:
600ltr

———————————————
This task was submitted through HATCHERY DIESEL GENERATOR WEEKLY MAINTENANCE CHECKLIST
https://form.asana.com/?k=jTp-bz9f-Np1TvF8ahkxpQ&d=1186399537984407",Hatchery Diesel Genset Weekly Maintenance Checklist,,,,Paul gaudia ,"May 25, 2024",2 (275kVA Camda Genset),,,
"1207406363816765",2024-05-25,,2024-05-25,Paul gaudia ,Untitled section,,,,,,"Name of Maintenance Technician:
Paul gaudia 

Email address:
paul_gaudia@gmail.com 

DATE::
May 25, 2024

DIESEL GENERATOR SET #:
1 (375kVA Cummins Genset)

LUBRICATION- Check for leaks:
OKAY

If not okay, explain why and identify the problem. (LUBRICATION- Check for leaks):
N A 

Corrective Action Taken::
N A 

LUBRICATION- Check for oil level:
OKAY

If not okay, explain why and identify the problem. (LUBRICATION- Check for oil level):
N A 

Corrective Action Taken::
N A 

COOLING SYSTEM -Check for leaks:
OKAY

If not okay, explain why and identify the problem. (COOLING SYSTEM -Check for leaks):
N A 

Corrective Action Taken:
N A 

COOLING SYSTEM -Check for radiator restriction:
OKAY

If not okay, explain why and identify the problem. (COOLING SYSTEM -Check for radiator restriction):
N A 

Corrective Action Taken::
N A 

COOLING SYSTEM -Check for hose and connections:
OKAY

If not okay, explain why and identify the problem. (COOLING SYSTEM -Check for hose and connections):
N A 

Corrective Action Taken:
N A 

COOLING SYSTEM -Coolant level:
OKAY

If not okay, explain why and identify the problem. (COOLING SYSTEM -Coolant level):
N A 

Corrective Action Taken::
N A 

COOLING SYSTEM - Belt condition and tension:
OKAY

If not okay, explain why and identify the problem. (COOLING SYSTEM - Belt condition and tension):
N A 

Corrective Action Taken::
N A 

FUEL - Check for leaks:
OKAY

If not okay, explain why and identify the problem. (FUEL - Check for leaks):
N A 

Corrective Action Taken::
N A 

AIR IN-TAKE (Check for leaks):
OKAY

If not okay, explain why and identify the problem. (AIR IN-TAKE :Check for leaks):
N A 

Corrective Action Taken::
N A 

AIR IN-TAKE (Check for air cleaner restriction):
OKAY

If not okay, explain why and identify the problem. (AIR IN-TAKE (Check for air cleaner restriction):
N A 

Corrective Action Taken::
N A 

EXHAUST- Check for leaks:
OKAY

If not okay, explain why and identify the problem. (EXHAUST- Check for leaks):
N A 

Corrective Action Taken::
N A 

ENGINE RELATED - Check for unusual vibration:
OKAY

If not okay, explain why and identify the problem. (ENGINE RELATED - Check for unusual vibration):
N A 

Corrective Action Taken::
N A 

MAIN GENERATOR - Check for air inlet and outlet from restrictions:
OKAY

If not okay, explain why and identify the problem. (MAIN GENERATOR - Check for air inlet and outlet from restrictions):
N A 

Corrective Action Taken::
N A 

MAIN GENERATOR - Check for windings and electrical connections:
OKAY

If not okay, explain why and identify the problem. (MAIN GENERATOR - Check for windings and electrical connections):
N A 

Corrective Action Taken::
N A 

SWITCH GEAR - Check power distribution wiring and connections:
OKAY

If not okay, explain why and identify the problem. (SWITCH GEAR - Check power distribution wiring and connections):
N A 

Corrective Action Taken::
N A 

Actual test run for 1hr with load.:
OKAY

Indicate the time start and end time of the actual test run conducted.:
594.70

Previous reading of running time::
538.05

Present reading of running time::
594.70

Indicate the three (3) line voltages (V) reading::
239v

Indicate the three (3) line amperes (A) reading::
28.10vdc

Indicate the hertz (Hz) reading::
59.99hz

Indicate the oil pressure reading (kPa)::
375kpa

Indicate the oil temperature (°F)::
68°C

Indicate running condition::
Normal

Notes and other concerns::
N A 

Diesel Tank Level:
Full tank

If for refill, When will be refill?:
Motor pool 

Available Diesel Stock Level:
600ltr

———————————————
This task was submitted through HATCHERY DIESEL GENERATOR WEEKLY MAINTENANCE CHECKLIST
https://form.asana.com/?k=jTp-bz9f-Np1TvF8ahkxpQ&d=1186399537984407",Hatchery Diesel Genset Weekly Maintenance Checklist,,,,Paul gaudia ,"May 25, 2024",1 (375kVA Cummins Genset),,,
"1207350056547021",2024-05-18,,2024-05-18,Paul gaudia ,Untitled section,,,,,,"Name of Maintenance Technician:
Paul gaudia 

Email address:
paul_gaudia@gmail.com 

DATE::
May 18, 2024

DIESEL GENERATOR SET #:
2 (275kVA Camda Genset)

LUBRICATION- Check for leaks:
OKAY

If not okay, explain why and identify the problem. (LUBRICATION- Check for leaks):
N A 

Corrective Action Taken::
N A 

LUBRICATION- Check for oil level:
OKAY

If not okay, explain why and identify the problem. (LUBRICATION- Check for oil level):
N A 

Corrective Action Taken::
N A 

COOLING SYSTEM -Check for leaks:
OKAY

If not okay, explain why and identify the problem. (COOLING SYSTEM -Check for leaks):
N A 

Corrective Action Taken:
N A 

COOLING SYSTEM -Check for radiator restriction:
OKAY

If not okay, explain why and identify the problem. (COOLING SYSTEM -Check for radiator restriction):
N A 

Corrective Action Taken::
N A 

COOLING SYSTEM -Check for hose and connections:
OKAY

If not okay, explain why and identify the problem. (COOLING SYSTEM -Check for hose and connections):
N A 

Corrective Action Taken:
N A 

COOLING SYSTEM -Coolant level:
OKAY

If not okay, explain why and identify the problem. (COOLING SYSTEM -Coolant level):
N A 

Corrective Action Taken::
N A 

COOLING SYSTEM - Belt condition and tension:
OKAY

If not okay, explain why and identify the problem. (COOLING SYSTEM - Belt condition and tension):
N A 

Corrective Action Taken::
N A 

FUEL - Check for leaks:
OKAY

If not okay, explain why and identify the problem. (FUEL - Check for leaks):
N A 

Corrective Action Taken::
N A 

AIR IN-TAKE (Check for leaks):
OKAY

If not okay, explain why and identify the problem. (AIR IN-TAKE :Check for leaks):
N A 

Corrective Action Taken::
N A 

AIR IN-TAKE (Check for air cleaner restriction):
OKAY

If not okay, explain why and identify the problem. (AIR IN-TAKE (Check for air cleaner restriction):
N A 

Corrective Action Taken::
N A 

EXHAUST- Check for leaks:
OKAY

If not okay, explain why and identify the problem. (EXHAUST- Check for leaks):
N A 

Corrective Action Taken::
N A 

ENGINE RELATED - Check for unusual vibration:
OKAY

If not okay, explain why and identify the problem. (ENGINE RELATED - Check for unusual vibration):
N A 

Corrective Action Taken::
N A 

MAIN GENERATOR - Check for air inlet and outlet from restrictions:
OKAY

If not okay, explain why and identify the problem. (MAIN GENERATOR - Check for air inlet and outlet from restrictions):
N A 

Corrective Action Taken::
N A 

MAIN GENERATOR - Check for windings and electrical connections:
OKAY

If not okay, explain why and identify the problem. (MAIN GENERATOR - Check for windings and electrical connections):
N A 

Corrective Action Taken::
N A 

SWITCH GEAR - Check power distribution wiring and connections:
OKAY

If not okay, explain why and identify the problem. (SWITCH GEAR - Check power distribution wiring and connections):
N A 

Corrective Action Taken::
N A 

Actual test run for 1hr with load.:
OKAY

Indicate the time start and end time of the actual test run conducted.:
619.7

Previous reading of running time::
619.7

Present reading of running time::
619.7

Indicate the three (3) line voltages (V) reading::
230v

Indicate the three (3) line amperes (A) reading::
28.10vdc

Indicate the hertz (Hz) reading::
60.2hz

Indicate the oil pressure reading (kPa)::
13768

Indicate the oil temperature (°F)::
58°C

Indicate running condition::
Normal

Notes and other concerns::
N A 

Diesel Tank Level:
Full tank

If for refill, When will be refill?:
Motor pool 

Available Diesel Stock Level:
800ltr

———————————————
This task was submitted through HATCHERY DIESEL GENERATOR WEEKLY MAINTENANCE CHECKLIST
https://form.asana.com/?k=jTp-bz9f-Np1TvF8ahkxpQ&d=1186399537984407",Hatchery Diesel Genset Weekly Maintenance Checklist,,,,Paul gaudia ,"May 18, 2024",2 (275kVA Camda Genset),,,
"1207350054633586",2024-05-18,,2024-05-18,Paul gaudia ,Untitled section,,,,,,"Name of Maintenance Technician:
Paul gaudia 

Email address:
paul_gaudia@gmail.com 

DATE::
May 18, 2024

DIESEL GENERATOR SET #:
1 (375kVA Cummins Genset)

LUBRICATION- Check for leaks:
OKAY

If not okay, explain why and identify the problem. (LUBRICATION- Check for leaks):
N A 

Corrective Action Taken::
N A 

LUBRICATION- Check for oil level:
OKAY

If not okay, explain why and identify the problem. (LUBRICATION- Check for oil level):
N A 

Corrective Action Taken::
N A 

COOLING SYSTEM -Check for leaks:
OKAY

If not okay, explain why and identify the problem. (COOLING SYSTEM -Check for leaks):
N A 

Corrective Action Taken:
N A 

COOLING SYSTEM -Check for radiator restriction:
OKAY

If not okay, explain why and identify the problem. (COOLING SYSTEM -Check for radiator restriction):
N A 

Corrective Action Taken::
N A 

COOLING SYSTEM -Check for hose and connections:
OKAY

If not okay, explain why and identify the problem. (COOLING SYSTEM -Check for hose and connections):
N A 

Corrective Action Taken:
N A 

COOLING SYSTEM -Coolant level:
OKAY

If not okay, explain why and identify the problem. (COOLING SYSTEM -Coolant level):
N A 

Corrective Action Taken::
N A 

COOLING SYSTEM - Belt condition and tension:
OKAY

If not okay, explain why and identify the problem. (COOLING SYSTEM - Belt condition and tension):
N A 

Corrective Action Taken::
N A 

FUEL - Check for leaks:
OKAY

If not okay, explain why and identify the problem. (FUEL - Check for leaks):
N A 

Corrective Action Taken::
N A 

AIR IN-TAKE (Check for leaks):
OKAY

If not okay, explain why and identify the problem. (AIR IN-TAKE :Check for leaks):
N A 

Corrective Action Taken::
N A 

AIR IN-TAKE (Check for air cleaner restriction):
OKAY

If not okay, explain why and identify the problem. (AIR IN-TAKE (Check for air cleaner restriction):
N A 

Corrective Action Taken::
N A 

EXHAUST- Check for leaks:
OKAY

If not okay, explain why and identify the problem. (EXHAUST- Check for leaks):
N A 

Corrective Action Taken::
N A 

ENGINE RELATED - Check for unusual vibration:
OKAY

If not okay, explain why and identify the problem. (ENGINE RELATED - Check for unusual vibration):
N A 

Corrective Action Taken::
N A 

MAIN GENERATOR - Check for air inlet and outlet from restrictions:
OKAY

If not okay, explain why and identify the problem. (MAIN GENERATOR - Check for air inlet and outlet from restrictions):
N A 

Corrective Action Taken::
N A 

MAIN GENERATOR - Check for windings and electrical connections:
OKAY

If not okay, explain why and identify the problem. (MAIN GENERATOR - Check for windings and electrical connections):
N A 

Corrective Action Taken::
N A 

SWITCH GEAR - Check power distribution wiring and connections:
OKAY

If not okay, explain why and identify the problem. (SWITCH GEAR - Check power distribution wiring and connections):
N A 

Corrective Action Taken::
N A 

Actual test run for 1hr with load.:
OKAY

Indicate the time start and end time of the actual test run conducted.:
587.15

Previous reading of running time::
587.15

Present reading of running time::
587.15

Indicate the three (3) line voltages (V) reading::
239v

Indicate the three (3) line amperes (A) reading::
28.18vdc

Indicate the hertz (Hz) reading::
60.2hz

Indicate the oil pressure reading (kPa)::
375kpa

Indicate the oil temperature (°F)::
66°C

Indicate running condition::
Normal

Notes and other concerns::
N A 

Diesel Tank Level:
Full tank

If for refill, When will be refill?:
Motor pool 

Available Diesel Stock Level:
800ltr

———————————————
This task was submitted through HATCHERY DIESEL GENERATOR WEEKLY MAINTENANCE CHECKLIST
https://form.asana.com/?k=jTp-bz9f-Np1TvF8ahkxpQ&d=1186399537984407",Hatchery Diesel Genset Weekly Maintenance Checklist,,,,Paul gaudia ,"May 18, 2024",1 (375kVA Cummins Genset),,,
"1207291549331102",2024-05-11,,2024-05-11,Paul gaudia ,Untitled section,,,,,,"Name of Maintenance Technician:
Paul gaudia 

Email address:
paul_gaudia@gmail.com 

DATE::
May 11, 2024

DIESEL GENERATOR SET #:
2 (275kVA Camda Genset)

LUBRICATION- Check for leaks:
OKAY

If not okay, explain why and identify the problem. (LUBRICATION- Check for leaks):
N A 

Corrective Action Taken::
N A 

LUBRICATION- Check for oil level:
OKAY

If not okay, explain why and identify the problem. (LUBRICATION- Check for oil level):
N A 

Corrective Action Taken::
N A 

COOLING SYSTEM -Check for leaks:
OKAY

If not okay, explain why and identify the problem. (COOLING SYSTEM -Check for leaks):
N A 

Corrective Action Taken:
N A 

COOLING SYSTEM -Check for radiator restriction:
OKAY

If not okay, explain why and identify the problem. (COOLING SYSTEM -Check for radiator restriction):
N A 

Corrective Action Taken::
N A 

COOLING SYSTEM -Check for hose and connections:
OKAY

If not okay, explain why and identify the problem. (COOLING SYSTEM -Check for hose and connections):
N A 

Corrective Action Taken:
N A 

COOLING SYSTEM -Coolant level:
OKAY

If not okay, explain why and identify the problem. (COOLING SYSTEM -Coolant level):
N A 

Corrective Action Taken::
N A 

COOLING SYSTEM - Belt condition and tension:
OKAY

If not okay, explain why and identify the problem. (COOLING SYSTEM - Belt condition and tension):
N A 

Corrective Action Taken::
N A 

FUEL - Check for leaks:
OKAY

If not okay, explain why and identify the problem. (FUEL - Check for leaks):
N A 

Corrective Action Taken::
N A 

AIR IN-TAKE (Check for leaks):
OKAY

If not okay, explain why and identify the problem. (AIR IN-TAKE :Check for leaks):
N A 

Corrective Action Taken::
N A 

AIR IN-TAKE (Check for air cleaner restriction):
OKAY

If not okay, explain why and identify the problem. (AIR IN-TAKE (Check for air cleaner restriction):
N A 

Corrective Action Taken::
N A 

EXHAUST- Check for leaks:
OKAY

If not okay, explain why and identify the problem. (EXHAUST- Check for leaks):
N A 

Corrective Action Taken::
N A 

ENGINE RELATED - Check for unusual vibration:
OKAY

If not okay, explain why and identify the problem. (ENGINE RELATED - Check for unusual vibration):
N A 

Corrective Action Taken::
N A 

MAIN GENERATOR - Check for air inlet and outlet from restrictions:
OKAY

If not okay, explain why and identify the problem. (MAIN GENERATOR - Check for air inlet and outlet from restrictions):
N A 

Corrective Action Taken::
N A 

MAIN GENERATOR - Check for windings and electrical connections:
OKAY

If not okay, explain why and identify the problem. (MAIN GENERATOR - Check for windings and electrical connections):
N A 

Corrective Action Taken::
N A 

SWITCH GEAR - Check power distribution wiring and connections:
OKAY

If not okay, explain why and identify the problem. (SWITCH GEAR - Check power distribution wiring and connections):
N A 

Corrective Action Taken::
N A 

Actual test run for 1hr with load.:
OKAY

Indicate the time start and end time of the actual test run conducted.:
619.7

Previous reading of running time::
619.7

Present reading of running time::
619.7

Indicate the three (3) line voltages (V) reading::
230v

Indicate the three (3) line amperes (A) reading::
28.18vdc

Indicate the hertz (Hz) reading::
60.2hz

Indicate the oil pressure reading (kPa)::
13768

Indicate the oil temperature (°F)::
58°C

Indicate running condition::
Normal

Notes and other concerns::
N A 

Diesel Tank Level:
Full tank

If for refill, When will be refill?:
Motor pool 

Available Diesel Stock Level:
800ltr

———————————————
This task was submitted through HATCHERY DIESEL GENERATOR WEEKLY MAINTENANCE CHECKLIST
https://form.asana.com/?k=jTp-bz9f-Np1TvF8ahkxpQ&d=1186399537984407",Hatchery Diesel Genset Weekly Maintenance Checklist,,,,Paul gaudia ,"May 11, 2024",2 (275kVA Camda Genset),,,
"1207291603281614",2024-05-11,,2024-05-11,Paul gaudia ,Untitled section,,,,,,"Name of Maintenance Technician:
Paul gaudia 

Email address:
paul_gaudia@gmail.com 

DATE::
May 11, 2024

DIESEL GENERATOR SET #:
1 (375kVA Cummins Genset)

LUBRICATION- Check for leaks:
OKAY

If not okay, explain why and identify the problem. (LUBRICATION- Check for leaks):
N A 

Corrective Action Taken::
N A 

LUBRICATION- Check for oil level:
OKAY

If not okay, explain why and identify the problem. (LUBRICATION- Check for oil level):
N A 

Corrective Action Taken::
N A 

COOLING SYSTEM -Check for leaks:
OKAY

If not okay, explain why and identify the problem. (COOLING SYSTEM -Check for leaks):
N A 

Corrective Action Taken:
N A 

COOLING SYSTEM -Check for radiator restriction:
OKAY

If not okay, explain why and identify the problem. (COOLING SYSTEM -Check for radiator restriction):
N A 

Corrective Action Taken::
N A 

COOLING SYSTEM -Check for hose and connections:
OKAY

If not okay, explain why and identify the problem. (COOLING SYSTEM -Check for hose and connections):
N A 

Corrective Action Taken:
N A 

COOLING SYSTEM -Coolant level:
OKAY

If not okay, explain why and identify the problem. (COOLING SYSTEM -Coolant level):
N A 

Corrective Action Taken::
N A 

COOLING SYSTEM - Belt condition and tension:
OKAY

If not okay, explain why and identify the problem. (COOLING SYSTEM - Belt condition and tension):
N A 

Corrective Action Taken::
N A 

FUEL - Check for leaks:
OKAY

If not okay, explain why and identify the problem. (FUEL - Check for leaks):
N A 

Corrective Action Taken::
N A 

AIR IN-TAKE (Check for leaks):
OKAY

If not okay, explain why and identify the problem. (AIR IN-TAKE :Check for leaks):
N A 

Corrective Action Taken::
N A 

AIR IN-TAKE (Check for air cleaner restriction):
OKAY

If not okay, explain why and identify the problem. (AIR IN-TAKE (Check for air cleaner restriction):
N A 

Corrective Action Taken::
N A 

EXHAUST- Check for leaks:
OKAY

If not okay, explain why and identify the problem. (EXHAUST- Check for leaks):
N A 

Corrective Action Taken::
N A 

ENGINE RELATED - Check for unusual vibration:
OKAY

If not okay, explain why and identify the problem. (ENGINE RELATED - Check for unusual vibration):
N A 

Corrective Action Taken::
N A 

MAIN GENERATOR - Check for air inlet and outlet from restrictions:
OKAY

If not okay, explain why and identify the problem. (MAIN GENERATOR - Check for air inlet and outlet from restrictions):
N A 

Corrective Action Taken::
N A 

MAIN GENERATOR - Check for windings and electrical connections:
OKAY

If not okay, explain why and identify the problem. (MAIN GENERATOR - Check for windings and electrical connections):
N A 

Corrective Action Taken::
N A 

SWITCH GEAR - Check power distribution wiring and connections:
OKAY

If not okay, explain why and identify the problem. (SWITCH GEAR - Check power distribution wiring and connections):
N A 

Corrective Action Taken::
N A 

Actual test run for 1hr with load.:
OKAY

Indicate the time start and end time of the actual test run conducted.:
584.30

Previous reading of running time::
584.30

Present reading of running time::
584.30

Indicate the three (3) line voltages (V) reading::
239v

Indicate the three (3) line amperes (A) reading::
28.10vdc

Indicate the hertz (Hz) reading::
59.99hz

Indicate the oil pressure reading (kPa)::
375kpa

Indicate the oil temperature (°F)::
63°C

Indicate running condition::
Normal

Notes and other concerns::
N A 

Diesel Tank Level:
Full tank

If for refill, When will be refill?:
Motor pool 

Available Diesel Stock Level:
800ltr

———————————————
This task was submitted through HATCHERY DIESEL GENERATOR WEEKLY MAINTENANCE CHECKLIST
https://form.asana.com/?k=jTp-bz9f-Np1TvF8ahkxpQ&d=1186399537984407",Hatchery Diesel Genset Weekly Maintenance Checklist,,,,Paul gaudia ,"May 11, 2024",1 (375kVA Cummins Genset),,,
"1207235990149954",2024-05-04,,2024-05-04,Paul gaudia ,Untitled section,,,,,,"Name of Maintenance Technician:
Paul gaudia 

Email address:
paul_gaudia@gmail.com 

DATE::
May 4, 2024

DIESEL GENERATOR SET #:
2 (275kVA Camda Genset)

LUBRICATION- Check for leaks:
OKAY

If not okay, explain why and identify the problem. (LUBRICATION- Check for leaks):
N A 

Corrective Action Taken::
N A 

LUBRICATION- Check for oil level:
OKAY

If not okay, explain why and identify the problem. (LUBRICATION- Check for oil level):
N A 

Corrective Action Taken::
N A 

COOLING SYSTEM -Check for leaks:
OKAY

If not okay, explain why and identify the problem. (COOLING SYSTEM -Check for leaks):
N A 

Corrective Action Taken:
N A 

COOLING SYSTEM -Check for radiator restriction:
OKAY

If not okay, explain why and identify the problem. (COOLING SYSTEM -Check for radiator restriction):
N A 

Corrective Action Taken::
N A 

COOLING SYSTEM -Check for hose and connections:
OKAY

If not okay, explain why and identify the problem. (COOLING SYSTEM -Check for hose and connections):
N A 

Corrective Action Taken:
N A 

COOLING SYSTEM -Coolant level:
OKAY

If not okay, explain why and identify the problem. (COOLING SYSTEM -Coolant level):
N A 

Corrective Action Taken::
N A 

COOLING SYSTEM - Belt condition and tension:
OKAY

If not okay, explain why and identify the problem. (COOLING SYSTEM - Belt condition and tension):
N A 

Corrective Action Taken::
N A 

FUEL - Check for leaks:
OKAY

If not okay, explain why and identify the problem. (FUEL - Check for leaks):
N A 

Corrective Action Taken::
N A 

AIR IN-TAKE (Check for leaks):
OKAY

If not okay, explain why and identify the problem. (AIR IN-TAKE :Check for leaks):
N A 

Corrective Action Taken::
N A 

AIR IN-TAKE (Check for air cleaner restriction):
OKAY

If not okay, explain why and identify the problem. (AIR IN-TAKE (Check for air cleaner restriction):
N A 

Corrective Action Taken::
N A 

EXHAUST- Check for leaks:
OKAY

If not okay, explain why and identify the problem. (EXHAUST- Check for leaks):
N A 

Corrective Action Taken::
N A 

ENGINE RELATED - Check for unusual vibration:
OKAY

If not okay, explain why and identify the problem. (ENGINE RELATED - Check for unusual vibration):
N A 

Corrective Action Taken::
N A 

MAIN GENERATOR - Check for air inlet and outlet from restrictions:
OKAY

If not okay, explain why and identify the problem. (MAIN GENERATOR - Check for air inlet and outlet from restrictions):
N A 

Corrective Action Taken::
N A 

MAIN GENERATOR - Check for windings and electrical connections:
OKAY

If not okay, explain why and identify the problem. (MAIN GENERATOR - Check for windings and electrical connections):
N A 

Corrective Action Taken::
N A 

SWITCH GEAR - Check power distribution wiring and connections:
OKAY

If not okay, explain why and identify the problem. (SWITCH GEAR - Check power distribution wiring and connections):
N A 

Corrective Action Taken::
N A 

Actual test run for 1hr with load.:
OKAY

Indicate the time start and end time of the actual test run conducted.:
619.6

Previous reading of running time::
619.6

Present reading of running time::
619.6

Indicate the three (3) line voltages (V) reading::
230v

Indicate the three (3) line amperes (A) reading::
28.18vdc

Indicate the hertz (Hz) reading::
60.2hz

Indicate the oil pressure reading (kPa)::
13768

Indicate the oil temperature (°F)::
63°C

Indicate running condition::
Normal

Notes and other concerns::
N A 

Diesel Tank Level:
Full tank

If for refill, When will be refill?:
Motor pool 

Available Diesel Stock Level:
800ltr

———————————————
This task was submitted through HATCHERY DIESEL GENERATOR WEEKLY MAINTENANCE CHECKLIST
https://form.asana.com/?k=jTp-bz9f-Np1TvF8ahkxpQ&d=1186399537984407",Hatchery Diesel Genset Weekly Maintenance Checklist,,,,Paul gaudia ,"May 4, 2024",2 (275kVA Camda Genset),,,
"1207235986934337",2024-05-04,,2024-05-04,Paul gaudia ,Untitled section,,,,,,"Name of Maintenance Technician:
Paul gaudia 

Email address:
paul_gaudia@gmail.com 

DATE::
May 4, 2024

DIESEL GENERATOR SET #:
1 (375kVA Cummins Genset)

LUBRICATION- Check for leaks:
OKAY

If not okay, explain why and identify the problem. (LUBRICATION- Check for leaks):
N A 

Corrective Action Taken::
N A 

LUBRICATION- Check for oil level:
OKAY

If not okay, explain why and identify the problem. (LUBRICATION- Check for oil level):
N A 

Corrective Action Taken::
N A 

COOLING SYSTEM -Check for leaks:
OKAY

If not okay, explain why and identify the problem. (COOLING SYSTEM -Check for leaks):
N A 

Corrective Action Taken:
N A 

COOLING SYSTEM -Check for radiator restriction:
OKAY

If not okay, explain why and identify the problem. (COOLING SYSTEM -Check for radiator restriction):
N A 

Corrective Action Taken::
N A 

COOLING SYSTEM -Check for hose and connections:
OKAY

If not okay, explain why and identify the problem. (COOLING SYSTEM -Check for hose and connections):
N A 

Corrective Action Taken:
N A 

COOLING SYSTEM -Coolant level:
OKAY

If not okay, explain why and identify the problem. (COOLING SYSTEM -Coolant level):
N A 

Corrective Action Taken::
N A 

COOLING SYSTEM - Belt condition and tension:
OKAY

If not okay, explain why and identify the problem. (COOLING SYSTEM - Belt condition and tension):
N A 

Corrective Action Taken::
N A 

FUEL - Check for leaks:
OKAY

If not okay, explain why and identify the problem. (FUEL - Check for leaks):
N A 

Corrective Action Taken::
N A 

AIR IN-TAKE (Check for leaks):
OKAY

If not okay, explain why and identify the problem. (AIR IN-TAKE :Check for leaks):
N A 

Corrective Action Taken::
N A 

AIR IN-TAKE (Check for air cleaner restriction):
OKAY

If not okay, explain why and identify the problem. (AIR IN-TAKE (Check for air cleaner restriction):
N A 

Corrective Action Taken::
N A 

EXHAUST- Check for leaks:
OKAY

If not okay, explain why and identify the problem. (EXHAUST- Check for leaks):
N A 

Corrective Action Taken::
N A 

ENGINE RELATED - Check for unusual vibration:
OKAY

If not okay, explain why and identify the problem. (ENGINE RELATED - Check for unusual vibration):
N A 

Corrective Action Taken::
N A 

MAIN GENERATOR - Check for air inlet and outlet from restrictions:
OKAY

If not okay, explain why and identify the problem. (MAIN GENERATOR - Check for air inlet and outlet from restrictions):
N A 

Corrective Action Taken::
N A 

MAIN GENERATOR - Check for windings and electrical connections:
OKAY

If not okay, explain why and identify the problem. (MAIN GENERATOR - Check for windings and electrical connections):
N A 

Corrective Action Taken::
N A 

SWITCH GEAR - Check power distribution wiring and connections:
OKAY

If not okay, explain why and identify the problem. (SWITCH GEAR - Check power distribution wiring and connections):
N A 

Corrective Action Taken::
N A 

Actual test run for 1hr with load.:
OKAY

Indicate the time start and end time of the actual test run conducted.:
581.40

Previous reading of running time::
581.40

Present reading of running time::
581.40

Indicate the three (3) line voltages (V) reading::
239v

Indicate the three (3) line amperes (A) reading::
28.10vdc

Indicate the hertz (Hz) reading::
59.99hz

Indicate the oil pressure reading (kPa)::
375kpa

Indicate the oil temperature (°F)::
55°C

Indicate running condition::
Normal

Notes and other concerns::
N A 

Diesel Tank Level:
Full tank

If for refill, When will be refill?:
Motor pool 

Available Diesel Stock Level:
800ltr

———————————————
This task was submitted through HATCHERY DIESEL GENERATOR WEEKLY MAINTENANCE CHECKLIST
https://form.asana.com/?k=jTp-bz9f-Np1TvF8ahkxpQ&d=1186399537984407",Hatchery Diesel Genset Weekly Maintenance Checklist,,,,Paul gaudia ,"May 4, 2024",1 (375kVA Cummins Genset),,,
"1207185566155483",2024-04-27,,2024-04-27,Paul gaudia ,Untitled section,,,,,,"Name of Maintenance Technician:
Paul gaudia 

Email address:
paul_gaudia@gmail.com 

DATE::
Apr 27, 2024

DIESEL GENERATOR SET #:
2 (275kVA Camda Genset)

LUBRICATION- Check for leaks:
OKAY

If not okay, explain why and identify the problem. (LUBRICATION- Check for leaks):
N A 

Corrective Action Taken::
N A 

LUBRICATION- Check for oil level:
OKAY

If not okay, explain why and identify the problem. (LUBRICATION- Check for oil level):
N A 

Corrective Action Taken::
N A 

COOLING SYSTEM -Check for leaks:
OKAY

If not okay, explain why and identify the problem. (COOLING SYSTEM -Check for leaks):
N A 

Corrective Action Taken:
N A 

COOLING SYSTEM -Check for radiator restriction:
OKAY

If not okay, explain why and identify the problem. (COOLING SYSTEM -Check for radiator restriction):
N A 

Corrective Action Taken::
N A 

COOLING SYSTEM -Check for hose and connections:
OKAY

If not okay, explain why and identify the problem. (COOLING SYSTEM -Check for hose and connections):
N A 

Corrective Action Taken:
N A 

COOLING SYSTEM -Coolant level:
OKAY

If not okay, explain why and identify the problem. (COOLING SYSTEM -Coolant level):
N A 

Corrective Action Taken::
N A 

COOLING SYSTEM - Belt condition and tension:
OKAY

If not okay, explain why and identify the problem. (COOLING SYSTEM - Belt condition and tension):
N A 

Corrective Action Taken::
N A 

FUEL - Check for leaks:
OKAY

If not okay, explain why and identify the problem. (FUEL - Check for leaks):
N A 

Corrective Action Taken::
N A 

AIR IN-TAKE (Check for leaks):
OKAY

If not okay, explain why and identify the problem. (AIR IN-TAKE :Check for leaks):
N A 

Corrective Action Taken::
N A 

AIR IN-TAKE (Check for air cleaner restriction):
OKAY

If not okay, explain why and identify the problem. (AIR IN-TAKE (Check for air cleaner restriction):
N A 

Corrective Action Taken::
N A 

EXHAUST- Check for leaks:
OKAY

If not okay, explain why and identify the problem. (EXHAUST- Check for leaks):
N A 

Corrective Action Taken::
N A 

ENGINE RELATED - Check for unusual vibration:
OKAY

If not okay, explain why and identify the problem. (ENGINE RELATED - Check for unusual vibration):
N A 

Corrective Action Taken::
N A 

MAIN GENERATOR - Check for air inlet and outlet from restrictions:
OKAY

If not okay, explain why and identify the problem. (MAIN GENERATOR - Check for air inlet and outlet from restrictions):
N A 

Corrective Action Taken::
N A 

MAIN GENERATOR - Check for windings and electrical connections:
OKAY

If not okay, explain why and identify the problem. (MAIN GENERATOR - Check for windings and electrical connections):
N A 

Corrective Action Taken::
N A 

SWITCH GEAR - Check power distribution wiring and connections:
OKAY

If not okay, explain why and identify the problem. (SWITCH GEAR - Check power distribution wiring and connections):
N A 

Corrective Action Taken::
N A 

Actual test run for 1hr with load.:
OKAY

Indicate the time start and end time of the actual test run conducted.:
619.5

Previous reading of running time::
619.5

Present reading of running time::
619.5

Indicate the three (3) line voltages (V) reading::
230v

Indicate the three (3) line amperes (A) reading::
28.18vdc

Indicate the hertz (Hz) reading::
60.3hz

Indicate the oil pressure reading (kPa)::
13768

Indicate the oil temperature (°F)::
66°C

Indicate running condition::
Normal

Notes and other concerns::
N A 

Diesel Tank Level:
Full tank

If for refill, When will be refill?:
Motor pool 

Available Diesel Stock Level:
800ltr

———————————————
This task was submitted through HATCHERY DIESEL GENERATOR WEEKLY MAINTENANCE CHECKLIST
https://form.asana.com/?k=jTp-bz9f-Np1TvF8ahkxpQ&d=1186399537984407",Hatchery Diesel Genset Weekly Maintenance Checklist,,,,Paul gaudia ,"Apr 27, 2024",2 (275kVA Camda Genset),,,
"1207185691808371",2024-04-27,,2024-04-27,Paul gaudia ,Untitled section,,,,,,"Name of Maintenance Technician:
Paul gaudia 

Email address:
paul_gaudia@gmail.com 

DATE::
Apr 27, 2024

DIESEL GENERATOR SET #:
1 (375kVA Cummins Genset)

LUBRICATION- Check for leaks:
OKAY

If not okay, explain why and identify the problem. (LUBRICATION- Check for leaks):
N A 

Corrective Action Taken::
N A 

LUBRICATION- Check for oil level:
OKAY

If not okay, explain why and identify the problem. (LUBRICATION- Check for oil level):
N A 

Corrective Action Taken::
N A 

COOLING SYSTEM -Check for leaks:
OKAY

If not okay, explain why and identify the problem. (COOLING SYSTEM -Check for leaks):
N A 

Corrective Action Taken:
N A 

COOLING SYSTEM -Check for radiator restriction:
OKAY

If not okay, explain why and identify the problem. (COOLING SYSTEM -Check for radiator restriction):
N A 

Corrective Action Taken::
N A 

COOLING SYSTEM -Check for hose and connections:
OKAY

If not okay, explain why and identify the problem. (COOLING SYSTEM -Check for hose and connections):
N A 

Corrective Action Taken:
N A 

COOLING SYSTEM -Coolant level:
OKAY

If not okay, explain why and identify the problem. (COOLING SYSTEM -Coolant level):
N A 

Corrective Action Taken::
N A 

COOLING SYSTEM - Belt condition and tension:
OKAY

If not okay, explain why and identify the problem. (COOLING SYSTEM - Belt condition and tension):
N A 

Corrective Action Taken::
N A 

FUEL - Check for leaks:
OKAY

If not okay, explain why and identify the problem. (FUEL - Check for leaks):
N A 

Corrective Action Taken::
N A 

AIR IN-TAKE (Check for leaks):
OKAY

If not okay, explain why and identify the problem. (AIR IN-TAKE :Check for leaks):
N A 

Corrective Action Taken::
N A 

AIR IN-TAKE (Check for air cleaner restriction):
OKAY

If not okay, explain why and identify the problem. (AIR IN-TAKE (Check for air cleaner restriction):
N A 

Corrective Action Taken::
N A 

EXHAUST- Check for leaks:
OKAY

If not okay, explain why and identify the problem. (EXHAUST- Check for leaks):
N A 

Corrective Action Taken::
N A 

ENGINE RELATED - Check for unusual vibration:
OKAY

If not okay, explain why and identify the problem. (ENGINE RELATED - Check for unusual vibration):
N A 

Corrective Action Taken::
N A 

MAIN GENERATOR - Check for air inlet and outlet from restrictions:
OKAY

If not okay, explain why and identify the problem. (MAIN GENERATOR - Check for air inlet and outlet from restrictions):
N A 

Corrective Action Taken::
N A 

MAIN GENERATOR - Check for windings and electrical connections:
OKAY

If not okay, explain why and identify the problem. (MAIN GENERATOR - Check for windings and electrical connections):
N A 

Corrective Action Taken::
N A 

SWITCH GEAR - Check power distribution wiring and connections:
OKAY

If not okay, explain why and identify the problem. (SWITCH GEAR - Check power distribution wiring and connections):
N A 

Corrective Action Taken::
N A 

Actual test run for 1hr with load.:
OKAY

Indicate the time start and end time of the actual test run conducted.:
581.30

Previous reading of running time::
581.30

Present reading of running time::
581.30

Indicate the three (3) line voltages (V) reading::
239v

Indicate the three (3) line amperes (A) reading::
28.10vdc

Indicate the hertz (Hz) reading::
59.99hz

Indicate the oil pressure reading (kPa)::
375kpa

Indicate the oil temperature (°F)::
68°C

Indicate running condition::
Normal

Notes and other concerns::
N A 

Diesel Tank Level:
Full tank

If for refill, When will be refill?:
Motor pool 

Available Diesel Stock Level:
800ltr

———————————————
This task was submitted through HATCHERY DIESEL GENERATOR WEEKLY MAINTENANCE CHECKLIST
https://form.asana.com/?k=jTp-bz9f-Np1TvF8ahkxpQ&d=1186399537984407",Hatchery Diesel Genset Weekly Maintenance Checklist,,,,Paul gaudia ,"Apr 27, 2024",1 (375kVA Cummins Genset),,,
"1207128224481096",2024-04-20,,2024-04-20,Paul gaudia ,Untitled section,,,,,,"Name of Maintenance Technician:
Paul gaudia 

Email address:
paul_gaudia@gmail.com 

DATE::
Apr 20, 2024

DIESEL GENERATOR SET #:
1 (375kVA Cummins Genset)

LUBRICATION- Check for leaks:
OKAY

If not okay, explain why and identify the problem. (LUBRICATION- Check for leaks):
N A 

Corrective Action Taken::
N A 

LUBRICATION- Check for oil level:
OKAY

If not okay, explain why and identify the problem. (LUBRICATION- Check for oil level):
N A 

Corrective Action Taken::
N A 

COOLING SYSTEM -Check for leaks:
OKAY

If not okay, explain why and identify the problem. (COOLING SYSTEM -Check for leaks):
N A 

Corrective Action Taken:
N A 

COOLING SYSTEM -Check for radiator restriction:
OKAY

If not okay, explain why and identify the problem. (COOLING SYSTEM -Check for radiator restriction):
N A 

Corrective Action Taken::
N A 

COOLING SYSTEM -Check for hose and connections:
OKAY

If not okay, explain why and identify the problem. (COOLING SYSTEM -Check for hose and connections):
N A 

Corrective Action Taken:
N A 

COOLING SYSTEM -Coolant level:
OKAY

If not okay, explain why and identify the problem. (COOLING SYSTEM -Coolant level):
N A 

Corrective Action Taken::
N A 

COOLING SYSTEM - Belt condition and tension:
OKAY

If not okay, explain why and identify the problem. (COOLING SYSTEM - Belt condition and tension):
N A 

Corrective Action Taken::
N A 

FUEL - Check for leaks:
OKAY

If not okay, explain why and identify the problem. (FUEL - Check for leaks):
N A 

Corrective Action Taken::
N A 

AIR IN-TAKE (Check for leaks):
OKAY

If not okay, explain why and identify the problem. (AIR IN-TAKE :Check for leaks):
N A 

Corrective Action Taken::
N A 

AIR IN-TAKE (Check for air cleaner restriction):
OKAY

If not okay, explain why and identify the problem. (AIR IN-TAKE (Check for air cleaner restriction):
N A 

Corrective Action Taken::
N A 

EXHAUST- Check for leaks:
OKAY

If not okay, explain why and identify the problem. (EXHAUST- Check for leaks):
N A 

Corrective Action Taken::
N A 

ENGINE RELATED - Check for unusual vibration:
OKAY

If not okay, explain why and identify the problem. (ENGINE RELATED - Check for unusual vibration):
N A 

Corrective Action Taken::
N A 

MAIN GENERATOR - Check for air inlet and outlet from restrictions:
OKAY

If not okay, explain why and identify the problem. (MAIN GENERATOR - Check for air inlet and outlet from restrictions):
N A 

Corrective Action Taken::
N A 

MAIN GENERATOR - Check for windings and electrical connections:
OKAY

If not okay, explain why and identify the problem. (MAIN GENERATOR - Check for windings and electrical connections):
N A 

Corrective Action Taken::
N A 

SWITCH GEAR - Check power distribution wiring and connections:
OKAY

If not okay, explain why and identify the problem. (SWITCH GEAR - Check power distribution wiring and connections):
N A 

Corrective Action Taken::
N A 

Actual test run for 1hr with load.:
OKAY

Indicate the time start and end time of the actual test run conducted.:
580.10

Previous reading of running time::
580.10

Present reading of running time::
580.10

Indicate the three (3) line voltages (V) reading::
239v

Indicate the three (3) line amperes (A) reading::
28.18vdc

Indicate the hertz (Hz) reading::
59.99hz

Indicate the oil pressure reading (kPa)::
375kpa

Indicate the oil temperature (°F)::
68°C

Indicate running condition::
Normal

Notes and other concerns::
N A 

Diesel Tank Level:
Full tank

If for refill, When will be refill?:
Motor pool 

Available Diesel Stock Level:
800ltr

———————————————
This task was submitted through HATCHERY DIESEL GENERATOR WEEKLY MAINTENANCE CHECKLIST
https://form.asana.com/?k=jTp-bz9f-Np1TvF8ahkxpQ&d=1186399537984407",Hatchery Diesel Genset Weekly Maintenance Checklist,,,,Paul gaudia ,"Apr 20, 2024",1 (375kVA Cummins Genset),,,
"1207069624109503",2024-04-13,,2024-04-13,Paul gaudia ,Untitled section,,,,,,"Name of Maintenance Technician:
Paul gaudia 

Email address:
paul_gaudia@gmail.com 

DATE::
Apr 13, 2024

DIESEL GENERATOR SET #:
1 (375kVA Cummins Genset)

LUBRICATION- Check for leaks:
OKAY

If not okay, explain why and identify the problem. (LUBRICATION- Check for leaks):
N A 

Corrective Action Taken::
N A 

LUBRICATION- Check for oil level:
OKAY

If not okay, explain why and identify the problem. (LUBRICATION- Check for oil level):
N A 

Corrective Action Taken::
N A 

COOLING SYSTEM -Check for leaks:
OKAY

If not okay, explain why and identify the problem. (COOLING SYSTEM -Check for leaks):
N A 

Corrective Action Taken:
N A 

COOLING SYSTEM -Check for radiator restriction:
OKAY

If not okay, explain why and identify the problem. (COOLING SYSTEM -Check for radiator restriction):
N A 

Corrective Action Taken::
N A 

COOLING SYSTEM -Check for hose and connections:
OKAY

If not okay, explain why and identify the problem. (COOLING SYSTEM -Check for hose and connections):
N A 

Corrective Action Taken:
N A 

COOLING SYSTEM -Coolant level:
OKAY

If not okay, explain why and identify the problem. (COOLING SYSTEM -Coolant level):
N A 

Corrective Action Taken::
N A 

COOLING SYSTEM - Belt condition and tension:
OKAY

If not okay, explain why and identify the problem. (COOLING SYSTEM - Belt condition and tension):
N A 

Corrective Action Taken::
N A 

FUEL - Check for leaks:
OKAY

If not okay, explain why and identify the problem. (FUEL - Check for leaks):
N A 

Corrective Action Taken::
N A 

AIR IN-TAKE (Check for leaks):
OKAY

If not okay, explain why and identify the problem. (AIR IN-TAKE :Check for leaks):
N A 

Corrective Action Taken::
N A 

AIR IN-TAKE (Check for air cleaner restriction):
OKAY

If not okay, explain why and identify the problem. (AIR IN-TAKE (Check for air cleaner restriction):
N A 

Corrective Action Taken::
N A 

EXHAUST- Check for leaks:
OKAY

If not okay, explain why and identify the problem. (EXHAUST- Check for leaks):
N A 

Corrective Action Taken::
N A 

ENGINE RELATED - Check for unusual vibration:
OKAY

If not okay, explain why and identify the problem. (ENGINE RELATED - Check for unusual vibration):
N A 

Corrective Action Taken::
N A 

MAIN GENERATOR - Check for air inlet and outlet from restrictions:
OKAY

If not okay, explain why and identify the problem. (MAIN GENERATOR - Check for air inlet and outlet from restrictions):
N A 

Corrective Action Taken::
N A 

MAIN GENERATOR - Check for windings and electrical connections:
OKAY

If not okay, explain why and identify the problem. (MAIN GENERATOR - Check for windings and electrical connections):
N A 

Corrective Action Taken::
N A 

SWITCH GEAR - Check power distribution wiring and connections:
OKAY

If not okay, explain why and identify the problem. (SWITCH GEAR - Check power distribution wiring and connections):
N A 

Corrective Action Taken::
N A 

Actual test run for 1hr with load.:
OKAY

Indicate the time start and end time of the actual test run conducted.:
579.50

Previous reading of running time::
579.50

Present reading of running time::
579.50

Indicate the three (3) line voltages (V) reading::
239v

Indicate the three (3) line amperes (A) reading::
28.10vdc

Indicate the hertz (Hz) reading::
59.99hz

Indicate the oil pressure reading (kPa)::
375kpa

Indicate the oil temperature (°F)::
63°C

Indicate running condition::
Normal

Notes and other concerns::
N A 

Diesel Tank Level:
Full tank

If for refill, When will be refill?:
Motor pool 

Available Diesel Stock Level:
800ltr

———————————————
This task was submitted through HATCHERY DIESEL GENERATOR WEEKLY MAINTENANCE CHECKLIST
https://form.asana.com/?k=jTp-bz9f-Np1TvF8ahkxpQ&d=1186399537984407",Hatchery Diesel Genset Weekly Maintenance Checklist,,,,Paul gaudia ,"Apr 13, 2024",1 (375kVA Cummins Genset),,,
"1207014591379772",2024-04-06,,2024-04-06,Paul gaudia ,Untitled section,,,,,,"Name of Maintenance Technician:
Paul gaudia 

Email address:
paul_gaudia@gmail.com 

DATE::
Apr 6, 2024

DIESEL GENERATOR SET #:
2 (275kVA Camda Genset)

LUBRICATION- Check for leaks:
OKAY

If not okay, explain why and identify the problem. (LUBRICATION- Check for leaks):
N A 

Corrective Action Taken::
N A 

LUBRICATION- Check for oil level:
OKAY

If not okay, explain why and identify the problem. (LUBRICATION- Check for oil level):
N A 

Corrective Action Taken::
N A 

COOLING SYSTEM -Check for leaks:
OKAY

If not okay, explain why and identify the problem. (COOLING SYSTEM -Check for leaks):
N A 

Corrective Action Taken:
N A 

COOLING SYSTEM -Check for radiator restriction:
OKAY

If not okay, explain why and identify the problem. (COOLING SYSTEM -Check for radiator restriction):
N A 

Corrective Action Taken::
N A 

COOLING SYSTEM -Check for hose and connections:
OKAY

If not okay, explain why and identify the problem. (COOLING SYSTEM -Check for hose and connections):
N A 

Corrective Action Taken:
N A 

COOLING SYSTEM -Coolant level:
OKAY

If not okay, explain why and identify the problem. (COOLING SYSTEM -Coolant level):
N A 

Corrective Action Taken::
N A 

COOLING SYSTEM - Belt condition and tension:
OKAY

If not okay, explain why and identify the problem. (COOLING SYSTEM - Belt condition and tension):
N A 

Corrective Action Taken::
N A 

FUEL - Check for leaks:
OKAY

If not okay, explain why and identify the problem. (FUEL - Check for leaks):
N A 

Corrective Action Taken::
N A 

AIR IN-TAKE (Check for leaks):
OKAY

If not okay, explain why and identify the problem. (AIR IN-TAKE :Check for leaks):
N A 

Corrective Action Taken::
N A 

AIR IN-TAKE (Check for air cleaner restriction):
OKAY

If not okay, explain why and identify the problem. (AIR IN-TAKE (Check for air cleaner restriction):
N A 

Corrective Action Taken::
N A 

EXHAUST- Check for leaks:
OKAY

If not okay, explain why and identify the problem. (EXHAUST- Check for leaks):
N A 

Corrective Action Taken::
N A 

ENGINE RELATED - Check for unusual vibration:
OKAY

If not okay, explain why and identify the problem. (ENGINE RELATED - Check for unusual vibration):
N A 

Corrective Action Taken::
N A 

MAIN GENERATOR - Check for air inlet and outlet from restrictions:
OKAY

If not okay, explain why and identify the problem. (MAIN GENERATOR - Check for air inlet and outlet from restrictions):
N A 

Corrective Action Taken::
N A 

MAIN GENERATOR - Check for windings and electrical connections:
OKAY

If not okay, explain why and identify the problem. (MAIN GENERATOR - Check for windings and electrical connections):
N A 

Corrective Action Taken::
N A 

SWITCH GEAR - Check power distribution wiring and connections:
OKAY

If not okay, explain why and identify the problem. (SWITCH GEAR - Check power distribution wiring and connections):
N A 

Corrective Action Taken::
N A 

Actual test run for 1hr with load.:
OKAY

Indicate the time start and end time of the actual test run conducted.:
619.2

Previous reading of running time::
619.2

Present reading of running time::
619.2

Indicate the three (3) line voltages (V) reading::
230v

Indicate the three (3) line amperes (A) reading::
28.18vdc

Indicate the hertz (Hz) reading::
60.2hz

Indicate the oil pressure reading (kPa)::
13768

Indicate the oil temperature (°F)::
58°C

Indicate running condition::
Normal

Notes and other concerns::
N A 

Diesel Tank Level:
Full tank

If for refill, When will be refill?:
Motor pool 

Available Diesel Stock Level:
400ltr

———————————————
This task was submitted through HATCHERY DIESEL GENERATOR WEEKLY MAINTENANCE CHECKLIST
https://form.asana.com/?k=jTp-bz9f-Np1TvF8ahkxpQ&d=1186399537984407",Hatchery Diesel Genset Weekly Maintenance Checklist,,,,Paul gaudia ,"Apr 6, 2024",2 (275kVA Camda Genset),,,
"1207014453946279",2024-04-06,,2024-04-06,Paul gaudia ,Untitled section,,,,,,"Name of Maintenance Technician:
Paul gaudia 

Email address:
paul_gaudia@gmail.com 

DATE::
Apr 6, 2024

DIESEL GENERATOR SET #:
1 (375kVA Cummins Genset)

LUBRICATION- Check for leaks:
OKAY

If not okay, explain why and identify the problem. (LUBRICATION- Check for leaks):
N A 

Corrective Action Taken::
N A 

LUBRICATION- Check for oil level:
OKAY

If not okay, explain why and identify the problem. (LUBRICATION- Check for oil level):
N A 

Corrective Action Taken::
N A 

COOLING SYSTEM -Check for leaks:
OKAY

If not okay, explain why and identify the problem. (COOLING SYSTEM -Check for leaks):
N A 

Corrective Action Taken:
N A 

COOLING SYSTEM -Check for radiator restriction:
OKAY

If not okay, explain why and identify the problem. (COOLING SYSTEM -Check for radiator restriction):
N A 

Corrective Action Taken::
N A 

COOLING SYSTEM -Check for hose and connections:
OKAY

If not okay, explain why and identify the problem. (COOLING SYSTEM -Check for hose and connections):
N A 

Corrective Action Taken:
N A 

COOLING SYSTEM -Coolant level:
OKAY

If not okay, explain why and identify the problem. (COOLING SYSTEM -Coolant level):
N A 

Corrective Action Taken::
N A 

COOLING SYSTEM - Belt condition and tension:
OKAY

If not okay, explain why and identify the problem. (COOLING SYSTEM - Belt condition and tension):
N A 

Corrective Action Taken::
N A 

FUEL - Check for leaks:
OKAY

If not okay, explain why and identify the problem. (FUEL - Check for leaks):
N A 

Corrective Action Taken::
N A 

AIR IN-TAKE (Check for leaks):
OKAY

If not okay, explain why and identify the problem. (AIR IN-TAKE :Check for leaks):
N A 

Corrective Action Taken::
N A 

AIR IN-TAKE (Check for air cleaner restriction):
OKAY

If not okay, explain why and identify the problem. (AIR IN-TAKE (Check for air cleaner restriction):
N A 

Corrective Action Taken::
N A 

EXHAUST- Check for leaks:
OKAY

If not okay, explain why and identify the problem. (EXHAUST- Check for leaks):
N A 

Corrective Action Taken::
N A 

ENGINE RELATED - Check for unusual vibration:
OKAY

If not okay, explain why and identify the problem. (ENGINE RELATED - Check for unusual vibration):
N A 

Corrective Action Taken::
N A 

MAIN GENERATOR - Check for air inlet and outlet from restrictions:
OKAY

If not okay, explain why and identify the problem. (MAIN GENERATOR - Check for air inlet and outlet from restrictions):
N A 

Corrective Action Taken::
N A 

MAIN GENERATOR - Check for windings and electrical connections:
OKAY

If not okay, explain why and identify the problem. (MAIN GENERATOR - Check for windings and electrical connections):
N A 

Corrective Action Taken::
N A 

SWITCH GEAR - Check power distribution wiring and connections:
OKAY

If not okay, explain why and identify the problem. (SWITCH GEAR - Check power distribution wiring and connections):
N A 

Corrective Action Taken::
N A 

Actual test run for 1hr with load.:
OKAY

Indicate the time start and end time of the actual test run conducted.:
579.45

Previous reading of running time::
579.45

Present reading of running time::
579.45

Indicate the three (3) line voltages (V) reading::
239v

Indicate the three (3) line amperes (A) reading::
28.10vdc

Indicate the hertz (Hz) reading::
59.99hz

Indicate the oil pressure reading (kPa)::
375kpa

Indicate the oil temperature (°F)::
55°C

Indicate running condition::
Normal

Notes and other concerns::
N A 

Diesel Tank Level:
Half Tank

If for refill, When will be refill?:
Motor pool 

Available Diesel Stock Level:
400ltr

———————————————
This task was submitted through HATCHERY DIESEL GENERATOR WEEKLY MAINTENANCE CHECKLIST
https://form.asana.com/?k=jTp-bz9f-Np1TvF8ahkxpQ&d=1186399537984407",Hatchery Diesel Genset Weekly Maintenance Checklist,,,,Paul gaudia ,"Apr 6, 2024",1 (375kVA Cummins Genset),,,
"1206956033253368",2024-03-29,,2024-03-29,Paul gaudia ,Untitled section,,,,,,"Name of Maintenance Technician:
Paul gaudia 

Email address:
paul_gaudia@gmail.com 

DATE::
Mar 29, 2024

DIESEL GENERATOR SET #:
2 (275kVA Camda Genset)

LUBRICATION- Check for leaks:
OKAY

If not okay, explain why and identify the problem. (LUBRICATION- Check for leaks):
N A 

Corrective Action Taken::
N A 

LUBRICATION- Check for oil level:
OKAY

If not okay, explain why and identify the problem. (LUBRICATION- Check for oil level):
N A 

Corrective Action Taken::
N A 

COOLING SYSTEM -Check for leaks:
OKAY

If not okay, explain why and identify the problem. (COOLING SYSTEM -Check for leaks):
N A 

Corrective Action Taken:
N A 

COOLING SYSTEM -Check for radiator restriction:
OKAY

If not okay, explain why and identify the problem. (COOLING SYSTEM -Check for radiator restriction):
N A 

Corrective Action Taken::
N A 

COOLING SYSTEM -Check for hose and connections:
OKAY

If not okay, explain why and identify the problem. (COOLING SYSTEM -Check for hose and connections):
N A 

Corrective Action Taken:
N A 

COOLING SYSTEM -Coolant level:
OKAY

If not okay, explain why and identify the problem. (COOLING SYSTEM -Coolant level):
N A 

Corrective Action Taken::
N A 

COOLING SYSTEM - Belt condition and tension:
OKAY

If not okay, explain why and identify the problem. (COOLING SYSTEM - Belt condition and tension):
N A 

Corrective Action Taken::
N A 

FUEL - Check for leaks:
OKAY

If not okay, explain why and identify the problem. (FUEL - Check for leaks):
N A 

Corrective Action Taken::
N A 

AIR IN-TAKE (Check for leaks):
OKAY

If not okay, explain why and identify the problem. (AIR IN-TAKE :Check for leaks):
N A 

Corrective Action Taken::
N A 

AIR IN-TAKE (Check for air cleaner restriction):
OKAY

If not okay, explain why and identify the problem. (AIR IN-TAKE (Check for air cleaner restriction):
N A 

Corrective Action Taken::
N A 

EXHAUST- Check for leaks:
OKAY

If not okay, explain why and identify the problem. (EXHAUST- Check for leaks):
N A 

Corrective Action Taken::
N A 

ENGINE RELATED - Check for unusual vibration:
OKAY

If not okay, explain why and identify the problem. (ENGINE RELATED - Check for unusual vibration):
N A 

Corrective Action Taken::
N A 

MAIN GENERATOR - Check for air inlet and outlet from restrictions:
OKAY

If not okay, explain why and identify the problem. (MAIN GENERATOR - Check for air inlet and outlet from restrictions):
N A 

Corrective Action Taken::
N A 

MAIN GENERATOR - Check for windings and electrical connections:
OKAY

If not okay, explain why and identify the problem. (MAIN GENERATOR - Check for windings and electrical connections):
N A 

Corrective Action Taken::
N A 

SWITCH GEAR - Check power distribution wiring and connections:
OKAY

If not okay, explain why and identify the problem. (SWITCH GEAR - Check power distribution wiring and connections):
N A 

Corrective Action Taken::
N A 

Actual test run for 1hr with load.:
OKAY

Indicate the time start and end time of the actual test run conducted.:
619.0

Previous reading of running time::
619.0

Present reading of running time::
619.0

Indicate the three (3) line voltages (V) reading::
230v

Indicate the three (3) line amperes (A) reading::
28.18vdc

Indicate the hertz (Hz) reading::
60hz

Indicate the oil pressure reading (kPa)::
13768

Indicate the oil temperature (°F)::
60°C

Indicate running condition::
Normal

Notes and other concerns::
N A 

Diesel Tank Level:
Full tank

If for refill, When will be refill?:
Motor pool 

Available Diesel Stock Level:
600ltr

———————————————
This task was submitted through HATCHERY DIESEL GENERATOR WEEKLY MAINTENANCE CHECKLIST
https://form.asana.com/?k=jTp-bz9f-Np1TvF8ahkxpQ&d=1186399537984407",Hatchery Diesel Genset Weekly Maintenance Checklist,,,,Paul gaudia ,"Mar 29, 2024",2 (275kVA Camda Genset),,,
"1206955973670496",2024-03-29,,2024-03-29,Paul gaudia ,Untitled section,,,,,,"Name of Maintenance Technician:
Paul gaudia 

Email address:
paul_gaudia@gmail.com 

DATE::
Mar 29, 2024

DIESEL GENERATOR SET #:
1 (375kVA Cummins Genset)

LUBRICATION- Check for leaks:
OKAY

If not okay, explain why and identify the problem. (LUBRICATION- Check for leaks):
N A 

Corrective Action Taken::
N A 

LUBRICATION- Check for oil level:
OKAY

If not okay, explain why and identify the problem. (LUBRICATION- Check for oil level):
N A 

Corrective Action Taken::
N A 

COOLING SYSTEM -Check for leaks:
OKAY

If not okay, explain why and identify the problem. (COOLING SYSTEM -Check for leaks):
N A 

Corrective Action Taken:
N A 

COOLING SYSTEM -Check for radiator restriction:
OKAY

If not okay, explain why and identify the problem. (COOLING SYSTEM -Check for radiator restriction):
N A 

Corrective Action Taken::
N A 

COOLING SYSTEM -Check for hose and connections:
OKAY

If not okay, explain why and identify the problem. (COOLING SYSTEM -Check for hose and connections):
N A 

Corrective Action Taken:
N A 

COOLING SYSTEM -Coolant level:
OKAY

If not okay, explain why and identify the problem. (COOLING SYSTEM -Coolant level):
N A 

Corrective Action Taken::
N A 

COOLING SYSTEM - Belt condition and tension:
OKAY

If not okay, explain why and identify the problem. (COOLING SYSTEM - Belt condition and tension):
N A 

Corrective Action Taken::
N A 

FUEL - Check for leaks:
OKAY

If not okay, explain why and identify the problem. (FUEL - Check for leaks):
N A 

Corrective Action Taken::
N A 

AIR IN-TAKE (Check for leaks):
OKAY

If not okay, explain why and identify the problem. (AIR IN-TAKE :Check for leaks):
N A 

Corrective Action Taken::
N A 

AIR IN-TAKE (Check for air cleaner restriction):
OKAY

If not okay, explain why and identify the problem. (AIR IN-TAKE (Check for air cleaner restriction):
N A 

Corrective Action Taken::
N A 

EXHAUST- Check for leaks:
OKAY

If not okay, explain why and identify the problem. (EXHAUST- Check for leaks):
N A 

Corrective Action Taken::
N A 

ENGINE RELATED - Check for unusual vibration:
OKAY

If not okay, explain why and identify the problem. (ENGINE RELATED - Check for unusual vibration):
N A 

Corrective Action Taken::
N A 

MAIN GENERATOR - Check for air inlet and outlet from restrictions:
OKAY

If not okay, explain why and identify the problem. (MAIN GENERATOR - Check for air inlet and outlet from restrictions):
N A 

Corrective Action Taken::
N A 

MAIN GENERATOR - Check for windings and electrical connections:
OKAY

If not okay, explain why and identify the problem. (MAIN GENERATOR - Check for windings and electrical connections):
N A 

Corrective Action Taken::
N A 

SWITCH GEAR - Check power distribution wiring and connections:
OKAY

If not okay, explain why and identify the problem. (SWITCH GEAR - Check power distribution wiring and connections):
N A 

Corrective Action Taken::
N A 

Actual test run for 1hr with load.:
OKAY

Indicate the time start and end time of the actual test run conducted.:
565.25

Previous reading of running time::
565.25

Present reading of running time::
565.25

Indicate the three (3) line voltages (V) reading::
239v

Indicate the three (3) line amperes (A) reading::
28.10vdc

Indicate the hertz (Hz) reading::
59.99hz

Indicate the oil pressure reading (kPa)::
375kpa

Indicate the oil temperature (°F)::
63°C

Indicate running condition::
Normal

Notes and other concerns::
N A 

Diesel Tank Level:
Half Tank

If for refill, When will be refill?:
Motor pool 

Available Diesel Stock Level:
600ltr

———————————————
This task was submitted through HATCHERY DIESEL GENERATOR WEEKLY MAINTENANCE CHECKLIST
https://form.asana.com/?k=jTp-bz9f-Np1TvF8ahkxpQ&d=1186399537984407",Hatchery Diesel Genset Weekly Maintenance Checklist,,,,Paul gaudia ,"Mar 29, 2024",1 (375kVA Cummins Genset),,,
"1206912012038714",2024-03-23,,2024-03-23,Paul gaudia ,Untitled section,,,,,,"Name of Maintenance Technician:
Paul gaudia 

Email address:
paul_gaudia@gmail.com 

DATE::
Mar 23, 2024

DIESEL GENERATOR SET #:
2 (275kVA Camda Genset)

LUBRICATION- Check for leaks:
OKAY

If not okay, explain why and identify the problem. (LUBRICATION- Check for leaks):
N A 

Corrective Action Taken::
N A 

LUBRICATION- Check for oil level:
OKAY

If not okay, explain why and identify the problem. (LUBRICATION- Check for oil level):
N A 

Corrective Action Taken::
N A 

COOLING SYSTEM -Check for leaks:
OKAY

If not okay, explain why and identify the problem. (COOLING SYSTEM -Check for leaks):
N A 

Corrective Action Taken:
N A 

COOLING SYSTEM -Check for radiator restriction:
OKAY

If not okay, explain why and identify the problem. (COOLING SYSTEM -Check for radiator restriction):
N A 

Corrective Action Taken::
N A 

COOLING SYSTEM -Check for hose and connections:
OKAY

If not okay, explain why and identify the problem. (COOLING SYSTEM -Check for hose and connections):
N A 

Corrective Action Taken:
N A 

COOLING SYSTEM -Coolant level:
OKAY

If not okay, explain why and identify the problem. (COOLING SYSTEM -Coolant level):
N A 

Corrective Action Taken::
N A 

COOLING SYSTEM - Belt condition and tension:
OKAY

If not okay, explain why and identify the problem. (COOLING SYSTEM - Belt condition and tension):
N A 

Corrective Action Taken::
N A 

FUEL - Check for leaks:
OKAY

If not okay, explain why and identify the problem. (FUEL - Check for leaks):
N A 

Corrective Action Taken::
N A 

AIR IN-TAKE (Check for leaks):
OKAY

If not okay, explain why and identify the problem. (AIR IN-TAKE :Check for leaks):
N A 

Corrective Action Taken::
N A 

AIR IN-TAKE (Check for air cleaner restriction):
OKAY

If not okay, explain why and identify the problem. (AIR IN-TAKE (Check for air cleaner restriction):
N A 

Corrective Action Taken::
N A 

EXHAUST- Check for leaks:
OKAY

If not okay, explain why and identify the problem. (EXHAUST- Check for leaks):
N A 

Corrective Action Taken::
N A 

ENGINE RELATED - Check for unusual vibration:
OKAY

If not okay, explain why and identify the problem. (ENGINE RELATED - Check for unusual vibration):
N A 

Corrective Action Taken::
N A 

MAIN GENERATOR - Check for air inlet and outlet from restrictions:
OKAY

If not okay, explain why and identify the problem. (MAIN GENERATOR - Check for air inlet and outlet from restrictions):
N A 

Corrective Action Taken::
N A 

MAIN GENERATOR - Check for windings and electrical connections:
OKAY

If not okay, explain why and identify the problem. (MAIN GENERATOR - Check for windings and electrical connections):
N A 

Corrective Action Taken::
N A 

SWITCH GEAR - Check power distribution wiring and connections:
OKAY

If not okay, explain why and identify the problem. (SWITCH GEAR - Check power distribution wiring and connections):
N A 

Corrective Action Taken::
N A 

Actual test run for 1hr with load.:
OKAY

Indicate the time start and end time of the actual test run conducted.:
618.9

Previous reading of running time::
618.9

Present reading of running time::
618.9

Indicate the three (3) line voltages (V) reading::
230v

Indicate the three (3) line amperes (A) reading::
28.18vdc

Indicate the hertz (Hz) reading::
60hz

Indicate the oil pressure reading (kPa)::
13768

Indicate the oil temperature (°F)::
66°C

Indicate running condition::
Normal

Notes and other concerns::
N A 

Diesel Tank Level:
Full tank

If for refill, When will be refill?:
Motor pool 

Available Diesel Stock Level:
600ltr

———————————————
This task was submitted through HATCHERY DIESEL GENERATOR WEEKLY MAINTENANCE CHECKLIST
https://form.asana.com/?k=jTp-bz9f-Np1TvF8ahkxpQ&d=1186399537984407",Hatchery Diesel Genset Weekly Maintenance Checklist,,,,Paul gaudia ,"Mar 23, 2024",2 (275kVA Camda Genset),,,
"1206912009085453",2024-03-23,,2024-03-23,Paul gaudia ,Untitled section,,,,,,"Name of Maintenance Technician:
Paul gaudia 

Email address:
paul_gaudia@gmail.com 

DATE::
Mar 23, 2024

DIESEL GENERATOR SET #:
1 (375kVA Cummins Genset)

LUBRICATION- Check for leaks:
OKAY

If not okay, explain why and identify the problem. (LUBRICATION- Check for leaks):
N A 

Corrective Action Taken::
N A 

LUBRICATION- Check for oil level:
OKAY

If not okay, explain why and identify the problem. (LUBRICATION- Check for oil level):
N A 

Corrective Action Taken::
N A 

COOLING SYSTEM -Check for leaks:
OKAY

If not okay, explain why and identify the problem. (COOLING SYSTEM -Check for leaks):
N A 

Corrective Action Taken:
N A 

COOLING SYSTEM -Check for radiator restriction:
OKAY

If not okay, explain why and identify the problem. (COOLING SYSTEM -Check for radiator restriction):
N A 

Corrective Action Taken::
N A 

COOLING SYSTEM -Check for hose and connections:
OKAY

If not okay, explain why and identify the problem. (COOLING SYSTEM -Check for hose and connections):
N A 

Corrective Action Taken:
N A 

COOLING SYSTEM -Coolant level:
OKAY

If not okay, explain why and identify the problem. (COOLING SYSTEM -Coolant level):
N A 

Corrective Action Taken::
N A 

COOLING SYSTEM - Belt condition and tension:
OKAY

If not okay, explain why and identify the problem. (COOLING SYSTEM - Belt condition and tension):
N A 

Corrective Action Taken::
N A 

FUEL - Check for leaks:
OKAY

If not okay, explain why and identify the problem. (FUEL - Check for leaks):
N A 

Corrective Action Taken::
N A 

AIR IN-TAKE (Check for leaks):
OKAY

If not okay, explain why and identify the problem. (AIR IN-TAKE :Check for leaks):
N A 

Corrective Action Taken::
N A 

AIR IN-TAKE (Check for air cleaner restriction):
OKAY

If not okay, explain why and identify the problem. (AIR IN-TAKE (Check for air cleaner restriction):
N A 

Corrective Action Taken::
N A 

EXHAUST- Check for leaks:
OKAY

If not okay, explain why and identify the problem. (EXHAUST- Check for leaks):
N A 

Corrective Action Taken::
N A 

ENGINE RELATED - Check for unusual vibration:
OKAY

If not okay, explain why and identify the problem. (ENGINE RELATED - Check for unusual vibration):
N A 

Corrective Action Taken::
N A 

MAIN GENERATOR - Check for air inlet and outlet from restrictions:
OKAY

If not okay, explain why and identify the problem. (MAIN GENERATOR - Check for air inlet and outlet from restrictions):
N A 

Corrective Action Taken::
N A 

MAIN GENERATOR - Check for windings and electrical connections:
OKAY

If not okay, explain why and identify the problem. (MAIN GENERATOR - Check for windings and electrical connections):
N A 

Corrective Action Taken::
N A 

SWITCH GEAR - Check power distribution wiring and connections:
OKAY

If not okay, explain why and identify the problem. (SWITCH GEAR - Check power distribution wiring and connections):
N A 

Corrective Action Taken::
N A 

Actual test run for 1hr with load.:
OKAY

Indicate the time start and end time of the actual test run conducted.:
565.10

Previous reading of running time::
565.10

Present reading of running time::
565.10

Indicate the three (3) line voltages (V) reading::
239v

Indicate the three (3) line amperes (A) reading::
28.10vdc

Indicate the hertz (Hz) reading::
59.99hz

Indicate the oil pressure reading (kPa)::
375kpa

Indicate the oil temperature (°F)::
69°C

Indicate running condition::
Normal

Notes and other concerns::
N A 

Diesel Tank Level:
Half Tank

If for refill, When will be refill?:
Motor pool 

Available Diesel Stock Level:
600ltr

———————————————
This task was submitted through HATCHERY DIESEL GENERATOR WEEKLY MAINTENANCE CHECKLIST
https://form.asana.com/?k=jTp-bz9f-Np1TvF8ahkxpQ&d=1186399537984407",Hatchery Diesel Genset Weekly Maintenance Checklist,,,,Paul gaudia ,"Mar 23, 2024",1 (375kVA Cummins Genset),,,
"1206848774323214",2024-03-15,,2024-03-15,Paul gaudia ,Untitled section,,,,,,"Name of Maintenance Technician:
Paul gaudia 

Email address:
paul_gaudia@gmail.com 

DATE::
Mar 15, 2024

DIESEL GENERATOR SET #:
2 (275kVA Camda Genset)

LUBRICATION- Check for leaks:
OKAY

If not okay, explain why and identify the problem. (LUBRICATION- Check for leaks):
N A 

Corrective Action Taken::
N A 

LUBRICATION- Check for oil level:
OKAY

If not okay, explain why and identify the problem. (LUBRICATION- Check for oil level):
N A 

Corrective Action Taken::
N A 

COOLING SYSTEM -Check for leaks:
OKAY

If not okay, explain why and identify the problem. (COOLING SYSTEM -Check for leaks):
N A 

Corrective Action Taken:
N A 

COOLING SYSTEM -Check for radiator restriction:
OKAY

If not okay, explain why and identify the problem. (COOLING SYSTEM -Check for radiator restriction):
N A 

Corrective Action Taken::
N A 

COOLING SYSTEM -Check for hose and connections:
OKAY

If not okay, explain why and identify the problem. (COOLING SYSTEM -Check for hose and connections):
N A 

Corrective Action Taken:
N A 

COOLING SYSTEM -Coolant level:
OKAY

If not okay, explain why and identify the problem. (COOLING SYSTEM -Coolant level):
N A 

Corrective Action Taken::
N A 

COOLING SYSTEM - Belt condition and tension:
OKAY

If not okay, explain why and identify the problem. (COOLING SYSTEM - Belt condition and tension):
N A 

Corrective Action Taken::
N A 

FUEL - Check for leaks:
OKAY

If not okay, explain why and identify the problem. (FUEL - Check for leaks):
N A 

Corrective Action Taken::
N A 

AIR IN-TAKE (Check for leaks):
OKAY

If not okay, explain why and identify the problem. (AIR IN-TAKE :Check for leaks):
N A 

Corrective Action Taken::
N A 

AIR IN-TAKE (Check for air cleaner restriction):
OKAY

If not okay, explain why and identify the problem. (AIR IN-TAKE (Check for air cleaner restriction):
N A 

Corrective Action Taken::
N A 

EXHAUST- Check for leaks:
OKAY

If not okay, explain why and identify the problem. (EXHAUST- Check for leaks):
N A 

Corrective Action Taken::
N A 

ENGINE RELATED - Check for unusual vibration:
OKAY

If not okay, explain why and identify the problem. (ENGINE RELATED - Check for unusual vibration):
N A 

Corrective Action Taken::
N A 

MAIN GENERATOR - Check for air inlet and outlet from restrictions:
OKAY

If not okay, explain why and identify the problem. (MAIN GENERATOR - Check for air inlet and outlet from restrictions):
N A 

Corrective Action Taken::
N A 

MAIN GENERATOR - Check for windings and electrical connections:
OKAY

If not okay, explain why and identify the problem. (MAIN GENERATOR - Check for windings and electrical connections):
N A 

Corrective Action Taken::
N A 

SWITCH GEAR - Check power distribution wiring and connections:
OKAY

If not okay, explain why and identify the problem. (SWITCH GEAR - Check power distribution wiring and connections):
N A 

Corrective Action Taken::
N A 

Actual test run for 1hr with load.:
OKAY

Indicate the time start and end time of the actual test run conducted.:
618.8

Previous reading of running time::
618.8

Present reading of running time::
618.8

Indicate the three (3) line voltages (V) reading::
230v

Indicate the three (3) line amperes (A) reading::
28.10vdc

Indicate the hertz (Hz) reading::
60.2hz

Indicate the oil pressure reading (kPa)::
13768

Indicate the oil temperature (°F)::
66°C

Indicate running condition::
Normal

Notes and other concerns::
N A 

Diesel Tank Level:
Full tank

If for refill, When will be refill?:
Motor pool 

Available Diesel Stock Level:
600ltr

———————————————
This task was submitted through HATCHERY DIESEL GENERATOR WEEKLY MAINTENANCE CHECKLIST
https://form.asana.com/?k=jTp-bz9f-Np1TvF8ahkxpQ&d=1186399537984407",Hatchery Diesel Genset Weekly Maintenance Checklist,,,,Paul gaudia ,"Mar 15, 2024",2 (275kVA Camda Genset),,,
"1206848765688494",2024-03-15,,2024-03-15,Paul gaudia ,Untitled section,,,,,,"Name of Maintenance Technician:
Paul gaudia 

Email address:
paul_gaudia@gmail.com 

DATE::
Mar 15, 2024

DIESEL GENERATOR SET #:
1 (375kVA Cummins Genset)

LUBRICATION- Check for leaks:
OKAY

If not okay, explain why and identify the problem. (LUBRICATION- Check for leaks):
N A 

Corrective Action Taken::
N A 

LUBRICATION- Check for oil level:
OKAY

If not okay, explain why and identify the problem. (LUBRICATION- Check for oil level):
N A 

Corrective Action Taken::
N A 

COOLING SYSTEM -Check for leaks:
OKAY

If not okay, explain why and identify the problem. (COOLING SYSTEM -Check for leaks):
N A 

Corrective Action Taken:
N A 

COOLING SYSTEM -Check for radiator restriction:
OKAY

If not okay, explain why and identify the problem. (COOLING SYSTEM -Check for radiator restriction):
N A 

Corrective Action Taken::
N A 

COOLING SYSTEM -Check for hose and connections:
OKAY

If not okay, explain why and identify the problem. (COOLING SYSTEM -Check for hose and connections):
N A 

Corrective Action Taken:
N A 

COOLING SYSTEM -Coolant level:
OKAY

If not okay, explain why and identify the problem. (COOLING SYSTEM -Coolant level):
N A 

Corrective Action Taken::
N A 

COOLING SYSTEM - Belt condition and tension:
OKAY

If not okay, explain why and identify the problem. (COOLING SYSTEM - Belt condition and tension):
N A 

Corrective Action Taken::
N A 

FUEL - Check for leaks:
OKAY

If not okay, explain why and identify the problem. (FUEL - Check for leaks):
N A 

Corrective Action Taken::
N A 

AIR IN-TAKE (Check for leaks):
OKAY

If not okay, explain why and identify the problem. (AIR IN-TAKE :Check for leaks):
N A 

Corrective Action Taken::
N A 

AIR IN-TAKE (Check for air cleaner restriction):
OKAY

If not okay, explain why and identify the problem. (AIR IN-TAKE (Check for air cleaner restriction):
N A 

Corrective Action Taken::
N A 

EXHAUST- Check for leaks:
OKAY

If not okay, explain why and identify the problem. (EXHAUST- Check for leaks):
N A 

Corrective Action Taken::
N A 

ENGINE RELATED - Check for unusual vibration:
OKAY

If not okay, explain why and identify the problem. (ENGINE RELATED - Check for unusual vibration):
N A 

Corrective Action Taken::
N A 

MAIN GENERATOR - Check for air inlet and outlet from restrictions:
OKAY

If not okay, explain why and identify the problem. (MAIN GENERATOR - Check for air inlet and outlet from restrictions):
N A 

Corrective Action Taken::
N A 

MAIN GENERATOR - Check for windings and electrical connections:
OKAY

If not okay, explain why and identify the problem. (MAIN GENERATOR - Check for windings and electrical connections):
N A 

Corrective Action Taken::
N A 

SWITCH GEAR - Check power distribution wiring and connections:
OKAY

If not okay, explain why and identify the problem. (SWITCH GEAR - Check power distribution wiring and connections):
N A 

Corrective Action Taken::
N A 

Actual test run for 1hr with load.:
OKAY

Indicate the time start and end time of the actual test run conducted.:
561.20

Previous reading of running time::
561.20

Present reading of running time::
561.20

Indicate the three (3) line voltages (V) reading::
239v

Indicate the three (3) line amperes (A) reading::
28.10vdc

Indicate the hertz (Hz) reading::
59.99hz

Indicate the oil pressure reading (kPa)::
375kpa

Indicate the oil temperature (°F)::
58°C

Indicate running condition::
Normal

Notes and other concerns::
N A 

Diesel Tank Level:
Full tank

If for refill, When will be refill?:
Motor pool 

Available Diesel Stock Level:
600ltr

———————————————
This task was submitted through HATCHERY DIESEL GENERATOR WEEKLY MAINTENANCE CHECKLIST
https://form.asana.com/?k=jTp-bz9f-Np1TvF8ahkxpQ&d=1186399537984407",Hatchery Diesel Genset Weekly Maintenance Checklist,,,,Paul gaudia ,"Mar 15, 2024",1 (375kVA Cummins Genset),,,
"1206799715799040",2024-03-09,,2024-03-09,Paul gaudia ,Untitled section,,,,,,"Name of Maintenance Technician:
Paul gaudia 

Email address:
paul_gaudia@gmail.com 

DATE::
Mar 9, 2024

DIESEL GENERATOR SET #:
2 (275kVA Camda Genset)

LUBRICATION- Check for leaks:
OKAY

If not okay, explain why and identify the problem. (LUBRICATION- Check for leaks):
N A 

Corrective Action Taken::
N A 

LUBRICATION- Check for oil level:
OKAY

If not okay, explain why and identify the problem. (LUBRICATION- Check for oil level):
N A 

Corrective Action Taken::
N A 

COOLING SYSTEM -Check for leaks:
OKAY

If not okay, explain why and identify the problem. (COOLING SYSTEM -Check for leaks):
N A 

Corrective Action Taken:
N A 

COOLING SYSTEM -Check for radiator restriction:
OKAY

If not okay, explain why and identify the problem. (COOLING SYSTEM -Check for radiator restriction):
N A 

Corrective Action Taken::
N A 

COOLING SYSTEM -Check for hose and connections:
OKAY

If not okay, explain why and identify the problem. (COOLING SYSTEM -Check for hose and connections):
N A 

Corrective Action Taken:
N A 

COOLING SYSTEM -Coolant level:
OKAY

If not okay, explain why and identify the problem. (COOLING SYSTEM -Coolant level):
N A 

Corrective Action Taken::
N A 

COOLING SYSTEM - Belt condition and tension:
OKAY

If not okay, explain why and identify the problem. (COOLING SYSTEM - Belt condition and tension):
N A 

Corrective Action Taken::
N A 

FUEL - Check for leaks:
OKAY

If not okay, explain why and identify the problem. (FUEL - Check for leaks):
N A 

Corrective Action Taken::
N A 

AIR IN-TAKE (Check for leaks):
OKAY

If not okay, explain why and identify the problem. (AIR IN-TAKE :Check for leaks):
N A 

Corrective Action Taken::
N A 

AIR IN-TAKE (Check for air cleaner restriction):
OKAY

If not okay, explain why and identify the problem. (AIR IN-TAKE (Check for air cleaner restriction):
N A 

Corrective Action Taken::
N A 

EXHAUST- Check for leaks:
OKAY

If not okay, explain why and identify the problem. (EXHAUST- Check for leaks):
N A 

Corrective Action Taken::
N A 

ENGINE RELATED - Check for unusual vibration:
OKAY

If not okay, explain why and identify the problem. (ENGINE RELATED - Check for unusual vibration):
N A 

Corrective Action Taken::
N A 

MAIN GENERATOR - Check for air inlet and outlet from restrictions:
OKAY

If not okay, explain why and identify the problem. (MAIN GENERATOR - Check for air inlet and outlet from restrictions):
N A 

Corrective Action Taken::
N A 

MAIN GENERATOR - Check for windings and electrical connections:
OKAY

If not okay, explain why and identify the problem. (MAIN GENERATOR - Check for windings and electrical connections):
N A 

Corrective Action Taken::
N A 

SWITCH GEAR - Check power distribution wiring and connections:
OKAY

If not okay, explain why and identify the problem. (SWITCH GEAR - Check power distribution wiring and connections):
N A 

Corrective Action Taken::
N A 

Actual test run for 1hr with load.:
OKAY

Indicate the time start and end time of the actual test run conducted.:
618.7

Previous reading of running time::
618.7

Present reading of running time::
618.7

Indicate the three (3) line voltages (V) reading::
230v

Indicate the three (3) line amperes (A) reading::
28.18vdc

Indicate the hertz (Hz) reading::
60.3hz

Indicate the oil pressure reading (kPa)::
13768

Indicate the oil temperature (°F)::
58°C

Indicate running condition::
Normal

Notes and other concerns::
N A 

Diesel Tank Level:
Full tank

If for refill, When will be refill?:
Motor pool 

Available Diesel Stock Level:
600ltr

———————————————
This task was submitted through HATCHERY DIESEL GENERATOR WEEKLY MAINTENANCE CHECKLIST
https://form.asana.com/?k=jTp-bz9f-Np1TvF8ahkxpQ&d=1186399537984407",Hatchery Diesel Genset Weekly Maintenance Checklist,,,,Paul gaudia ,"Mar 9, 2024",2 (275kVA Camda Genset),,,
"1206799711214857",2024-03-09,,2024-03-09,Paul gaudia ,Untitled section,,,,,,"Name of Maintenance Technician:
Paul gaudia 

Email address:
paul_gaudia@gmail.com 

DATE::
Mar 9, 2024

DIESEL GENERATOR SET #:
1 (375kVA Cummins Genset)

LUBRICATION- Check for leaks:
OKAY

If not okay, explain why and identify the problem. (LUBRICATION- Check for leaks):
N A 

Corrective Action Taken::
N A 

LUBRICATION- Check for oil level:
OKAY

If not okay, explain why and identify the problem. (LUBRICATION- Check for oil level):
N A 

Corrective Action Taken::
N A 

COOLING SYSTEM -Check for leaks:
OKAY

If not okay, explain why and identify the problem. (COOLING SYSTEM -Check for leaks):
N A 

Corrective Action Taken:
N A 

COOLING SYSTEM -Check for radiator restriction:
OKAY

If not okay, explain why and identify the problem. (COOLING SYSTEM -Check for radiator restriction):
N A 

Corrective Action Taken::
N A 

COOLING SYSTEM -Check for hose and connections:
OKAY

If not okay, explain why and identify the problem. (COOLING SYSTEM -Check for hose and connections):
N A 

Corrective Action Taken:
N A 

COOLING SYSTEM -Coolant level:
OKAY

If not okay, explain why and identify the problem. (COOLING SYSTEM -Coolant level):
N A 

Corrective Action Taken::
N A 

COOLING SYSTEM - Belt condition and tension:
OKAY

If not okay, explain why and identify the problem. (COOLING SYSTEM - Belt condition and tension):
N A 

Corrective Action Taken::
N A 

FUEL - Check for leaks:
OKAY

If not okay, explain why and identify the problem. (FUEL - Check for leaks):
N A 

Corrective Action Taken::
N A 

AIR IN-TAKE (Check for leaks):
OKAY

If not okay, explain why and identify the problem. (AIR IN-TAKE :Check for leaks):
N A 

Corrective Action Taken::
N A 

AIR IN-TAKE (Check for air cleaner restriction):
OKAY

If not okay, explain why and identify the problem. (AIR IN-TAKE (Check for air cleaner restriction):
N A 

Corrective Action Taken::
N A 

EXHAUST- Check for leaks:
OKAY

If not okay, explain why and identify the problem. (EXHAUST- Check for leaks):
N A 

Corrective Action Taken::
N A 

ENGINE RELATED - Check for unusual vibration:
OKAY

If not okay, explain why and identify the problem. (ENGINE RELATED - Check for unusual vibration):
N A 

Corrective Action Taken::
N A 

MAIN GENERATOR - Check for air inlet and outlet from restrictions:
OKAY

If not okay, explain why and identify the problem. (MAIN GENERATOR - Check for air inlet and outlet from restrictions):
N A 

Corrective Action Taken::
N A 

MAIN GENERATOR - Check for windings and electrical connections:
OKAY

If not okay, explain why and identify the problem. (MAIN GENERATOR - Check for windings and electrical connections):
N A 

Corrective Action Taken::
N A 

SWITCH GEAR - Check power distribution wiring and connections:
OKAY

If not okay, explain why and identify the problem. (SWITCH GEAR - Check power distribution wiring and connections):
N A 

Corrective Action Taken::
N A 

Actual test run for 1hr with load.:
OKAY

Indicate the time start and end time of the actual test run conducted.:
561.05

Previous reading of running time::
561.05

Present reading of running time::
561.05

Indicate the three (3) line voltages (V) reading::
239v

Indicate the three (3) line amperes (A) reading::
28.10vdc

Indicate the hertz (Hz) reading::
59.99hz

Indicate the oil pressure reading (kPa)::
375kpa

Indicate the oil temperature (°F)::
55°C

Indicate running condition::
Normal

Notes and other concerns::
N A 

Diesel Tank Level:
Full tank

If for refill, When will be refill?:
Motor pool 

Available Diesel Stock Level:
600ltr

———————————————
This task was submitted through HATCHERY DIESEL GENERATOR WEEKLY MAINTENANCE CHECKLIST
https://form.asana.com/?k=jTp-bz9f-Np1TvF8ahkxpQ&d=1186399537984407",Hatchery Diesel Genset Weekly Maintenance Checklist,,,,Paul gaudia ,"Mar 9, 2024",1 (375kVA Cummins Genset),,,
"1206743700208696",2024-03-02,,2024-03-02,Paul gaudia ,Untitled section,,,,,,"Name of Maintenance Technician:
Paul gaudia 

Email address:
paul_gaudia@gmail.com 

DATE::
Mar 2, 2024

DIESEL GENERATOR SET #:
1 (375kVA Cummins Genset)

LUBRICATION- Check for leaks:
OKAY

If not okay, explain why and identify the problem. (LUBRICATION- Check for leaks):
N A 

Corrective Action Taken::
N A 

LUBRICATION- Check for oil level:
OKAY

If not okay, explain why and identify the problem. (LUBRICATION- Check for oil level):
N A 

Corrective Action Taken::
N A 

COOLING SYSTEM -Check for leaks:
OKAY

If not okay, explain why and identify the problem. (COOLING SYSTEM -Check for leaks):
N A 

Corrective Action Taken:
N A 

COOLING SYSTEM -Check for radiator restriction:
OKAY

If not okay, explain why and identify the problem. (COOLING SYSTEM -Check for radiator restriction):
N A 

Corrective Action Taken::
N A 

COOLING SYSTEM -Check for hose and connections:
OKAY

If not okay, explain why and identify the problem. (COOLING SYSTEM -Check for hose and connections):
N A 

Corrective Action Taken:
N A 

COOLING SYSTEM -Coolant level:
OKAY

If not okay, explain why and identify the problem. (COOLING SYSTEM -Coolant level):
N A 

Corrective Action Taken::
N A 

COOLING SYSTEM - Belt condition and tension:
OKAY

If not okay, explain why and identify the problem. (COOLING SYSTEM - Belt condition and tension):
N A 

Corrective Action Taken::
N A 

FUEL - Check for leaks:
OKAY

If not okay, explain why and identify the problem. (FUEL - Check for leaks):
N A 

Corrective Action Taken::
N A 

AIR IN-TAKE (Check for leaks):
OKAY

If not okay, explain why and identify the problem. (AIR IN-TAKE :Check for leaks):
N A 

Corrective Action Taken::
N A 

AIR IN-TAKE (Check for air cleaner restriction):
OKAY

If not okay, explain why and identify the problem. (AIR IN-TAKE (Check for air cleaner restriction):
N A 

Corrective Action Taken::
N A 

EXHAUST- Check for leaks:
OKAY

If not okay, explain why and identify the problem. (EXHAUST- Check for leaks):
N A 

Corrective Action Taken::
N A 

ENGINE RELATED - Check for unusual vibration:
OKAY

If not okay, explain why and identify the problem. (ENGINE RELATED - Check for unusual vibration):
N A 

Corrective Action Taken::
N A 

MAIN GENERATOR - Check for air inlet and outlet from restrictions:
OKAY

If not okay, explain why and identify the problem. (MAIN GENERATOR - Check for air inlet and outlet from restrictions):
N A 

Corrective Action Taken::
N A 

MAIN GENERATOR - Check for windings and electrical connections:
OKAY

If not okay, explain why and identify the problem. (MAIN GENERATOR - Check for windings and electrical connections):
N A 

Corrective Action Taken::
N A 

SWITCH GEAR - Check power distribution wiring and connections:
OKAY

If not okay, explain why and identify the problem. (SWITCH GEAR - Check power distribution wiring and connections):
N A 

Corrective Action Taken::
N A 

Actual test run for 1hr with load.:
OKAY

Indicate the time start and end time of the actual test run conducted.:
561.0

Previous reading of running time::
561.0

Present reading of running time::
561.0

Indicate the three (3) line voltages (V) reading::
239

Indicate the three (3) line amperes (A) reading::
28.10vdc

Indicate the hertz (Hz) reading::
59.99

Indicate the oil pressure reading (kPa)::
375kpa

Indicate the oil temperature (°F)::
50°C

Indicate running condition::
Normal

Notes and other concerns::
N A 

Diesel Tank Level:
Full tank

If for refill, When will be refill?:
Motor pool 

Available Diesel Stock Level:
600ltr

———————————————
This task was submitted through HATCHERY DIESEL GENERATOR WEEKLY MAINTENANCE CHECKLIST
https://form.asana.com/?k=jTp-bz9f-Np1TvF8ahkxpQ&d=1186399537984407",Hatchery Diesel Genset Weekly Maintenance Checklist,,,,Paul gaudia ,"Mar 2, 2024",1 (375kVA Cummins Genset),,,
"1206675915984637",2024-02-23,,2024-02-23,Paul gaudia ,Untitled section,,,,,,"Name of Maintenance Technician:
Paul gaudia 

Email address:
paul_gaudia@gmail.com 

DATE::
Feb 23, 2024

DIESEL GENERATOR SET #:
2 (275kVA Camda Genset)

LUBRICATION- Check for leaks:
OKAY

If not okay, explain why and identify the problem. (LUBRICATION- Check for leaks):
N A 

Corrective Action Taken::
N A 

LUBRICATION- Check for oil level:
OKAY

If not okay, explain why and identify the problem. (LUBRICATION- Check for oil level):
N A 

Corrective Action Taken::
N A 

COOLING SYSTEM -Check for leaks:
OKAY

If not okay, explain why and identify the problem. (COOLING SYSTEM -Check for leaks):
N A 

Corrective Action Taken:
N A 

COOLING SYSTEM -Check for radiator restriction:
OKAY

If not okay, explain why and identify the problem. (COOLING SYSTEM -Check for radiator restriction):
N A 

Corrective Action Taken::
N A 

COOLING SYSTEM -Check for hose and connections:
OKAY

If not okay, explain why and identify the problem. (COOLING SYSTEM -Check for hose and connections):
N A 

Corrective Action Taken:
N A 

COOLING SYSTEM -Coolant level:
OKAY

If not okay, explain why and identify the problem. (COOLING SYSTEM -Coolant level):
N A 

Corrective Action Taken::
N A 

COOLING SYSTEM - Belt condition and tension:
OKAY

If not okay, explain why and identify the problem. (COOLING SYSTEM - Belt condition and tension):
N A 

Corrective Action Taken::
N A 

FUEL - Check for leaks:
OKAY

If not okay, explain why and identify the problem. (FUEL - Check for leaks):
N A 

Corrective Action Taken::
N A 

AIR IN-TAKE (Check for leaks):
OKAY

If not okay, explain why and identify the problem. (AIR IN-TAKE :Check for leaks):
N A 

Corrective Action Taken::
N A 

AIR IN-TAKE (Check for air cleaner restriction):
OKAY

If not okay, explain why and identify the problem. (AIR IN-TAKE (Check for air cleaner restriction):
N A 

Corrective Action Taken::
N A 

EXHAUST- Check for leaks:
OKAY

If not okay, explain why and identify the problem. (EXHAUST- Check for leaks):
N A 

Corrective Action Taken::
N A 

ENGINE RELATED - Check for unusual vibration:
OKAY

If not okay, explain why and identify the problem. (ENGINE RELATED - Check for unusual vibration):
N A 

Corrective Action Taken::
N A 

MAIN GENERATOR - Check for air inlet and outlet from restrictions:
OKAY

If not okay, explain why and identify the problem. (MAIN GENERATOR - Check for air inlet and outlet from restrictions):
N A 

Corrective Action Taken::
N A 

MAIN GENERATOR - Check for windings and electrical connections:
OKAY

If not okay, explain why and identify the problem. (MAIN GENERATOR - Check for windings and electrical connections):
N A 

Corrective Action Taken::
N A 

SWITCH GEAR - Check power distribution wiring and connections:
OKAY

If not okay, explain why and identify the problem. (SWITCH GEAR - Check power distribution wiring and connections):
N A 

Corrective Action Taken::
N A 

Actual test run for 1hr with load.:
OKAY

Indicate the time start and end time of the actual test run conducted.:
618.6

Previous reading of running time::
618.6

Present reading of running time::
618.6

Indicate the three (3) line voltages (V) reading::
230v

Indicate the three (3) line amperes (A) reading::
28.10vdc

Indicate the hertz (Hz) reading::
60.2hz

Indicate the oil pressure reading (kPa)::
13768

Indicate the oil temperature (°F)::
58°C

Indicate running condition::
Normal

Notes and other concerns::
N A 

Diesel Tank Level:
Full tank

If for refill, When will be refill?:
Motor pool 

Available Diesel Stock Level:
600ltr

———————————————
This task was submitted through HATCHERY DIESEL GENERATOR WEEKLY MAINTENANCE CHECKLIST
https://form.asana.com/?k=jTp-bz9f-Np1TvF8ahkxpQ&d=1186399537984407",Hatchery Diesel Genset Weekly Maintenance Checklist,,,,Paul gaudia ,"Feb 23, 2024",2 (275kVA Camda Genset),,,
"1206675897298929",2024-02-23,,2024-02-23,Paul gaudia ,Untitled section,,,,,,"Name of Maintenance Technician:
Paul gaudia 

Email address:
paul_gaudia@gmail.com 

DATE::
Feb 23, 2024

DIESEL GENERATOR SET #:
1 (375kVA Cummins Genset)

LUBRICATION- Check for leaks:
OKAY

If not okay, explain why and identify the problem. (LUBRICATION- Check for leaks):
N A 

Corrective Action Taken::
N A 

LUBRICATION- Check for oil level:
OKAY

If not okay, explain why and identify the problem. (LUBRICATION- Check for oil level):
N A 

Corrective Action Taken::
N A 

COOLING SYSTEM -Check for leaks:
OKAY

If not okay, explain why and identify the problem. (COOLING SYSTEM -Check for leaks):
N A 

Corrective Action Taken:
N A 

COOLING SYSTEM -Check for radiator restriction:
OKAY

If not okay, explain why and identify the problem. (COOLING SYSTEM -Check for radiator restriction):
N A 

Corrective Action Taken::
N A 

COOLING SYSTEM -Check for hose and connections:
OKAY

If not okay, explain why and identify the problem. (COOLING SYSTEM -Check for hose and connections):
N A 

Corrective Action Taken:
N A 

COOLING SYSTEM -Coolant level:
OKAY

If not okay, explain why and identify the problem. (COOLING SYSTEM -Coolant level):
N A 

Corrective Action Taken::
N A 

COOLING SYSTEM - Belt condition and tension:
OKAY

If not okay, explain why and identify the problem. (COOLING SYSTEM - Belt condition and tension):
N A 

Corrective Action Taken::
N A 

FUEL - Check for leaks:
OKAY

If not okay, explain why and identify the problem. (FUEL - Check for leaks):
N A 

Corrective Action Taken::
N A 

AIR IN-TAKE (Check for leaks):
OKAY

If not okay, explain why and identify the problem. (AIR IN-TAKE :Check for leaks):
N A 

Corrective Action Taken::
N A 

AIR IN-TAKE (Check for air cleaner restriction):
OKAY

If not okay, explain why and identify the problem. (AIR IN-TAKE (Check for air cleaner restriction):
N A 

Corrective Action Taken::
N A 

EXHAUST- Check for leaks:
OKAY

If not okay, explain why and identify the problem. (EXHAUST- Check for leaks):
N A 

Corrective Action Taken::
N A 

ENGINE RELATED - Check for unusual vibration:
OKAY

If not okay, explain why and identify the problem. (ENGINE RELATED - Check for unusual vibration):
N A 

Corrective Action Taken::
N A 

MAIN GENERATOR - Check for air inlet and outlet from restrictions:
OKAY

If not okay, explain why and identify the problem. (MAIN GENERATOR - Check for air inlet and outlet from restrictions):
N A 

Corrective Action Taken::
N A 

MAIN GENERATOR - Check for windings and electrical connections:
OKAY

If not okay, explain why and identify the problem. (MAIN GENERATOR - Check for windings and electrical connections):
N A 

Corrective Action Taken::
N A 

SWITCH GEAR - Check power distribution wiring and connections:
OKAY

If not okay, explain why and identify the problem. (SWITCH GEAR - Check power distribution wiring and connections):
N A 

Corrective Action Taken::
N A 

Actual test run for 1hr with load.:
OKAY

Indicate the time start and end time of the actual test run conducted.:
560.75

Previous reading of running time::
560.75

Present reading of running time::
560.75

Indicate the three (3) line voltages (V) reading::
239v

Indicate the three (3) line amperes (A) reading::
28.10vdc

Indicate the hertz (Hz) reading::
60hz

Indicate the oil pressure reading (kPa)::
543.3 kpa

Indicate the oil temperature (°F)::
54°C

Indicate running condition::
Normal

Notes and other concerns::
N A 

Diesel Tank Level:
Full tank

If for refill, When will be refill?:
Motor pool 

Available Diesel Stock Level:
600ltr

———————————————
This task was submitted through HATCHERY DIESEL GENERATOR WEEKLY MAINTENANCE CHECKLIST
https://form.asana.com/?k=jTp-bz9f-Np1TvF8ahkxpQ&d=1186399537984407",Hatchery Diesel Genset Weekly Maintenance Checklist,,,,Paul gaudia ,"Feb 23, 2024",1 (375kVA Cummins Genset),,,
"1206568949603974",2024-02-10,,2024-02-10,Paul gaudia ,Untitled section,,,,,,"Name of Maintenance Technician:
Paul gaudia 

Email address:
paul_gaudia@gmail.com 

DATE::
Feb 10, 2024

DIESEL GENERATOR SET #:
2 (275kVA Camda Genset)

LUBRICATION- Check for leaks:
OKAY

If not okay, explain why and identify the problem. (LUBRICATION- Check for leaks):
N A 

Corrective Action Taken::
N A 

LUBRICATION- Check for oil level:
OKAY

If not okay, explain why and identify the problem. (LUBRICATION- Check for oil level):
N A 

Corrective Action Taken::
N A 

COOLING SYSTEM -Check for leaks:
OKAY

If not okay, explain why and identify the problem. (COOLING SYSTEM -Check for leaks):
N A 

Corrective Action Taken:
N A 

COOLING SYSTEM -Check for radiator restriction:
OKAY

If not okay, explain why and identify the problem. (COOLING SYSTEM -Check for radiator restriction):
N A 

Corrective Action Taken::
N A 

COOLING SYSTEM -Check for hose and connections:
OKAY

If not okay, explain why and identify the problem. (COOLING SYSTEM -Check for hose and connections):
N A 

Corrective Action Taken:
N A 

COOLING SYSTEM -Coolant level:
OKAY

If not okay, explain why and identify the problem. (COOLING SYSTEM -Coolant level):
N A 

Corrective Action Taken::
N A 

COOLING SYSTEM - Belt condition and tension:
OKAY

If not okay, explain why and identify the problem. (COOLING SYSTEM - Belt condition and tension):
N A 

Corrective Action Taken::
N A 

FUEL - Check for leaks:
OKAY

If not okay, explain why and identify the problem. (FUEL - Check for leaks):
N A 

Corrective Action Taken::
N A 

AIR IN-TAKE (Check for leaks):
OKAY

If not okay, explain why and identify the problem. (AIR IN-TAKE :Check for leaks):
N A 

Corrective Action Taken::
N A 

AIR IN-TAKE (Check for air cleaner restriction):
OKAY

If not okay, explain why and identify the problem. (AIR IN-TAKE (Check for air cleaner restriction):
N A 

Corrective Action Taken::
N A 

EXHAUST- Check for leaks:
OKAY

If not okay, explain why and identify the problem. (EXHAUST- Check for leaks):
N A 

Corrective Action Taken::
N A 

ENGINE RELATED - Check for unusual vibration:
OKAY

If not okay, explain why and identify the problem. (ENGINE RELATED - Check for unusual vibration):
N A 

Corrective Action Taken::
N A 

MAIN GENERATOR - Check for air inlet and outlet from restrictions:
OKAY

If not okay, explain why and identify the problem. (MAIN GENERATOR - Check for air inlet and outlet from restrictions):
N A 

Corrective Action Taken::
N A 

MAIN GENERATOR - Check for windings and electrical connections:
OKAY

If not okay, explain why and identify the problem. (MAIN GENERATOR - Check for windings and electrical connections):
N A 

Corrective Action Taken::
N A 

SWITCH GEAR - Check power distribution wiring and connections:
OKAY

If not okay, explain why and identify the problem. (SWITCH GEAR - Check power distribution wiring and connections):
N A 

Corrective Action Taken::
N A 

Actual test run for 1hr with load.:
OKAY

Indicate the time start and end time of the actual test run conducted.:
618.5

Previous reading of running time::
618.5

Present reading of running time::
618.5

Indicate the three (3) line voltages (V) reading::
230v

Indicate the three (3) line amperes (A) reading::
28.10vdc

Indicate the hertz (Hz) reading::
60.2hz

Indicate the oil pressure reading (kPa)::
13768

Indicate the oil temperature (°F)::
64°C

Indicate running condition::
Normal

Notes and other concerns::
N A 

Diesel Tank Level:
Full tank

If for refill, When will be refill?:
Motor pool 

Available Diesel Stock Level:
600ltr

———————————————
This task was submitted through HATCHERY DIESEL GENERATOR WEEKLY MAINTENANCE CHECKLIST
https://form.asana.com/?k=jTp-bz9f-Np1TvF8ahkxpQ&d=1186399537984407",Hatchery Diesel Genset Weekly Maintenance Checklist,,,,Paul gaudia ,"Feb 10, 2024",2 (275kVA Camda Genset),,,
"1206568945059415",2024-02-10,,2024-02-10,Paul gaudia ,Untitled section,,,,,,"Name of Maintenance Technician:
Paul gaudia 

Email address:
paul_gaudia@gmail.com 

DATE::
Feb 10, 2024

DIESEL GENERATOR SET #:
1 (375kVA Cummins Genset)

LUBRICATION- Check for leaks:
OKAY

If not okay, explain why and identify the problem. (LUBRICATION- Check for leaks):
N A 

Corrective Action Taken::
N A 

LUBRICATION- Check for oil level:
OKAY

If not okay, explain why and identify the problem. (LUBRICATION- Check for oil level):
N A 

Corrective Action Taken::
N A 

COOLING SYSTEM -Check for leaks:
OKAY

If not okay, explain why and identify the problem. (COOLING SYSTEM -Check for leaks):
N A 

Corrective Action Taken:
N A 

COOLING SYSTEM -Check for radiator restriction:
OKAY

If not okay, explain why and identify the problem. (COOLING SYSTEM -Check for radiator restriction):
N A 

Corrective Action Taken::
N A 

COOLING SYSTEM -Check for hose and connections:
OKAY

If not okay, explain why and identify the problem. (COOLING SYSTEM -Check for hose and connections):
N A 

Corrective Action Taken:
N A 

COOLING SYSTEM -Coolant level:
OKAY

If not okay, explain why and identify the problem. (COOLING SYSTEM -Coolant level):
N A 

Corrective Action Taken::
N A 

COOLING SYSTEM - Belt condition and tension:
OKAY

If not okay, explain why and identify the problem. (COOLING SYSTEM - Belt condition and tension):
N A 

Corrective Action Taken::
N A 

FUEL - Check for leaks:
OKAY

If not okay, explain why and identify the problem. (FUEL - Check for leaks):
N A 

Corrective Action Taken::
N A 

AIR IN-TAKE (Check for leaks):
OKAY

If not okay, explain why and identify the problem. (AIR IN-TAKE :Check for leaks):
N A 

Corrective Action Taken::
N A 

AIR IN-TAKE (Check for air cleaner restriction):
OKAY

If not okay, explain why and identify the problem. (AIR IN-TAKE (Check for air cleaner restriction):
N A 

Corrective Action Taken::
N A 

EXHAUST- Check for leaks:
OKAY

If not okay, explain why and identify the problem. (EXHAUST- Check for leaks):
N A 

Corrective Action Taken::
N A 

ENGINE RELATED - Check for unusual vibration:
OKAY

If not okay, explain why and identify the problem. (ENGINE RELATED - Check for unusual vibration):
N A 

Corrective Action Taken::
N A 

MAIN GENERATOR - Check for air inlet and outlet from restrictions:
OKAY

If not okay, explain why and identify the problem. (MAIN GENERATOR - Check for air inlet and outlet from restrictions):
N A 

Corrective Action Taken::
N A 

MAIN GENERATOR - Check for windings and electrical connections:
OKAY

If not okay, explain why and identify the problem. (MAIN GENERATOR - Check for windings and electrical connections):
N A 

Corrective Action Taken::
N A 

SWITCH GEAR - Check power distribution wiring and connections:
OKAY

If not okay, explain why and identify the problem. (SWITCH GEAR - Check power distribution wiring and connections):
N A 

Corrective Action Taken::
N A 

Actual test run for 1hr with load.:
OKAY

Indicate the time start and end time of the actual test run conducted.:
560.70

Previous reading of running time::
560.70

Present reading of running time::
560.70

Indicate the three (3) line voltages (V) reading::
239v

Indicate the three (3) line amperes (A) reading::
28.10vdc

Indicate the hertz (Hz) reading::
59.99hz

Indicate the oil pressure reading (kPa)::
523.3

Indicate the oil temperature (°F)::
55°C

Indicate running condition::
Normal

Notes and other concerns::
N A 

Diesel Tank Level:
Full tank

If for refill, When will be refill?:
Motor pool 

Available Diesel Stock Level:
600ltr

———————————————
This task was submitted through HATCHERY DIESEL GENERATOR WEEKLY MAINTENANCE CHECKLIST
https://form.asana.com/?k=jTp-bz9f-Np1TvF8ahkxpQ&d=1186399537984407",Hatchery Diesel Genset Weekly Maintenance Checklist,,,,Paul gaudia ,"Feb 10, 2024",1 (375kVA Cummins Genset),,,
"1206512075598134",2024-02-03,,2024-02-03,Paul gaudia ,Untitled section,,,,,,"Name of Maintenance Technician:
Paul gaudia 

Email address:
paul_gaudia@gmail.com 

DATE::
Feb 3, 2024

DIESEL GENERATOR SET #:
2 (275kVA Camda Genset)

LUBRICATION- Check for leaks:
OKAY

If not okay, explain why and identify the problem. (LUBRICATION- Check for leaks):
N A 

Corrective Action Taken::
N A 

LUBRICATION- Check for oil level:
OKAY

If not okay, explain why and identify the problem. (LUBRICATION- Check for oil level):
N A 

Corrective Action Taken::
N A 

COOLING SYSTEM -Check for leaks:
OKAY

If not okay, explain why and identify the problem. (COOLING SYSTEM -Check for leaks):
N A 

Corrective Action Taken:
N A 

COOLING SYSTEM -Check for radiator restriction:
OKAY

If not okay, explain why and identify the problem. (COOLING SYSTEM -Check for radiator restriction):
N A 

Corrective Action Taken::
N A 

COOLING SYSTEM -Check for hose and connections:
OKAY

If not okay, explain why and identify the problem. (COOLING SYSTEM -Check for hose and connections):
N A 

Corrective Action Taken:
N A 

COOLING SYSTEM -Coolant level:
OKAY

If not okay, explain why and identify the problem. (COOLING SYSTEM -Coolant level):
N A 

Corrective Action Taken::
N A 

COOLING SYSTEM - Belt condition and tension:
OKAY

If not okay, explain why and identify the problem. (COOLING SYSTEM - Belt condition and tension):
N A 

Corrective Action Taken::
N A 

FUEL - Check for leaks:
OKAY

If not okay, explain why and identify the problem. (FUEL - Check for leaks):
N A 

Corrective Action Taken::
N A 

AIR IN-TAKE (Check for leaks):
OKAY

If not okay, explain why and identify the problem. (AIR IN-TAKE :Check for leaks):
N A 

Corrective Action Taken::
N A 

AIR IN-TAKE (Check for air cleaner restriction):
OKAY

If not okay, explain why and identify the problem. (AIR IN-TAKE (Check for air cleaner restriction):
N A 

Corrective Action Taken::
N A 

EXHAUST- Check for leaks:
OKAY

If not okay, explain why and identify the problem. (EXHAUST- Check for leaks):
N A 

Corrective Action Taken::
N A 

ENGINE RELATED - Check for unusual vibration:
OKAY

If not okay, explain why and identify the problem. (ENGINE RELATED - Check for unusual vibration):
N A 

Corrective Action Taken::
N A 

MAIN GENERATOR - Check for air inlet and outlet from restrictions:
OKAY

If not okay, explain why and identify the problem. (MAIN GENERATOR - Check for air inlet and outlet from restrictions):
N A 

Corrective Action Taken::
N A 

MAIN GENERATOR - Check for windings and electrical connections:
OKAY

If not okay, explain why and identify the problem. (MAIN GENERATOR - Check for windings and electrical connections):
N A 

Corrective Action Taken::
N A 

SWITCH GEAR - Check power distribution wiring and connections:
OKAY

If not okay, explain why and identify the problem. (SWITCH GEAR - Check power distribution wiring and connections):
N A 

Corrective Action Taken::
N A 

Actual test run for 1hr with load.:
OKAY

Indicate the time start and end time of the actual test run conducted.:
618.4

Previous reading of running time::
618.4

Present reading of running time::
618.4

Indicate the three (3) line voltages (V) reading::
230v

Indicate the three (3) line amperes (A) reading::
28.10vdc

Indicate the hertz (Hz) reading::
60.2hz

Indicate the oil pressure reading (kPa)::
13768

Indicate the oil temperature (°F)::
74°C

Indicate running condition::
Normal

Notes and other concerns::
N A 

Diesel Tank Level:
Full tank

If for refill, When will be refill?:
Motor pool 

Available Diesel Stock Level:
600ltr

———————————————
This task was submitted through HATCHERY DIESEL GENERATOR WEEKLY MAINTENANCE CHECKLIST
https://form.asana.com/?k=jTp-bz9f-Np1TvF8ahkxpQ&d=1186399537984407",Hatchery Diesel Genset Weekly Maintenance Checklist,,,,Paul gaudia ,"Feb 3, 2024",2 (275kVA Camda Genset),,,
"1206512189842435",2024-02-03,,2024-02-03,Paul gaudia ,Untitled section,,,,,,"Name of Maintenance Technician:
Paul gaudia 

Email address:
paul_gaudia@gmail.com 

DATE::
Feb 3, 2024

DIESEL GENERATOR SET #:
1 (375kVA Cummins Genset)

LUBRICATION- Check for leaks:
OKAY

If not okay, explain why and identify the problem. (LUBRICATION- Check for leaks):
N A 

Corrective Action Taken::
N A 

LUBRICATION- Check for oil level:
OKAY

If not okay, explain why and identify the problem. (LUBRICATION- Check for oil level):
N A 

Corrective Action Taken::
N A 

COOLING SYSTEM -Check for leaks:
OKAY

If not okay, explain why and identify the problem. (COOLING SYSTEM -Check for leaks):
N A 

Corrective Action Taken:
N A 

COOLING SYSTEM -Check for radiator restriction:
OKAY

If not okay, explain why and identify the problem. (COOLING SYSTEM -Check for radiator restriction):
N A 

Corrective Action Taken::
N A 

COOLING SYSTEM -Check for hose and connections:
OKAY

If not okay, explain why and identify the problem. (COOLING SYSTEM -Check for hose and connections):
N A 

Corrective Action Taken:
N A 

COOLING SYSTEM -Coolant level:
OKAY

If not okay, explain why and identify the problem. (COOLING SYSTEM -Coolant level):
N A 

Corrective Action Taken::
N A 

COOLING SYSTEM - Belt condition and tension:
OKAY

If not okay, explain why and identify the problem. (COOLING SYSTEM - Belt condition and tension):
N A 

Corrective Action Taken::
N A 

FUEL - Check for leaks:
OKAY

If not okay, explain why and identify the problem. (FUEL - Check for leaks):
N A 

Corrective Action Taken::
N A 

AIR IN-TAKE (Check for leaks):
OKAY

If not okay, explain why and identify the problem. (AIR IN-TAKE :Check for leaks):
N A 

Corrective Action Taken::
N A 

AIR IN-TAKE (Check for air cleaner restriction):
OKAY

If not okay, explain why and identify the problem. (AIR IN-TAKE (Check for air cleaner restriction):
N A 

Corrective Action Taken::
N A 

EXHAUST- Check for leaks:
OKAY

If not okay, explain why and identify the problem. (EXHAUST- Check for leaks):
N A 

Corrective Action Taken::
N A 

ENGINE RELATED - Check for unusual vibration:
OKAY

If not okay, explain why and identify the problem. (ENGINE RELATED - Check for unusual vibration):
N A 

Corrective Action Taken::
N A 

MAIN GENERATOR - Check for air inlet and outlet from restrictions:
OKAY

If not okay, explain why and identify the problem. (MAIN GENERATOR - Check for air inlet and outlet from restrictions):
N A 

Corrective Action Taken::
N A 

MAIN GENERATOR - Check for windings and electrical connections:
OKAY

If not okay, explain why and identify the problem. (MAIN GENERATOR - Check for windings and electrical connections):
N A 

Corrective Action Taken::
N A 

SWITCH GEAR - Check power distribution wiring and connections:
OKAY

If not okay, explain why and identify the problem. (SWITCH GEAR - Check power distribution wiring and connections):
N A 

Corrective Action Taken::
N A 

Actual test run for 1hr with load.:
OKAY

Indicate the time start and end time of the actual test run conducted.:
554.0

Previous reading of running time::
554.0

Present reading of running time::
554.0

Indicate the three (3) line voltages (V) reading::
239v

Indicate the three (3) line amperes (A) reading::
28.18vdc

Indicate the hertz (Hz) reading::
60.2hz

Indicate the oil pressure reading (kPa)::
527.4

Indicate the oil temperature (°F)::
55°C

Indicate running condition::
Normal

Notes and other concerns::
N A 

Diesel Tank Level:
Full tank

If for refill, When will be refill?:
Motor pool 

Available Diesel Stock Level:
600ltr

———————————————
This task was submitted through HATCHERY DIESEL GENERATOR WEEKLY MAINTENANCE CHECKLIST
https://form.asana.com/?k=jTp-bz9f-Np1TvF8ahkxpQ&d=1186399537984407",Hatchery Diesel Genset Weekly Maintenance Checklist,,,,Paul gaudia ,"Feb 3, 2024",1 (375kVA Cummins Genset),,,
"1206455980100305",2024-01-27,,2024-01-27,Paul gaudia ,Untitled section,,,,,,"Name of Maintenance Technician:
Paul gaudia 

Email address:
paul_gaudia@gmail.com 

DATE::
Jan 27, 2024

DIESEL GENERATOR SET #:
2 (275kVA Camda Genset)

LUBRICATION- Check for leaks:
OKAY

If not okay, explain why and identify the problem. (LUBRICATION- Check for leaks):
N A 

Corrective Action Taken::
N A 

LUBRICATION- Check for oil level:
OKAY

If not okay, explain why and identify the problem. (LUBRICATION- Check for oil level):
N A 

Corrective Action Taken::
N A 

COOLING SYSTEM -Check for leaks:
OKAY

If not okay, explain why and identify the problem. (COOLING SYSTEM -Check for leaks):
N A 

Corrective Action Taken:
N A 

COOLING SYSTEM -Check for radiator restriction:
OKAY

If not okay, explain why and identify the problem. (COOLING SYSTEM -Check for radiator restriction):
N A 

Corrective Action Taken::
N A 

COOLING SYSTEM -Check for hose and connections:
OKAY

If not okay, explain why and identify the problem. (COOLING SYSTEM -Check for hose and connections):
N A 

Corrective Action Taken:
N A 

COOLING SYSTEM -Coolant level:
OKAY

If not okay, explain why and identify the problem. (COOLING SYSTEM -Coolant level):
N A 

Corrective Action Taken::
N A 

COOLING SYSTEM - Belt condition and tension:
OKAY

If not okay, explain why and identify the problem. (COOLING SYSTEM - Belt condition and tension):
N A 

Corrective Action Taken::
N A 

FUEL - Check for leaks:
OKAY

If not okay, explain why and identify the problem. (FUEL - Check for leaks):
N A 

Corrective Action Taken::
N A 

AIR IN-TAKE (Check for leaks):
OKAY

If not okay, explain why and identify the problem. (AIR IN-TAKE :Check for leaks):
N A 

Corrective Action Taken::
N A 

AIR IN-TAKE (Check for air cleaner restriction):
OKAY

If not okay, explain why and identify the problem. (AIR IN-TAKE (Check for air cleaner restriction):
N A 

Corrective Action Taken::
N A 

EXHAUST- Check for leaks:
OKAY

If not okay, explain why and identify the problem. (EXHAUST- Check for leaks):
N A 

Corrective Action Taken::
N A 

ENGINE RELATED - Check for unusual vibration:
OKAY

If not okay, explain why and identify the problem. (ENGINE RELATED - Check for unusual vibration):
N A 

Corrective Action Taken::
N A 

MAIN GENERATOR - Check for air inlet and outlet from restrictions:
OKAY

If not okay, explain why and identify the problem. (MAIN GENERATOR - Check for air inlet and outlet from restrictions):
N A 

Corrective Action Taken::
N A 

MAIN GENERATOR - Check for windings and electrical connections:
OKAY

If not okay, explain why and identify the problem. (MAIN GENERATOR - Check for windings and electrical connections):
N A 

Corrective Action Taken::
N A 

SWITCH GEAR - Check power distribution wiring and connections:
OKAY

If not okay, explain why and identify the problem. (SWITCH GEAR - Check power distribution wiring and connections):
N A 

Corrective Action Taken::
N A 

Actual test run for 1hr with load.:
OKAY

Indicate the time start and end time of the actual test run conducted.:
618.3

Previous reading of running time::
618.3

Present reading of running time::
618.3

Indicate the three (3) line voltages (V) reading::
230v

Indicate the three (3) line amperes (A) reading::
28.10vdc

Indicate the hertz (Hz) reading::
60.2hz

Indicate the oil pressure reading (kPa)::
13768

Indicate the oil temperature (°F)::
66°C

Indicate running condition::
Normal

Notes and other concerns::
N A 

Diesel Tank Level:
Full tank

If for refill, When will be refill?:
Motor pool 

Available Diesel Stock Level:
600ltr

———————————————
This task was submitted through HATCHERY DIESEL GENERATOR WEEKLY MAINTENANCE CHECKLIST
https://form.asana.com/?k=jTp-bz9f-Np1TvF8ahkxpQ&d=1186399537984407",Hatchery Diesel Genset Weekly Maintenance Checklist,,,,Paul gaudia ,"Jan 27, 2024",2 (275kVA Camda Genset),,,
"1206455822580904",2024-01-27,,2024-01-27,Paul gaudia ,Untitled section,,,,,,"Name of Maintenance Technician:
Paul gaudia 

Email address:
paul_gaudia@gmail.com 

DATE::
Jan 27, 2024

DIESEL GENERATOR SET #:
1 (375kVA Cummins Genset)

LUBRICATION- Check for leaks:
OKAY

If not okay, explain why and identify the problem. (LUBRICATION- Check for leaks):
N A 

Corrective Action Taken::
N A 

LUBRICATION- Check for oil level:
OKAY

If not okay, explain why and identify the problem. (LUBRICATION- Check for oil level):
N A 

Corrective Action Taken::
N A 

COOLING SYSTEM -Check for leaks:
OKAY

If not okay, explain why and identify the problem. (COOLING SYSTEM -Check for leaks):
N A 

Corrective Action Taken:
N A 

COOLING SYSTEM -Check for radiator restriction:
OKAY

If not okay, explain why and identify the problem. (COOLING SYSTEM -Check for radiator restriction):
N A 

Corrective Action Taken::
N A 

COOLING SYSTEM -Check for hose and connections:
OKAY

If not okay, explain why and identify the problem. (COOLING SYSTEM -Check for hose and connections):
N A 

Corrective Action Taken:
N A 

COOLING SYSTEM -Coolant level:
OKAY

If not okay, explain why and identify the problem. (COOLING SYSTEM -Coolant level):
N A 

Corrective Action Taken::
N A 

COOLING SYSTEM - Belt condition and tension:
OKAY

If not okay, explain why and identify the problem. (COOLING SYSTEM - Belt condition and tension):
N A 

Corrective Action Taken::
N A 

FUEL - Check for leaks:
OKAY

If not okay, explain why and identify the problem. (FUEL - Check for leaks):
N A 

Corrective Action Taken::
N A 

AIR IN-TAKE (Check for leaks):
OKAY

If not okay, explain why and identify the problem. (AIR IN-TAKE :Check for leaks):
N A 

Corrective Action Taken::
N A 

AIR IN-TAKE (Check for air cleaner restriction):
OKAY

If not okay, explain why and identify the problem. (AIR IN-TAKE (Check for air cleaner restriction):
N A 

Corrective Action Taken::
N A 

EXHAUST- Check for leaks:
OKAY

If not okay, explain why and identify the problem. (EXHAUST- Check for leaks):
N A 

Corrective Action Taken::
N A 

ENGINE RELATED - Check for unusual vibration:
OKAY

If not okay, explain why and identify the problem. (ENGINE RELATED - Check for unusual vibration):
N A 

Corrective Action Taken::
N A 

MAIN GENERATOR - Check for air inlet and outlet from restrictions:
OKAY

If not okay, explain why and identify the problem. (MAIN GENERATOR - Check for air inlet and outlet from restrictions):
N A 

Corrective Action Taken::
N A 

MAIN GENERATOR - Check for windings and electrical connections:
OKAY

If not okay, explain why and identify the problem. (MAIN GENERATOR - Check for windings and electrical connections):
N A 

Corrective Action Taken::
N A 

SWITCH GEAR - Check power distribution wiring and connections:
OKAY

If not okay, explain why and identify the problem. (SWITCH GEAR - Check power distribution wiring and connections):
N A 

Corrective Action Taken::
N A 

Actual test run for 1hr with load.:
OKAY

Indicate the time start and end time of the actual test run conducted.:
553.30

Previous reading of running time::
553.30

Present reading of running time::
553.30

Indicate the three (3) line voltages (V) reading::
239v

Indicate the three (3) line amperes (A) reading::
28.18vdc

Indicate the hertz (Hz) reading::
59.99hz

Indicate the oil pressure reading (kPa)::
375kpa

Indicate the oil temperature (°F)::
54°C

Indicate running condition::
Normal

Notes and other concerns::
N A 

Diesel Tank Level:
Full tank

If for refill, When will be refill?:
Motor pool 

Available Diesel Stock Level:
600ltr

———————————————
This task was submitted through HATCHERY DIESEL GENERATOR WEEKLY MAINTENANCE CHECKLIST
https://form.asana.com/?k=jTp-bz9f-Np1TvF8ahkxpQ&d=1186399537984407",Hatchery Diesel Genset Weekly Maintenance Checklist,,,,Paul gaudia ,"Jan 27, 2024",1 (375kVA Cummins Genset),,,
"1206397323905459",2024-01-20,,2024-01-20,Paul gaudia ,Untitled section,,,,,,"Name of Maintenance Technician:
Paul gaudia 

Email address:
paul_gaudia@gmail.com 

DATE::
Jan 20, 2024

DIESEL GENERATOR SET #:
1 (375kVA Cummins Genset)

LUBRICATION- Check for leaks:
OKAY

If not okay, explain why and identify the problem. (LUBRICATION- Check for leaks):
N A 

Corrective Action Taken::
N A 

LUBRICATION- Check for oil level:
OKAY

If not okay, explain why and identify the problem. (LUBRICATION- Check for oil level):
N A 

Corrective Action Taken::
N A 

COOLING SYSTEM -Check for leaks:
OKAY

If not okay, explain why and identify the problem. (COOLING SYSTEM -Check for leaks):
N A 

Corrective Action Taken:
N A 

COOLING SYSTEM -Check for radiator restriction:
OKAY

If not okay, explain why and identify the problem. (COOLING SYSTEM -Check for radiator restriction):
N A 

Corrective Action Taken::
N A 

COOLING SYSTEM -Check for hose and connections:
OKAY

If not okay, explain why and identify the problem. (COOLING SYSTEM -Check for hose and connections):
N A 

Corrective Action Taken:
N A 

COOLING SYSTEM -Coolant level:
OKAY

If not okay, explain why and identify the problem. (COOLING SYSTEM -Coolant level):
N A 

Corrective Action Taken::
N A 

COOLING SYSTEM - Belt condition and tension:
OKAY

If not okay, explain why and identify the problem. (COOLING SYSTEM - Belt condition and tension):
N A 

Corrective Action Taken::
N A 

FUEL - Check for leaks:
OKAY

If not okay, explain why and identify the problem. (FUEL - Check for leaks):
N A 

Corrective Action Taken::
N A 

AIR IN-TAKE (Check for leaks):
OKAY

If not okay, explain why and identify the problem. (AIR IN-TAKE :Check for leaks):
N A 

Corrective Action Taken::
N A 

AIR IN-TAKE (Check for air cleaner restriction):
OKAY

If not okay, explain why and identify the problem. (AIR IN-TAKE (Check for air cleaner restriction):
N A 

Corrective Action Taken::
N A 

EXHAUST- Check for leaks:
OKAY

If not okay, explain why and identify the problem. (EXHAUST- Check for leaks):
N A 

Corrective Action Taken::
N A 

ENGINE RELATED - Check for unusual vibration:
OKAY

If not okay, explain why and identify the problem. (ENGINE RELATED - Check for unusual vibration):
N A 

Corrective Action Taken::
N A 

MAIN GENERATOR - Check for air inlet and outlet from restrictions:
OKAY

If not okay, explain why and identify the problem. (MAIN GENERATOR - Check for air inlet and outlet from restrictions):
N A 

Corrective Action Taken::
N A 

MAIN GENERATOR - Check for windings and electrical connections:
OKAY

If not okay, explain why and identify the problem. (MAIN GENERATOR - Check for windings and electrical connections):
N A 

Corrective Action Taken::
N A 

SWITCH GEAR - Check power distribution wiring and connections:
OKAY

If not okay, explain why and identify the problem. (SWITCH GEAR - Check power distribution wiring and connections):
N A 

Corrective Action Taken::
N A 

Actual test run for 1hr with load.:
OKAY

Indicate the time start and end time of the actual test run conducted.:
553.20

Previous reading of running time::
553.20

Present reading of running time::
553.20

Indicate the three (3) line voltages (V) reading::
239v

Indicate the three (3) line amperes (A) reading::
28.18vdc

Indicate the hertz (Hz) reading::
60hz

Indicate the oil pressure reading (kPa)::
503.3

Indicate the oil temperature (°F)::
63°C

Indicate running condition::
Normal

Notes and other concerns::
N A 

Diesel Tank Level:
Half Tank

If for refill, When will be refill?:
Motor pool 

Available Diesel Stock Level:
800ltr

———————————————
This task was submitted through HATCHERY DIESEL GENERATOR WEEKLY MAINTENANCE CHECKLIST
https://form.asana.com/?k=jTp-bz9f-Np1TvF8ahkxpQ&d=1186399537984407",Hatchery Diesel Genset Weekly Maintenance Checklist,,,,Paul gaudia ,"Jan 20, 2024",1 (375kVA Cummins Genset),,,
"1206341892912711",2024-01-13,,2024-01-13,Paul gaudia ,Untitled section,,,,,,"Name of Maintenance Technician:
Paul gaudia 

Email address:
paul_gaudia@gmail.com 

DATE::
Jan 13, 2024

DIESEL GENERATOR SET #:
2 (275kVA Camda Genset)

LUBRICATION- Check for leaks:
OKAY

If not okay, explain why and identify the problem. (LUBRICATION- Check for leaks):
N A 

Corrective Action Taken::
N A 

LUBRICATION- Check for oil level:
OKAY

If not okay, explain why and identify the problem. (LUBRICATION- Check for oil level):
N A 

Corrective Action Taken::
N A 

COOLING SYSTEM -Check for leaks:
OKAY

If not okay, explain why and identify the problem. (COOLING SYSTEM -Check for leaks):
N A 

Corrective Action Taken:
N A 

COOLING SYSTEM -Check for radiator restriction:
OKAY

If not okay, explain why and identify the problem. (COOLING SYSTEM -Check for radiator restriction):
N A 

Corrective Action Taken::
N A 

COOLING SYSTEM -Check for hose and connections:
OKAY

If not okay, explain why and identify the problem. (COOLING SYSTEM -Check for hose and connections):
N A 

Corrective Action Taken:
N A 

COOLING SYSTEM -Coolant level:
OKAY

If not okay, explain why and identify the problem. (COOLING SYSTEM -Coolant level):
N A 

Corrective Action Taken::
N A 

COOLING SYSTEM - Belt condition and tension:
OKAY

If not okay, explain why and identify the problem. (COOLING SYSTEM - Belt condition and tension):
N A 

Corrective Action Taken::
N A 

FUEL - Check for leaks:
OKAY

If not okay, explain why and identify the problem. (FUEL - Check for leaks):
N A 

Corrective Action Taken::
N A 

AIR IN-TAKE (Check for leaks):
OKAY

If not okay, explain why and identify the problem. (AIR IN-TAKE :Check for leaks):
N A 

Corrective Action Taken::
N A 

AIR IN-TAKE (Check for air cleaner restriction):
OKAY

If not okay, explain why and identify the problem. (AIR IN-TAKE (Check for air cleaner restriction):
N A 

Corrective Action Taken::
N A 

EXHAUST- Check for leaks:
OKAY

If not okay, explain why and identify the problem. (EXHAUST- Check for leaks):
N A 

Corrective Action Taken::
N A 

ENGINE RELATED - Check for unusual vibration:
OKAY

If not okay, explain why and identify the problem. (ENGINE RELATED - Check for unusual vibration):
N A 

Corrective Action Taken::
N A 

MAIN GENERATOR - Check for air inlet and outlet from restrictions:
OKAY

If not okay, explain why and identify the problem. (MAIN GENERATOR - Check for air inlet and outlet from restrictions):
N A 

Corrective Action Taken::
N A 

MAIN GENERATOR - Check for windings and electrical connections:
OKAY

If not okay, explain why and identify the problem. (MAIN GENERATOR - Check for windings and electrical connections):
N A 

Corrective Action Taken::
N A 

SWITCH GEAR - Check power distribution wiring and connections:
OKAY

If not okay, explain why and identify the problem. (SWITCH GEAR - Check power distribution wiring and connections):
N A 

Corrective Action Taken::
N A 

Actual test run for 1hr with load.:
OKAY

Indicate the time start and end time of the actual test run conducted.:
617.3

Previous reading of running time::
617.3

Present reading of running time::
617.3

Indicate the three (3) line voltages (V) reading::
230v

Indicate the three (3) line amperes (A) reading::
28.18vdc

Indicate the hertz (Hz) reading::
60.2hz

Indicate the oil pressure reading (kPa)::
13768

Indicate the oil temperature (°F)::
65°C

Indicate running condition::
Normal

Notes and other concerns::
N A 

Diesel Tank Level:
Full tank

If for refill, When will be refill?:
Motor pool 

Available Diesel Stock Level:
800ltr

———————————————
This task was submitted through HATCHERY DIESEL GENERATOR WEEKLY MAINTENANCE CHECKLIST
https://form.asana.com/?k=jTp-bz9f-Np1TvF8ahkxpQ&d=1186399537984407",Hatchery Diesel Genset Weekly Maintenance Checklist,,,,Paul gaudia ,"Jan 13, 2024",2 (275kVA Camda Genset),,,
"1206341890574354",2024-01-13,,2024-01-13,Paul gaudia ,Untitled section,,,,,,"Name of Maintenance Technician:
Paul gaudia 

Email address:
paul_gaudia@gmail.com 

DATE::
Jan 13, 2024

DIESEL GENERATOR SET #:
1 (375kVA Cummins Genset)

LUBRICATION- Check for leaks:
OKAY

If not okay, explain why and identify the problem. (LUBRICATION- Check for leaks):
N A 

Corrective Action Taken::
N A 

LUBRICATION- Check for oil level:
OKAY

If not okay, explain why and identify the problem. (LUBRICATION- Check for oil level):
N A 

Corrective Action Taken::
N A 

COOLING SYSTEM -Check for leaks:
OKAY

If not okay, explain why and identify the problem. (COOLING SYSTEM -Check for leaks):
N A 

Corrective Action Taken:
N A 

COOLING SYSTEM -Check for radiator restriction:
OKAY

If not okay, explain why and identify the problem. (COOLING SYSTEM -Check for radiator restriction):
N A 

Corrective Action Taken::
N A 

COOLING SYSTEM -Check for hose and connections:
OKAY

If not okay, explain why and identify the problem. (COOLING SYSTEM -Check for hose and connections):
N A 

Corrective Action Taken:
N A 

COOLING SYSTEM -Coolant level:
OKAY

If not okay, explain why and identify the problem. (COOLING SYSTEM -Coolant level):
N A 

Corrective Action Taken::
N A 

COOLING SYSTEM - Belt condition and tension:
OKAY

If not okay, explain why and identify the problem. (COOLING SYSTEM - Belt condition and tension):
N A 

Corrective Action Taken::
N A 

FUEL - Check for leaks:
OKAY

If not okay, explain why and identify the problem. (FUEL - Check for leaks):
N A 

Corrective Action Taken::
N A 

AIR IN-TAKE (Check for leaks):
OKAY

If not okay, explain why and identify the problem. (AIR IN-TAKE :Check for leaks):
N A 

Corrective Action Taken::
N A 

AIR IN-TAKE (Check for air cleaner restriction):
OKAY

If not okay, explain why and identify the problem. (AIR IN-TAKE (Check for air cleaner restriction):
N A 

Corrective Action Taken::
N A 

EXHAUST- Check for leaks:
OKAY

If not okay, explain why and identify the problem. (EXHAUST- Check for leaks):
N A 

Corrective Action Taken::
N A 

ENGINE RELATED - Check for unusual vibration:
OKAY

If not okay, explain why and identify the problem. (ENGINE RELATED - Check for unusual vibration):
N A 

Corrective Action Taken::
N A 

MAIN GENERATOR - Check for air inlet and outlet from restrictions:
OKAY

If not okay, explain why and identify the problem. (MAIN GENERATOR - Check for air inlet and outlet from restrictions):
N A 

Corrective Action Taken::
N A 

MAIN GENERATOR - Check for windings and electrical connections:
OKAY

If not okay, explain why and identify the problem. (MAIN GENERATOR - Check for windings and electrical connections):
N A 

Corrective Action Taken::
N A 

SWITCH GEAR - Check power distribution wiring and connections:
OKAY

If not okay, explain why and identify the problem. (SWITCH GEAR - Check power distribution wiring and connections):
N A 

Corrective Action Taken::
N A 

Actual test run for 1hr with load.:
OKAY

Indicate the time start and end time of the actual test run conducted.:
537.90

Previous reading of running time::
537.90

Present reading of running time::
537.90

Indicate the three (3) line voltages (V) reading::
239v

Indicate the three (3) line amperes (A) reading::
28.10vdc

Indicate the hertz (Hz) reading::
59.99hz

Indicate the oil pressure reading (kPa)::
375kpa

Indicate the oil temperature (°F)::
53°C

Indicate running condition::
Normal

Notes and other concerns::
N A 

Diesel Tank Level:
Half Tank

If for refill, When will be refill?:
Motor pool 

Available Diesel Stock Level:
800ltr

———————————————
This task was submitted through HATCHERY DIESEL GENERATOR WEEKLY MAINTENANCE CHECKLIST
https://form.asana.com/?k=jTp-bz9f-Np1TvF8ahkxpQ&d=1186399537984407",Hatchery Diesel Genset Weekly Maintenance Checklist,,,,Paul gaudia ,"Jan 13, 2024",1 (375kVA Cummins Genset),,,
"1206292028136745",2024-01-06,,2024-01-06,Paul gaudia ,Untitled section,,,,,,"Name of Maintenance Technician:
Paul gaudia 

Email address:
paul_gaudia@gmail.com 

DATE::
Jan 6, 2024

DIESEL GENERATOR SET #:
2 (275kVA Camda Genset)

LUBRICATION- Check for leaks:
OKAY

If not okay, explain why and identify the problem. (LUBRICATION- Check for leaks):
N A 

Corrective Action Taken::
N A 

LUBRICATION- Check for oil level:
OKAY

If not okay, explain why and identify the problem. (LUBRICATION- Check for oil level):
N A 

Corrective Action Taken::
N A 

COOLING SYSTEM -Check for leaks:
OKAY

If not okay, explain why and identify the problem. (COOLING SYSTEM -Check for leaks):
N A 

Corrective Action Taken:
N A 

COOLING SYSTEM -Check for radiator restriction:
OKAY

If not okay, explain why and identify the problem. (COOLING SYSTEM -Check for radiator restriction):
N A 

Corrective Action Taken::
N A 

COOLING SYSTEM -Check for hose and connections:
OKAY

If not okay, explain why and identify the problem. (COOLING SYSTEM -Check for hose and connections):
N A 

Corrective Action Taken:
N A 

COOLING SYSTEM -Coolant level:
OKAY

If not okay, explain why and identify the problem. (COOLING SYSTEM -Coolant level):
N A 

Corrective Action Taken::
N A 

COOLING SYSTEM - Belt condition and tension:
OKAY

If not okay, explain why and identify the problem. (COOLING SYSTEM - Belt condition and tension):
N A 

Corrective Action Taken::
N A 

FUEL - Check for leaks:
OKAY

If not okay, explain why and identify the problem. (FUEL - Check for leaks):
N A 

Corrective Action Taken::
N A 

AIR IN-TAKE (Check for leaks):
OKAY

If not okay, explain why and identify the problem. (AIR IN-TAKE :Check for leaks):
N A 

Corrective Action Taken::
N A 

AIR IN-TAKE (Check for air cleaner restriction):
OKAY

If not okay, explain why and identify the problem. (AIR IN-TAKE (Check for air cleaner restriction):
N A 

Corrective Action Taken::
N A 

EXHAUST- Check for leaks:
OKAY

If not okay, explain why and identify the problem. (EXHAUST- Check for leaks):
N A 

Corrective Action Taken::
N A 

ENGINE RELATED - Check for unusual vibration:
OKAY

If not okay, explain why and identify the problem. (ENGINE RELATED - Check for unusual vibration):
N A 

Corrective Action Taken::
N A 

MAIN GENERATOR - Check for air inlet and outlet from restrictions:
OKAY

If not okay, explain why and identify the problem. (MAIN GENERATOR - Check for air inlet and outlet from restrictions):
N A 

Corrective Action Taken::
N A 

MAIN GENERATOR - Check for windings and electrical connections:
OKAY

If not okay, explain why and identify the problem. (MAIN GENERATOR - Check for windings and electrical connections):
N A 

Corrective Action Taken::
N A 

SWITCH GEAR - Check power distribution wiring and connections:
OKAY

If not okay, explain why and identify the problem. (SWITCH GEAR - Check power distribution wiring and connections):
N A 

Corrective Action Taken::
N A 

Actual test run for 1hr with load.:
OKAY

Indicate the time start and end time of the actual test run conducted.:
618.0

Previous reading of running time::
618.0

Present reading of running time::
618.0

Indicate the three (3) line voltages (V) reading::
230v

Indicate the three (3) line amperes (A) reading::
28.18vdc

Indicate the hertz (Hz) reading::
60hz

Indicate the oil pressure reading (kPa)::
13768

Indicate the oil temperature (°F)::
63°C

Indicate running condition::
Normal

Notes and other concerns::
N A 

Diesel Tank Level:
Full tank

If for refill, When will be refill?:
Motor pool 

Available Diesel Stock Level:
800ltr

———————————————
This task was submitted through HATCHERY DIESEL GENERATOR WEEKLY MAINTENANCE CHECKLIST
https://form.asana.com/?k=jTp-bz9f-Np1TvF8ahkxpQ&d=1186399537984407",Hatchery Diesel Genset Weekly Maintenance Checklist,,,,Paul gaudia ,"Jan 6, 2024",2 (275kVA Camda Genset),,,
"1206292025135395",2024-01-06,,2024-01-06,Paul gaudia ,Untitled section,,,,,,"Name of Maintenance Technician:
Paul gaudia 

Email address:
paul_gaudia@gmail.com 

DATE::
Jan 6, 2024

DIESEL GENERATOR SET #:
1 (375kVA Cummins Genset)

LUBRICATION- Check for leaks:
OKAY

If not okay, explain why and identify the problem. (LUBRICATION- Check for leaks):
N A 

Corrective Action Taken::
N A 

LUBRICATION- Check for oil level:
OKAY

If not okay, explain why and identify the problem. (LUBRICATION- Check for oil level):
N A 

Corrective Action Taken::
N A 

COOLING SYSTEM -Check for leaks:
OKAY

If not okay, explain why and identify the problem. (COOLING SYSTEM -Check for leaks):
N A 

Corrective Action Taken:
N A 

COOLING SYSTEM -Check for radiator restriction:
OKAY

If not okay, explain why and identify the problem. (COOLING SYSTEM -Check for radiator restriction):
N A 

Corrective Action Taken::
N A 

COOLING SYSTEM -Check for hose and connections:
OKAY

If not okay, explain why and identify the problem. (COOLING SYSTEM -Check for hose and connections):
N A 

Corrective Action Taken:
N A 

COOLING SYSTEM -Coolant level:
OKAY

If not okay, explain why and identify the problem. (COOLING SYSTEM -Coolant level):
N A 

Corrective Action Taken::
N A 

COOLING SYSTEM - Belt condition and tension:
OKAY

If not okay, explain why and identify the problem. (COOLING SYSTEM - Belt condition and tension):
N A 

Corrective Action Taken::
N A 

FUEL - Check for leaks:
OKAY

If not okay, explain why and identify the problem. (FUEL - Check for leaks):
N A 

Corrective Action Taken::
N A 

AIR IN-TAKE (Check for leaks):
OKAY

If not okay, explain why and identify the problem. (AIR IN-TAKE :Check for leaks):
N A 

Corrective Action Taken::
N A 

AIR IN-TAKE (Check for air cleaner restriction):
OKAY

If not okay, explain why and identify the problem. (AIR IN-TAKE (Check for air cleaner restriction):
N A 

Corrective Action Taken::
N A 

EXHAUST- Check for leaks:
OKAY

If not okay, explain why and identify the problem. (EXHAUST- Check for leaks):
N A 

Corrective Action Taken::
N A 

ENGINE RELATED - Check for unusual vibration:
OKAY

If not okay, explain why and identify the problem. (ENGINE RELATED - Check for unusual vibration):
N A 

Corrective Action Taken::
N A 

MAIN GENERATOR - Check for air inlet and outlet from restrictions:
OKAY

If not okay, explain why and identify the problem. (MAIN GENERATOR - Check for air inlet and outlet from restrictions):
N A 

Corrective Action Taken::
N A 

MAIN GENERATOR - Check for windings and electrical connections:
OKAY

If not okay, explain why and identify the problem. (MAIN GENERATOR - Check for windings and electrical connections):
N A 

Corrective Action Taken::
N A 

SWITCH GEAR - Check power distribution wiring and connections:
OKAY

If not okay, explain why and identify the problem. (SWITCH GEAR - Check power distribution wiring and connections):
N A 

Corrective Action Taken::
N A 

Actual test run for 1hr with load.:
OKAY

Indicate the time start and end time of the actual test run conducted.:
552.80

Previous reading of running time::
552.80

Present reading of running time::
552.80

Indicate the three (3) line voltages (V) reading::
239v

Indicate the three (3) line amperes (A) reading::
28.10vdc

Indicate the hertz (Hz) reading::
59.99hz

Indicate the oil pressure reading (kPa)::
375kpa

Indicate the oil temperature (°F)::
60°C

Indicate running condition::
Normal

Notes and other concerns::
N A 

Diesel Tank Level:
Half Tank

If for refill, When will be refill?:
Motor pool 

Available Diesel Stock Level:
800ltr

———————————————
This task was submitted through HATCHERY DIESEL GENERATOR WEEKLY MAINTENANCE CHECKLIST
https://form.asana.com/?k=jTp-bz9f-Np1TvF8ahkxpQ&d=1186399537984407",Hatchery Diesel Genset Weekly Maintenance Checklist,,,,Paul gaudia ,"Jan 6, 2024",1 (375kVA Cummins Genset),,,
"1206255753349280",2023-12-30,,2023-12-30,Paul gaudia ,Untitled section,,,,,,"Name of Maintenance Technician:
Paul gaudia 

Email address:
paul_gaudia@gmail.com 

DATE::
Dec 30, 2023

DIESEL GENERATOR SET #:
2 (275kVA Camda Genset)

LUBRICATION- Check for leaks:
OKAY

If not okay, explain why and identify the problem. (LUBRICATION- Check for leaks):
N A 

Corrective Action Taken::
N A 

LUBRICATION- Check for oil level:
OKAY

If not okay, explain why and identify the problem. (LUBRICATION- Check for oil level):
N A 

Corrective Action Taken::
N A 

COOLING SYSTEM -Check for leaks:
OKAY

If not okay, explain why and identify the problem. (COOLING SYSTEM -Check for leaks):
N A 

Corrective Action Taken:
N A 

COOLING SYSTEM -Check for radiator restriction:
OKAY

If not okay, explain why and identify the problem. (COOLING SYSTEM -Check for radiator restriction):
N A 

Corrective Action Taken::
N A 

COOLING SYSTEM -Check for hose and connections:
OKAY

If not okay, explain why and identify the problem. (COOLING SYSTEM -Check for hose and connections):
N A 

Corrective Action Taken:
N A 

COOLING SYSTEM -Coolant level:
OKAY

If not okay, explain why and identify the problem. (COOLING SYSTEM -Coolant level):
N A 

Corrective Action Taken::
N A 

COOLING SYSTEM - Belt condition and tension:
OKAY

If not okay, explain why and identify the problem. (COOLING SYSTEM - Belt condition and tension):
N A 

Corrective Action Taken::
N A 

FUEL - Check for leaks:
OKAY

If not okay, explain why and identify the problem. (FUEL - Check for leaks):
N A 

Corrective Action Taken::
N A 

AIR IN-TAKE (Check for leaks):
OKAY

If not okay, explain why and identify the problem. (AIR IN-TAKE :Check for leaks):
N A 

Corrective Action Taken::
N A 

AIR IN-TAKE (Check for air cleaner restriction):
OKAY

If not okay, explain why and identify the problem. (AIR IN-TAKE (Check for air cleaner restriction):
N A 

Corrective Action Taken::
N A 

EXHAUST- Check for leaks:
OKAY

If not okay, explain why and identify the problem. (EXHAUST- Check for leaks):
N A 

Corrective Action Taken::
N A 

ENGINE RELATED - Check for unusual vibration:
OKAY

If not okay, explain why and identify the problem. (ENGINE RELATED - Check for unusual vibration):
N A 

Corrective Action Taken::
N A 

MAIN GENERATOR - Check for air inlet and outlet from restrictions:
OKAY

If not okay, explain why and identify the problem. (MAIN GENERATOR - Check for air inlet and outlet from restrictions):
N A 

Corrective Action Taken::
N A 

MAIN GENERATOR - Check for windings and electrical connections:
OKAY

If not okay, explain why and identify the problem. (MAIN GENERATOR - Check for windings and electrical connections):
N A 

Corrective Action Taken::
N A 

SWITCH GEAR - Check power distribution wiring and connections:
OKAY

If not okay, explain why and identify the problem. (SWITCH GEAR - Check power distribution wiring and connections):
N A 

Corrective Action Taken::
N A 

Actual test run for 1hr with load.:
OKAY

Indicate the time start and end time of the actual test run conducted.:
617.9

Previous reading of running time::
617.9

Present reading of running time::
617.9

Indicate the three (3) line voltages (V) reading::
230v

Indicate the three (3) line amperes (A) reading::
28.18vdc

Indicate the hertz (Hz) reading::
60.2hz

Indicate the oil pressure reading (kPa)::
13768 kva

Indicate the oil temperature (°F)::
56°C

Indicate running condition::
Normal

Notes and other concerns::
N A 

Diesel Tank Level:
Full tank

If for refill, When will be refill?:
Motor pool 

Available Diesel Stock Level:
800ltr

———————————————
This task was submitted through HATCHERY DIESEL GENERATOR WEEKLY MAINTENANCE CHECKLIST
https://form.asana.com/?k=jTp-bz9f-Np1TvF8ahkxpQ&d=1186399537984407",Hatchery Diesel Genset Weekly Maintenance Checklist,,,,Paul gaudia ,"Dec 30, 2023",2 (275kVA Camda Genset),,,
"1206255858367892",2023-12-30,,2023-12-30,Paul gaudia ,Untitled section,,,,,,"Name of Maintenance Technician:
Paul gaudia 

Email address:
paul_gaudia@gmail.com 

DATE::
Dec 30, 2023

DIESEL GENERATOR SET #:
2 (275kVA Camda Genset)

LUBRICATION- Check for leaks:
OKAY

If not okay, explain why and identify the problem. (LUBRICATION- Check for leaks):
N A 

Corrective Action Taken::
N A 

LUBRICATION- Check for oil level:
OKAY

If not okay, explain why and identify the problem. (LUBRICATION- Check for oil level):
N A 

Corrective Action Taken::
N A 

COOLING SYSTEM -Check for leaks:
OKAY

If not okay, explain why and identify the problem. (COOLING SYSTEM -Check for leaks):
N A 

Corrective Action Taken:
N A 

COOLING SYSTEM -Check for radiator restriction:
OKAY

If not okay, explain why and identify the problem. (COOLING SYSTEM -Check for radiator restriction):
N A 

Corrective Action Taken::
N A 

COOLING SYSTEM -Check for hose and connections:
OKAY

If not okay, explain why and identify the problem. (COOLING SYSTEM -Check for hose and connections):
N A 

Corrective Action Taken:
N A 

COOLING SYSTEM -Coolant level:
OKAY

If not okay, explain why and identify the problem. (COOLING SYSTEM -Coolant level):
N A 

Corrective Action Taken::
N A 

COOLING SYSTEM - Belt condition and tension:
OKAY

If not okay, explain why and identify the problem. (COOLING SYSTEM - Belt condition and tension):
N A 

Corrective Action Taken::
N A 

FUEL - Check for leaks:
OKAY

If not okay, explain why and identify the problem. (FUEL - Check for leaks):
N A 

Corrective Action Taken::
N A 

AIR IN-TAKE (Check for leaks):
OKAY

If not okay, explain why and identify the problem. (AIR IN-TAKE :Check for leaks):
N A 

Corrective Action Taken::
N A 

AIR IN-TAKE (Check for air cleaner restriction):
OKAY

If not okay, explain why and identify the problem. (AIR IN-TAKE (Check for air cleaner restriction):
N A 

Corrective Action Taken::
N A 

EXHAUST- Check for leaks:
OKAY

If not okay, explain why and identify the problem. (EXHAUST- Check for leaks):
N A 

Corrective Action Taken::
N A 

ENGINE RELATED - Check for unusual vibration:
OKAY

If not okay, explain why and identify the problem. (ENGINE RELATED - Check for unusual vibration):
N A 

Corrective Action Taken::
N A 

MAIN GENERATOR - Check for air inlet and outlet from restrictions:
OKAY

If not okay, explain why and identify the problem. (MAIN GENERATOR - Check for air inlet and outlet from restrictions):
N A 

Corrective Action Taken::
N A 

MAIN GENERATOR - Check for windings and electrical connections:
OKAY

If not okay, explain why and identify the problem. (MAIN GENERATOR - Check for windings and electrical connections):
N A 

Corrective Action Taken::
N A 

SWITCH GEAR - Check power distribution wiring and connections:
OKAY

If not okay, explain why and identify the problem. (SWITCH GEAR - Check power distribution wiring and connections):
N A 

Corrective Action Taken::
N A 

Actual test run for 1hr with load.:
OKAY

Indicate the time start and end time of the actual test run conducted.:
617.9

Previous reading of running time::
617.9

Present reading of running time::
617.9

Indicate the three (3) line voltages (V) reading::
230v

Indicate the three (3) line amperes (A) reading::
28.18vdc

Indicate the hertz (Hz) reading::
60.2hz

Indicate the oil pressure reading (kPa)::
13768 kva

Indicate the oil temperature (°F)::
56°C

Indicate running condition::
Normal

Notes and other concerns::
N A 

Diesel Tank Level:
Full tank

If for refill, When will be refill?:
Motor pool 

Available Diesel Stock Level:
800ltr

———————————————
This task was submitted through HATCHERY DIESEL GENERATOR WEEKLY MAINTENANCE CHECKLIST
https://form.asana.com/?k=jTp-bz9f-Np1TvF8ahkxpQ&d=1186399537984407",Hatchery Diesel Genset Weekly Maintenance Checklist,,,,Paul gaudia ,"Dec 30, 2023",2 (275kVA Camda Genset),,,
"1206255750521228",2023-12-30,,2023-12-30,Paul gaudia ,Untitled section,,,,,,"Name of Maintenance Technician:
Paul gaudia 

Email address:
paul_gaudia@gmail.com 

DATE::
Dec 30, 2023

DIESEL GENERATOR SET #:
2 (275kVA Camda Genset)

LUBRICATION- Check for leaks:
OKAY

If not okay, explain why and identify the problem. (LUBRICATION- Check for leaks):
N A 

Corrective Action Taken::
N A 

LUBRICATION- Check for oil level:
OKAY

If not okay, explain why and identify the problem. (LUBRICATION- Check for oil level):
N A 

Corrective Action Taken::
N A 

COOLING SYSTEM -Check for leaks:
OKAY

If not okay, explain why and identify the problem. (COOLING SYSTEM -Check for leaks):
N A 

Corrective Action Taken:
N A 

COOLING SYSTEM -Check for radiator restriction:
OKAY

If not okay, explain why and identify the problem. (COOLING SYSTEM -Check for radiator restriction):
N A 

Corrective Action Taken::
N A 

COOLING SYSTEM -Check for hose and connections:
OKAY

If not okay, explain why and identify the problem. (COOLING SYSTEM -Check for hose and connections):
N A 

Corrective Action Taken:
N A 

COOLING SYSTEM -Coolant level:
OKAY

If not okay, explain why and identify the problem. (COOLING SYSTEM -Coolant level):
N A 

Corrective Action Taken::
N A 

COOLING SYSTEM - Belt condition and tension:
OKAY

If not okay, explain why and identify the problem. (COOLING SYSTEM - Belt condition and tension):
N A 

Corrective Action Taken::
N A 

FUEL - Check for leaks:
OKAY

If not okay, explain why and identify the problem. (FUEL - Check for leaks):
N A 

Corrective Action Taken::
N A 

AIR IN-TAKE (Check for leaks):
OKAY

If not okay, explain why and identify the problem. (AIR IN-TAKE :Check for leaks):
N A 

Corrective Action Taken::
N A 

AIR IN-TAKE (Check for air cleaner restriction):
OKAY

If not okay, explain why and identify the problem. (AIR IN-TAKE (Check for air cleaner restriction):
N A 

Corrective Action Taken::
N A 

EXHAUST- Check for leaks:
OKAY

If not okay, explain why and identify the problem. (EXHAUST- Check for leaks):
N A 

Corrective Action Taken::
N A 

ENGINE RELATED - Check for unusual vibration:
OKAY

If not okay, explain why and identify the problem. (ENGINE RELATED - Check for unusual vibration):
N A 

Corrective Action Taken::
N A 

MAIN GENERATOR - Check for air inlet and outlet from restrictions:
OKAY

If not okay, explain why and identify the problem. (MAIN GENERATOR - Check for air inlet and outlet from restrictions):
N A 

Corrective Action Taken::
N A 

MAIN GENERATOR - Check for windings and electrical connections:
OKAY

If not okay, explain why and identify the problem. (MAIN GENERATOR - Check for windings and electrical connections):
N A 

Corrective Action Taken::
N A 

SWITCH GEAR - Check power distribution wiring and connections:
OKAY

If not okay, explain why and identify the problem. (SWITCH GEAR - Check power distribution wiring and connections):
N A 

Corrective Action Taken::
N A 

Actual test run for 1hr with load.:
OKAY

Indicate the time start and end time of the actual test run conducted.:
617.9

Previous reading of running time::
617.9

Present reading of running time::
617.9

Indicate the three (3) line voltages (V) reading::
230v

Indicate the three (3) line amperes (A) reading::
28.18vdc

Indicate the hertz (Hz) reading::
60.2hz

Indicate the oil pressure reading (kPa)::
13768 kva

Indicate the oil temperature (°F)::
56°C

Indicate running condition::
Normal

Notes and other concerns::
N A 

Diesel Tank Level:
Full tank

If for refill, When will be refill?:
Motor pool 

Available Diesel Stock Level:
800ltr

———————————————
This task was submitted through HATCHERY DIESEL GENERATOR WEEKLY MAINTENANCE CHECKLIST
https://form.asana.com/?k=jTp-bz9f-Np1TvF8ahkxpQ&d=1186399537984407",Hatchery Diesel Genset Weekly Maintenance Checklist,,,,Paul gaudia ,"Dec 30, 2023",2 (275kVA Camda Genset),,,
"1206255854324448",2023-12-30,,2023-12-30,Paul gaudia ,Untitled section,,,,,,"Name of Maintenance Technician:
Paul gaudia 

Email address:
paul_gaudia@gmail.com 

DATE::
Dec 30, 2023

DIESEL GENERATOR SET #:
1 (375kVA Cummins Genset)

LUBRICATION- Check for leaks:
OKAY

If not okay, explain why and identify the problem. (LUBRICATION- Check for leaks):
N A 

Corrective Action Taken::
N A 

LUBRICATION- Check for oil level:
OKAY

If not okay, explain why and identify the problem. (LUBRICATION- Check for oil level):
N A 

Corrective Action Taken::
N A 

COOLING SYSTEM -Check for leaks:
OKAY

If not okay, explain why and identify the problem. (COOLING SYSTEM -Check for leaks):
N A 

Corrective Action Taken:
N A 

COOLING SYSTEM -Check for radiator restriction:
OKAY

If not okay, explain why and identify the problem. (COOLING SYSTEM -Check for radiator restriction):
N A 

Corrective Action Taken::
N A 

COOLING SYSTEM -Check for hose and connections:
OKAY

If not okay, explain why and identify the problem. (COOLING SYSTEM -Check for hose and connections):
N A 

Corrective Action Taken:
N A 

COOLING SYSTEM -Coolant level:
OKAY

If not okay, explain why and identify the problem. (COOLING SYSTEM -Coolant level):
N A 

Corrective Action Taken::
N A 

COOLING SYSTEM - Belt condition and tension:
OKAY

If not okay, explain why and identify the problem. (COOLING SYSTEM - Belt condition and tension):
N A 

Corrective Action Taken::
N A 

FUEL - Check for leaks:
OKAY

If not okay, explain why and identify the problem. (FUEL - Check for leaks):
N A 

Corrective Action Taken::
N A 

AIR IN-TAKE (Check for leaks):
OKAY

If not okay, explain why and identify the problem. (AIR IN-TAKE :Check for leaks):
N A 

Corrective Action Taken::
N A 

AIR IN-TAKE (Check for air cleaner restriction):
OKAY

If not okay, explain why and identify the problem. (AIR IN-TAKE (Check for air cleaner restriction):
N A 

Corrective Action Taken::
N A 

EXHAUST- Check for leaks:
OKAY

If not okay, explain why and identify the problem. (EXHAUST- Check for leaks):
N A 

Corrective Action Taken::
N A 

ENGINE RELATED - Check for unusual vibration:
OKAY

If not okay, explain why and identify the problem. (ENGINE RELATED - Check for unusual vibration):
N A 

Corrective Action Taken::
N A 

MAIN GENERATOR - Check for air inlet and outlet from restrictions:
OKAY

If not okay, explain why and identify the problem. (MAIN GENERATOR - Check for air inlet and outlet from restrictions):
N A 

Corrective Action Taken::
N A 

MAIN GENERATOR - Check for windings and electrical connections:
OKAY

If not okay, explain why and identify the problem. (MAIN GENERATOR - Check for windings and electrical connections):
N A 

Corrective Action Taken::
N A 

SWITCH GEAR - Check power distribution wiring and connections:
OKAY

If not okay, explain why and identify the problem. (SWITCH GEAR - Check power distribution wiring and connections):
N A 

Corrective Action Taken::
N A 

Actual test run for 1hr with load.:
OKAY

Indicate the time start and end time of the actual test run conducted.:
551.65

Previous reading of running time::
551.65

Present reading of running time::
551.65

Indicate the three (3) line voltages (V) reading::
239v

Indicate the three (3) line amperes (A) reading::
28.10vdc

Indicate the hertz (Hz) reading::
60.2hz

Indicate the oil pressure reading (kPa)::
375kpa

Indicate the oil temperature (°F)::
65°C

Indicate running condition::
Normal

Notes and other concerns::
N A 

Diesel Tank Level:
Half Tank

If for refill, When will be refill?:
Motor pool 

Available Diesel Stock Level:
800ltr

———————————————
This task was submitted through HATCHERY DIESEL GENERATOR WEEKLY MAINTENANCE CHECKLIST
https://form.asana.com/?k=jTp-bz9f-Np1TvF8ahkxpQ&d=1186399537984407",Hatchery Diesel Genset Weekly Maintenance Checklist,,,,Paul gaudia ,"Dec 30, 2023",1 (375kVA Cummins Genset),,,
"1206232876361386",2023-12-23,,2023-12-23,Paul gaudia ,Untitled section,,,,,,"Name of Maintenance Technician:
Paul gaudia 

Email address:
paul_gaudia@gmail.com 

DATE::
Dec 23, 2023

DIESEL GENERATOR SET #:
2 (275kVA Camda Genset)

LUBRICATION- Check for leaks:
OKAY

If not okay, explain why and identify the problem. (LUBRICATION- Check for leaks):
N A 

Corrective Action Taken::
N A 

LUBRICATION- Check for oil level:
OKAY

If not okay, explain why and identify the problem. (LUBRICATION- Check for oil level):
N A 

Corrective Action Taken::
N A 

COOLING SYSTEM -Check for leaks:
OKAY

If not okay, explain why and identify the problem. (COOLING SYSTEM -Check for leaks):
N A 

Corrective Action Taken:
N A 

COOLING SYSTEM -Check for radiator restriction:
OKAY

If not okay, explain why and identify the problem. (COOLING SYSTEM -Check for radiator restriction):
N A 

Corrective Action Taken::
N A 

COOLING SYSTEM -Check for hose and connections:
OKAY

If not okay, explain why and identify the problem. (COOLING SYSTEM -Check for hose and connections):
N A 

Corrective Action Taken:
N A 

COOLING SYSTEM -Coolant level:
OKAY

If not okay, explain why and identify the problem. (COOLING SYSTEM -Coolant level):
N A 

Corrective Action Taken::
N A 

COOLING SYSTEM - Belt condition and tension:
OKAY

If not okay, explain why and identify the problem. (COOLING SYSTEM - Belt condition and tension):
N A 

Corrective Action Taken::
N A 

FUEL - Check for leaks:
OKAY

If not okay, explain why and identify the problem. (FUEL - Check for leaks):
N A 

Corrective Action Taken::
N A 

AIR IN-TAKE (Check for leaks):
OKAY

If not okay, explain why and identify the problem. (AIR IN-TAKE :Check for leaks):
N A 

Corrective Action Taken::
N A 

AIR IN-TAKE (Check for air cleaner restriction):
OKAY

If not okay, explain why and identify the problem. (AIR IN-TAKE (Check for air cleaner restriction):
N A 

Corrective Action Taken::
N A 

EXHAUST- Check for leaks:
OKAY

If not okay, explain why and identify the problem. (EXHAUST- Check for leaks):
N A 

Corrective Action Taken::
N A 

ENGINE RELATED - Check for unusual vibration:
OKAY

If not okay, explain why and identify the problem. (ENGINE RELATED - Check for unusual vibration):
N A 

Corrective Action Taken::
N A 

MAIN GENERATOR - Check for air inlet and outlet from restrictions:
OKAY

If not okay, explain why and identify the problem. (MAIN GENERATOR - Check for air inlet and outlet from restrictions):
N A 

Corrective Action Taken::
N A 

MAIN GENERATOR - Check for windings and electrical connections:
OKAY

If not okay, explain why and identify the problem. (MAIN GENERATOR - Check for windings and electrical connections):
N A 

Corrective Action Taken::
N A 

SWITCH GEAR - Check power distribution wiring and connections:
OKAY

If not okay, explain why and identify the problem. (SWITCH GEAR - Check power distribution wiring and connections):
N A 

Corrective Action Taken::
N A 

Actual test run for 1hr with load.:
OKAY

Indicate the time start and end time of the actual test run conducted.:
617.4

Previous reading of running time::
617.4

Present reading of running time::
617.4

Indicate the three (3) line voltages (V) reading::
230v

Indicate the three (3) line amperes (A) reading::
28.18vdc

Indicate the hertz (Hz) reading::
60.2hz

Indicate the oil pressure reading (kPa)::
13768kva

Indicate the oil temperature (°F)::
79°C

Indicate running condition::
Normal

Notes and other concerns::
N A 

Diesel Tank Level:
Full tank

If for refill, When will be refill?:
Motor pool 

Available Diesel Stock Level:
800ltr

———————————————
This task was submitted through HATCHERY DIESEL GENERATOR WEEKLY MAINTENANCE CHECKLIST
https://form.asana.com/?k=jTp-bz9f-Np1TvF8ahkxpQ&d=1186399537984407",Hatchery Diesel Genset Weekly Maintenance Checklist,,,,Paul gaudia ,"Dec 23, 2023",2 (275kVA Camda Genset),,,
"1206233106215849",2023-12-23,,2023-12-23,Paul gaudia ,Untitled section,,,,,,"Name of Maintenance Technician:
Paul gaudia 

Email address:
paul_gaudia@gmail.com 

DATE::
Dec 23, 2023

DIESEL GENERATOR SET #:
1 (375kVA Cummins Genset)

LUBRICATION- Check for leaks:
OKAY

If not okay, explain why and identify the problem. (LUBRICATION- Check for leaks):
N A 

Corrective Action Taken::
N A 

LUBRICATION- Check for oil level:
OKAY

If not okay, explain why and identify the problem. (LUBRICATION- Check for oil level):
N A 

Corrective Action Taken::
N A 

COOLING SYSTEM -Check for leaks:
OKAY

If not okay, explain why and identify the problem. (COOLING SYSTEM -Check for leaks):
N A 

Corrective Action Taken:
N A 

COOLING SYSTEM -Check for radiator restriction:
OKAY

If not okay, explain why and identify the problem. (COOLING SYSTEM -Check for radiator restriction):
N A 

Corrective Action Taken::
N A 

COOLING SYSTEM -Check for hose and connections:
OKAY

If not okay, explain why and identify the problem. (COOLING SYSTEM -Check for hose and connections):
N A 

Corrective Action Taken:
N A 

COOLING SYSTEM -Coolant level:
OKAY

If not okay, explain why and identify the problem. (COOLING SYSTEM -Coolant level):
N A 

Corrective Action Taken::
N A 

COOLING SYSTEM - Belt condition and tension:
OKAY

If not okay, explain why and identify the problem. (COOLING SYSTEM - Belt condition and tension):
N A 

Corrective Action Taken::
N A 

FUEL - Check for leaks:
OKAY

If not okay, explain why and identify the problem. (FUEL - Check for leaks):
N A 

Corrective Action Taken::
N A 

AIR IN-TAKE (Check for leaks):
OKAY

If not okay, explain why and identify the problem. (AIR IN-TAKE :Check for leaks):
N A 

Corrective Action Taken::
N A 

AIR IN-TAKE (Check for air cleaner restriction):
OKAY

If not okay, explain why and identify the problem. (AIR IN-TAKE (Check for air cleaner restriction):
N A 

Corrective Action Taken::
N A 

EXHAUST- Check for leaks:
OKAY

If not okay, explain why and identify the problem. (EXHAUST- Check for leaks):
N A 

Corrective Action Taken::
N A 

ENGINE RELATED - Check for unusual vibration:
OKAY

If not okay, explain why and identify the problem. (ENGINE RELATED - Check for unusual vibration):
N A 

Corrective Action Taken::
N A 

MAIN GENERATOR - Check for air inlet and outlet from restrictions:
OKAY

If not okay, explain why and identify the problem. (MAIN GENERATOR - Check for air inlet and outlet from restrictions):
N A 

Corrective Action Taken::
N A 

MAIN GENERATOR - Check for windings and electrical connections:
OKAY

If not okay, explain why and identify the problem. (MAIN GENERATOR - Check for windings and electrical connections):
N A 

Corrective Action Taken::
N A 

SWITCH GEAR - Check power distribution wiring and connections:
OKAY

If not okay, explain why and identify the problem. (SWITCH GEAR - Check power distribution wiring and connections):
N A 

Corrective Action Taken::
N A 

Actual test run for 1hr with load.:
OKAY

Indicate the time start and end time of the actual test run conducted.:
538.05

Previous reading of running time::
538.05

Present reading of running time::
538.05

Indicate the three (3) line voltages (V) reading::
239v

Indicate the three (3) line amperes (A) reading::
28.10vdc

Indicate the hertz (Hz) reading::
59.99hz

Indicate the oil pressure reading (kPa)::
375kpa

Indicate the oil temperature (°F)::
65°C

Indicate running condition::
Normal

Notes and other concerns::
N A 

Diesel Tank Level:
Half Tank

If for refill, When will be refill?:
Motor pool 

Available Diesel Stock Level:
800ltr

———————————————
This task was submitted through HATCHERY DIESEL GENERATOR WEEKLY MAINTENANCE CHECKLIST
https://form.asana.com/?k=jTp-bz9f-Np1TvF8ahkxpQ&d=1186399537984407",Hatchery Diesel Genset Weekly Maintenance Checklist,,,,Paul gaudia ,"Dec 23, 2023",1 (375kVA Cummins Genset),,,
"1206178767419459",2023-12-15,,2023-12-15,Paul gaudia ,Untitled section,,,,,,"Name of Maintenance Technician:
Paul gaudia 

Email address:
paul_gaudia@gmail.com 

DATE::
Dec 15, 2023

DIESEL GENERATOR SET #:
1 (375kVA Cummins Genset)

LUBRICATION- Check for leaks:
OKAY

If not okay, explain why and identify the problem. (LUBRICATION- Check for leaks):
N A 

Corrective Action Taken::
N A 

LUBRICATION- Check for oil level:
OKAY

If not okay, explain why and identify the problem. (LUBRICATION- Check for oil level):
N A 

Corrective Action Taken::
N A 

COOLING SYSTEM -Check for leaks:
OKAY

If not okay, explain why and identify the problem. (COOLING SYSTEM -Check for leaks):
N A 

Corrective Action Taken:
N A 

COOLING SYSTEM -Check for radiator restriction:
OKAY

If not okay, explain why and identify the problem. (COOLING SYSTEM -Check for radiator restriction):
N A 

Corrective Action Taken::
N A 

COOLING SYSTEM -Check for hose and connections:
OKAY

If not okay, explain why and identify the problem. (COOLING SYSTEM -Check for hose and connections):
N A 

Corrective Action Taken:
N A 

COOLING SYSTEM -Coolant level:
OKAY

If not okay, explain why and identify the problem. (COOLING SYSTEM -Coolant level):
N A 

Corrective Action Taken::
N A 

COOLING SYSTEM - Belt condition and tension:
OKAY

If not okay, explain why and identify the problem. (COOLING SYSTEM - Belt condition and tension):
N A 

Corrective Action Taken::
N A 

FUEL - Check for leaks:
OKAY

If not okay, explain why and identify the problem. (FUEL - Check for leaks):
N A 

Corrective Action Taken::
N A 

AIR IN-TAKE (Check for leaks):
OKAY

If not okay, explain why and identify the problem. (AIR IN-TAKE :Check for leaks):
N A 

Corrective Action Taken::
N A 

AIR IN-TAKE (Check for air cleaner restriction):
OKAY

If not okay, explain why and identify the problem. (AIR IN-TAKE (Check for air cleaner restriction):
N A 

Corrective Action Taken::
N A 

EXHAUST- Check for leaks:
OKAY

If not okay, explain why and identify the problem. (EXHAUST- Check for leaks):
N A 

Corrective Action Taken::
N A 

ENGINE RELATED - Check for unusual vibration:
OKAY

If not okay, explain why and identify the problem. (ENGINE RELATED - Check for unusual vibration):
N A 

Corrective Action Taken::
N A 

MAIN GENERATOR - Check for air inlet and outlet from restrictions:
OKAY

If not okay, explain why and identify the problem. (MAIN GENERATOR - Check for air inlet and outlet from restrictions):
N A 

Corrective Action Taken::
N A 

MAIN GENERATOR - Check for windings and electrical connections:
OKAY

If not okay, explain why and identify the problem. (MAIN GENERATOR - Check for windings and electrical connections):
N A 

Corrective Action Taken::
N A 

SWITCH GEAR - Check power distribution wiring and connections:
OKAY

If not okay, explain why and identify the problem. (SWITCH GEAR - Check power distribution wiring and connections):
N A 

Corrective Action Taken::
N A 

Actual test run for 1hr with load.:
OKAY

Indicate the time start and end time of the actual test run conducted.:
617.1

Previous reading of running time::
617.1

Present reading of running time::
617.1

Indicate the three (3) line voltages (V) reading::
239v

Indicate the three (3) line amperes (A) reading::
28.10vdc

Indicate the hertz (Hz) reading::
59.99hz

Indicate the oil pressure reading (kPa)::
375kpa

Indicate the oil temperature (°F)::
63°C

Indicate running condition::
Normal

Notes and other concerns::
N A 

Diesel Tank Level:
Half Tank

If for refill, When will be refill?:
Motor pool 

Available Diesel Stock Level:
800ltr

———————————————
This task was submitted through HATCHERY DIESEL GENERATOR WEEKLY MAINTENANCE CHECKLIST
https://form.asana.com/?k=jTp-bz9f-Np1TvF8ahkxpQ&d=1186399537984407",Hatchery Diesel Genset Weekly Maintenance Checklist,,,,Paul gaudia ,"Dec 15, 2023",1 (375kVA Cummins Genset),,,
"1206083385680888",2023-12-02,,2023-12-02,Paul gaudia ,Untitled section,,,,,,"Name of Maintenance Technician:
Paul gaudia 

Email address:
paul_gaudia@gmail.com 

DATE::
Dec 2, 2023

DIESEL GENERATOR SET #:
2 (275kVA Camda Genset)

LUBRICATION- Check for leaks:
OKAY

If not okay, explain why and identify the problem. (LUBRICATION- Check for leaks):
N A 

Corrective Action Taken::
N A 

LUBRICATION- Check for oil level:
OKAY

If not okay, explain why and identify the problem. (LUBRICATION- Check for oil level):
N A 

Corrective Action Taken::
N A 

COOLING SYSTEM -Check for leaks:
OKAY

If not okay, explain why and identify the problem. (COOLING SYSTEM -Check for leaks):
N A 

Corrective Action Taken:
N A 

COOLING SYSTEM -Check for radiator restriction:
OKAY

If not okay, explain why and identify the problem. (COOLING SYSTEM -Check for radiator restriction):
N A 

Corrective Action Taken::
N A 

COOLING SYSTEM -Check for hose and connections:
OKAY

If not okay, explain why and identify the problem. (COOLING SYSTEM -Check for hose and connections):
N A 

Corrective Action Taken:
N A 

COOLING SYSTEM -Coolant level:
OKAY

If not okay, explain why and identify the problem. (COOLING SYSTEM -Coolant level):
N A 

Corrective Action Taken::
N A 

COOLING SYSTEM - Belt condition and tension:
OKAY

If not okay, explain why and identify the problem. (COOLING SYSTEM - Belt condition and tension):
N A 

Corrective Action Taken::
N A 

FUEL - Check for leaks:
OKAY

If not okay, explain why and identify the problem. (FUEL - Check for leaks):
N A 

Corrective Action Taken::
N A 

AIR IN-TAKE (Check for leaks):
OKAY

If not okay, explain why and identify the problem. (AIR IN-TAKE :Check for leaks):
N A 

Corrective Action Taken::
N A 

AIR IN-TAKE (Check for air cleaner restriction):
NOT OKAY

If not okay, explain why and identify the problem. (AIR IN-TAKE (Check for air cleaner restriction):
N A 

Corrective Action Taken::
N A 

EXHAUST- Check for leaks:
OKAY

If not okay, explain why and identify the problem. (EXHAUST- Check for leaks):
N A 

Corrective Action Taken::
N A 

ENGINE RELATED - Check for unusual vibration:
OKAY

If not okay, explain why and identify the problem. (ENGINE RELATED - Check for unusual vibration):
N A 

Corrective Action Taken::
N A 

MAIN GENERATOR - Check for air inlet and outlet from restrictions:
OKAY

If not okay, explain why and identify the problem. (MAIN GENERATOR - Check for air inlet and outlet from restrictions):
N A 

Corrective Action Taken::
N A 

MAIN GENERATOR - Check for windings and electrical connections:
OKAY

If not okay, explain why and identify the problem. (MAIN GENERATOR - Check for windings and electrical connections):
N A 

Corrective Action Taken::
N A 

SWITCH GEAR - Check power distribution wiring and connections:
OKAY

If not okay, explain why and identify the problem. (SWITCH GEAR - Check power distribution wiring and connections):
N A 

Corrective Action Taken::
N A 

Actual test run for 1hr with load.:
OKAY

Indicate the time start and end time of the actual test run conducted.:
617.5

Previous reading of running time::
617.5

Present reading of running time::
617.5

Indicate the three (3) line voltages (V) reading::
230v

Indicate the three (3) line amperes (A) reading::
28.10vdc

Indicate the hertz (Hz) reading::
60.3hz

Indicate the oil pressure reading (kPa)::
13768 kva

Indicate the oil temperature (°F)::
60°C

Indicate running condition::
Normal

Notes and other concerns::
N A 

Diesel Tank Level:
Full tank

If for refill, When will be refill?:
Motor pool 

Available Diesel Stock Level:
400ltr

———————————————
This task was submitted through HATCHERY DIESEL GENERATOR WEEKLY MAINTENANCE CHECKLIST
https://form.asana.com/?k=jTp-bz9f-Np1TvF8ahkxpQ&d=1186399537984407",Hatchery Diesel Genset Weekly Maintenance Checklist,,,,Paul gaudia ,"Dec 2, 2023",2 (275kVA Camda Genset),,,
"1206083367816416",2023-12-02,,2023-12-02,Paul gaudia ,Untitled section,,,,,,"Name of Maintenance Technician:
Paul gaudia 

Email address:
paul_gaudia@gmail.com 

DATE::
Dec 2, 2023

DIESEL GENERATOR SET #:
1 (375kVA Cummins Genset)

LUBRICATION- Check for leaks:
OKAY

If not okay, explain why and identify the problem. (LUBRICATION- Check for leaks):
N A 

Corrective Action Taken::
N A 

LUBRICATION- Check for oil level:
OKAY

If not okay, explain why and identify the problem. (LUBRICATION- Check for oil level):
N A 

Corrective Action Taken::
N A 

COOLING SYSTEM -Check for leaks:
OKAY

If not okay, explain why and identify the problem. (COOLING SYSTEM -Check for leaks):
N A 

Corrective Action Taken:
N A 

COOLING SYSTEM -Check for radiator restriction:
OKAY

If not okay, explain why and identify the problem. (COOLING SYSTEM -Check for radiator restriction):
N A 

Corrective Action Taken::
N A 

COOLING SYSTEM -Check for hose and connections:
OKAY

If not okay, explain why and identify the problem. (COOLING SYSTEM -Check for hose and connections):
N A 

Corrective Action Taken:
N A 

COOLING SYSTEM -Coolant level:
OKAY

If not okay, explain why and identify the problem. (COOLING SYSTEM -Coolant level):
N A 

Corrective Action Taken::
N A 

COOLING SYSTEM - Belt condition and tension:
OKAY

If not okay, explain why and identify the problem. (COOLING SYSTEM - Belt condition and tension):
N A 

Corrective Action Taken::
N A 

FUEL - Check for leaks:
OKAY

If not okay, explain why and identify the problem. (FUEL - Check for leaks):
N A 

Corrective Action Taken::
N A 

AIR IN-TAKE (Check for leaks):
OKAY

If not okay, explain why and identify the problem. (AIR IN-TAKE :Check for leaks):
N A 

Corrective Action Taken::
N A 

AIR IN-TAKE (Check for air cleaner restriction):
OKAY

If not okay, explain why and identify the problem. (AIR IN-TAKE (Check for air cleaner restriction):
N A 

Corrective Action Taken::
N A 

EXHAUST- Check for leaks:
OKAY

If not okay, explain why and identify the problem. (EXHAUST- Check for leaks):
N A 

Corrective Action Taken::
N A 

ENGINE RELATED - Check for unusual vibration:
OKAY

If not okay, explain why and identify the problem. (ENGINE RELATED - Check for unusual vibration):
N A 

Corrective Action Taken::
N A 

MAIN GENERATOR - Check for air inlet and outlet from restrictions:
OKAY

If not okay, explain why and identify the problem. (MAIN GENERATOR - Check for air inlet and outlet from restrictions):
N A 

Corrective Action Taken::
N A 

MAIN GENERATOR - Check for windings and electrical connections:
OKAY

If not okay, explain why and identify the problem. (MAIN GENERATOR - Check for windings and electrical connections):
N A 

Corrective Action Taken::
N A 

SWITCH GEAR - Check power distribution wiring and connections:
OKAY

If not okay, explain why and identify the problem. (SWITCH GEAR - Check power distribution wiring and connections):
N A 

Corrective Action Taken::
N A 

Actual test run for 1hr with load.:
OKAY

Indicate the time start and end time of the actual test run conducted.:
543.80

Previous reading of running time::
543.80

Present reading of running time::
54380

Indicate the three (3) line voltages (V) reading::
239v

Indicate the three (3) line amperes (A) reading::
28.10vdc

Indicate the hertz (Hz) reading::
60hz

Indicate the oil pressure reading (kPa)::
375kpa

Indicate the oil temperature (°F)::
53°C

Indicate running condition::
Normal

Notes and other concerns::
N A 

Diesel Tank Level:
For Refill

If for refill, When will be refill?:
Motor pool 

Available Diesel Stock Level:
400ltr

———————————————
This task was submitted through HATCHERY DIESEL GENERATOR WEEKLY MAINTENANCE CHECKLIST
https://form.asana.com/?k=jTp-bz9f-Np1TvF8ahkxpQ&d=1186399537984407",Hatchery Diesel Genset Weekly Maintenance Checklist,,,,Paul gaudia ,"Dec 2, 2023",1 (375kVA Cummins Genset),,,
"1206022631942034",2023-11-24,,2023-11-24,Paul gaudia ,Untitled section,,,,,,"Name of Maintenance Technician:
Paul gaudia 

Email address:
paul_gaudia@gmail.com 

DATE::
Nov 24, 2023

DIESEL GENERATOR SET #:
2 (275kVA Camda Genset)

LUBRICATION- Check for leaks:
OKAY

If not okay, explain why and identify the problem. (LUBRICATION- Check for leaks):
N A 

Corrective Action Taken::
N A 

LUBRICATION- Check for oil level:
OKAY

If not okay, explain why and identify the problem. (LUBRICATION- Check for oil level):
N A 

Corrective Action Taken::
N A 

COOLING SYSTEM -Check for leaks:
OKAY

If not okay, explain why and identify the problem. (COOLING SYSTEM -Check for leaks):
N A 

Corrective Action Taken:
N A 

COOLING SYSTEM -Check for radiator restriction:
OKAY

If not okay, explain why and identify the problem. (COOLING SYSTEM -Check for radiator restriction):
N A 

Corrective Action Taken::
N A 

COOLING SYSTEM -Check for hose and connections:
OKAY

If not okay, explain why and identify the problem. (COOLING SYSTEM -Check for hose and connections):
N A 

Corrective Action Taken:
N A 

COOLING SYSTEM -Coolant level:
OKAY

If not okay, explain why and identify the problem. (COOLING SYSTEM -Coolant level):
N A 

Corrective Action Taken::
N A 

COOLING SYSTEM - Belt condition and tension:
OKAY

If not okay, explain why and identify the problem. (COOLING SYSTEM - Belt condition and tension):
N A 

Corrective Action Taken::
N A 

FUEL - Check for leaks:
OKAY

If not okay, explain why and identify the problem. (FUEL - Check for leaks):
N A 

Corrective Action Taken::
N A 

AIR IN-TAKE (Check for leaks):
OKAY

If not okay, explain why and identify the problem. (AIR IN-TAKE :Check for leaks):
N A 

Corrective Action Taken::
N A 

AIR IN-TAKE (Check for air cleaner restriction):
OKAY

If not okay, explain why and identify the problem. (AIR IN-TAKE (Check for air cleaner restriction):
N A 

Corrective Action Taken::
N A 

EXHAUST- Check for leaks:
OKAY

If not okay, explain why and identify the problem. (EXHAUST- Check for leaks):
N A 

Corrective Action Taken::
N A 

ENGINE RELATED - Check for unusual vibration:
OKAY

If not okay, explain why and identify the problem. (ENGINE RELATED - Check for unusual vibration):
N A 

Corrective Action Taken::
N A 

MAIN GENERATOR - Check for air inlet and outlet from restrictions:
OKAY

If not okay, explain why and identify the problem. (MAIN GENERATOR - Check for air inlet and outlet from restrictions):
N A 

Corrective Action Taken::
N A 

MAIN GENERATOR - Check for windings and electrical connections:
OKAY

If not okay, explain why and identify the problem. (MAIN GENERATOR - Check for windings and electrical connections):
N A 

Corrective Action Taken::
N A 

SWITCH GEAR - Check power distribution wiring and connections:
OKAY

If not okay, explain why and identify the problem. (SWITCH GEAR - Check power distribution wiring and connections):
N A 

Corrective Action Taken::
N A 

Actual test run for 1hr with load.:
OKAY

Indicate the time start and end time of the actual test run conducted.:
617.4

Previous reading of running time::
617.4

Present reading of running time::
617.4

Indicate the three (3) line voltages (V) reading::
230v

Indicate the three (3) line amperes (A) reading::
28.18vdc

Indicate the hertz (Hz) reading::
60.2hz

Indicate the oil pressure reading (kPa)::
13768 kva

Indicate the oil temperature (°F)::
79°C

Indicate running condition::
Normal

Notes and other concerns::
N A 

Diesel Tank Level:
Full tank

If for refill, When will be refill?:
Motor pool 

Available Diesel Stock Level:
400ltr

———————————————
This task was submitted through HATCHERY DIESEL GENERATOR WEEKLY MAINTENANCE CHECKLIST
https://form.asana.com/?k=jTp-bz9f-Np1TvF8ahkxpQ&d=1186399537984407",Hatchery Diesel Genset Weekly Maintenance Checklist,,,,Paul gaudia ,"Nov 24, 2023",2 (275kVA Camda Genset),,,
"1206022435647223",2023-11-24,,2023-11-24,Paul gaudia ,Untitled section,,,,,,"Name of Maintenance Technician:
Paul gaudia 

Email address:
paul_gaudia@gmail.com 

DATE::
Nov 24, 2023

DIESEL GENERATOR SET #:
1 (375kVA Cummins Genset)

LUBRICATION- Check for leaks:
OKAY

If not okay, explain why and identify the problem. (LUBRICATION- Check for leaks):
N A 

Corrective Action Taken::
N A 

LUBRICATION- Check for oil level:
OKAY

If not okay, explain why and identify the problem. (LUBRICATION- Check for oil level):
N A 

Corrective Action Taken::
N A 

COOLING SYSTEM -Check for leaks:
OKAY

If not okay, explain why and identify the problem. (COOLING SYSTEM -Check for leaks):
N A 

Corrective Action Taken:
N A 

COOLING SYSTEM -Check for radiator restriction:
OKAY

If not okay, explain why and identify the problem. (COOLING SYSTEM -Check for radiator restriction):
N A 

Corrective Action Taken::
N A 

COOLING SYSTEM -Check for hose and connections:
OKAY

If not okay, explain why and identify the problem. (COOLING SYSTEM -Check for hose and connections):
N A 

Corrective Action Taken:
N A 

COOLING SYSTEM -Coolant level:
OKAY

If not okay, explain why and identify the problem. (COOLING SYSTEM -Coolant level):
N A 

Corrective Action Taken::
N A 

COOLING SYSTEM - Belt condition and tension:
OKAY

If not okay, explain why and identify the problem. (COOLING SYSTEM - Belt condition and tension):
N A 

Corrective Action Taken::
N A 

FUEL - Check for leaks:
OKAY

If not okay, explain why and identify the problem. (FUEL - Check for leaks):
N A 

Corrective Action Taken::
N A 

AIR IN-TAKE (Check for leaks):
OKAY

If not okay, explain why and identify the problem. (AIR IN-TAKE :Check for leaks):
N A 

Corrective Action Taken::
N A 

AIR IN-TAKE (Check for air cleaner restriction):
OKAY

If not okay, explain why and identify the problem. (AIR IN-TAKE (Check for air cleaner restriction):
N A 

Corrective Action Taken::
N A 

EXHAUST- Check for leaks:
OKAY

If not okay, explain why and identify the problem. (EXHAUST- Check for leaks):
N A 

Corrective Action Taken::
N A 

ENGINE RELATED - Check for unusual vibration:
OKAY

If not okay, explain why and identify the problem. (ENGINE RELATED - Check for unusual vibration):
N A 

Corrective Action Taken::
N A 

MAIN GENERATOR - Check for air inlet and outlet from restrictions:
OKAY

If not okay, explain why and identify the problem. (MAIN GENERATOR - Check for air inlet and outlet from restrictions):
N A 

Corrective Action Taken::
N A 

MAIN GENERATOR - Check for windings and electrical connections:
OKAY

If not okay, explain why and identify the problem. (MAIN GENERATOR - Check for windings and electrical connections):
N A 

Corrective Action Taken::
N A 

SWITCH GEAR - Check power distribution wiring and connections:
OKAY

If not okay, explain why and identify the problem. (SWITCH GEAR - Check power distribution wiring and connections):
N A 

Corrective Action Taken::
N A 

Actual test run for 1hr with load.:
OKAY

Indicate the time start and end time of the actual test run conducted.:
538.05

Previous reading of running time::
538.05

Present reading of running time::
538.05

Indicate the three (3) line voltages (V) reading::
239v

Indicate the three (3) line amperes (A) reading::
28.10vdc

Indicate the hertz (Hz) reading::
59.99hz

Indicate the oil pressure reading (kPa)::
499.8

Indicate the oil temperature (°F)::
65°C

Indicate running condition::
Normal

Notes and other concerns::
N A 

Diesel Tank Level:
Half Tank

If for refill, When will be refill?:
Motor pool 

Available Diesel Stock Level:
400ltr

———————————————
This task was submitted through HATCHERY DIESEL GENERATOR WEEKLY MAINTENANCE CHECKLIST
https://form.asana.com/?k=jTp-bz9f-Np1TvF8ahkxpQ&d=1186399537984407",Hatchery Diesel Genset Weekly Maintenance Checklist,,,,Paul gaudia ,"Nov 24, 2023",1 (375kVA Cummins Genset),,,
"1205982419283753",2023-11-18,,2023-11-18,Paul gaudia ,Untitled section,,,,,,"Name of Maintenance Technician:
Paul gaudia 

Email address:
paul_gaudia@gmail.com 

DATE::
Nov 18, 2023

DIESEL GENERATOR SET #:
2 (275kVA Camda Genset)

LUBRICATION- Check for leaks:
OKAY

If not okay, explain why and identify the problem. (LUBRICATION- Check for leaks):
N A 

Corrective Action Taken::
N A 

LUBRICATION- Check for oil level:
OKAY

If not okay, explain why and identify the problem. (LUBRICATION- Check for oil level):
N A 

Corrective Action Taken::
N A 

COOLING SYSTEM -Check for leaks:
OKAY

If not okay, explain why and identify the problem. (COOLING SYSTEM -Check for leaks):
N A 

Corrective Action Taken:
N A 

COOLING SYSTEM -Check for radiator restriction:
OKAY

If not okay, explain why and identify the problem. (COOLING SYSTEM -Check for radiator restriction):
N A 

Corrective Action Taken::
N A 

COOLING SYSTEM -Check for hose and connections:
OKAY

If not okay, explain why and identify the problem. (COOLING SYSTEM -Check for hose and connections):
N A 

Corrective Action Taken:
N A 

COOLING SYSTEM -Coolant level:
OKAY

If not okay, explain why and identify the problem. (COOLING SYSTEM -Coolant level):
N A 

Corrective Action Taken::
N A 

COOLING SYSTEM - Belt condition and tension:
OKAY

If not okay, explain why and identify the problem. (COOLING SYSTEM - Belt condition and tension):
N A 

Corrective Action Taken::
N A 

FUEL - Check for leaks:
OKAY

If not okay, explain why and identify the problem. (FUEL - Check for leaks):
N A 

Corrective Action Taken::
N A 

AIR IN-TAKE (Check for leaks):
OKAY

If not okay, explain why and identify the problem. (AIR IN-TAKE :Check for leaks):
N A 

Corrective Action Taken::
N A 

AIR IN-TAKE (Check for air cleaner restriction):
OKAY

If not okay, explain why and identify the problem. (AIR IN-TAKE (Check for air cleaner restriction):
N A 

Corrective Action Taken::
N A 

EXHAUST- Check for leaks:
OKAY

If not okay, explain why and identify the problem. (EXHAUST- Check for leaks):
N A 

Corrective Action Taken::
N A 

ENGINE RELATED - Check for unusual vibration:
OKAY

If not okay, explain why and identify the problem. (ENGINE RELATED - Check for unusual vibration):
N A 

Corrective Action Taken::
N A 

MAIN GENERATOR - Check for air inlet and outlet from restrictions:
OKAY

If not okay, explain why and identify the problem. (MAIN GENERATOR - Check for air inlet and outlet from restrictions):
N A 

Corrective Action Taken::
N A 

MAIN GENERATOR - Check for windings and electrical connections:
OKAY

If not okay, explain why and identify the problem. (MAIN GENERATOR - Check for windings and electrical connections):
N A 

Corrective Action Taken::
N A 

SWITCH GEAR - Check power distribution wiring and connections:
OKAY

If not okay, explain why and identify the problem. (SWITCH GEAR - Check power distribution wiring and connections):
N A 

Corrective Action Taken::
N A 

Actual test run for 1hr with load.:
OKAY

Indicate the time start and end time of the actual test run conducted.:
617.3

Previous reading of running time::
617.3

Present reading of running time::
617.3

Indicate the three (3) line voltages (V) reading::
230v

Indicate the three (3) line amperes (A) reading::
28.18vdc

Indicate the hertz (Hz) reading::
60.2hz

Indicate the oil pressure reading (kPa)::
13768kva

Indicate the oil temperature (°F)::
66°C

Indicate running condition::
Normal

Notes and other concerns::
N A 

Diesel Tank Level:
Full tank

If for refill, When will be refill?:
Motor pool 

Available Diesel Stock Level:
400ltr

———————————————
This task was submitted through HATCHERY DIESEL GENERATOR WEEKLY MAINTENANCE CHECKLIST
https://form.asana.com/?k=jTp-bz9f-Np1TvF8ahkxpQ&d=1186399537984407",Hatchery Diesel Genset Weekly Maintenance Checklist,,,,Paul gaudia ,"Nov 18, 2023",2 (275kVA Camda Genset),,,
"1205982209627178",2023-11-18,,2023-11-18,Paul gaudia ,Untitled section,,,,,,"Name of Maintenance Technician:
Paul gaudia 

Email address:
paul_gaudia@gmail.com 

DATE::
Nov 18, 2023

DIESEL GENERATOR SET #:
1 (375kVA Cummins Genset)

LUBRICATION- Check for leaks:
OKAY

If not okay, explain why and identify the problem. (LUBRICATION- Check for leaks):
N A 

Corrective Action Taken::
N A 

LUBRICATION- Check for oil level:
OKAY

If not okay, explain why and identify the problem. (LUBRICATION- Check for oil level):
N A 

Corrective Action Taken::
N A 

COOLING SYSTEM -Check for leaks:
OKAY

If not okay, explain why and identify the problem. (COOLING SYSTEM -Check for leaks):
N A 

Corrective Action Taken:
N A 

COOLING SYSTEM -Check for radiator restriction:
OKAY

If not okay, explain why and identify the problem. (COOLING SYSTEM -Check for radiator restriction):
N A 

Corrective Action Taken::
N A 

COOLING SYSTEM -Check for hose and connections:
OKAY

If not okay, explain why and identify the problem. (COOLING SYSTEM -Check for hose and connections):
N A 

Corrective Action Taken:
N A 

COOLING SYSTEM -Coolant level:
OKAY

If not okay, explain why and identify the problem. (COOLING SYSTEM -Coolant level):
N A 

Corrective Action Taken::
N A 

COOLING SYSTEM - Belt condition and tension:
OKAY

If not okay, explain why and identify the problem. (COOLING SYSTEM - Belt condition and tension):
N A 

Corrective Action Taken::
N A 

FUEL - Check for leaks:
OKAY

If not okay, explain why and identify the problem. (FUEL - Check for leaks):
N A 

Corrective Action Taken::
N A 

AIR IN-TAKE (Check for leaks):
OKAY

If not okay, explain why and identify the problem. (AIR IN-TAKE :Check for leaks):
N A 

Corrective Action Taken::
N A 

AIR IN-TAKE (Check for air cleaner restriction):
OKAY

If not okay, explain why and identify the problem. (AIR IN-TAKE (Check for air cleaner restriction):
N A 

Corrective Action Taken::
N A 

EXHAUST- Check for leaks:
OKAY

If not okay, explain why and identify the problem. (EXHAUST- Check for leaks):
N A 

Corrective Action Taken::
N A 

ENGINE RELATED - Check for unusual vibration:
OKAY

If not okay, explain why and identify the problem. (ENGINE RELATED - Check for unusual vibration):
N A 

Corrective Action Taken::
N A 

MAIN GENERATOR - Check for air inlet and outlet from restrictions:
OKAY

If not okay, explain why and identify the problem. (MAIN GENERATOR - Check for air inlet and outlet from restrictions):
N A 

Corrective Action Taken::
N A 

MAIN GENERATOR - Check for windings and electrical connections:
OKAY

If not okay, explain why and identify the problem. (MAIN GENERATOR - Check for windings and electrical connections):
N A 

Corrective Action Taken::
N A 

SWITCH GEAR - Check power distribution wiring and connections:
OKAY

If not okay, explain why and identify the problem. (SWITCH GEAR - Check power distribution wiring and connections):
N A 

Corrective Action Taken::
N A 

Actual test run for 1hr with load.:
OKAY

Indicate the time start and end time of the actual test run conducted.:
537.90

Previous reading of running time::
537.90

Present reading of running time::
537.90

Indicate the three (3) line voltages (V) reading::
239v

Indicate the three (3) line amperes (A) reading::
28.10vdc

Indicate the hertz (Hz) reading::
59.99hz

Indicate the oil pressure reading (kPa)::
527.4

Indicate the oil temperature (°F)::
53°C

Indicate running condition::
Normal

Notes and other concerns::
N A 

Diesel Tank Level:
Half Tank

If for refill, When will be refill?:
Motor pool 

Available Diesel Stock Level:
400ltr

———————————————
This task was submitted through HATCHERY DIESEL GENERATOR WEEKLY MAINTENANCE CHECKLIST
https://form.asana.com/?k=jTp-bz9f-Np1TvF8ahkxpQ&d=1186399537984407",Hatchery Diesel Genset Weekly Maintenance Checklist,,,,Paul gaudia ,"Nov 18, 2023",1 (375kVA Cummins Genset),,,
"1205826769010156",2023-10-28,,2023-10-28,Paul gaudia ,Untitled section,,,,,,"Name of Maintenance Technician:
Paul gaudia 

Email address:
paul_gaudia@gmail.com 

DATE::
Oct 28, 2023

DIESEL GENERATOR SET #:
1 (375kVA Cummins Genset)

LUBRICATION- Check for leaks:
OKAY

If not okay, explain why and identify the problem. (LUBRICATION- Check for leaks):
N A 

Corrective Action Taken::
N A 

LUBRICATION- Check for oil level:
OKAY

If not okay, explain why and identify the problem. (LUBRICATION- Check for oil level):
N A 

Corrective Action Taken::
N A 

COOLING SYSTEM -Check for leaks:
OKAY

If not okay, explain why and identify the problem. (COOLING SYSTEM -Check for leaks):
N A 

Corrective Action Taken:
N A 

COOLING SYSTEM -Check for radiator restriction:
OKAY

If not okay, explain why and identify the problem. (COOLING SYSTEM -Check for radiator restriction):
N A 

Corrective Action Taken::
N A 

COOLING SYSTEM -Check for hose and connections:
OKAY

If not okay, explain why and identify the problem. (COOLING SYSTEM -Check for hose and connections):
N A 

Corrective Action Taken:
N A 

COOLING SYSTEM -Coolant level:
OKAY

If not okay, explain why and identify the problem. (COOLING SYSTEM -Coolant level):
N A 

Corrective Action Taken::
N A 

COOLING SYSTEM - Belt condition and tension:
OKAY

If not okay, explain why and identify the problem. (COOLING SYSTEM - Belt condition and tension):
N A 

Corrective Action Taken::
N A 

FUEL - Check for leaks:
OKAY

If not okay, explain why and identify the problem. (FUEL - Check for leaks):
N A 

Corrective Action Taken::
N A 

AIR IN-TAKE (Check for leaks):
OKAY

If not okay, explain why and identify the problem. (AIR IN-TAKE :Check for leaks):
N A 

Corrective Action Taken::
N A 

AIR IN-TAKE (Check for air cleaner restriction):
OKAY

If not okay, explain why and identify the problem. (AIR IN-TAKE (Check for air cleaner restriction):
N A 

Corrective Action Taken::
N A 

EXHAUST- Check for leaks:
OKAY

If not okay, explain why and identify the problem. (EXHAUST- Check for leaks):
N A 

Corrective Action Taken::
N A 

ENGINE RELATED - Check for unusual vibration:
OKAY

If not okay, explain why and identify the problem. (ENGINE RELATED - Check for unusual vibration):
N A 

Corrective Action Taken::
N A 

MAIN GENERATOR - Check for air inlet and outlet from restrictions:
OKAY

If not okay, explain why and identify the problem. (MAIN GENERATOR - Check for air inlet and outlet from restrictions):
N A 

Corrective Action Taken::
N A 

MAIN GENERATOR - Check for windings and electrical connections:
OKAY

If not okay, explain why and identify the problem. (MAIN GENERATOR - Check for windings and electrical connections):
N A 

Corrective Action Taken::
N A 

SWITCH GEAR - Check power distribution wiring and connections:
OKAY

If not okay, explain why and identify the problem. (SWITCH GEAR - Check power distribution wiring and connections):
N A 

Corrective Action Taken::
N A 

Actual test run for 1hr with load.:
OKAY

Indicate the time start and end time of the actual test run conducted.:
534.20

Previous reading of running time::
534.20

Present reading of running time::
534.20

Indicate the three (3) line voltages (V) reading::
239v

Indicate the three (3) line amperes (A) reading::
28.10vdc

Indicate the hertz (Hz) reading::
60hz

Indicate the oil pressure reading (kPa)::
547.4kpa

Indicate the oil temperature (°F)::
45°C

Indicate running condition::
Normal

Notes and other concerns::
N A 

———————————————
This task was submitted through HATCHERY DIESEL GENERATOR WEEKLY MAINTENANCE CHECKLIST
https://form.asana.com/?k=jTp-bz9f-Np1TvF8ahkxpQ&d=1186399537984407",Hatchery Diesel Genset Weekly Maintenance Checklist,,,,Paul gaudia ,"Oct 28, 2023",1 (375kVA Cummins Genset),,,
"1205772581737077",2023-10-21,,2023-10-21,Paul gaudia ,Untitled section,,,,,,"Name of Maintenance Technician:
Paul gaudia 

Email address:
paul_gaudia@gmail.com 

DATE::
Oct 21, 2023

DIESEL GENERATOR SET #:
1 (375kVA Cummins Genset)

LUBRICATION- Check for leaks:
OKAY

If not okay, explain why and identify the problem. (LUBRICATION- Check for leaks):
N A 

Corrective Action Taken::
N A 

LUBRICATION- Check for oil level:
OKAY

If not okay, explain why and identify the problem. (LUBRICATION- Check for oil level):
N A 

Corrective Action Taken::
N A 

COOLING SYSTEM -Check for leaks:
OKAY

If not okay, explain why and identify the problem. (COOLING SYSTEM -Check for leaks):
N A 

Corrective Action Taken:
N A 

COOLING SYSTEM -Check for radiator restriction:
OKAY

If not okay, explain why and identify the problem. (COOLING SYSTEM -Check for radiator restriction):
N A 

Corrective Action Taken::
N A 

COOLING SYSTEM -Check for hose and connections:
OKAY

If not okay, explain why and identify the problem. (COOLING SYSTEM -Check for hose and connections):
N A 

Corrective Action Taken:
N A 

COOLING SYSTEM -Coolant level:
OKAY

If not okay, explain why and identify the problem. (COOLING SYSTEM -Coolant level):
N A 

Corrective Action Taken::
N A 

COOLING SYSTEM - Belt condition and tension:
OKAY

If not okay, explain why and identify the problem. (COOLING SYSTEM - Belt condition and tension):
N A 

Corrective Action Taken::
N A 

FUEL - Check for leaks:
OKAY

If not okay, explain why and identify the problem. (FUEL - Check for leaks):
N A 

Corrective Action Taken::
N A 

AIR IN-TAKE (Check for leaks):
OKAY

If not okay, explain why and identify the problem. (AIR IN-TAKE :Check for leaks):
N A 

Corrective Action Taken::
N A 

AIR IN-TAKE (Check for air cleaner restriction):
OKAY

If not okay, explain why and identify the problem. (AIR IN-TAKE (Check for air cleaner restriction):
N A 

Corrective Action Taken::
N A 

EXHAUST- Check for leaks:
OKAY

If not okay, explain why and identify the problem. (EXHAUST- Check for leaks):
N A 

Corrective Action Taken::
N A 

ENGINE RELATED - Check for unusual vibration:
OKAY

If not okay, explain why and identify the problem. (ENGINE RELATED - Check for unusual vibration):
N A 

Corrective Action Taken::
N A 

MAIN GENERATOR - Check for air inlet and outlet from restrictions:
OKAY

If not okay, explain why and identify the problem. (MAIN GENERATOR - Check for air inlet and outlet from restrictions):
N A 

Corrective Action Taken::
N A 

MAIN GENERATOR - Check for windings and electrical connections:
OKAY

If not okay, explain why and identify the problem. (MAIN GENERATOR - Check for windings and electrical connections):
N A 

Corrective Action Taken::
N A 

SWITCH GEAR - Check power distribution wiring and connections:
OKAY

If not okay, explain why and identify the problem. (SWITCH GEAR - Check power distribution wiring and connections):
N A 

Corrective Action Taken::
N A 

Actual test run for 1hr with load.:
OKAY

Indicate the time start and end time of the actual test run conducted.:
534.15

Previous reading of running time::
534.15

Present reading of running time::
534.15

Indicate the three (3) line voltages (V) reading::
239v

Indicate the three (3) line amperes (A) reading::
28.18vdc

Indicate the hertz (Hz) reading::
59.99hz

Indicate the oil pressure reading (kPa)::
515.7

Indicate the oil temperature (°F)::
59°C

Indicate running condition::
Normal

Notes and other concerns::
N A 

———————————————
This task was submitted through HATCHERY DIESEL GENERATOR WEEKLY MAINTENANCE CHECKLIST
https://form.asana.com/?k=jTp-bz9f-Np1TvF8ahkxpQ&d=1186399537984407",Hatchery Diesel Genset Weekly Maintenance Checklist,,,,Paul gaudia ,"Oct 21, 2023",1 (375kVA Cummins Genset),,,
"1205772578048638",2023-10-21,,2023-10-21,Paul gaudia ,Untitled section,,,,,,"Name of Maintenance Technician:
Paul gaudia 

Email address:
paul_gaudia@gmail.com 

DATE::
Oct 21, 2023

DIESEL GENERATOR SET #:
2 (275kVA Camda Genset)

LUBRICATION- Check for leaks:
OKAY

If not okay, explain why and identify the problem. (LUBRICATION- Check for leaks):
N A 

Corrective Action Taken::
N A 

LUBRICATION- Check for oil level:
OKAY

If not okay, explain why and identify the problem. (LUBRICATION- Check for oil level):
N A 

Corrective Action Taken::
N A 

COOLING SYSTEM -Check for leaks:
OKAY

If not okay, explain why and identify the problem. (COOLING SYSTEM -Check for leaks):
N A 

Corrective Action Taken:
N A 

COOLING SYSTEM -Check for radiator restriction:
OKAY

If not okay, explain why and identify the problem. (COOLING SYSTEM -Check for radiator restriction):
N A 

Corrective Action Taken::
N A 

COOLING SYSTEM -Check for hose and connections:
OKAY

If not okay, explain why and identify the problem. (COOLING SYSTEM -Check for hose and connections):
N A 

Corrective Action Taken:
N A 

COOLING SYSTEM -Coolant level:
OKAY

If not okay, explain why and identify the problem. (COOLING SYSTEM -Coolant level):
N A 

Corrective Action Taken::
N A 

COOLING SYSTEM - Belt condition and tension:
OKAY

If not okay, explain why and identify the problem. (COOLING SYSTEM - Belt condition and tension):
N A 

Corrective Action Taken::
N A 

FUEL - Check for leaks:
OKAY

If not okay, explain why and identify the problem. (FUEL - Check for leaks):
N A 

Corrective Action Taken::
N A 

AIR IN-TAKE (Check for leaks):
OKAY

If not okay, explain why and identify the problem. (AIR IN-TAKE :Check for leaks):
N A 

Corrective Action Taken::
N A 

AIR IN-TAKE (Check for air cleaner restriction):
OKAY

If not okay, explain why and identify the problem. (AIR IN-TAKE (Check for air cleaner restriction):
N A 

Corrective Action Taken::
N A 

EXHAUST- Check for leaks:
OKAY

If not okay, explain why and identify the problem. (EXHAUST- Check for leaks):
N A 

Corrective Action Taken::
N A 

ENGINE RELATED - Check for unusual vibration:
OKAY

If not okay, explain why and identify the problem. (ENGINE RELATED - Check for unusual vibration):
N A 

Corrective Action Taken::
N A 

MAIN GENERATOR - Check for air inlet and outlet from restrictions:
OKAY

If not okay, explain why and identify the problem. (MAIN GENERATOR - Check for air inlet and outlet from restrictions):
N A 

Corrective Action Taken::
N A 

MAIN GENERATOR - Check for windings and electrical connections:
OKAY

If not okay, explain why and identify the problem. (MAIN GENERATOR - Check for windings and electrical connections):
N A 

Corrective Action Taken::
N A 

SWITCH GEAR - Check power distribution wiring and connections:
OKAY

If not okay, explain why and identify the problem. (SWITCH GEAR - Check power distribution wiring and connections):
N A 

Corrective Action Taken::
N A 

Actual test run for 1hr with load.:
OKAY

Indicate the time start and end time of the actual test run conducted.:
617.0

Previous reading of running time::
617.0

Present reading of running time::
617.0

Indicate the three (3) line voltages (V) reading::
230v

Indicate the three (3) line amperes (A) reading::
28.10vdc

Indicate the hertz (Hz) reading::
60.2hz

Indicate the oil pressure reading (kPa)::
13768kva

Indicate the oil temperature (°F)::
63°C

Indicate running condition::
Normal

Notes and other concerns::
N A 

———————————————
This task was submitted through HATCHERY DIESEL GENERATOR WEEKLY MAINTENANCE CHECKLIST
https://form.asana.com/?k=jTp-bz9f-Np1TvF8ahkxpQ&d=1186399537984407",Hatchery Diesel Genset Weekly Maintenance Checklist,,,,Paul gaudia ,"Oct 21, 2023",2 (275kVA Camda Genset),,,
"1205721525590123",2023-10-14,,2023-10-14,Paul gaudia ,Untitled section,,,,,,"Name of Maintenance Technician:
Paul gaudia 

Email address:
paul_gaudia@gmail.com 

DATE::
Oct 14, 2023

DIESEL GENERATOR SET #:
1 (375kVA Cummins Genset)

LUBRICATION- Check for leaks:
OKAY

If not okay, explain why and identify the problem. (LUBRICATION- Check for leaks):
N A 

Corrective Action Taken::
N A 

LUBRICATION- Check for oil level:
OKAY

If not okay, explain why and identify the problem. (LUBRICATION- Check for oil level):
N A 

Corrective Action Taken::
N A 

COOLING SYSTEM -Check for leaks:
OKAY

If not okay, explain why and identify the problem. (COOLING SYSTEM -Check for leaks):
N A 

Corrective Action Taken:
N A 

COOLING SYSTEM -Check for radiator restriction:
OKAY

If not okay, explain why and identify the problem. (COOLING SYSTEM -Check for radiator restriction):
N A 

Corrective Action Taken::
N A 

COOLING SYSTEM -Check for hose and connections:
OKAY

If not okay, explain why and identify the problem. (COOLING SYSTEM -Check for hose and connections):
N A 

Corrective Action Taken:
N A 

COOLING SYSTEM -Coolant level:
OKAY

If not okay, explain why and identify the problem. (COOLING SYSTEM -Coolant level):
N A 

Corrective Action Taken::
N A 

COOLING SYSTEM - Belt condition and tension:
OKAY

If not okay, explain why and identify the problem. (COOLING SYSTEM - Belt condition and tension):
N A 

Corrective Action Taken::
N A 

FUEL - Check for leaks:
OKAY

If not okay, explain why and identify the problem. (FUEL - Check for leaks):
N A 

Corrective Action Taken::
N A 

AIR IN-TAKE (Check for leaks):
OKAY

If not okay, explain why and identify the problem. (AIR IN-TAKE :Check for leaks):
N A 

Corrective Action Taken::
N A 

AIR IN-TAKE (Check for air cleaner restriction):
OKAY

If not okay, explain why and identify the problem. (AIR IN-TAKE (Check for air cleaner restriction):
N A 

Corrective Action Taken::
N A 

EXHAUST- Check for leaks:
OKAY

If not okay, explain why and identify the problem. (EXHAUST- Check for leaks):
N A 

Corrective Action Taken::
N A 

ENGINE RELATED - Check for unusual vibration:
OKAY

If not okay, explain why and identify the problem. (ENGINE RELATED - Check for unusual vibration):
N A 

Corrective Action Taken::
N A 

MAIN GENERATOR - Check for air inlet and outlet from restrictions:
OKAY

If not okay, explain why and identify the problem. (MAIN GENERATOR - Check for air inlet and outlet from restrictions):
N A 

Corrective Action Taken::
N A 

MAIN GENERATOR - Check for windings and electrical connections:
OKAY

If not okay, explain why and identify the problem. (MAIN GENERATOR - Check for windings and electrical connections):
N A 

Corrective Action Taken::
N A 

SWITCH GEAR - Check power distribution wiring and connections:
OKAY

If not okay, explain why and identify the problem. (SWITCH GEAR - Check power distribution wiring and connections):
N A 

Corrective Action Taken::
N A 

Actual test run for 1hr with load.:
OKAY

Indicate the time start and end time of the actual test run conducted.:
534.5

Previous reading of running time::
534.5

Present reading of running time::
534.5

Indicate the three (3) line voltages (V) reading::
239v

Indicate the three (3) line amperes (A) reading::
28.10vdc

Indicate the hertz (Hz) reading::
59.99hz

Indicate the oil pressure reading (kPa)::
511.5

Indicate the oil temperature (°F)::
63°C

Indicate running condition::
Normal

Notes and other concerns::
N A 

———————————————
This task was submitted through HATCHERY DIESEL GENERATOR WEEKLY MAINTENANCE CHECKLIST
https://form.asana.com/?k=jTp-bz9f-Np1TvF8ahkxpQ&d=1186399537984407",Hatchery Diesel Genset Weekly Maintenance Checklist,,,,Paul gaudia ,"Oct 14, 2023",1 (375kVA Cummins Genset),,,
"1205721171723742",2023-10-14,,2023-10-14,Paul gaudia ,Untitled section,,,,,,"Name of Maintenance Technician:
Paul gaudia 

Email address:
paul_gaudia@gmail.com 

DATE::
Oct 14, 2023

DIESEL GENERATOR SET #:
2 (275kVA Camda Genset)

LUBRICATION- Check for leaks:
OKAY

If not okay, explain why and identify the problem. (LUBRICATION- Check for leaks):
N A 

Corrective Action Taken::
N A 

LUBRICATION- Check for oil level:
OKAY

If not okay, explain why and identify the problem. (LUBRICATION- Check for oil level):
N A 

Corrective Action Taken::
N A 

COOLING SYSTEM -Check for leaks:
OKAY

If not okay, explain why and identify the problem. (COOLING SYSTEM -Check for leaks):
N A 

Corrective Action Taken:
N A 

COOLING SYSTEM -Check for radiator restriction:
OKAY

If not okay, explain why and identify the problem. (COOLING SYSTEM -Check for radiator restriction):
N A 

Corrective Action Taken::
N A 

COOLING SYSTEM -Check for hose and connections:
OKAY

If not okay, explain why and identify the problem. (COOLING SYSTEM -Check for hose and connections):
N A 

Corrective Action Taken:
N A 

COOLING SYSTEM -Coolant level:
OKAY

If not okay, explain why and identify the problem. (COOLING SYSTEM -Coolant level):
N A 

Corrective Action Taken::
N A 

COOLING SYSTEM - Belt condition and tension:
OKAY

If not okay, explain why and identify the problem. (COOLING SYSTEM - Belt condition and tension):
N A 

Corrective Action Taken::
N A 

FUEL - Check for leaks:
OKAY

If not okay, explain why and identify the problem. (FUEL - Check for leaks):
N A 

Corrective Action Taken::
N A 

AIR IN-TAKE (Check for leaks):
OKAY

If not okay, explain why and identify the problem. (AIR IN-TAKE :Check for leaks):
N A 

Corrective Action Taken::
N A 

AIR IN-TAKE (Check for air cleaner restriction):
OKAY

If not okay, explain why and identify the problem. (AIR IN-TAKE (Check for air cleaner restriction):
N A 

Corrective Action Taken::
N A 

EXHAUST- Check for leaks:
OKAY

If not okay, explain why and identify the problem. (EXHAUST- Check for leaks):
N A 

Corrective Action Taken::
N A 

ENGINE RELATED - Check for unusual vibration:
OKAY

If not okay, explain why and identify the problem. (ENGINE RELATED - Check for unusual vibration):
N A 

Corrective Action Taken::
N A 

MAIN GENERATOR - Check for air inlet and outlet from restrictions:
OKAY

If not okay, explain why and identify the problem. (MAIN GENERATOR - Check for air inlet and outlet from restrictions):
N A 

Corrective Action Taken::
N A 

MAIN GENERATOR - Check for windings and electrical connections:
OKAY

If not okay, explain why and identify the problem. (MAIN GENERATOR - Check for windings and electrical connections):
N A 

Corrective Action Taken::
N A 

SWITCH GEAR - Check power distribution wiring and connections:
OKAY

If not okay, explain why and identify the problem. (SWITCH GEAR - Check power distribution wiring and connections):
N A 

Corrective Action Taken::
N A 

Actual test run for 1hr with load.:
OKAY

Indicate the time start and end time of the actual test run conducted.:
616.9

Previous reading of running time::
616.9

Present reading of running time::
616.9

Indicate the three (3) line voltages (V) reading::
230v

Indicate the three (3) line amperes (A) reading::
28.10vdc

Indicate the hertz (Hz) reading::
60.2hz

Indicate the oil pressure reading (kPa)::
13768kva

Indicate the oil temperature (°F)::
58°C

Indicate running condition::
Normal

Notes and other concerns::
N A 

———————————————
This task was submitted through HATCHERY DIESEL GENERATOR WEEKLY MAINTENANCE CHECKLIST
https://form.asana.com/?k=jTp-bz9f-Np1TvF8ahkxpQ&d=1186399537984407",Hatchery Diesel Genset Weekly Maintenance Checklist,,,,Paul gaudia ,"Oct 14, 2023",2 (275kVA Camda Genset),,,
"1205671811790810",2023-10-07,,2023-10-07,Paul gaudia ,Untitled section,,,,,,"Name of Maintenance Technician:
Paul gaudia 

Email address:
paul_gaudia@gmail.com 

DATE::
Oct 7, 2023 at 9:30am

DIESEL GENERATOR SET #:
1 (375kVA Cummins Genset)

LUBRICATION- Check for leaks:
OKAY

If not okay, explain why and identify the problem. (LUBRICATION- Check for leaks):
N A 

Corrective Action Taken::
N A 

LUBRICATION- Check for oil level:
OKAY

If not okay, explain why and identify the problem. (LUBRICATION- Check for oil level):
N A 

Corrective Action Taken::
N A 

COOLING SYSTEM -Check for leaks:
OKAY

If not okay, explain why and identify the problem. (COOLING SYSTEM -Check for leaks):
N A 

Corrective Action Taken:
N A 

COOLING SYSTEM -Check for radiator restriction:
OKAY

If not okay, explain why and identify the problem. (COOLING SYSTEM -Check for radiator restriction):
N A 

Corrective Action Taken::
N A 

COOLING SYSTEM -Check for hose and connections:
OKAY

If not okay, explain why and identify the problem. (COOLING SYSTEM -Check for hose and connections):
N A 

Corrective Action Taken:
N A 

COOLING SYSTEM -Coolant level:
OKAY

If not okay, explain why and identify the problem. (COOLING SYSTEM -Coolant level):
N A 

Corrective Action Taken::
N A 

COOLING SYSTEM - Belt condition and tension:
OKAY

If not okay, explain why and identify the problem. (COOLING SYSTEM - Belt condition and tension):
N A 

Corrective Action Taken::
N A 

FUEL - Check for leaks:
OKAY

If not okay, explain why and identify the problem. (FUEL - Check for leaks):
N A 

Corrective Action Taken::
N A 

AIR IN-TAKE (Check for leaks):
OKAY

If not okay, explain why and identify the problem. (AIR IN-TAKE :Check for leaks):
N A 

Corrective Action Taken::
N A 

AIR IN-TAKE (Check for air cleaner restriction):
OKAY

If not okay, explain why and identify the problem. (AIR IN-TAKE (Check for air cleaner restriction):
N A 

Corrective Action Taken::
N A 

EXHAUST- Check for leaks:
OKAY

If not okay, explain why and identify the problem. (EXHAUST- Check for leaks):
N A 

Corrective Action Taken::
N A 

ENGINE RELATED - Check for unusual vibration:
OKAY

If not okay, explain why and identify the problem. (ENGINE RELATED - Check for unusual vibration):
N A 

Corrective Action Taken::
N A 

MAIN GENERATOR - Check for air inlet and outlet from restrictions:
OKAY

If not okay, explain why and identify the problem. (MAIN GENERATOR - Check for air inlet and outlet from restrictions):
N A 

Corrective Action Taken::
N A 

MAIN GENERATOR - Check for windings and electrical connections:
OKAY

If not okay, explain why and identify the problem. (MAIN GENERATOR - Check for windings and electrical connections):
N A 

Corrective Action Taken::
N A 

SWITCH GEAR - Check power distribution wiring and connections:
OKAY

If not okay, explain why and identify the problem. (SWITCH GEAR - Check power distribution wiring and connections):
N A 

Corrective Action Taken::
N A 

Actual test run for 1hr with load.:
OKAY

Indicate the time start and end time of the actual test run conducted.:
533.95

Previous reading of running time::
533.95

Present reading of running time::
533.95

Indicate the three (3) line voltages (V) reading::
239v

Indicate the three (3) line amperes (A) reading::
28.18vdc

Indicate the hertz (Hz) reading::
59.99hz

Indicate the oil pressure reading (kPa)::
487.4kpa

Indicate the oil temperature (°F)::
69°C

Indicate running condition::
Normal

Notes and other concerns::
N A 

———————————————
This task was submitted through HATCHERY DIESEL GENERATOR WEEKLY MAINTENANCE CHECKLIST
https://form.asana.com/?k=jTp-bz9f-Np1TvF8ahkxpQ&d=1186399537984407",Hatchery Diesel Genset Weekly Maintenance Checklist,,,,Paul gaudia ,"Oct 7, 2023 at 9:30am",1 (375kVA Cummins Genset),,,
"1205671964904929",2023-10-07,,2023-10-07,Paul gaudia ,Untitled section,,,,,,"Name of Maintenance Technician:
Paul gaudia 

Email address:
paul_gaudia@gmail.com 

DATE::
Oct 7, 2023 at 9:30am

DIESEL GENERATOR SET #:
2 (275kVA Camda Genset)

LUBRICATION- Check for leaks:
OKAY

If not okay, explain why and identify the problem. (LUBRICATION- Check for leaks):
N A 

Corrective Action Taken::
N A 

LUBRICATION- Check for oil level:
OKAY

If not okay, explain why and identify the problem. (LUBRICATION- Check for oil level):
N A 

Corrective Action Taken::
N A 

COOLING SYSTEM -Check for leaks:
OKAY

If not okay, explain why and identify the problem. (COOLING SYSTEM -Check for leaks):
N A 

Corrective Action Taken:
N A 

COOLING SYSTEM -Check for radiator restriction:
OKAY

If not okay, explain why and identify the problem. (COOLING SYSTEM -Check for radiator restriction):
N A 

Corrective Action Taken::
N A 

COOLING SYSTEM -Check for hose and connections:
OKAY

If not okay, explain why and identify the problem. (COOLING SYSTEM -Check for hose and connections):
N A 

Corrective Action Taken:
N A 

COOLING SYSTEM -Coolant level:
OKAY

If not okay, explain why and identify the problem. (COOLING SYSTEM -Coolant level):
N A 

Corrective Action Taken::
N A 

COOLING SYSTEM - Belt condition and tension:
OKAY

If not okay, explain why and identify the problem. (COOLING SYSTEM - Belt condition and tension):
N A 

Corrective Action Taken::
N A 

FUEL - Check for leaks:
OKAY

If not okay, explain why and identify the problem. (FUEL - Check for leaks):
N A 

Corrective Action Taken::
N A 

AIR IN-TAKE (Check for leaks):
OKAY

If not okay, explain why and identify the problem. (AIR IN-TAKE :Check for leaks):
N A 

Corrective Action Taken::
N A 

AIR IN-TAKE (Check for air cleaner restriction):
OKAY

If not okay, explain why and identify the problem. (AIR IN-TAKE (Check for air cleaner restriction):
N A 

Corrective Action Taken::
N A 

EXHAUST- Check for leaks:
OKAY

If not okay, explain why and identify the problem. (EXHAUST- Check for leaks):
N A 

Corrective Action Taken::
N A 

ENGINE RELATED - Check for unusual vibration:
OKAY

If not okay, explain why and identify the problem. (ENGINE RELATED - Check for unusual vibration):
N A 

Corrective Action Taken::
N A 

MAIN GENERATOR - Check for air inlet and outlet from restrictions:
OKAY

If not okay, explain why and identify the problem. (MAIN GENERATOR - Check for air inlet and outlet from restrictions):
N A 

Corrective Action Taken::
N A 

MAIN GENERATOR - Check for windings and electrical connections:
OKAY

If not okay, explain why and identify the problem. (MAIN GENERATOR - Check for windings and electrical connections):
N A 

Corrective Action Taken::
N A 

SWITCH GEAR - Check power distribution wiring and connections:
OKAY

If not okay, explain why and identify the problem. (SWITCH GEAR - Check power distribution wiring and connections):
N A 

Corrective Action Taken::
N A 

Actual test run for 1hr with load.:
OKAY

Indicate the time start and end time of the actual test run conducted.:
616.9

Previous reading of running time::
616.9

Present reading of running time::
616.9

Indicate the three (3) line voltages (V) reading::
230v

Indicate the three (3) line amperes (A) reading::
28.10vdc

Indicate the hertz (Hz) reading::
60.2hz

Indicate the oil pressure reading (kPa)::
13768 kva

Indicate the oil temperature (°F)::
80°C

Indicate running condition::
Normal

Notes and other concerns::
N A 

———————————————
This task was submitted through HATCHERY DIESEL GENERATOR WEEKLY MAINTENANCE CHECKLIST
https://form.asana.com/?k=jTp-bz9f-Np1TvF8ahkxpQ&d=1186399537984407",Hatchery Diesel Genset Weekly Maintenance Checklist,,,,Paul gaudia ,"Oct 7, 2023 at 9:30am",2 (275kVA Camda Genset),,,
"1205609879505660",2023-09-29,,2023-09-29,Paul gaudia ,Untitled section,,,,,,"Name of Maintenance Technician:
Paul gaudia 

Email address:
paul_gaudia@gmail.com 

DATE::
Sep 29, 2023 at 10:30am

DIESEL GENERATOR SET #:
1 (375kVA Cummins Genset)

LUBRICATION- Check for leaks:
OKAY

If not okay, explain why and identify the problem. (LUBRICATION- Check for leaks):
N A 

Corrective Action Taken::
N A 

LUBRICATION- Check for oil level:
OKAY

If not okay, explain why and identify the problem. (LUBRICATION- Check for oil level):
N A 

Corrective Action Taken::
N A 

COOLING SYSTEM -Check for leaks:
OKAY

If not okay, explain why and identify the problem. (COOLING SYSTEM -Check for leaks):
N A 

Corrective Action Taken:
N A 

COOLING SYSTEM -Check for radiator restriction:
OKAY

If not okay, explain why and identify the problem. (COOLING SYSTEM -Check for radiator restriction):
N A 

Corrective Action Taken::
N A 

COOLING SYSTEM -Check for hose and connections:
OKAY

If not okay, explain why and identify the problem. (COOLING SYSTEM -Check for hose and connections):
N A 

Corrective Action Taken:
N A 

COOLING SYSTEM -Coolant level:
OKAY

If not okay, explain why and identify the problem. (COOLING SYSTEM -Coolant level):
N A 

Corrective Action Taken::
N A 

COOLING SYSTEM - Belt condition and tension:
OKAY

If not okay, explain why and identify the problem. (COOLING SYSTEM - Belt condition and tension):
N A 

Corrective Action Taken::
N A 

FUEL - Check for leaks:
OKAY

If not okay, explain why and identify the problem. (FUEL - Check for leaks):
N A 

Corrective Action Taken::
N A 

AIR IN-TAKE (Check for leaks):
OKAY

If not okay, explain why and identify the problem. (AIR IN-TAKE :Check for leaks):
N A 

Corrective Action Taken::
N A 

AIR IN-TAKE (Check for air cleaner restriction):
OKAY

If not okay, explain why and identify the problem. (AIR IN-TAKE (Check for air cleaner restriction):
N A 

Corrective Action Taken::
N A 

EXHAUST- Check for leaks:
OKAY

If not okay, explain why and identify the problem. (EXHAUST- Check for leaks):
N A 

Corrective Action Taken::
N A 

ENGINE RELATED - Check for unusual vibration:
OKAY

If not okay, explain why and identify the problem. (ENGINE RELATED - Check for unusual vibration):
N A 

Corrective Action Taken::
N A 

MAIN GENERATOR - Check for air inlet and outlet from restrictions:
OKAY

If not okay, explain why and identify the problem. (MAIN GENERATOR - Check for air inlet and outlet from restrictions):
N A 

Corrective Action Taken::
N A 

MAIN GENERATOR - Check for windings and electrical connections:
OKAY

If not okay, explain why and identify the problem. (MAIN GENERATOR - Check for windings and electrical connections):
N A 

Corrective Action Taken::
N A 

SWITCH GEAR - Check power distribution wiring and connections:
OKAY

If not okay, explain why and identify the problem. (SWITCH GEAR - Check power distribution wiring and connections):
N A 

Corrective Action Taken::
N A 

Actual test run for 1hr with load.:
OKAY

Indicate the time start and end time of the actual test run conducted.:
532.50

Previous reading of running time::
532.50

Present reading of running time::
532.50

Indicate the three (3) line voltages (V) reading::
239v

Indicate the three (3) line amperes (A) reading::
28.10vdc

Indicate the hertz (Hz) reading::
59.99hz

Indicate the oil pressure reading (kPa)::
527.4

Indicate the oil temperature (°F)::
53°C

Indicate running condition::
Normal

Notes and other concerns::
N A 

———————————————
This task was submitted through HATCHERY DIESEL GENERATOR WEEKLY MAINTENANCE CHECKLIST
https://form.asana.com/?k=jTp-bz9f-Np1TvF8ahkxpQ&d=1186399537984407",Hatchery Diesel Genset Weekly Maintenance Checklist,,,,Paul gaudia ,"Sep 29, 2023 at 10:30am",1 (375kVA Cummins Genset),,,
"1205609737372352",2023-09-29,,2023-09-29,Paul gaudia ,Untitled section,,,,,,"Name of Maintenance Technician:
Paul gaudia 

Email address:
paul_gaudia@gmail.com 

DATE::
Sep 29, 2023 at 10:31am

DIESEL GENERATOR SET #:
2 (275kVA Camda Genset)

LUBRICATION- Check for leaks:
OKAY

If not okay, explain why and identify the problem. (LUBRICATION- Check for leaks):
N A 

Corrective Action Taken::
N A 

LUBRICATION- Check for oil level:
OKAY

If not okay, explain why and identify the problem. (LUBRICATION- Check for oil level):
N A 

Corrective Action Taken::
N A 

COOLING SYSTEM -Check for leaks:
OKAY

If not okay, explain why and identify the problem. (COOLING SYSTEM -Check for leaks):
N A 

Corrective Action Taken:
N A 

COOLING SYSTEM -Check for radiator restriction:
OKAY

If not okay, explain why and identify the problem. (COOLING SYSTEM -Check for radiator restriction):
N A 

Corrective Action Taken::
N A 

COOLING SYSTEM -Check for hose and connections:
OKAY

If not okay, explain why and identify the problem. (COOLING SYSTEM -Check for hose and connections):
N A 

Corrective Action Taken:
N A 

COOLING SYSTEM -Coolant level:
OKAY

If not okay, explain why and identify the problem. (COOLING SYSTEM -Coolant level):
N A 

Corrective Action Taken::
N A 

COOLING SYSTEM - Belt condition and tension:
OKAY

If not okay, explain why and identify the problem. (COOLING SYSTEM - Belt condition and tension):
N A 

Corrective Action Taken::
N A 

FUEL - Check for leaks:
OKAY

If not okay, explain why and identify the problem. (FUEL - Check for leaks):
N A 

Corrective Action Taken::
N A 

AIR IN-TAKE (Check for leaks):
OKAY

If not okay, explain why and identify the problem. (AIR IN-TAKE :Check for leaks):
N A 

Corrective Action Taken::
N A 

AIR IN-TAKE (Check for air cleaner restriction):
OKAY

If not okay, explain why and identify the problem. (AIR IN-TAKE (Check for air cleaner restriction):
N A 

Corrective Action Taken::
N A 

EXHAUST- Check for leaks:
OKAY

If not okay, explain why and identify the problem. (EXHAUST- Check for leaks):
N A 

Corrective Action Taken::
N A 

ENGINE RELATED - Check for unusual vibration:
OKAY

If not okay, explain why and identify the problem. (ENGINE RELATED - Check for unusual vibration):
N A 

Corrective Action Taken::
N A 

MAIN GENERATOR - Check for air inlet and outlet from restrictions:
OKAY

If not okay, explain why and identify the problem. (MAIN GENERATOR - Check for air inlet and outlet from restrictions):
N A 

Corrective Action Taken::
N A 

MAIN GENERATOR - Check for windings and electrical connections:
OKAY

If not okay, explain why and identify the problem. (MAIN GENERATOR - Check for windings and electrical connections):
N A 

Corrective Action Taken::
N A 

SWITCH GEAR - Check power distribution wiring and connections:
OKAY

If not okay, explain why and identify the problem. (SWITCH GEAR - Check power distribution wiring and connections):
N A 

Corrective Action Taken::
N A 

Actual test run for 1hr with load.:
OKAY

Indicate the time start and end time of the actual test run conducted.:
616.7

Previous reading of running time::
616.7

Present reading of running time::
616.7

Indicate the three (3) line voltages (V) reading::
230v

Indicate the three (3) line amperes (A) reading::
28.10vdc

Indicate the hertz (Hz) reading::
60.2hz

Indicate the oil pressure reading (kPa)::
13768kva

Indicate the oil temperature (°F)::
53°C

Indicate running condition::
Normal

Notes and other concerns::
N A 

———————————————
This task was submitted through HATCHERY DIESEL GENERATOR WEEKLY MAINTENANCE CHECKLIST
https://form.asana.com/?k=jTp-bz9f-Np1TvF8ahkxpQ&d=1186399537984407",Hatchery Diesel Genset Weekly Maintenance Checklist,,,,Paul gaudia ,"Sep 29, 2023 at 10:31am",2 (275kVA Camda Genset),,,
"1205562111216667",2023-09-23,,2023-09-23,Paul gaudia ,Untitled section,,,,,,"Name of Maintenance Technician:
Paul gaudia 

Email address:
paul_gaudia@gmail.com 

DATE::
Sep 23, 2023 at 1:50pm

DIESEL GENERATOR SET #:
1 (375kVA Cummins Genset)

LUBRICATION- Check for leaks:
OKAY

If not okay, explain why and identify the problem. (LUBRICATION- Check for leaks):
N A 

Corrective Action Taken::
N A 

LUBRICATION- Check for oil level:
OKAY

If not okay, explain why and identify the problem. (LUBRICATION- Check for oil level):
N A 

Corrective Action Taken::
N A 

COOLING SYSTEM -Check for leaks:
OKAY

If not okay, explain why and identify the problem. (COOLING SYSTEM -Check for leaks):
N A 

Corrective Action Taken:
N A 

COOLING SYSTEM -Check for radiator restriction:
OKAY

If not okay, explain why and identify the problem. (COOLING SYSTEM -Check for radiator restriction):
N A 

Corrective Action Taken::
N A 

COOLING SYSTEM -Check for hose and connections:
OKAY

If not okay, explain why and identify the problem. (COOLING SYSTEM -Check for hose and connections):
N A 

Corrective Action Taken:
N A 

COOLING SYSTEM -Coolant level:
OKAY

If not okay, explain why and identify the problem. (COOLING SYSTEM -Coolant level):
N A 

Corrective Action Taken::
N A 

COOLING SYSTEM - Belt condition and tension:
OKAY

If not okay, explain why and identify the problem. (COOLING SYSTEM - Belt condition and tension):
N A 

Corrective Action Taken::
N A 

FUEL - Check for leaks:
OKAY

If not okay, explain why and identify the problem. (FUEL - Check for leaks):
N A 

Corrective Action Taken::
N A 

AIR IN-TAKE (Check for leaks):
OKAY

If not okay, explain why and identify the problem. (AIR IN-TAKE :Check for leaks):
N A 

Corrective Action Taken::
N A 

AIR IN-TAKE (Check for air cleaner restriction):
OKAY

If not okay, explain why and identify the problem. (AIR IN-TAKE (Check for air cleaner restriction):
N A 

Corrective Action Taken::
N A 

EXHAUST- Check for leaks:
OKAY

If not okay, explain why and identify the problem. (EXHAUST- Check for leaks):
N A 

Corrective Action Taken::
N A 

ENGINE RELATED - Check for unusual vibration:
OKAY

If not okay, explain why and identify the problem. (ENGINE RELATED - Check for unusual vibration):
N A 

Corrective Action Taken::
N A 

MAIN GENERATOR - Check for air inlet and outlet from restrictions:
OKAY

If not okay, explain why and identify the problem. (MAIN GENERATOR - Check for air inlet and outlet from restrictions):
N A 

Corrective Action Taken::
N A 

MAIN GENERATOR - Check for windings and electrical connections:
OKAY

If not okay, explain why and identify the problem. (MAIN GENERATOR - Check for windings and electrical connections):
N A 

Corrective Action Taken::
N A 

SWITCH GEAR - Check power distribution wiring and connections:
OKAY

If not okay, explain why and identify the problem. (SWITCH GEAR - Check power distribution wiring and connections):
N A 

Corrective Action Taken::
N A 

Actual test run for 1hr with load.:
OKAY

Indicate the time start and end time of the actual test run conducted.:
524.20

Previous reading of running time::
524.20

Present reading of running time::
524.20

Indicate the three (3) line voltages (V) reading::
239v

Indicate the three (3) line amperes (A) reading::
28.10vdc

Indicate the hertz (Hz) reading::
59.99hz

Indicate the oil pressure reading (kPa)::
375kpa

Indicate the oil temperature (°F)::
58°C

Indicate running condition::
Normal

Notes and other concerns::
N A 

———————————————
This task was submitted through HATCHERY DIESEL GENERATOR WEEKLY MAINTENANCE CHECKLIST
https://form.asana.com/?k=jTp-bz9f-Np1TvF8ahkxpQ&d=1186399537984407",Hatchery Diesel Genset Weekly Maintenance Checklist,,,,Paul gaudia ,"Sep 23, 2023 at 1:50pm",1 (375kVA Cummins Genset),,,
"1205561762503705",2023-09-23,,2023-09-23,Paul gaudia ,Untitled section,,,,,,"Name of Maintenance Technician:
Paul gaudia 

Email address:
paul_gaudia@gmail.com 

DATE::
Sep 23, 2023 at 1:50pm

DIESEL GENERATOR SET #:
2 (275kVA Camda Genset)

LUBRICATION- Check for leaks:
OKAY

If not okay, explain why and identify the problem. (LUBRICATION- Check for leaks):
N A 

Corrective Action Taken::
N A 

LUBRICATION- Check for oil level:
OKAY

If not okay, explain why and identify the problem. (LUBRICATION- Check for oil level):
N A 

Corrective Action Taken::
N A 

COOLING SYSTEM -Check for leaks:
OKAY

If not okay, explain why and identify the problem. (COOLING SYSTEM -Check for leaks):
N A 

Corrective Action Taken:
N A 

COOLING SYSTEM -Check for radiator restriction:
OKAY

If not okay, explain why and identify the problem. (COOLING SYSTEM -Check for radiator restriction):
N A 

Corrective Action Taken::
N A 

COOLING SYSTEM -Check for hose and connections:
OKAY

If not okay, explain why and identify the problem. (COOLING SYSTEM -Check for hose and connections):
N A 

Corrective Action Taken:
N A 

COOLING SYSTEM -Coolant level:
OKAY

If not okay, explain why and identify the problem. (COOLING SYSTEM -Coolant level):
N A 

Corrective Action Taken::
N A 

COOLING SYSTEM - Belt condition and tension:
OKAY

If not okay, explain why and identify the problem. (COOLING SYSTEM - Belt condition and tension):
N A 

Corrective Action Taken::
N A 

FUEL - Check for leaks:
OKAY

If not okay, explain why and identify the problem. (FUEL - Check for leaks):
N A 

Corrective Action Taken::
N A 

AIR IN-TAKE (Check for leaks):
OKAY

If not okay, explain why and identify the problem. (AIR IN-TAKE :Check for leaks):
N A 

Corrective Action Taken::
N A 

AIR IN-TAKE (Check for air cleaner restriction):
OKAY

If not okay, explain why and identify the problem. (AIR IN-TAKE (Check for air cleaner restriction):
N A 

Corrective Action Taken::
N A 

EXHAUST- Check for leaks:
OKAY

If not okay, explain why and identify the problem. (EXHAUST- Check for leaks):
N A 

Corrective Action Taken::
N A 

ENGINE RELATED - Check for unusual vibration:
OKAY

If not okay, explain why and identify the problem. (ENGINE RELATED - Check for unusual vibration):
N A 

Corrective Action Taken::
N A 

MAIN GENERATOR - Check for air inlet and outlet from restrictions:
OKAY

If not okay, explain why and identify the problem. (MAIN GENERATOR - Check for air inlet and outlet from restrictions):
N A 

Corrective Action Taken::
N A 

MAIN GENERATOR - Check for windings and electrical connections:
OKAY

If not okay, explain why and identify the problem. (MAIN GENERATOR - Check for windings and electrical connections):
N A 

Corrective Action Taken::
N A 

SWITCH GEAR - Check power distribution wiring and connections:
OKAY

If not okay, explain why and identify the problem. (SWITCH GEAR - Check power distribution wiring and connections):
N A 

Corrective Action Taken::
N A 

Actual test run for 1hr with load.:
OKAY

Indicate the time start and end time of the actual test run conducted.:
616.7

Previous reading of running time::
616.7

Present reading of running time::
616.7

Indicate the three (3) line voltages (V) reading::
230v

Indicate the three (3) line amperes (A) reading::
28.2bat

Indicate the hertz (Hz) reading::
52°C

Indicate the oil pressure reading (kPa)::
13602kva

Indicate the oil temperature (°F)::
53°C

Indicate running condition::
Normal

Notes and other concerns::
N A 

———————————————
This task was submitted through HATCHERY DIESEL GENERATOR WEEKLY MAINTENANCE CHECKLIST
https://form.asana.com/?k=jTp-bz9f-Np1TvF8ahkxpQ&d=1186399537984407",Hatchery Diesel Genset Weekly Maintenance Checklist,,,,Paul gaudia ,"Sep 23, 2023 at 1:50pm",2 (275kVA Camda Genset),,,
"1205408659085443",2023-09-02,,2023-09-02,Paul gaudia ,Untitled section,,,,,,"Name of Maintenance Technician:
Paul gaudia 

Email address:
paul_gaudia@gmail.com 

DATE::
Sep 2, 2023 at 1:40pm

DIESEL GENERATOR SET #:
2 (275kVA Camda Genset)

LUBRICATION- Check for leaks:
OKAY

If not okay, explain why and identify the problem. (LUBRICATION- Check for leaks):
N A 

Corrective Action Taken::
N A 

LUBRICATION- Check for oil level:
OKAY

If not okay, explain why and identify the problem. (LUBRICATION- Check for oil level):
N A 

Corrective Action Taken::
N A 

COOLING SYSTEM -Check for leaks:
OKAY

If not okay, explain why and identify the problem. (COOLING SYSTEM -Check for leaks):
N A 

Corrective Action Taken:
N A 

COOLING SYSTEM -Check for radiator restriction:
OKAY

If not okay, explain why and identify the problem. (COOLING SYSTEM -Check for radiator restriction):
N A 

Corrective Action Taken::
N A 

COOLING SYSTEM -Check for hose and connections:
OKAY

If not okay, explain why and identify the problem. (COOLING SYSTEM -Check for hose and connections):
N A 

Corrective Action Taken:
N A 

COOLING SYSTEM -Coolant level:
OKAY

If not okay, explain why and identify the problem. (COOLING SYSTEM -Coolant level):
N A 

Corrective Action Taken::
N A 

COOLING SYSTEM - Belt condition and tension:
OKAY

If not okay, explain why and identify the problem. (COOLING SYSTEM - Belt condition and tension):
N A 

Corrective Action Taken::
N A 

FUEL - Check for leaks:
OKAY

If not okay, explain why and identify the problem. (FUEL - Check for leaks):
N A 

Corrective Action Taken::
N A 

AIR IN-TAKE (Check for leaks):
OKAY

If not okay, explain why and identify the problem. (AIR IN-TAKE :Check for leaks):
N A 

Corrective Action Taken::
N A 

AIR IN-TAKE (Check for air cleaner restriction):
OKAY

If not okay, explain why and identify the problem. (AIR IN-TAKE (Check for air cleaner restriction):
N A 

Corrective Action Taken::
N A 

EXHAUST- Check for leaks:
OKAY

If not okay, explain why and identify the problem. (EXHAUST- Check for leaks):
N A 

Corrective Action Taken::
N A 

ENGINE RELATED - Check for unusual vibration:
OKAY

If not okay, explain why and identify the problem. (ENGINE RELATED - Check for unusual vibration):
N A 

Corrective Action Taken::
N A 

MAIN GENERATOR - Check for air inlet and outlet from restrictions:
OKAY

If not okay, explain why and identify the problem. (MAIN GENERATOR - Check for air inlet and outlet from restrictions):
N A 

Corrective Action Taken::
N A 

MAIN GENERATOR - Check for windings and electrical connections:
OKAY

If not okay, explain why and identify the problem. (MAIN GENERATOR - Check for windings and electrical connections):
N A 

Corrective Action Taken::
N A 

SWITCH GEAR - Check power distribution wiring and connections:
OKAY

If not okay, explain why and identify the problem. (SWITCH GEAR - Check power distribution wiring and connections):
N A 

Corrective Action Taken::
N A 

Actual test run for 1hr with load.:
OKAY

Indicate the time start and end time of the actual test run conducted.:
616.5

Previous reading of running time::
616.5

Present reading of running time::
616.5

Indicate the three (3) line voltages (V) reading::
230v

Indicate the three (3) line amperes (A) reading::
53°C

Indicate the hertz (Hz) reading::
60.2hz

Indicate the oil pressure reading (kPa)::
13602kva

Indicate the oil temperature (°F)::
53°C

Indicate running condition::
Normal

Notes and other concerns::
N A 

———————————————
This task was submitted through HATCHERY DIESEL GENERATOR WEEKLY MAINTENANCE CHECKLIST
https://form.asana.com/?k=jTp-bz9f-Np1TvF8ahkxpQ&d=1186399537984407",Hatchery Diesel Genset Weekly Maintenance Checklist,,,,Paul gaudia ,"Sep 2, 2023 at 1:40pm",2 (275kVA Camda Genset),,,
"1205408823902033",2023-09-02,,2023-09-02,Paul gaudia ,Untitled section,,,,,,"Name of Maintenance Technician:
Paul gaudia 

Email address:
paul_gaudia@gmail.com 

DATE::
Sep 2, 2023 at 1:40pm

DIESEL GENERATOR SET #:
1 (375kVA Cummins Genset)

LUBRICATION- Check for leaks:
OKAY

If not okay, explain why and identify the problem. (LUBRICATION- Check for leaks):
N A 

Corrective Action Taken::
N A 

LUBRICATION- Check for oil level:
OKAY

If not okay, explain why and identify the problem. (LUBRICATION- Check for oil level):
N A 

Corrective Action Taken::
N A 

COOLING SYSTEM -Check for leaks:
OKAY

If not okay, explain why and identify the problem. (COOLING SYSTEM -Check for leaks):
N A 

Corrective Action Taken:
N A 

COOLING SYSTEM -Check for radiator restriction:
OKAY

If not okay, explain why and identify the problem. (COOLING SYSTEM -Check for radiator restriction):
N A 

Corrective Action Taken::
N A 

COOLING SYSTEM -Check for hose and connections:
OKAY

If not okay, explain why and identify the problem. (COOLING SYSTEM -Check for hose and connections):
N A 

Corrective Action Taken:
N A 

COOLING SYSTEM -Coolant level:
OKAY

If not okay, explain why and identify the problem. (COOLING SYSTEM -Coolant level):
N A 

Corrective Action Taken::
N A 

COOLING SYSTEM - Belt condition and tension:
OKAY

If not okay, explain why and identify the problem. (COOLING SYSTEM - Belt condition and tension):
N A 

Corrective Action Taken::
N A 

FUEL - Check for leaks:
OKAY

If not okay, explain why and identify the problem. (FUEL - Check for leaks):
N A 

Corrective Action Taken::
N A 

AIR IN-TAKE (Check for leaks):
OKAY

If not okay, explain why and identify the problem. (AIR IN-TAKE :Check for leaks):
N A 

Corrective Action Taken::
N A 

AIR IN-TAKE (Check for air cleaner restriction):
OKAY

If not okay, explain why and identify the problem. (AIR IN-TAKE (Check for air cleaner restriction):
N A 

Corrective Action Taken::
N A 

EXHAUST- Check for leaks:
OKAY

If not okay, explain why and identify the problem. (EXHAUST- Check for leaks):
N A 

Corrective Action Taken::
N A 

ENGINE RELATED - Check for unusual vibration:
OKAY

If not okay, explain why and identify the problem. (ENGINE RELATED - Check for unusual vibration):
N A 

Corrective Action Taken::
N A 

MAIN GENERATOR - Check for air inlet and outlet from restrictions:
OKAY

If not okay, explain why and identify the problem. (MAIN GENERATOR - Check for air inlet and outlet from restrictions):
N A 

Corrective Action Taken::
N A 

MAIN GENERATOR - Check for windings and electrical connections:
OKAY

If not okay, explain why and identify the problem. (MAIN GENERATOR - Check for windings and electrical connections):
N A 

Corrective Action Taken::
N A 

SWITCH GEAR - Check power distribution wiring and connections:
OKAY

If not okay, explain why and identify the problem. (SWITCH GEAR - Check power distribution wiring and connections):
N A 

Corrective Action Taken::
N A 

Actual test run for 1hr with load.:
OKAY

Indicate the time start and end time of the actual test run conducted.:
522.05

Previous reading of running time::
522.05

Present reading of running time::
522.05

Indicate the three (3) line voltages (V) reading::
239v

Indicate the three (3) line amperes (A) reading::
28.10vdc

Indicate the hertz (Hz) reading::
59.99hz

Indicate the oil pressure reading (kPa)::
375kpa

Indicate the oil temperature (°F)::
63°C

Indicate running condition::
Abnormal

Notes and other concerns::
N A 

———————————————
This task was submitted through HATCHERY DIESEL GENERATOR WEEKLY MAINTENANCE CHECKLIST
https://form.asana.com/?k=jTp-bz9f-Np1TvF8ahkxpQ&d=1186399537984407",Hatchery Diesel Genset Weekly Maintenance Checklist,,,,Paul gaudia ,"Sep 2, 2023 at 1:40pm",1 (375kVA Cummins Genset),,,
"1205357344872458",2023-08-26,,2023-08-26,Paul gaudia ,Untitled section,,,,,,"Name of Maintenance Technician:
Paul gaudia 

Email address:
paul_gaudia@gmail.com 

DATE::
Aug 26, 2023 at 1:45pm

DIESEL GENERATOR SET #:
1 (375kVA Cummins Genset)

LUBRICATION- Check for leaks:
OKAY

If not okay, explain why and identify the problem. (LUBRICATION- Check for leaks):
N A 

Corrective Action Taken::
N A 

LUBRICATION- Check for oil level:
OKAY

If not okay, explain why and identify the problem. (LUBRICATION- Check for oil level):
N A 

Corrective Action Taken::
N A 

COOLING SYSTEM -Check for leaks:
OKAY

If not okay, explain why and identify the problem. (COOLING SYSTEM -Check for leaks):
N A 

Corrective Action Taken:
N A 

COOLING SYSTEM -Check for radiator restriction:
OKAY

If not okay, explain why and identify the problem. (COOLING SYSTEM -Check for radiator restriction):
N A 

Corrective Action Taken::
N A 

COOLING SYSTEM -Check for hose and connections:
OKAY

If not okay, explain why and identify the problem. (COOLING SYSTEM -Check for hose and connections):
N A 

Corrective Action Taken:
N A 

COOLING SYSTEM -Coolant level:
OKAY

If not okay, explain why and identify the problem. (COOLING SYSTEM -Coolant level):
N A 

Corrective Action Taken::
N A 

COOLING SYSTEM - Belt condition and tension:
OKAY

If not okay, explain why and identify the problem. (COOLING SYSTEM - Belt condition and tension):
N A 

Corrective Action Taken::
N A 

FUEL - Check for leaks:
OKAY

If not okay, explain why and identify the problem. (FUEL - Check for leaks):
N A 

Corrective Action Taken::
N A 

AIR IN-TAKE (Check for leaks):
OKAY

If not okay, explain why and identify the problem. (AIR IN-TAKE :Check for leaks):
N A 

Corrective Action Taken::
N A 

AIR IN-TAKE (Check for air cleaner restriction):
OKAY

If not okay, explain why and identify the problem. (AIR IN-TAKE (Check for air cleaner restriction):
N A 

Corrective Action Taken::
N A 

EXHAUST- Check for leaks:
OKAY

If not okay, explain why and identify the problem. (EXHAUST- Check for leaks):
N A 

Corrective Action Taken::
N A 

ENGINE RELATED - Check for unusual vibration:
OKAY

If not okay, explain why and identify the problem. (ENGINE RELATED - Check for unusual vibration):
N A 

Corrective Action Taken::
N A 

MAIN GENERATOR - Check for air inlet and outlet from restrictions:
OKAY

If not okay, explain why and identify the problem. (MAIN GENERATOR - Check for air inlet and outlet from restrictions):
N A 

Corrective Action Taken::
N A 

MAIN GENERATOR - Check for windings and electrical connections:
OKAY

If not okay, explain why and identify the problem. (MAIN GENERATOR - Check for windings and electrical connections):
N A 

Corrective Action Taken::
N A 

SWITCH GEAR - Check power distribution wiring and connections:
OKAY

If not okay, explain why and identify the problem. (SWITCH GEAR - Check power distribution wiring and connections):
N A 

Corrective Action Taken::
N A 

Actual test run for 1hr with load.:
OKAY

Indicate the time start and end time of the actual test run conducted.:
503.05

Previous reading of running time::
503.05

Present reading of running time::
503.05

Indicate the three (3) line voltages (V) reading::
239v

Indicate the three (3) line amperes (A) reading::
28.10vdc

Indicate the hertz (Hz) reading::
59.99hz

Indicate the oil pressure reading (kPa)::
523.3

Indicate the oil temperature (°F)::
58°C

Indicate running condition::
Normal

Notes and other concerns::
N A 

———————————————
This task was submitted through HATCHERY DIESEL GENERATOR WEEKLY MAINTENANCE CHECKLIST
https://form.asana.com/?k=jTp-bz9f-Np1TvF8ahkxpQ&d=1186399537984407",Hatchery Diesel Genset Weekly Maintenance Checklist,,,,Paul gaudia ,"Aug 26, 2023 at 1:45pm",1 (375kVA Cummins Genset),,,
"1205357341802345",2023-08-26,,2023-08-26,Paul gaudia ,Untitled section,,,,,,"Name of Maintenance Technician:
Paul gaudia 

Email address:
paul_gaudia@gmail.com 

DATE::
Aug 26, 2023 at 1:45pm

DIESEL GENERATOR SET #:
2 (275kVA Camda Genset)

LUBRICATION- Check for leaks:
OKAY

If not okay, explain why and identify the problem. (LUBRICATION- Check for leaks):
N A 

Corrective Action Taken::
N A 

LUBRICATION- Check for oil level:
OKAY

If not okay, explain why and identify the problem. (LUBRICATION- Check for oil level):
N A 

Corrective Action Taken::
N A 

COOLING SYSTEM -Check for leaks:
OKAY

If not okay, explain why and identify the problem. (COOLING SYSTEM -Check for leaks):
N A 

Corrective Action Taken:
N A 

COOLING SYSTEM -Check for radiator restriction:
OKAY

If not okay, explain why and identify the problem. (COOLING SYSTEM -Check for radiator restriction):
N A 

Corrective Action Taken::
N A 

COOLING SYSTEM -Check for hose and connections:
OKAY

If not okay, explain why and identify the problem. (COOLING SYSTEM -Check for hose and connections):
N A 

Corrective Action Taken:
N A 

COOLING SYSTEM -Coolant level:
OKAY

If not okay, explain why and identify the problem. (COOLING SYSTEM -Coolant level):
N A 

Corrective Action Taken::
N A 

COOLING SYSTEM - Belt condition and tension:
OKAY

If not okay, explain why and identify the problem. (COOLING SYSTEM - Belt condition and tension):
N A 

Corrective Action Taken::
N A 

FUEL - Check for leaks:
OKAY

If not okay, explain why and identify the problem. (FUEL - Check for leaks):
N A 

Corrective Action Taken::
N A 

AIR IN-TAKE (Check for leaks):
OKAY

If not okay, explain why and identify the problem. (AIR IN-TAKE :Check for leaks):
N A 

Corrective Action Taken::
N A 

AIR IN-TAKE (Check for air cleaner restriction):
OKAY

If not okay, explain why and identify the problem. (AIR IN-TAKE (Check for air cleaner restriction):
N A 

Corrective Action Taken::
N A 

EXHAUST- Check for leaks:
OKAY

If not okay, explain why and identify the problem. (EXHAUST- Check for leaks):
N A 

Corrective Action Taken::
N A 

ENGINE RELATED - Check for unusual vibration:
OKAY

If not okay, explain why and identify the problem. (ENGINE RELATED - Check for unusual vibration):
N A 

Corrective Action Taken::
N A 

MAIN GENERATOR - Check for air inlet and outlet from restrictions:
OKAY

If not okay, explain why and identify the problem. (MAIN GENERATOR - Check for air inlet and outlet from restrictions):
N A 

Corrective Action Taken::
N A 

MAIN GENERATOR - Check for windings and electrical connections:
OKAY

If not okay, explain why and identify the problem. (MAIN GENERATOR - Check for windings and electrical connections):
N A 

Corrective Action Taken::
N A 

SWITCH GEAR - Check power distribution wiring and connections:
OKAY

If not okay, explain why and identify the problem. (SWITCH GEAR - Check power distribution wiring and connections):
N A 

Corrective Action Taken::
N A 

Actual test run for 1hr with load.:
OKAY

Indicate the time start and end time of the actual test run conducted.:
607.9

Previous reading of running time::
607.9

Present reading of running time::
607.9

Indicate the three (3) line voltages (V) reading::
230v

Indicate the three (3) line amperes (A) reading::
28.0v

Indicate the hertz (Hz) reading::
60.2hz

Indicate the oil pressure reading (kPa)::
13602kva

Indicate the oil temperature (°F)::
58°C

Indicate running condition::
Normal

Notes and other concerns::
N A 

———————————————
This task was submitted through HATCHERY DIESEL GENERATOR WEEKLY MAINTENANCE CHECKLIST
https://form.asana.com/?k=jTp-bz9f-Np1TvF8ahkxpQ&d=1186399537984407",Hatchery Diesel Genset Weekly Maintenance Checklist,,,,Paul gaudia ,"Aug 26, 2023 at 1:45pm",2 (275kVA Camda Genset),,,
"1205305507914650",2023-08-19,,2023-08-19,Paul gaudia ,Untitled section,,,,,,"Name of Maintenance Technician:
Paul gaudia 

Email address:
paul_gaudia@gmail.com 

DATE::
Aug 19, 2023 at 1:50pm

DIESEL GENERATOR SET #:
2 (275kVA Camda Genset)

LUBRICATION- Check for leaks:
OKAY

If not okay, explain why and identify the problem. (LUBRICATION- Check for leaks):
N A 

Corrective Action Taken::
N A 

LUBRICATION- Check for oil level:
OKAY

If not okay, explain why and identify the problem. (LUBRICATION- Check for oil level):
N A 

Corrective Action Taken::
N A 

COOLING SYSTEM -Check for leaks:
OKAY

If not okay, explain why and identify the problem. (COOLING SYSTEM -Check for leaks):
N A 

Corrective Action Taken:
N A 

COOLING SYSTEM -Check for radiator restriction:
OKAY

If not okay, explain why and identify the problem. (COOLING SYSTEM -Check for radiator restriction):
N A 

Corrective Action Taken::
N A 

COOLING SYSTEM -Check for hose and connections:
OKAY

If not okay, explain why and identify the problem. (COOLING SYSTEM -Check for hose and connections):
N A 

Corrective Action Taken:
N A 

COOLING SYSTEM -Coolant level:
OKAY

If not okay, explain why and identify the problem. (COOLING SYSTEM -Coolant level):
N A 

Corrective Action Taken::
N A 

COOLING SYSTEM - Belt condition and tension:
OKAY

If not okay, explain why and identify the problem. (COOLING SYSTEM - Belt condition and tension):
N A 

Corrective Action Taken::
N A 

FUEL - Check for leaks:
OKAY

If not okay, explain why and identify the problem. (FUEL - Check for leaks):
N A 

Corrective Action Taken::
N A 

AIR IN-TAKE (Check for leaks):
OKAY

If not okay, explain why and identify the problem. (AIR IN-TAKE :Check for leaks):
N A 

Corrective Action Taken::
N A 

AIR IN-TAKE (Check for air cleaner restriction):
OKAY

If not okay, explain why and identify the problem. (AIR IN-TAKE (Check for air cleaner restriction):
N A 

Corrective Action Taken::
N A 

EXHAUST- Check for leaks:
OKAY

If not okay, explain why and identify the problem. (EXHAUST- Check for leaks):
N A 

Corrective Action Taken::
N A 

ENGINE RELATED - Check for unusual vibration:
OKAY

If not okay, explain why and identify the problem. (ENGINE RELATED - Check for unusual vibration):
N A 

Corrective Action Taken::
N A 

MAIN GENERATOR - Check for air inlet and outlet from restrictions:
OKAY

If not okay, explain why and identify the problem. (MAIN GENERATOR - Check for air inlet and outlet from restrictions):
N A 

Corrective Action Taken::
N A 

MAIN GENERATOR - Check for windings and electrical connections:
OKAY

If not okay, explain why and identify the problem. (MAIN GENERATOR - Check for windings and electrical connections):
N A 

Corrective Action Taken::
N A 

SWITCH GEAR - Check power distribution wiring and connections:
OKAY

If not okay, explain why and identify the problem. (SWITCH GEAR - Check power distribution wiring and connections):
N A 

Corrective Action Taken::
N A 

Actual test run for 1hr with load.:
OKAY

Indicate the time start and end time of the actual test run conducted.:
607.8

Previous reading of running time::
607.8

Present reading of running time::
607.8

Indicate the three (3) line voltages (V) reading::
230v

Indicate the three (3) line amperes (A) reading::
28.0v

Indicate the hertz (Hz) reading::
60.2hz

Indicate the oil pressure reading (kPa)::
13602kva

Indicate the oil temperature (°F)::
76°C

Indicate running condition::
Normal

Notes and other concerns::
N A 

———————————————
This task was submitted through HATCHERY DIESEL GENERATOR WEEKLY MAINTENANCE CHECKLIST
https://form.asana.com/?k=jTp-bz9f-Np1TvF8ahkxpQ&d=1186399537984407",Hatchery Diesel Genset Weekly Maintenance Checklist,,,,Paul gaudia ,"Aug 19, 2023 at 1:50pm",2 (275kVA Camda Genset),,,
"1205305504985884",2023-08-19,,2023-08-19,Paul gaudia ,Untitled section,,,,,,"Name of Maintenance Technician:
Paul gaudia 

Email address:
paul_gaudia@gmail.com 

DATE::
Aug 19, 2023 at 1:50pm

DIESEL GENERATOR SET #:
1 (375kVA Cummins Genset)

LUBRICATION- Check for leaks:
OKAY

If not okay, explain why and identify the problem. (LUBRICATION- Check for leaks):
N A 

Corrective Action Taken::
N A 

LUBRICATION- Check for oil level:
OKAY

If not okay, explain why and identify the problem. (LUBRICATION- Check for oil level):
N A 

Corrective Action Taken::
N A 

COOLING SYSTEM -Check for leaks:
OKAY

If not okay, explain why and identify the problem. (COOLING SYSTEM -Check for leaks):
N A 

Corrective Action Taken:
N A 

COOLING SYSTEM -Check for radiator restriction:
OKAY

If not okay, explain why and identify the problem. (COOLING SYSTEM -Check for radiator restriction):
N A 

Corrective Action Taken::
N A 

COOLING SYSTEM -Check for hose and connections:
OKAY

If not okay, explain why and identify the problem. (COOLING SYSTEM -Check for hose and connections):
N A 

Corrective Action Taken:
N A 

COOLING SYSTEM -Coolant level:
OKAY

If not okay, explain why and identify the problem. (COOLING SYSTEM -Coolant level):
N A 

Corrective Action Taken::
N A 

COOLING SYSTEM - Belt condition and tension:
OKAY

If not okay, explain why and identify the problem. (COOLING SYSTEM - Belt condition and tension):
N A 

Corrective Action Taken::
N A 

FUEL - Check for leaks:
OKAY

If not okay, explain why and identify the problem. (FUEL - Check for leaks):
N A 

Corrective Action Taken::
N A 

AIR IN-TAKE (Check for leaks):
OKAY

If not okay, explain why and identify the problem. (AIR IN-TAKE :Check for leaks):
N A 

Corrective Action Taken::
N A 

AIR IN-TAKE (Check for air cleaner restriction):
OKAY

If not okay, explain why and identify the problem. (AIR IN-TAKE (Check for air cleaner restriction):
N A 

Corrective Action Taken::
N A 

EXHAUST- Check for leaks:
OKAY

If not okay, explain why and identify the problem. (EXHAUST- Check for leaks):
N A 

Corrective Action Taken::
N A 

ENGINE RELATED - Check for unusual vibration:
OKAY

If not okay, explain why and identify the problem. (ENGINE RELATED - Check for unusual vibration):
N A 

Corrective Action Taken::
N A 

MAIN GENERATOR - Check for air inlet and outlet from restrictions:
OKAY

If not okay, explain why and identify the problem. (MAIN GENERATOR - Check for air inlet and outlet from restrictions):
N A 

Corrective Action Taken::
N A 

MAIN GENERATOR - Check for windings and electrical connections:
OKAY

If not okay, explain why and identify the problem. (MAIN GENERATOR - Check for windings and electrical connections):
N A 

Corrective Action Taken::
N A 

SWITCH GEAR - Check power distribution wiring and connections:
OKAY

If not okay, explain why and identify the problem. (SWITCH GEAR - Check power distribution wiring and connections):
N A 

Corrective Action Taken::
N A 

Actual test run for 1hr with load.:
OKAY

Indicate the time start and end time of the actual test run conducted.:
501.05

Previous reading of running time::
501.05

Present reading of running time::
501.05

Indicate the three (3) line voltages (V) reading::
239v

Indicate the three (3) line amperes (A) reading::
28.10vdc

Indicate the hertz (Hz) reading::
59.99hz

Indicate the oil pressure reading (kPa)::
487.4kpa

Indicate the oil temperature (°F)::
69°C

Indicate running condition::
Normal

Notes and other concerns::
N A 

———————————————
This task was submitted through HATCHERY DIESEL GENERATOR WEEKLY MAINTENANCE CHECKLIST
https://form.asana.com/?k=jTp-bz9f-Np1TvF8ahkxpQ&d=1186399537984407",Hatchery Diesel Genset Weekly Maintenance Checklist,,,,Paul gaudia ,"Aug 19, 2023 at 1:50pm",1 (375kVA Cummins Genset),,,
"1205261516514419",2023-08-12,,2023-08-12,Paul gaudia ,Untitled section,,,,,,"Name of Maintenance Technician:
Paul gaudia 

Email address:
paul_gaudia@gmail.com 

DATE::
Aug 12, 2023 at 1:45pm

DIESEL GENERATOR SET #:
2 (275kVA Camda Genset)

LUBRICATION- Check for leaks:
OKAY

If not okay, explain why and identify the problem. (LUBRICATION- Check for leaks):
N A 

Corrective Action Taken::
N A 

LUBRICATION- Check for oil level:
OKAY

If not okay, explain why and identify the problem. (LUBRICATION- Check for oil level):
N A 

Corrective Action Taken::
N A 

COOLING SYSTEM -Check for leaks:
OKAY

If not okay, explain why and identify the problem. (COOLING SYSTEM -Check for leaks):
N A 

Corrective Action Taken:
N A 

COOLING SYSTEM -Check for radiator restriction:
OKAY

If not okay, explain why and identify the problem. (COOLING SYSTEM -Check for radiator restriction):
N A 

Corrective Action Taken::
N A 

COOLING SYSTEM -Check for hose and connections:
OKAY

If not okay, explain why and identify the problem. (COOLING SYSTEM -Check for hose and connections):
N A 

Corrective Action Taken:
N A 

COOLING SYSTEM -Coolant level:
OKAY

If not okay, explain why and identify the problem. (COOLING SYSTEM -Coolant level):
N A 

Corrective Action Taken::
N A 

COOLING SYSTEM - Belt condition and tension:
OKAY

If not okay, explain why and identify the problem. (COOLING SYSTEM - Belt condition and tension):
N A 

Corrective Action Taken::
N A 

FUEL - Check for leaks:
OKAY

If not okay, explain why and identify the problem. (FUEL - Check for leaks):
N A 

Corrective Action Taken::
N A 

AIR IN-TAKE (Check for leaks):
OKAY

If not okay, explain why and identify the problem. (AIR IN-TAKE :Check for leaks):
N A 

Corrective Action Taken::
N A 

AIR IN-TAKE (Check for air cleaner restriction):
OKAY

If not okay, explain why and identify the problem. (AIR IN-TAKE (Check for air cleaner restriction):
N A 

Corrective Action Taken::
N A 

EXHAUST- Check for leaks:
OKAY

If not okay, explain why and identify the problem. (EXHAUST- Check for leaks):
N A 

Corrective Action Taken::
N A 

ENGINE RELATED - Check for unusual vibration:
OKAY

If not okay, explain why and identify the problem. (ENGINE RELATED - Check for unusual vibration):
N A 

Corrective Action Taken::
N A 

MAIN GENERATOR - Check for air inlet and outlet from restrictions:
OKAY

If not okay, explain why and identify the problem. (MAIN GENERATOR - Check for air inlet and outlet from restrictions):
N A 

Corrective Action Taken::
N A 

MAIN GENERATOR - Check for windings and electrical connections:
OKAY

If not okay, explain why and identify the problem. (MAIN GENERATOR - Check for windings and electrical connections):
N A 

Corrective Action Taken::
N A 

SWITCH GEAR - Check power distribution wiring and connections:
OKAY

If not okay, explain why and identify the problem. (SWITCH GEAR - Check power distribution wiring and connections):
N A 

Corrective Action Taken::
N A 

Actual test run for 1hr with load.:
OKAY

Indicate the time start and end time of the actual test run conducted.:
607.7

Previous reading of running time::
607.7

Present reading of running time::
607.7

Indicate the three (3) line voltages (V) reading::
230v

Indicate the three (3) line amperes (A) reading::
53°C

Indicate the hertz (Hz) reading::
60.3hz

Indicate the oil pressure reading (kPa)::
13602kva

Indicate the oil temperature (°F)::
63°C

Indicate running condition::
Normal

Notes and other concerns::
N A 

———————————————
This task was submitted through HATCHERY DIESEL GENERATOR WEEKLY MAINTENANCE CHECKLIST
https://form.asana.com/?k=jTp-bz9f-Np1TvF8ahkxpQ&d=1186399537984407",Hatchery Diesel Genset Weekly Maintenance Checklist,,,,Paul gaudia ,"Aug 12, 2023 at 1:45pm",2 (275kVA Camda Genset),,,
"1205261048345582",2023-08-12,,2023-08-12,Paul gaudia ,Untitled section,,,,,,"Name of Maintenance Technician:
Paul gaudia 

Email address:
paul_gaudia@gmail.com 

DATE::
Aug 12, 2023 at 1:45pm

DIESEL GENERATOR SET #:
1 (375kVA Cummins Genset)

LUBRICATION- Check for leaks:
OKAY

If not okay, explain why and identify the problem. (LUBRICATION- Check for leaks):
N A 

Corrective Action Taken::
N A 

LUBRICATION- Check for oil level:
OKAY

If not okay, explain why and identify the problem. (LUBRICATION- Check for oil level):
N A 

Corrective Action Taken::
N A 

COOLING SYSTEM -Check for leaks:
OKAY

If not okay, explain why and identify the problem. (COOLING SYSTEM -Check for leaks):
N A 

Corrective Action Taken:
N A 

COOLING SYSTEM -Check for radiator restriction:
OKAY

If not okay, explain why and identify the problem. (COOLING SYSTEM -Check for radiator restriction):
N A 

Corrective Action Taken::
N A 

COOLING SYSTEM -Check for hose and connections:
OKAY

If not okay, explain why and identify the problem. (COOLING SYSTEM -Check for hose and connections):
N A 

Corrective Action Taken:
N A 

COOLING SYSTEM -Coolant level:
OKAY

If not okay, explain why and identify the problem. (COOLING SYSTEM -Coolant level):
N A 

Corrective Action Taken::
N A 

COOLING SYSTEM - Belt condition and tension:
OKAY

If not okay, explain why and identify the problem. (COOLING SYSTEM - Belt condition and tension):
N A 

Corrective Action Taken::
N A 

FUEL - Check for leaks:
OKAY

If not okay, explain why and identify the problem. (FUEL - Check for leaks):
N A 

Corrective Action Taken::
N A 

AIR IN-TAKE (Check for leaks):
OKAY

If not okay, explain why and identify the problem. (AIR IN-TAKE :Check for leaks):
N A 

Corrective Action Taken::
N A 

AIR IN-TAKE (Check for air cleaner restriction):
OKAY

If not okay, explain why and identify the problem. (AIR IN-TAKE (Check for air cleaner restriction):
N A 

Corrective Action Taken::
N A 

EXHAUST- Check for leaks:
OKAY

If not okay, explain why and identify the problem. (EXHAUST- Check for leaks):
N A 

Corrective Action Taken::
N A 

ENGINE RELATED - Check for unusual vibration:
OKAY

If not okay, explain why and identify the problem. (ENGINE RELATED - Check for unusual vibration):
N A 

Corrective Action Taken::
N A 

MAIN GENERATOR - Check for air inlet and outlet from restrictions:
OKAY

If not okay, explain why and identify the problem. (MAIN GENERATOR - Check for air inlet and outlet from restrictions):
N A 

Corrective Action Taken::
N A 

MAIN GENERATOR - Check for windings and electrical connections:
OKAY

If not okay, explain why and identify the problem. (MAIN GENERATOR - Check for windings and electrical connections):
N A 

Corrective Action Taken::
N A 

SWITCH GEAR - Check power distribution wiring and connections:
OKAY

If not okay, explain why and identify the problem. (SWITCH GEAR - Check power distribution wiring and connections):
N A 

Corrective Action Taken::
N A 

Actual test run for 1hr with load.:
OKAY

Indicate the time start and end time of the actual test run conducted.:
500.95

Previous reading of running time::
500.95

Present reading of running time::
500.95

Indicate the three (3) line voltages (V) reading::
239v

Indicate the three (3) line amperes (A) reading::
28.10vdc

Indicate the hertz (Hz) reading::
59.99hz

Indicate the oil pressure reading (kPa)::
375kpa

Indicate the oil temperature (°F)::
63°C

Indicate running condition::
Normal

Notes and other concerns::
N A 

———————————————
This task was submitted through HATCHERY DIESEL GENERATOR WEEKLY MAINTENANCE CHECKLIST
https://form.asana.com/?k=jTp-bz9f-Np1TvF8ahkxpQ&d=1186399537984407",Hatchery Diesel Genset Weekly Maintenance Checklist,,,,Paul gaudia ,"Aug 12, 2023 at 1:45pm",1 (375kVA Cummins Genset),,,
"1205215371457284",2023-08-05,,2023-08-05,Paul gaudia ,Untitled section,,,,,,"Name of Maintenance Technician:
Paul gaudia 

Email address:
paul_gaudia@gmail.com 

DATE::
Aug 5, 2023 at 9:45am

DIESEL GENERATOR SET #:
2 (275kVA Camda Genset)

LUBRICATION- Check for leaks:
OKAY

If not okay, explain why and identify the problem. (LUBRICATION- Check for leaks):
N A 

Corrective Action Taken::
N A 

LUBRICATION- Check for oil level:
OKAY

If not okay, explain why and identify the problem. (LUBRICATION- Check for oil level):
N A 

Corrective Action Taken::
N A 

COOLING SYSTEM -Check for leaks:
OKAY

If not okay, explain why and identify the problem. (COOLING SYSTEM -Check for leaks):
N A 

Corrective Action Taken:
N A 

COOLING SYSTEM -Check for radiator restriction:
OKAY

If not okay, explain why and identify the problem. (COOLING SYSTEM -Check for radiator restriction):
N A 

Corrective Action Taken::
N A 

COOLING SYSTEM -Check for hose and connections:
OKAY

If not okay, explain why and identify the problem. (COOLING SYSTEM -Check for hose and connections):
N A 

Corrective Action Taken:
N A 

COOLING SYSTEM -Coolant level:
OKAY

If not okay, explain why and identify the problem. (COOLING SYSTEM -Coolant level):
N A 

Corrective Action Taken::
N A 

COOLING SYSTEM - Belt condition and tension:
OKAY

If not okay, explain why and identify the problem. (COOLING SYSTEM - Belt condition and tension):
N A 

Corrective Action Taken::
N A 

FUEL - Check for leaks:
OKAY

If not okay, explain why and identify the problem. (FUEL - Check for leaks):
N A 

Corrective Action Taken::
N A 

AIR IN-TAKE (Check for leaks):
OKAY

If not okay, explain why and identify the problem. (AIR IN-TAKE :Check for leaks):
N A 

Corrective Action Taken::
N A 

AIR IN-TAKE (Check for air cleaner restriction):
OKAY

If not okay, explain why and identify the problem. (AIR IN-TAKE (Check for air cleaner restriction):
N A 

Corrective Action Taken::
N A 

EXHAUST- Check for leaks:
OKAY

If not okay, explain why and identify the problem. (EXHAUST- Check for leaks):
N A 

Corrective Action Taken::
N A 

ENGINE RELATED - Check for unusual vibration:
OKAY

If not okay, explain why and identify the problem. (ENGINE RELATED - Check for unusual vibration):
N A 

Corrective Action Taken::
N A 

MAIN GENERATOR - Check for air inlet and outlet from restrictions:
OKAY

If not okay, explain why and identify the problem. (MAIN GENERATOR - Check for air inlet and outlet from restrictions):
N A 

Corrective Action Taken::
N A 

MAIN GENERATOR - Check for windings and electrical connections:
OKAY

If not okay, explain why and identify the problem. (MAIN GENERATOR - Check for windings and electrical connections):
N A 

Corrective Action Taken::
N A 

SWITCH GEAR - Check power distribution wiring and connections:
OKAY

If not okay, explain why and identify the problem. (SWITCH GEAR - Check power distribution wiring and connections):
N A 

Corrective Action Taken::
N A 

Actual test run for 1hr with load.:
OKAY

Indicate the time start and end time of the actual test run conducted.:
606.5hrs

Previous reading of running time::
606.5hrs

Present reading of running time::
606.5hrs

Indicate the three (3) line voltages (V) reading::
230v

Indicate the three (3) line amperes (A) reading::
63°C

Indicate the hertz (Hz) reading::
60.3hz

Indicate the oil pressure reading (kPa)::
13602kva

Indicate the oil temperature (°F)::
68°C

Indicate running condition::
Normal

Notes and other concerns::
N A 

———————————————
This task was submitted through HATCHERY DIESEL GENERATOR WEEKLY MAINTENANCE CHECKLIST
https://form.asana.com/?k=jTp-bz9f-Np1TvF8ahkxpQ&d=1186399537984407",Hatchery Diesel Genset Weekly Maintenance Checklist,,,,Paul gaudia ,"Aug 5, 2023 at 9:45am",2 (275kVA Camda Genset),,,
"1205215204123805",2023-08-05,,2023-08-05,Paul gaudia ,Untitled section,,,,,,"Name of Maintenance Technician:
Paul gaudia 

Email address:
paul_gaudia@gmail.com 

DATE::
Aug 5, 2023 at 9:40am

DIESEL GENERATOR SET #:
1 (375kVA Cummins Genset)

LUBRICATION- Check for leaks:
OKAY

If not okay, explain why and identify the problem. (LUBRICATION- Check for leaks):
N A 

Corrective Action Taken::
N A 

LUBRICATION- Check for oil level:
OKAY

If not okay, explain why and identify the problem. (LUBRICATION- Check for oil level):
N A 

Corrective Action Taken::
N A 

COOLING SYSTEM -Check for leaks:
OKAY

If not okay, explain why and identify the problem. (COOLING SYSTEM -Check for leaks):
N A 

Corrective Action Taken:
N A 

COOLING SYSTEM -Check for radiator restriction:
OKAY

If not okay, explain why and identify the problem. (COOLING SYSTEM -Check for radiator restriction):
N A 

Corrective Action Taken::
N A 

COOLING SYSTEM -Check for hose and connections:
OKAY

If not okay, explain why and identify the problem. (COOLING SYSTEM -Check for hose and connections):
N A 

Corrective Action Taken:
N A 

COOLING SYSTEM -Coolant level:
OKAY

If not okay, explain why and identify the problem. (COOLING SYSTEM -Coolant level):
N A 

Corrective Action Taken::
N A 

COOLING SYSTEM - Belt condition and tension:
OKAY

If not okay, explain why and identify the problem. (COOLING SYSTEM - Belt condition and tension):
N A 

Corrective Action Taken::
N A 

FUEL - Check for leaks:
OKAY

If not okay, explain why and identify the problem. (FUEL - Check for leaks):
N A 

Corrective Action Taken::
N A 

AIR IN-TAKE (Check for leaks):
OKAY

If not okay, explain why and identify the problem. (AIR IN-TAKE :Check for leaks):
N A 

Corrective Action Taken::
N A 

AIR IN-TAKE (Check for air cleaner restriction):
OKAY

If not okay, explain why and identify the problem. (AIR IN-TAKE (Check for air cleaner restriction):
N A 

Corrective Action Taken::
N A 

EXHAUST- Check for leaks:
OKAY

If not okay, explain why and identify the problem. (EXHAUST- Check for leaks):
N A 

Corrective Action Taken::
N A 

ENGINE RELATED - Check for unusual vibration:
OKAY

If not okay, explain why and identify the problem. (ENGINE RELATED - Check for unusual vibration):
N A 

Corrective Action Taken::
N A 

MAIN GENERATOR - Check for air inlet and outlet from restrictions:
OKAY

If not okay, explain why and identify the problem. (MAIN GENERATOR - Check for air inlet and outlet from restrictions):
N A 

Corrective Action Taken::
N A 

MAIN GENERATOR - Check for windings and electrical connections:
OKAY

If not okay, explain why and identify the problem. (MAIN GENERATOR - Check for windings and electrical connections):
N A 

Corrective Action Taken::
N A 

SWITCH GEAR - Check power distribution wiring and connections:
OKAY

If not okay, explain why and identify the problem. (SWITCH GEAR - Check power distribution wiring and connections):
N A 

Corrective Action Taken::
N A 

Actual test run for 1hr with load.:
OKAY

Indicate the time start and end time of the actual test run conducted.:
500.85

Previous reading of running time::
500.85

Present reading of running time::
500.85

Indicate the three (3) line voltages (V) reading::
239v

Indicate the three (3) line amperes (A) reading::
28.10vdc

Indicate the hertz (Hz) reading::
60.2hz

Indicate the oil pressure reading (kPa)::
375kpa

Indicate the oil temperature (°F)::
63°C

Indicate running condition::
Normal

Notes and other concerns::
N A 

———————————————
This task was submitted through HATCHERY DIESEL GENERATOR WEEKLY MAINTENANCE CHECKLIST
https://form.asana.com/?k=jTp-bz9f-Np1TvF8ahkxpQ&d=1186399537984407",Hatchery Diesel Genset Weekly Maintenance Checklist,,,,Paul gaudia ,"Aug 5, 2023 at 9:40am",1 (375kVA Cummins Genset),,,
"1205164742843481",2023-07-29,,2023-07-29,Paul gaudia ,Untitled section,,,,,,"Name of Maintenance Technician:
Paul gaudia 

Email address:
paul_gaudia@gmail.com 

DATE::
Jul 29, 2023 at 1:45pm

DIESEL GENERATOR SET #:
2 (275kVA Camda Genset)

LUBRICATION- Check for leaks:
OKAY

If not okay, explain why and identify the problem. (LUBRICATION- Check for leaks):
N A 

Corrective Action Taken::
N A 

LUBRICATION- Check for oil level:
OKAY

If not okay, explain why and identify the problem. (LUBRICATION- Check for oil level):
N A 

Corrective Action Taken::
N A 

COOLING SYSTEM -Check for leaks:
OKAY

If not okay, explain why and identify the problem. (COOLING SYSTEM -Check for leaks):
N A 

Corrective Action Taken:
N A 

COOLING SYSTEM -Check for radiator restriction:
OKAY

If not okay, explain why and identify the problem. (COOLING SYSTEM -Check for radiator restriction):
N A 

Corrective Action Taken::
N A 

COOLING SYSTEM -Check for hose and connections:
OKAY

If not okay, explain why and identify the problem. (COOLING SYSTEM -Check for hose and connections):
N A 

Corrective Action Taken:
N A 

COOLING SYSTEM -Coolant level:
OKAY

If not okay, explain why and identify the problem. (COOLING SYSTEM -Coolant level):
N A 

Corrective Action Taken::
N A 

COOLING SYSTEM - Belt condition and tension:
OKAY

If not okay, explain why and identify the problem. (COOLING SYSTEM - Belt condition and tension):
N A 

Corrective Action Taken::
N A 

FUEL - Check for leaks:
OKAY

If not okay, explain why and identify the problem. (FUEL - Check for leaks):
N A 

Corrective Action Taken::
N A 

AIR IN-TAKE (Check for leaks):
OKAY

If not okay, explain why and identify the problem. (AIR IN-TAKE :Check for leaks):
N A 

Corrective Action Taken::
N A 

AIR IN-TAKE (Check for air cleaner restriction):
OKAY

If not okay, explain why and identify the problem. (AIR IN-TAKE (Check for air cleaner restriction):
N A 

Corrective Action Taken::
N A 

EXHAUST- Check for leaks:
OKAY

If not okay, explain why and identify the problem. (EXHAUST- Check for leaks):
N A 

Corrective Action Taken::
N A 

ENGINE RELATED - Check for unusual vibration:
OKAY

If not okay, explain why and identify the problem. (ENGINE RELATED - Check for unusual vibration):
N A 

Corrective Action Taken::
N A 

MAIN GENERATOR - Check for air inlet and outlet from restrictions:
OKAY

If not okay, explain why and identify the problem. (MAIN GENERATOR - Check for air inlet and outlet from restrictions):
N A 

Corrective Action Taken::
N A 

MAIN GENERATOR - Check for windings and electrical connections:
OKAY

If not okay, explain why and identify the problem. (MAIN GENERATOR - Check for windings and electrical connections):
N A 

Corrective Action Taken::
N A 

SWITCH GEAR - Check power distribution wiring and connections:
OKAY

If not okay, explain why and identify the problem. (SWITCH GEAR - Check power distribution wiring and connections):
N A 

Corrective Action Taken::
N A 

Actual test run for 1hr with load.:
OKAY

Indicate the time start and end time of the actual test run conducted.:
607.5

Previous reading of running time::
607.5

Present reading of running time::
607.5

Indicate the three (3) line voltages (V) reading::
230v

Indicate the three (3) line amperes (A) reading::
53°C

Indicate the hertz (Hz) reading::
60.2hz

Indicate the oil pressure reading (kPa)::
13602kva

Indicate the oil temperature (°F)::
63°C

Indicate running condition::
Normal

Notes and other concerns::
N A 

———————————————
This task was submitted through HATCHERY DIESEL GENERATOR WEEKLY MAINTENANCE CHECKLIST
https://form.asana.com/?k=jTp-bz9f-Np1TvF8ahkxpQ&d=1186399537984407",Hatchery Diesel Genset Weekly Maintenance Checklist,,,,Paul gaudia ,"Jul 29, 2023 at 1:45pm",2 (275kVA Camda Genset),,,
"1205164740192240",2023-07-29,,2023-07-29,Paul gaudia ,Untitled section,,,,,,"Name of Maintenance Technician:
Paul gaudia 

Email address:
paul_gaudia@gmail.com 

DATE::
Jul 29, 2023 at 1:45pm

DIESEL GENERATOR SET #:
1 (375kVA Cummins Genset)

LUBRICATION- Check for leaks:
OKAY

If not okay, explain why and identify the problem. (LUBRICATION- Check for leaks):
N A 

Corrective Action Taken::
N A 

LUBRICATION- Check for oil level:
OKAY

If not okay, explain why and identify the problem. (LUBRICATION- Check for oil level):
N A 

Corrective Action Taken::
N A 

COOLING SYSTEM -Check for leaks:
OKAY

If not okay, explain why and identify the problem. (COOLING SYSTEM -Check for leaks):
N A 

Corrective Action Taken:
N A 

COOLING SYSTEM -Check for radiator restriction:
OKAY

If not okay, explain why and identify the problem. (COOLING SYSTEM -Check for radiator restriction):
N A 

Corrective Action Taken::
N A 

COOLING SYSTEM -Check for hose and connections:
OKAY

If not okay, explain why and identify the problem. (COOLING SYSTEM -Check for hose and connections):
N A 

Corrective Action Taken:
N A 

COOLING SYSTEM -Coolant level:
OKAY

If not okay, explain why and identify the problem. (COOLING SYSTEM -Coolant level):
N A 

Corrective Action Taken::
N A 

COOLING SYSTEM - Belt condition and tension:
OKAY

If not okay, explain why and identify the problem. (COOLING SYSTEM - Belt condition and tension):
N A 

Corrective Action Taken::
N A 

FUEL - Check for leaks:
OKAY

If not okay, explain why and identify the problem. (FUEL - Check for leaks):
N A 

Corrective Action Taken::
N A 

AIR IN-TAKE (Check for leaks):
OKAY

If not okay, explain why and identify the problem. (AIR IN-TAKE :Check for leaks):
N A 

Corrective Action Taken::
N A 

AIR IN-TAKE (Check for air cleaner restriction):
OKAY

If not okay, explain why and identify the problem. (AIR IN-TAKE (Check for air cleaner restriction):
N A 

Corrective Action Taken::
N A 

EXHAUST- Check for leaks:
OKAY

If not okay, explain why and identify the problem. (EXHAUST- Check for leaks):
N A 

Corrective Action Taken::
N A 

ENGINE RELATED - Check for unusual vibration:
OKAY

If not okay, explain why and identify the problem. (ENGINE RELATED - Check for unusual vibration):
N A 

Corrective Action Taken::
N A 

MAIN GENERATOR - Check for air inlet and outlet from restrictions:
OKAY

If not okay, explain why and identify the problem. (MAIN GENERATOR - Check for air inlet and outlet from restrictions):
N A 

Corrective Action Taken::
N A 

MAIN GENERATOR - Check for windings and electrical connections:
OKAY

If not okay, explain why and identify the problem. (MAIN GENERATOR - Check for windings and electrical connections):
N A 

Corrective Action Taken::
N A 

SWITCH GEAR - Check power distribution wiring and connections:
OKAY

If not okay, explain why and identify the problem. (SWITCH GEAR - Check power distribution wiring and connections):
N A 

Corrective Action Taken::
N A 

Actual test run for 1hr with load.:
OKAY

Indicate the time start and end time of the actual test run conducted.:
507.5

Previous reading of running time::
507.5

Present reading of running time::
507.5

Indicate the three (3) line voltages (V) reading::
239v

Indicate the three (3) line amperes (A) reading::
60.0hz

Indicate the hertz (Hz) reading::
60.2hz

Indicate the oil pressure reading (kPa)::
375kpa

Indicate the oil temperature (°F)::
62.°C

Indicate running condition::
Normal

Notes and other concerns::
N A 

———————————————
This task was submitted through HATCHERY DIESEL GENERATOR WEEKLY MAINTENANCE CHECKLIST
https://form.asana.com/?k=jTp-bz9f-Np1TvF8ahkxpQ&d=1186399537984407",Hatchery Diesel Genset Weekly Maintenance Checklist,,,,Paul gaudia ,"Jul 29, 2023 at 1:45pm",1 (375kVA Cummins Genset),,,
"1205116010623257",2023-07-22,,2023-07-22,Paul gaudia ,Untitled section,,,,,,"Name of Maintenance Technician:
Paul gaudia 

Email address:
paul_gaudia@gmail.com 

DATE::
Jul 22, 2023 at 1:45pm

DIESEL GENERATOR SET #:
1 (375kVA Cummins Genset)

LUBRICATION- Check for leaks:
OKAY

If not okay, explain why and identify the problem. (LUBRICATION- Check for leaks):
N A 

Corrective Action Taken::
N A 

LUBRICATION- Check for oil level:
OKAY

If not okay, explain why and identify the problem. (LUBRICATION- Check for oil level):
N A 

Corrective Action Taken::
N A 

COOLING SYSTEM -Check for leaks:
OKAY

If not okay, explain why and identify the problem. (COOLING SYSTEM -Check for leaks):
N A 

Corrective Action Taken:
N A 

COOLING SYSTEM -Check for radiator restriction:
OKAY

If not okay, explain why and identify the problem. (COOLING SYSTEM -Check for radiator restriction):
N A 

Corrective Action Taken::
N A 

COOLING SYSTEM -Check for hose and connections:
OKAY

If not okay, explain why and identify the problem. (COOLING SYSTEM -Check for hose and connections):
N A 

Corrective Action Taken:
N A 

COOLING SYSTEM -Coolant level:
OKAY

If not okay, explain why and identify the problem. (COOLING SYSTEM -Coolant level):
N A 

Corrective Action Taken::
N A 

COOLING SYSTEM - Belt condition and tension:
OKAY

If not okay, explain why and identify the problem. (COOLING SYSTEM - Belt condition and tension):
N A 

Corrective Action Taken::
N A 

FUEL - Check for leaks:
OKAY

If not okay, explain why and identify the problem. (FUEL - Check for leaks):
N A 

Corrective Action Taken::
N A 

AIR IN-TAKE (Check for leaks):
OKAY

If not okay, explain why and identify the problem. (AIR IN-TAKE :Check for leaks):
N A 

Corrective Action Taken::
N A 

AIR IN-TAKE (Check for air cleaner restriction):
OKAY

If not okay, explain why and identify the problem. (AIR IN-TAKE (Check for air cleaner restriction):
N A 

Corrective Action Taken::
N A 

EXHAUST- Check for leaks:
OKAY

If not okay, explain why and identify the problem. (EXHAUST- Check for leaks):
N A 

Corrective Action Taken::
N A 

ENGINE RELATED - Check for unusual vibration:
OKAY

If not okay, explain why and identify the problem. (ENGINE RELATED - Check for unusual vibration):
N A 

Corrective Action Taken::
N A 

MAIN GENERATOR - Check for air inlet and outlet from restrictions:
OKAY

If not okay, explain why and identify the problem. (MAIN GENERATOR - Check for air inlet and outlet from restrictions):
N A 

Corrective Action Taken::
N A 

MAIN GENERATOR - Check for windings and electrical connections:
OKAY

If not okay, explain why and identify the problem. (MAIN GENERATOR - Check for windings and electrical connections):
N A 

Corrective Action Taken::
N A 

SWITCH GEAR - Check power distribution wiring and connections:
OKAY

If not okay, explain why and identify the problem. (SWITCH GEAR - Check power distribution wiring and connections):
N A 

Corrective Action Taken::
N A 

Actual test run for 1hr with load.:
OKAY

Indicate the time start and end time of the actual test run conducted.:
507.4hrs

Previous reading of running time::
507.4hrs

Present reading of running time::
507.4hrs

Indicate the three (3) line voltages (V) reading::
239v

Indicate the three (3) line amperes (A) reading::
28.10vdc

Indicate the hertz (Hz) reading::
60.3hz

Indicate the oil pressure reading (kPa)::
375kpa

Indicate the oil temperature (°F)::
63°C

Indicate running condition::
Normal

Notes and other concerns::
N A 

———————————————
This task was submitted through HATCHERY DIESEL GENERATOR WEEKLY MAINTENANCE CHECKLIST
https://form.asana.com/?k=jTp-bz9f-Np1TvF8ahkxpQ&d=1186399537984407",Hatchery Diesel Genset Weekly Maintenance Checklist,,,,Paul gaudia ,"Jul 22, 2023 at 1:45pm",1 (375kVA Cummins Genset),,,
"1205115893213230",2023-07-22,,2023-07-22,Paul gaudia ,Untitled section,,,,,,"Name of Maintenance Technician:
Paul gaudia 

Email address:
paul_gaudia@gmail.com 

DATE::
Jul 22, 2023 at 1:40pm

DIESEL GENERATOR SET #:
2 (275kVA Camda Genset)

LUBRICATION- Check for leaks:
OKAY

If not okay, explain why and identify the problem. (LUBRICATION- Check for leaks):
N A 

Corrective Action Taken::
N A 

LUBRICATION- Check for oil level:
OKAY

If not okay, explain why and identify the problem. (LUBRICATION- Check for oil level):
N A 

Corrective Action Taken::
N A 

COOLING SYSTEM -Check for leaks:
OKAY

If not okay, explain why and identify the problem. (COOLING SYSTEM -Check for leaks):
N A 

Corrective Action Taken:
N A 

COOLING SYSTEM -Check for radiator restriction:
OKAY

If not okay, explain why and identify the problem. (COOLING SYSTEM -Check for radiator restriction):
N A 

Corrective Action Taken::
N A 

COOLING SYSTEM -Check for hose and connections:
OKAY

If not okay, explain why and identify the problem. (COOLING SYSTEM -Check for hose and connections):
N A 

Corrective Action Taken:
N A 

COOLING SYSTEM -Coolant level:
OKAY

If not okay, explain why and identify the problem. (COOLING SYSTEM -Coolant level):
N A 

Corrective Action Taken::
N A 

COOLING SYSTEM - Belt condition and tension:
OKAY

If not okay, explain why and identify the problem. (COOLING SYSTEM - Belt condition and tension):
N A 

Corrective Action Taken::
N A 

FUEL - Check for leaks:
OKAY

If not okay, explain why and identify the problem. (FUEL - Check for leaks):
N A 

Corrective Action Taken::
N A 

AIR IN-TAKE (Check for leaks):
OKAY

If not okay, explain why and identify the problem. (AIR IN-TAKE :Check for leaks):
N A 

Corrective Action Taken::
N A 

AIR IN-TAKE (Check for air cleaner restriction):
OKAY

If not okay, explain why and identify the problem. (AIR IN-TAKE (Check for air cleaner restriction):
N A 

Corrective Action Taken::
N A 

EXHAUST- Check for leaks:
OKAY

If not okay, explain why and identify the problem. (EXHAUST- Check for leaks):
N A 

Corrective Action Taken::
N A 

ENGINE RELATED - Check for unusual vibration:
OKAY

If not okay, explain why and identify the problem. (ENGINE RELATED - Check for unusual vibration):
N A 

Corrective Action Taken::
N A 

MAIN GENERATOR - Check for air inlet and outlet from restrictions:
OKAY

If not okay, explain why and identify the problem. (MAIN GENERATOR - Check for air inlet and outlet from restrictions):
N A 

Corrective Action Taken::
N A 

MAIN GENERATOR - Check for windings and electrical connections:
OKAY

If not okay, explain why and identify the problem. (MAIN GENERATOR - Check for windings and electrical connections):
N A 

Corrective Action Taken::
N A 

SWITCH GEAR - Check power distribution wiring and connections:
OKAY

If not okay, explain why and identify the problem. (SWITCH GEAR - Check power distribution wiring and connections):
N A 

Corrective Action Taken::
N A 

Actual test run for 1hr with load.:
OKAY

Indicate the time start and end time of the actual test run conducted.:
607.5hrs

Previous reading of running time::
607.5hrs

Present reading of running time::
607.5hrs

Indicate the three (3) line voltages (V) reading::
230v

Indicate the three (3) line amperes (A) reading::
53°C

Indicate the hertz (Hz) reading::
60.2hz

Indicate the oil pressure reading (kPa)::
13602kva

Indicate the oil temperature (°F)::
58°C

Indicate running condition::
Normal

Notes and other concerns::
N A 

———————————————
This task was submitted through HATCHERY DIESEL GENERATOR WEEKLY MAINTENANCE CHECKLIST
https://form.asana.com/?k=jTp-bz9f-Np1TvF8ahkxpQ&d=1186399537984407",Hatchery Diesel Genset Weekly Maintenance Checklist,,,,Paul gaudia ,"Jul 22, 2023 at 1:40pm",2 (275kVA Camda Genset),,,
"1204991803858393",2023-07-08,,2023-07-08,Paul gaudia ,Untitled section,,,,,,"Name of Maintenance Technician:
Paul gaudia 

Email address:
paul_gaudia@gmail.com 

DATE::
Jul 8, 2023 at 1:45pm

DIESEL GENERATOR SET #:
2 (275kVA Camda Genset)

LUBRICATION- Check for leaks:
OKAY

If not okay, explain why and identify the problem. (LUBRICATION- Check for leaks):
N A 

Corrective Action Taken::
N A 

LUBRICATION- Check for oil level:
OKAY

If not okay, explain why and identify the problem. (LUBRICATION- Check for oil level):
N A 

Corrective Action Taken::
N A 

COOLING SYSTEM -Check for leaks:
OKAY

If not okay, explain why and identify the problem. (COOLING SYSTEM -Check for leaks):
N A 

Corrective Action Taken:
N A 

COOLING SYSTEM -Check for radiator restriction:
OKAY

If not okay, explain why and identify the problem. (COOLING SYSTEM -Check for radiator restriction):
N A 

Corrective Action Taken::
N A 

COOLING SYSTEM -Check for hose and connections:
OKAY

If not okay, explain why and identify the problem. (COOLING SYSTEM -Check for hose and connections):
N A 

Corrective Action Taken:
N A 

COOLING SYSTEM -Coolant level:
OKAY

If not okay, explain why and identify the problem. (COOLING SYSTEM -Coolant level):
N A 

Corrective Action Taken::
N A 

COOLING SYSTEM - Belt condition and tension:
OKAY

If not okay, explain why and identify the problem. (COOLING SYSTEM - Belt condition and tension):
N A 

Corrective Action Taken::
N A 

FUEL - Check for leaks:
OKAY

If not okay, explain why and identify the problem. (FUEL - Check for leaks):
N A 

Corrective Action Taken::
N A 

AIR IN-TAKE (Check for leaks):
OKAY

If not okay, explain why and identify the problem. (AIR IN-TAKE :Check for leaks):
N A 

Corrective Action Taken::
N A 

AIR IN-TAKE (Check for air cleaner restriction):
OKAY

If not okay, explain why and identify the problem. (AIR IN-TAKE (Check for air cleaner restriction):
N A 

Corrective Action Taken::
N A 

EXHAUST- Check for leaks:
OKAY

If not okay, explain why and identify the problem. (EXHAUST- Check for leaks):
N A 

Corrective Action Taken::
N A 

ENGINE RELATED - Check for unusual vibration:
OKAY

If not okay, explain why and identify the problem. (ENGINE RELATED - Check for unusual vibration):
N A 

Corrective Action Taken::
N A 

MAIN GENERATOR - Check for air inlet and outlet from restrictions:
OKAY

If not okay, explain why and identify the problem. (MAIN GENERATOR - Check for air inlet and outlet from restrictions):
N A 

Corrective Action Taken::
N A 

MAIN GENERATOR - Check for windings and electrical connections:
OKAY

If not okay, explain why and identify the problem. (MAIN GENERATOR - Check for windings and electrical connections):
N A 

Corrective Action Taken::
N A 

SWITCH GEAR - Check power distribution wiring and connections:
OKAY

If not okay, explain why and identify the problem. (SWITCH GEAR - Check power distribution wiring and connections):
N A 

Corrective Action Taken::
N A 

Actual test run for 1hr with load.:
OKAY

Indicate the time start and end time of the actual test run conducted.:
607.2

Previous reading of running time::
607.2

Present reading of running time::
607.2

Indicate the three (3) line voltages (V) reading::
230v

Indicate the three (3) line amperes (A) reading::
60hz

Indicate the hertz (Hz) reading::
60hz

Indicate the oil pressure reading (kPa)::
13602kva

Indicate the oil temperature (°F)::
54°C

Indicate running condition::
Normal

Notes and other concerns::
N A 

———————————————
This task was submitted through HATCHERY DIESEL GENERATOR WEEKLY MAINTENANCE CHECKLIST
https://form.asana.com/?k=jTp-bz9f-Np1TvF8ahkxpQ&d=1186399537984407",Hatchery Diesel Genset Weekly Maintenance Checklist,,,,Paul gaudia ,"Jul 8, 2023 at 1:45pm",2 (275kVA Camda Genset),,,
"1204991841650286",2023-07-08,,2023-07-08,Paul gaudia ,Untitled section,,,,,,"Name of Maintenance Technician:
Paul gaudia 

Email address:
paul_gaudia@gmail.com 

DATE::
Jul 8, 2023 at 1:45pm

DIESEL GENERATOR SET #:
1 (375kVA Cummins Genset)

LUBRICATION- Check for leaks:
OKAY

If not okay, explain why and identify the problem. (LUBRICATION- Check for leaks):
N A 

Corrective Action Taken::
N A 

LUBRICATION- Check for oil level:
OKAY

If not okay, explain why and identify the problem. (LUBRICATION- Check for oil level):
N A 

Corrective Action Taken::
N A 

COOLING SYSTEM -Check for leaks:
OKAY

If not okay, explain why and identify the problem. (COOLING SYSTEM -Check for leaks):
N A 

Corrective Action Taken:
N A 

COOLING SYSTEM -Check for radiator restriction:
OKAY

If not okay, explain why and identify the problem. (COOLING SYSTEM -Check for radiator restriction):
N A 

Corrective Action Taken::
N A 

COOLING SYSTEM -Check for hose and connections:
OKAY

If not okay, explain why and identify the problem. (COOLING SYSTEM -Check for hose and connections):
N A 

Corrective Action Taken:
N A 

COOLING SYSTEM -Coolant level:
OKAY

If not okay, explain why and identify the problem. (COOLING SYSTEM -Coolant level):
N A 

Corrective Action Taken::
N A 

COOLING SYSTEM - Belt condition and tension:
OKAY

If not okay, explain why and identify the problem. (COOLING SYSTEM - Belt condition and tension):
N A 

Corrective Action Taken::
N A 

FUEL - Check for leaks:
OKAY

If not okay, explain why and identify the problem. (FUEL - Check for leaks):
N A 

Corrective Action Taken::
N A 

AIR IN-TAKE (Check for leaks):
OKAY

If not okay, explain why and identify the problem. (AIR IN-TAKE :Check for leaks):
N A 

Corrective Action Taken::
N A 

AIR IN-TAKE (Check for air cleaner restriction):
OKAY

If not okay, explain why and identify the problem. (AIR IN-TAKE (Check for air cleaner restriction):
N A 

Corrective Action Taken::
N A 

EXHAUST- Check for leaks:
OKAY

If not okay, explain why and identify the problem. (EXHAUST- Check for leaks):
N A 

Corrective Action Taken::
N A 

ENGINE RELATED - Check for unusual vibration:
OKAY

If not okay, explain why and identify the problem. (ENGINE RELATED - Check for unusual vibration):
N A 

Corrective Action Taken::
N A 

MAIN GENERATOR - Check for air inlet and outlet from restrictions:
OKAY

If not okay, explain why and identify the problem. (MAIN GENERATOR - Check for air inlet and outlet from restrictions):
N A 

Corrective Action Taken::
N A 

MAIN GENERATOR - Check for windings and electrical connections:
OKAY

If not okay, explain why and identify the problem. (MAIN GENERATOR - Check for windings and electrical connections):
N A 

Corrective Action Taken::
N A 

SWITCH GEAR - Check power distribution wiring and connections:
OKAY

If not okay, explain why and identify the problem. (SWITCH GEAR - Check power distribution wiring and connections):
N A 

Corrective Action Taken::
N A 

Actual test run for 1hr with load.:
OKAY

Indicate the time start and end time of the actual test run conducted.:
500.30

Previous reading of running time::
500.30

Present reading of running time::
500.30

Indicate the three (3) line voltages (V) reading::
239v

Indicate the three (3) line amperes (A) reading::
28.10vdc

Indicate the hertz (Hz) reading::
59.99hz

Indicate the oil pressure reading (kPa)::
531.5

Indicate the oil temperature (°F)::
53°C

Indicate running condition::
Normal

Notes and other concerns::
N A 

———————————————
This task was submitted through HATCHERY DIESEL GENERATOR WEEKLY MAINTENANCE CHECKLIST
https://form.asana.com/?k=jTp-bz9f-Np1TvF8ahkxpQ&d=1186399537984407",Hatchery Diesel Genset Weekly Maintenance Checklist,,,,Paul gaudia ,"Jul 8, 2023 at 1:45pm",1 (375kVA Cummins Genset),,,
"1204895706344432",2023-06-24,,2023-06-24,Paul gaudia ,Untitled section,,,,,,"Name of Maintenance Technician:
Paul gaudia 

Email address:
paul_gaudia@gmail.com 

DATE::
Jun 24, 2023 at 1:45pm

DIESEL GENERATOR SET #:
1 (375kVA Cummins Genset)

LUBRICATION- Check for leaks:
OKAY

If not okay, explain why and identify the problem. (LUBRICATION- Check for leaks):
N A 

Corrective Action Taken::
N A 

LUBRICATION- Check for oil level:
OKAY

If not okay, explain why and identify the problem. (LUBRICATION- Check for oil level):
N A 

Corrective Action Taken::
N A 

COOLING SYSTEM -Check for leaks:
OKAY

If not okay, explain why and identify the problem. (COOLING SYSTEM -Check for leaks):
N A 

Corrective Action Taken:
N A 

COOLING SYSTEM -Check for radiator restriction:
OKAY

If not okay, explain why and identify the problem. (COOLING SYSTEM -Check for radiator restriction):
N A 

Corrective Action Taken::
N A 

COOLING SYSTEM -Check for hose and connections:
OKAY

If not okay, explain why and identify the problem. (COOLING SYSTEM -Check for hose and connections):
N A 

Corrective Action Taken:
N A 

COOLING SYSTEM -Coolant level:
OKAY

If not okay, explain why and identify the problem. (COOLING SYSTEM -Coolant level):
N A 

Corrective Action Taken::
N A 

COOLING SYSTEM - Belt condition and tension:
OKAY

If not okay, explain why and identify the problem. (COOLING SYSTEM - Belt condition and tension):
N A 

Corrective Action Taken::
N A 

FUEL - Check for leaks:
OKAY

If not okay, explain why and identify the problem. (FUEL - Check for leaks):
N A 

Corrective Action Taken::
N A 

AIR IN-TAKE (Check for leaks):
OKAY

If not okay, explain why and identify the problem. (AIR IN-TAKE :Check for leaks):
N A 

Corrective Action Taken::
N A 

AIR IN-TAKE (Check for air cleaner restriction):
OKAY

If not okay, explain why and identify the problem. (AIR IN-TAKE (Check for air cleaner restriction):
N A 

Corrective Action Taken::
N A 

EXHAUST- Check for leaks:
OKAY

If not okay, explain why and identify the problem. (EXHAUST- Check for leaks):
N A 

Corrective Action Taken::
N A 

ENGINE RELATED - Check for unusual vibration:
OKAY

If not okay, explain why and identify the problem. (ENGINE RELATED - Check for unusual vibration):
N A 

Corrective Action Taken::
N A 

MAIN GENERATOR - Check for air inlet and outlet from restrictions:
OKAY

If not okay, explain why and identify the problem. (MAIN GENERATOR - Check for air inlet and outlet from restrictions):
N A 

Corrective Action Taken::
N A 

MAIN GENERATOR - Check for windings and electrical connections:
OKAY

If not okay, explain why and identify the problem. (MAIN GENERATOR - Check for windings and electrical connections):
N A 

Corrective Action Taken::
N A 

SWITCH GEAR - Check power distribution wiring and connections:
OKAY

If not okay, explain why and identify the problem. (SWITCH GEAR - Check power distribution wiring and connections):
N A 

Corrective Action Taken::
N A 

Actual test run for 1hr with load.:
OKAY

Indicate the time start and end time of the actual test run conducted.:
500.05

Previous reading of running time::
500.05

Present reading of running time::
500.05

Indicate the three (3) line voltages (V) reading::
239v

Indicate the three (3) line amperes (A) reading::
28.10vdc

Indicate the hertz (Hz) reading::
59.99hz

Indicate the oil pressure reading (kPa)::
515.7

Indicate the oil temperature (°F)::
58°C

Indicate running condition::
Normal

Notes and other concerns::
N A 

———————————————
This task was submitted through HATCHERY DIESEL GENERATOR WEEKLY MAINTENANCE CHECKLIST
https://form.asana.com/?k=jTp-bz9f-Np1TvF8ahkxpQ&d=1186399537984407",Hatchery Diesel Genset Weekly Maintenance Checklist,,,,Paul gaudia ,"Jun 24, 2023 at 1:45pm",1 (375kVA Cummins Genset),,,
"1204895377789233",2023-06-24,,2023-06-24,Paul gaudia ,Untitled section,,,,,,"Name of Maintenance Technician:
Paul gaudia 

Email address:
paul_gaudia@gmail.com 

DATE::
Jun 24, 2023 at 1:45pm

DIESEL GENERATOR SET #:
2 (275kVA Camda Genset)

LUBRICATION- Check for leaks:
OKAY

If not okay, explain why and identify the problem. (LUBRICATION- Check for leaks):
N A 

Corrective Action Taken::
N A 

LUBRICATION- Check for oil level:
OKAY

If not okay, explain why and identify the problem. (LUBRICATION- Check for oil level):
N A 

Corrective Action Taken::
N A 

COOLING SYSTEM -Check for leaks:
OKAY

If not okay, explain why and identify the problem. (COOLING SYSTEM -Check for leaks):
N A 

Corrective Action Taken:
N A 

COOLING SYSTEM -Check for radiator restriction:
OKAY

If not okay, explain why and identify the problem. (COOLING SYSTEM -Check for radiator restriction):
N A 

Corrective Action Taken::
N A 

COOLING SYSTEM -Check for hose and connections:
OKAY

If not okay, explain why and identify the problem. (COOLING SYSTEM -Check for hose and connections):
N A 

Corrective Action Taken:
N A 

COOLING SYSTEM -Coolant level:
OKAY

If not okay, explain why and identify the problem. (COOLING SYSTEM -Coolant level):
N A 

Corrective Action Taken::
N A 

COOLING SYSTEM - Belt condition and tension:
OKAY

If not okay, explain why and identify the problem. (COOLING SYSTEM - Belt condition and tension):
N A 

Corrective Action Taken::
N A 

FUEL - Check for leaks:
OKAY

If not okay, explain why and identify the problem. (FUEL - Check for leaks):
N A 

Corrective Action Taken::
N A 

AIR IN-TAKE (Check for leaks):
OKAY

If not okay, explain why and identify the problem. (AIR IN-TAKE :Check for leaks):
N A 

Corrective Action Taken::
N A 

AIR IN-TAKE (Check for air cleaner restriction):
OKAY

If not okay, explain why and identify the problem. (AIR IN-TAKE (Check for air cleaner restriction):
N A 

Corrective Action Taken::
N A 

EXHAUST- Check for leaks:
OKAY

If not okay, explain why and identify the problem. (EXHAUST- Check for leaks):
N A 

Corrective Action Taken::
N A 

ENGINE RELATED - Check for unusual vibration:
OKAY

If not okay, explain why and identify the problem. (ENGINE RELATED - Check for unusual vibration):
N A 

Corrective Action Taken::
N A 

MAIN GENERATOR - Check for air inlet and outlet from restrictions:
OKAY

If not okay, explain why and identify the problem. (MAIN GENERATOR - Check for air inlet and outlet from restrictions):
N A 

Corrective Action Taken::
N A 

MAIN GENERATOR - Check for windings and electrical connections:
OKAY

If not okay, explain why and identify the problem. (MAIN GENERATOR - Check for windings and electrical connections):
N A 

Corrective Action Taken::
N A 

SWITCH GEAR - Check power distribution wiring and connections:
OKAY

If not okay, explain why and identify the problem. (SWITCH GEAR - Check power distribution wiring and connections):
N A 

Corrective Action Taken::
N A 

Actual test run for 1hr with load.:
OKAY

Indicate the time start and end time of the actual test run conducted.:
607.2

Previous reading of running time::
607.2

Present reading of running time::
607.2

Indicate the three (3) line voltages (V) reading::
230v

Indicate the three (3) line amperes (A) reading::
72°C

Indicate the hertz (Hz) reading::
60.3hz

Indicate the oil pressure reading (kPa)::
13602kva

Indicate the oil temperature (°F)::
60.3hz

Indicate running condition::
Normal

Notes and other concerns::
N A 

———————————————
This task was submitted through HATCHERY DIESEL GENERATOR WEEKLY MAINTENANCE CHECKLIST
https://form.asana.com/?k=jTp-bz9f-Np1TvF8ahkxpQ&d=1186399537984407",Hatchery Diesel Genset Weekly Maintenance Checklist,,,,Paul gaudia ,"Jun 24, 2023 at 1:45pm",2 (275kVA Camda Genset),,,
"1204813489596548",2023-06-13,,2023-06-13,Paul gaudia ,Untitled section,,,,,,"Name of Maintenance Technician:
Paul gaudia 

Email address:
paul_gaudia@gmail.com 

DATE::
Jun 13, 2023 at 1:40pm

DIESEL GENERATOR SET #:
1 (375kVA Cummins Genset)

LUBRICATION- Check for leaks:
OKAY

If not okay, explain why and identify the problem. (LUBRICATION- Check for leaks):
N A 

Corrective Action Taken::
N A 

LUBRICATION- Check for oil level:
OKAY

If not okay, explain why and identify the problem. (LUBRICATION- Check for oil level):
N A 

Corrective Action Taken::
N A 

COOLING SYSTEM -Check for leaks:
OKAY

If not okay, explain why and identify the problem. (COOLING SYSTEM -Check for leaks):
N A 

Corrective Action Taken:
N A 

COOLING SYSTEM -Check for radiator restriction:
OKAY

If not okay, explain why and identify the problem. (COOLING SYSTEM -Check for radiator restriction):
N A 

Corrective Action Taken::
N A 

COOLING SYSTEM -Check for hose and connections:
OKAY

If not okay, explain why and identify the problem. (COOLING SYSTEM -Check for hose and connections):
N A 

Corrective Action Taken:
N A 

COOLING SYSTEM -Coolant level:
OKAY

If not okay, explain why and identify the problem. (COOLING SYSTEM -Coolant level):
N A 

Corrective Action Taken::
N A 

COOLING SYSTEM - Belt condition and tension:
OKAY

If not okay, explain why and identify the problem. (COOLING SYSTEM - Belt condition and tension):
N A 

Corrective Action Taken::
N A 

FUEL - Check for leaks:
OKAY

If not okay, explain why and identify the problem. (FUEL - Check for leaks):
N A 

Corrective Action Taken::
N A 

AIR IN-TAKE (Check for leaks):
OKAY

If not okay, explain why and identify the problem. (AIR IN-TAKE :Check for leaks):
N A 

Corrective Action Taken::
N A 

AIR IN-TAKE (Check for air cleaner restriction):
OKAY

If not okay, explain why and identify the problem. (AIR IN-TAKE (Check for air cleaner restriction):
N A 

Corrective Action Taken::
N A 

EXHAUST- Check for leaks:
OKAY

If not okay, explain why and identify the problem. (EXHAUST- Check for leaks):
N A 

Corrective Action Taken::
N A 

ENGINE RELATED - Check for unusual vibration:
OKAY

If not okay, explain why and identify the problem. (ENGINE RELATED - Check for unusual vibration):
N A 

Corrective Action Taken::
N A 

MAIN GENERATOR - Check for air inlet and outlet from restrictions:
OKAY

If not okay, explain why and identify the problem. (MAIN GENERATOR - Check for air inlet and outlet from restrictions):
N A 

Corrective Action Taken::
N A 

MAIN GENERATOR - Check for windings and electrical connections:
OKAY

If not okay, explain why and identify the problem. (MAIN GENERATOR - Check for windings and electrical connections):
N A 

Corrective Action Taken::
N A 

SWITCH GEAR - Check power distribution wiring and connections:
OKAY

If not okay, explain why and identify the problem. (SWITCH GEAR - Check power distribution wiring and connections):
N A 

Corrective Action Taken::
N A 

Actual test run for 1hr with load.:
OKAY

Indicate the time start and end time of the actual test run conducted.:
496.75

Previous reading of running time::
496.75

Present reading of running time::
496.75

Indicate the three (3) line voltages (V) reading::
239v

Indicate the three (3) line amperes (A) reading::
62°C

Indicate the hertz (Hz) reading::
60.2hz

Indicate the oil pressure reading (kPa)::
375kpa

Indicate the oil temperature (°F)::
62°C

Indicate running condition::
Normal

Notes and other concerns::
N A 

———————————————
This task was submitted through HATCHERY DIESEL GENERATOR WEEKLY MAINTENANCE CHECKLIST
https://form.asana.com/?k=jTp-bz9f-Np1TvF8ahkxpQ&d=1186399537984407",Hatchery Diesel Genset Weekly Maintenance Checklist,,,,Paul gaudia ,"Jun 13, 2023 at 1:40pm",1 (375kVA Cummins Genset),,,
"1204813309376714",2023-06-13,,2023-06-13,Paul gaudia ,Untitled section,,,,,,"Name of Maintenance Technician:
Paul gaudia 

Email address:
paul_gaudia@gmail.com 

DATE::
Jun 13, 2023 at 1:50pm

DIESEL GENERATOR SET #:
2 (275kVA Camda Genset)

LUBRICATION- Check for leaks:
OKAY

If not okay, explain why and identify the problem. (LUBRICATION- Check for leaks):
N A 

Corrective Action Taken::
N A 

LUBRICATION- Check for oil level:
OKAY

If not okay, explain why and identify the problem. (LUBRICATION- Check for oil level):
N A 

Corrective Action Taken::
N A 

COOLING SYSTEM -Check for leaks:
OKAY

If not okay, explain why and identify the problem. (COOLING SYSTEM -Check for leaks):
N A 

Corrective Action Taken:
N A 

COOLING SYSTEM -Check for radiator restriction:
OKAY

If not okay, explain why and identify the problem. (COOLING SYSTEM -Check for radiator restriction):
N A 

Corrective Action Taken::
N A 

COOLING SYSTEM -Check for hose and connections:
OKAY

If not okay, explain why and identify the problem. (COOLING SYSTEM -Check for hose and connections):
N A 

Corrective Action Taken:
N A 

COOLING SYSTEM -Coolant level:
OKAY

If not okay, explain why and identify the problem. (COOLING SYSTEM -Coolant level):
N A 

Corrective Action Taken::
N A 

COOLING SYSTEM - Belt condition and tension:
OKAY

If not okay, explain why and identify the problem. (COOLING SYSTEM - Belt condition and tension):
N A 

Corrective Action Taken::
N A 

FUEL - Check for leaks:
OKAY

If not okay, explain why and identify the problem. (FUEL - Check for leaks):
N A 

Corrective Action Taken::
N A 

AIR IN-TAKE (Check for leaks):
OKAY

If not okay, explain why and identify the problem. (AIR IN-TAKE :Check for leaks):
N A 

Corrective Action Taken::
N A 

AIR IN-TAKE (Check for air cleaner restriction):
OKAY

If not okay, explain why and identify the problem. (AIR IN-TAKE (Check for air cleaner restriction):
N A 

Corrective Action Taken::
N A 

EXHAUST- Check for leaks:
OKAY

If not okay, explain why and identify the problem. (EXHAUST- Check for leaks):
N A 

Corrective Action Taken::
N A 

ENGINE RELATED - Check for unusual vibration:
OKAY

If not okay, explain why and identify the problem. (ENGINE RELATED - Check for unusual vibration):
N A 

Corrective Action Taken::
N A 

MAIN GENERATOR - Check for air inlet and outlet from restrictions:
OKAY

If not okay, explain why and identify the problem. (MAIN GENERATOR - Check for air inlet and outlet from restrictions):
N A 

Corrective Action Taken::
N A 

MAIN GENERATOR - Check for windings and electrical connections:
OKAY

If not okay, explain why and identify the problem. (MAIN GENERATOR - Check for windings and electrical connections):
N A 

Corrective Action Taken::
N A 

SWITCH GEAR - Check power distribution wiring and connections:
OKAY

If not okay, explain why and identify the problem. (SWITCH GEAR - Check power distribution wiring and connections):
N A 

Corrective Action Taken::
N A 

Actual test run for 1hr with load.:
OKAY

Indicate the time start and end time of the actual test run conducted.:
607.0

Previous reading of running time::
607.0

Present reading of running time::
607.0

Indicate the three (3) line voltages (V) reading::
230v

Indicate the three (3) line amperes (A) reading::
53°C

Indicate the hertz (Hz) reading::
60.2hz

Indicate the oil pressure reading (kPa)::
13602kva

Indicate the oil temperature (°F)::
53°C

Indicate running condition::
Normal

Notes and other concerns::
N A 

———————————————
This task was submitted through HATCHERY DIESEL GENERATOR WEEKLY MAINTENANCE CHECKLIST
https://form.asana.com/?k=jTp-bz9f-Np1TvF8ahkxpQ&d=1186399537984407",Hatchery Diesel Genset Weekly Maintenance Checklist,,,,Paul gaudia ,"Jun 13, 2023 at 1:50pm",2 (275kVA Camda Genset),,,
"1204798552554368",2023-06-10,,2023-06-10,Paul gaudia ,Untitled section,,,,,,"Name of Maintenance Technician:
Paul gaudia 

Email address:
paul_gaudia@gmail.com 

DATE::
Jun 10, 2023 at 2:47pm

DIESEL GENERATOR SET #:
2 (275kVA Camda Genset)

LUBRICATION- Check for leaks:
OKAY

If not okay, explain why and identify the problem. (LUBRICATION- Check for leaks):
N A 

Corrective Action Taken::
N A 

LUBRICATION- Check for oil level:
OKAY

If not okay, explain why and identify the problem. (LUBRICATION- Check for oil level):
N A 

Corrective Action Taken::
N A 

COOLING SYSTEM -Check for leaks:
OKAY

If not okay, explain why and identify the problem. (COOLING SYSTEM -Check for leaks):
N A 

Corrective Action Taken:
N A 

COOLING SYSTEM -Check for radiator restriction:
OKAY

If not okay, explain why and identify the problem. (COOLING SYSTEM -Check for radiator restriction):
N A 

Corrective Action Taken::
N A 

COOLING SYSTEM -Check for hose and connections:
OKAY

If not okay, explain why and identify the problem. (COOLING SYSTEM -Check for hose and connections):
N A 

Corrective Action Taken:
N A 

COOLING SYSTEM -Coolant level:
OKAY

If not okay, explain why and identify the problem. (COOLING SYSTEM -Coolant level):
N A 

Corrective Action Taken::
N A 

COOLING SYSTEM - Belt condition and tension:
OKAY

If not okay, explain why and identify the problem. (COOLING SYSTEM - Belt condition and tension):
N A 

Corrective Action Taken::
N A 

FUEL - Check for leaks:
OKAY

If not okay, explain why and identify the problem. (FUEL - Check for leaks):
N A 

Corrective Action Taken::
N A 

AIR IN-TAKE (Check for leaks):
OKAY

If not okay, explain why and identify the problem. (AIR IN-TAKE :Check for leaks):
N A 

Corrective Action Taken::
N A 

AIR IN-TAKE (Check for air cleaner restriction):
OKAY

If not okay, explain why and identify the problem. (AIR IN-TAKE (Check for air cleaner restriction):
N A 

Corrective Action Taken::
N A 

EXHAUST- Check for leaks:
OKAY

If not okay, explain why and identify the problem. (EXHAUST- Check for leaks):
N A 

Corrective Action Taken::
N A 

ENGINE RELATED - Check for unusual vibration:
OKAY

If not okay, explain why and identify the problem. (ENGINE RELATED - Check for unusual vibration):
N A 

Corrective Action Taken::
N A 

MAIN GENERATOR - Check for air inlet and outlet from restrictions:
OKAY

If not okay, explain why and identify the problem. (MAIN GENERATOR - Check for air inlet and outlet from restrictions):
N A 

Corrective Action Taken::
N A 

MAIN GENERATOR - Check for windings and electrical connections:
OKAY

If not okay, explain why and identify the problem. (MAIN GENERATOR - Check for windings and electrical connections):
N A 

Corrective Action Taken::
N A 

SWITCH GEAR - Check power distribution wiring and connections:
OKAY

If not okay, explain why and identify the problem. (SWITCH GEAR - Check power distribution wiring and connections):
N A 

Corrective Action Taken::
N A 

Actual test run for 1hr with load.:
OKAY

Indicate the time start and end time of the actual test run conducted.:
607.0

Previous reading of running time::
607.0

Present reading of running time::
607.0

Indicate the three (3) line voltages (V) reading::
230v

Indicate the three (3) line amperes (A) reading::
76°C

Indicate the hertz (Hz) reading::
60.2hz

Indicate the oil pressure reading (kPa)::
13602kva

Indicate the oil temperature (°F)::
76°C

Indicate running condition::
Normal

Notes and other concerns::
N A 

———————————————
This task was submitted through HATCHERY DIESEL GENERATOR WEEKLY MAINTENANCE CHECKLIST
https://form.asana.com/?k=jTp-bz9f-Np1TvF8ahkxpQ&d=1186399537984407",Hatchery Diesel Genset Weekly Maintenance Checklist,,,,Paul gaudia ,"Jun 10, 2023 at 2:47pm",2 (275kVA Camda Genset),,,
"1204689576699385",2023-05-27,,2023-05-27,Paul gaudia ,Untitled section,,,,,,"Name of Maintenance Technician:
Paul gaudia 

Email address:
paul_gaudia@gmail.com 

DATE::
May 27, 2023 at 1:45pm

DIESEL GENERATOR SET #:
2 (275kVA Camda Genset)

LUBRICATION- Check for leaks:
OKAY

If not okay, explain why and identify the problem. (LUBRICATION- Check for leaks):
N A 

Corrective Action Taken::
N A 

LUBRICATION- Check for oil level:
OKAY

If not okay, explain why and identify the problem. (LUBRICATION- Check for oil level):
N A 

Corrective Action Taken::
N A 

COOLING SYSTEM -Check for leaks:
OKAY

If not okay, explain why and identify the problem. (COOLING SYSTEM -Check for leaks):
N A 

Corrective Action Taken:
N A 

COOLING SYSTEM -Check for radiator restriction:
OKAY

If not okay, explain why and identify the problem. (COOLING SYSTEM -Check for radiator restriction):
N A 

Corrective Action Taken::
N A 

COOLING SYSTEM -Check for hose and connections:
OKAY

If not okay, explain why and identify the problem. (COOLING SYSTEM -Check for hose and connections):
N A 

Corrective Action Taken:
N A 

COOLING SYSTEM -Coolant level:
OKAY

If not okay, explain why and identify the problem. (COOLING SYSTEM -Coolant level):
N A 

Corrective Action Taken::
N A 

COOLING SYSTEM - Belt condition and tension:
OKAY

If not okay, explain why and identify the problem. (COOLING SYSTEM - Belt condition and tension):
N A 

Corrective Action Taken::
N A 

FUEL - Check for leaks:
OKAY

If not okay, explain why and identify the problem. (FUEL - Check for leaks):
N A 

Corrective Action Taken::
N A 

AIR IN-TAKE (Check for leaks):
OKAY

If not okay, explain why and identify the problem. (AIR IN-TAKE :Check for leaks):
N A 

Corrective Action Taken::
N A 

AIR IN-TAKE (Check for air cleaner restriction):
OKAY

If not okay, explain why and identify the problem. (AIR IN-TAKE (Check for air cleaner restriction):
N A 

Corrective Action Taken::
N A 

EXHAUST- Check for leaks:
OKAY

If not okay, explain why and identify the problem. (EXHAUST- Check for leaks):
N A 

Corrective Action Taken::
N A 

ENGINE RELATED - Check for unusual vibration:
OKAY

If not okay, explain why and identify the problem. (ENGINE RELATED - Check for unusual vibration):
N A 

Corrective Action Taken::
N A 

MAIN GENERATOR - Check for air inlet and outlet from restrictions:
OKAY

If not okay, explain why and identify the problem. (MAIN GENERATOR - Check for air inlet and outlet from restrictions):
N A 

Corrective Action Taken::
N A 

MAIN GENERATOR - Check for windings and electrical connections:
OKAY

If not okay, explain why and identify the problem. (MAIN GENERATOR - Check for windings and electrical connections):
N A 

Corrective Action Taken::
N A 

SWITCH GEAR - Check power distribution wiring and connections:
OKAY

If not okay, explain why and identify the problem. (SWITCH GEAR - Check power distribution wiring and connections):
N A 

Corrective Action Taken::
N A 

Actual test run for 1hr with load.:
OKAY

Indicate the time start and end time of the actual test run conducted.:
606.7hrs

Previous reading of running time::
606.7hrs

Present reading of running time::
606.7hrs

Indicate the three (3) line voltages (V) reading::
230v

Indicate the three (3) line amperes (A) reading::
66°C

Indicate the hertz (Hz) reading::
66hz

Indicate the oil pressure reading (kPa)::
13602kva

Indicate the oil temperature (°F)::
66°C

Indicate running condition::
Normal

Notes and other concerns::
N A 

———————————————
This task was submitted through HATCHERY DIESEL GENERATOR WEEKLY MAINTENANCE CHECKLIST
https://form.asana.com/?k=jTp-bz9f-Np1TvF8ahkxpQ&d=1186399537984407",Hatchery Diesel Genset Weekly Maintenance Checklist,,,,Paul gaudia ,"May 27, 2023 at 1:45pm",2 (275kVA Camda Genset),,,
"1204689632780697",2023-05-27,,2023-05-27,Paul gaudia ,Untitled section,,,,,,"Name of Maintenance Technician:
Paul gaudia 

Email address:
paul_gaudia@gmail.com 

DATE::
May 27, 2023 at 1:45pm

DIESEL GENERATOR SET #:
1 (375kVA Cummins Genset)

LUBRICATION- Check for leaks:
OKAY

If not okay, explain why and identify the problem. (LUBRICATION- Check for leaks):
N A 

Corrective Action Taken::
N A 

LUBRICATION- Check for oil level:
OKAY

If not okay, explain why and identify the problem. (LUBRICATION- Check for oil level):
N A 

Corrective Action Taken::
N A 

COOLING SYSTEM -Check for leaks:
OKAY

If not okay, explain why and identify the problem. (COOLING SYSTEM -Check for leaks):
N A 

Corrective Action Taken:
N A 

COOLING SYSTEM -Check for radiator restriction:
OKAY

If not okay, explain why and identify the problem. (COOLING SYSTEM -Check for radiator restriction):
N A 

Corrective Action Taken::
N A 

COOLING SYSTEM -Check for hose and connections:
OKAY

If not okay, explain why and identify the problem. (COOLING SYSTEM -Check for hose and connections):
N A 

Corrective Action Taken:
N A 

COOLING SYSTEM -Coolant level:
OKAY

If not okay, explain why and identify the problem. (COOLING SYSTEM -Coolant level):
N A 

Corrective Action Taken::
N A 

COOLING SYSTEM - Belt condition and tension:
OKAY

If not okay, explain why and identify the problem. (COOLING SYSTEM - Belt condition and tension):
N A 

Corrective Action Taken::
N A 

FUEL - Check for leaks:
OKAY

If not okay, explain why and identify the problem. (FUEL - Check for leaks):
N A 

Corrective Action Taken::
N A 

AIR IN-TAKE (Check for leaks):
OKAY

If not okay, explain why and identify the problem. (AIR IN-TAKE :Check for leaks):
N A 

Corrective Action Taken::
N A 

AIR IN-TAKE (Check for air cleaner restriction):
OKAY

If not okay, explain why and identify the problem. (AIR IN-TAKE (Check for air cleaner restriction):
N A 

Corrective Action Taken::
N A 

EXHAUST- Check for leaks:
OKAY

If not okay, explain why and identify the problem. (EXHAUST- Check for leaks):
N A 

Corrective Action Taken::
N A 

ENGINE RELATED - Check for unusual vibration:
OKAY

If not okay, explain why and identify the problem. (ENGINE RELATED - Check for unusual vibration):
N A 

Corrective Action Taken::
N A 

MAIN GENERATOR - Check for air inlet and outlet from restrictions:
OKAY

If not okay, explain why and identify the problem. (MAIN GENERATOR - Check for air inlet and outlet from restrictions):
N A 

Corrective Action Taken::
N A 

MAIN GENERATOR - Check for windings and electrical connections:
OKAY

If not okay, explain why and identify the problem. (MAIN GENERATOR - Check for windings and electrical connections):
N A 

Corrective Action Taken::
N A 

SWITCH GEAR - Check power distribution wiring and connections:
OKAY

If not okay, explain why and identify the problem. (SWITCH GEAR - Check power distribution wiring and connections):
N A 

Corrective Action Taken::
N A 

Actual test run for 1hr with load.:
OKAY

Indicate the time start and end time of the actual test run conducted.:
496.05hrs

Previous reading of running time::
496.05

Present reading of running time::
496.05

Indicate the three (3) line voltages (V) reading::
239v

Indicate the three (3) line amperes (A) reading::
28.10vdc

Indicate the hertz (Hz) reading::
59.99hz

Indicate the oil pressure reading (kPa)::
375kpa

Indicate the oil temperature (°F)::
69°C

Indicate running condition::
Normal

Notes and other concerns::
N A 

———————————————
This task was submitted through HATCHERY DIESEL GENERATOR WEEKLY MAINTENANCE CHECKLIST
https://form.asana.com/?k=jTp-bz9f-Np1TvF8ahkxpQ&d=1186399537984407",Hatchery Diesel Genset Weekly Maintenance Checklist,,,,Paul gaudia ,"May 27, 2023 at 1:45pm",1 (375kVA Cummins Genset),,,
"1204640815927276",2023-05-20,2023-05-27,2023-05-27,Paul gaudia ,Untitled section,,,,,,"Name of Maintenance Technician:
Paul gaudia 

Email address:
paul_gaudia@gmail.com 

DATE::
May 20, 2023 at 8:30am

DIESEL GENERATOR SET #:
2 (275kVA Camda Genset)

LUBRICATION- Check for leaks:
OKAY

If not okay, explain why and identify the problem. (LUBRICATION- Check for leaks):
N A 

Corrective Action Taken::
N A 

LUBRICATION- Check for oil level:
OKAY

If not okay, explain why and identify the problem. (LUBRICATION- Check for oil level):
N A 

Corrective Action Taken::
N A 

COOLING SYSTEM -Check for leaks:
OKAY

If not okay, explain why and identify the problem. (COOLING SYSTEM -Check for leaks):
N A 

Corrective Action Taken:
N A 

COOLING SYSTEM -Check for radiator restriction:
OKAY

If not okay, explain why and identify the problem. (COOLING SYSTEM -Check for radiator restriction):
N A 

Corrective Action Taken::
N A 

COOLING SYSTEM -Check for hose and connections:
OKAY

If not okay, explain why and identify the problem. (COOLING SYSTEM -Check for hose and connections):
N A 

Corrective Action Taken:
N A 

COOLING SYSTEM -Coolant level:
OKAY

If not okay, explain why and identify the problem. (COOLING SYSTEM -Coolant level):
N A 

Corrective Action Taken::
N A 

COOLING SYSTEM - Belt condition and tension:
OKAY

If not okay, explain why and identify the problem. (COOLING SYSTEM - Belt condition and tension):
N A 

Corrective Action Taken::
N A 

FUEL - Check for leaks:
OKAY

If not okay, explain why and identify the problem. (FUEL - Check for leaks):
N A 

Corrective Action Taken::
N A 

AIR IN-TAKE (Check for leaks):
OKAY

If not okay, explain why and identify the problem. (AIR IN-TAKE :Check for leaks):
N A 

Corrective Action Taken::
N A 

AIR IN-TAKE (Check for air cleaner restriction):
OKAY

If not okay, explain why and identify the problem. (AIR IN-TAKE (Check for air cleaner restriction):
N A 

Corrective Action Taken::
N A 

EXHAUST- Check for leaks:
OKAY

If not okay, explain why and identify the problem. (EXHAUST- Check for leaks):
N A 

Corrective Action Taken::
N A 

ENGINE RELATED - Check for unusual vibration:
OKAY

If not okay, explain why and identify the problem. (ENGINE RELATED - Check for unusual vibration):
N A 

Corrective Action Taken::
N A 

MAIN GENERATOR - Check for air inlet and outlet from restrictions:
OKAY

If not okay, explain why and identify the problem. (MAIN GENERATOR - Check for air inlet and outlet from restrictions):
N A 

Corrective Action Taken::
N A 

MAIN GENERATOR - Check for windings and electrical connections:
OKAY

If not okay, explain why and identify the problem. (MAIN GENERATOR - Check for windings and electrical connections):
N A 

Corrective Action Taken::
N A 

SWITCH GEAR - Check power distribution wiring and connections:
OKAY

If not okay, explain why and identify the problem. (SWITCH GEAR - Check power distribution wiring and connections):
N A 

Corrective Action Taken::
N A 

Actual test run for 1hr with load.:
OKAY

Indicate the time start and end time of the actual test run conducted.:
606.5hrs

Previous reading of running time::
606.5hrs

Present reading of running time::
606.5hrs

Indicate the three (3) line voltages (V) reading::
230v

Indicate the three (3) line amperes (A) reading::
53°C

Indicate the hertz (Hz) reading::
60.3hz

Indicate the oil pressure reading (kPa)::
13602kva

Indicate the oil temperature (°F)::
53°C

Indicate running condition::
Normal

Notes and other concerns::
N A 

———————————————
This task was submitted through HATCHERY DIESEL GENERATOR WEEKLY MAINTENANCE CHECKLIST
https://form.asana.com/?k=jTp-bz9f-Np1TvF8ahkxpQ&d=1186399537984407",Hatchery Diesel Genset Weekly Maintenance Checklist,,,,Paul gaudia ,"May 20, 2023 at 8:30am",2 (275kVA Camda Genset),,,
"1204640316634598",2023-05-20,2023-05-27,2023-05-27,Paul gaudia ,Untitled section,,,,,,"Name of Maintenance Technician:
Paul gaudia 

Email address:
paul_gaudia@gmail.com 

DATE::
May 20, 2023 at 8:30am

DIESEL GENERATOR SET #:
1 (375kVA Cummins Genset)

LUBRICATION- Check for leaks:
OKAY

If not okay, explain why and identify the problem. (LUBRICATION- Check for leaks):
N A 

Corrective Action Taken::
N A 

LUBRICATION- Check for oil level:
OKAY

If not okay, explain why and identify the problem. (LUBRICATION- Check for oil level):
N A 

Corrective Action Taken::
N A 

COOLING SYSTEM -Check for leaks:
OKAY

If not okay, explain why and identify the problem. (COOLING SYSTEM -Check for leaks):
N A 

Corrective Action Taken:
N A 

COOLING SYSTEM -Check for radiator restriction:
OKAY

If not okay, explain why and identify the problem. (COOLING SYSTEM -Check for radiator restriction):
N A 

Corrective Action Taken::
N A 

COOLING SYSTEM -Check for hose and connections:
OKAY

If not okay, explain why and identify the problem. (COOLING SYSTEM -Check for hose and connections):
N A 

Corrective Action Taken:
N A 

COOLING SYSTEM -Coolant level:
OKAY

If not okay, explain why and identify the problem. (COOLING SYSTEM -Coolant level):
N A 

Corrective Action Taken::
N A 

COOLING SYSTEM - Belt condition and tension:
OKAY

If not okay, explain why and identify the problem. (COOLING SYSTEM - Belt condition and tension):
N A 

Corrective Action Taken::
N A 

FUEL - Check for leaks:
OKAY

If not okay, explain why and identify the problem. (FUEL - Check for leaks):
N A 

Corrective Action Taken::
N A 

AIR IN-TAKE (Check for leaks):
OKAY

If not okay, explain why and identify the problem. (AIR IN-TAKE :Check for leaks):
N A 

Corrective Action Taken::
N A 

AIR IN-TAKE (Check for air cleaner restriction):
OKAY

If not okay, explain why and identify the problem. (AIR IN-TAKE (Check for air cleaner restriction):
N A 

Corrective Action Taken::
N A 

EXHAUST- Check for leaks:
OKAY

If not okay, explain why and identify the problem. (EXHAUST- Check for leaks):
N A 

Corrective Action Taken::
N A 

ENGINE RELATED - Check for unusual vibration:
OKAY

If not okay, explain why and identify the problem. (ENGINE RELATED - Check for unusual vibration):
N A 

Corrective Action Taken::
N A 

MAIN GENERATOR - Check for air inlet and outlet from restrictions:
OKAY

If not okay, explain why and identify the problem. (MAIN GENERATOR - Check for air inlet and outlet from restrictions):
N A 

Corrective Action Taken::
N A 

MAIN GENERATOR - Check for windings and electrical connections:
OKAY

If not okay, explain why and identify the problem. (MAIN GENERATOR - Check for windings and electrical connections):
N A 

Corrective Action Taken::
N A 

SWITCH GEAR - Check power distribution wiring and connections:
OKAY

If not okay, explain why and identify the problem. (SWITCH GEAR - Check power distribution wiring and connections):
N A 

Corrective Action Taken::
N A 

Actual test run for 1hr with load.:
OKAY

Indicate the time start and end time of the actual test run conducted.:
494.45hrs

Previous reading of running time::
494.45hrs

Present reading of running time::
494.45

Indicate the three (3) line voltages (V) reading::
239v

Indicate the three (3) line amperes (A) reading::
28.10vdc

Indicate the hertz (Hz) reading::
59.99hz

Indicate the oil pressure reading (kPa)::
535.7kpa

Indicate the oil temperature (°F)::
53°C

Indicate running condition::
Normal

Notes and other concerns::
N A 

———————————————
This task was submitted through HATCHERY DIESEL GENERATOR WEEKLY MAINTENANCE CHECKLIST
https://form.asana.com/?k=jTp-bz9f-Np1TvF8ahkxpQ&d=1186399537984407",Hatchery Diesel Genset Weekly Maintenance Checklist,,,,Paul gaudia ,"May 20, 2023 at 8:30am",1 (375kVA Cummins Genset),,,
"1204594107905400",2023-05-13,2023-05-27,2023-05-27,Paul gaudia ,Untitled section,,,,,,"Name of Maintenance Technician:
Paul gaudia 

Email address:
paul_gaudia@gmail.com 

DATE::
May 13, 2023 at 2:05pm

DIESEL GENERATOR SET #:
2 (275kVA Camda Genset)

LUBRICATION- Check for leaks:
OKAY

If not okay, explain why and identify the problem. (LUBRICATION- Check for leaks):
N A 

Corrective Action Taken::
N A 

LUBRICATION- Check for oil level:
OKAY

If not okay, explain why and identify the problem. (LUBRICATION- Check for oil level):
N A 

Corrective Action Taken::
N A 

COOLING SYSTEM -Check for leaks:
OKAY

If not okay, explain why and identify the problem. (COOLING SYSTEM -Check for leaks):
N A 

Corrective Action Taken:
N A 

COOLING SYSTEM -Check for radiator restriction:
OKAY

If not okay, explain why and identify the problem. (COOLING SYSTEM -Check for radiator restriction):
N A 

Corrective Action Taken::
N A 

COOLING SYSTEM -Check for hose and connections:
OKAY

If not okay, explain why and identify the problem. (COOLING SYSTEM -Check for hose and connections):
N A 

Corrective Action Taken:
N A 

COOLING SYSTEM -Coolant level:
OKAY

If not okay, explain why and identify the problem. (COOLING SYSTEM -Coolant level):
N A 

Corrective Action Taken::
N A 

COOLING SYSTEM - Belt condition and tension:
OKAY

If not okay, explain why and identify the problem. (COOLING SYSTEM - Belt condition and tension):
N A 

Corrective Action Taken::
N A 

FUEL - Check for leaks:
OKAY

If not okay, explain why and identify the problem. (FUEL - Check for leaks):
N A 

Corrective Action Taken::
N A 

AIR IN-TAKE (Check for leaks):
OKAY

If not okay, explain why and identify the problem. (AIR IN-TAKE :Check for leaks):
N A 

Corrective Action Taken::
N A 

AIR IN-TAKE (Check for air cleaner restriction):
OKAY

If not okay, explain why and identify the problem. (AIR IN-TAKE (Check for air cleaner restriction):
N A 

Corrective Action Taken::
N A 

EXHAUST- Check for leaks:
OKAY

If not okay, explain why and identify the problem. (EXHAUST- Check for leaks):
N A 

Corrective Action Taken::
N A 

ENGINE RELATED - Check for unusual vibration:
OKAY

If not okay, explain why and identify the problem. (ENGINE RELATED - Check for unusual vibration):
N A 

Corrective Action Taken::
N A 

MAIN GENERATOR - Check for air inlet and outlet from restrictions:
OKAY

If not okay, explain why and identify the problem. (MAIN GENERATOR - Check for air inlet and outlet from restrictions):
N A 

Corrective Action Taken::
N A 

MAIN GENERATOR - Check for windings and electrical connections:
OKAY

If not okay, explain why and identify the problem. (MAIN GENERATOR - Check for windings and electrical connections):
N A 

Corrective Action Taken::
N A 

SWITCH GEAR - Check power distribution wiring and connections:
OKAY

If not okay, explain why and identify the problem. (SWITCH GEAR - Check power distribution wiring and connections):
N A 

Corrective Action Taken::
N A 

Actual test run for 1hr with load.:
OKAY

Indicate the time start and end time of the actual test run conducted.:
606.5hrs

Previous reading of running time::
606.5hrs

Present reading of running time::
606.5hrs

Indicate the three (3) line voltages (V) reading::
230v

Indicate the three (3) line amperes (A) reading::
63°C

Indicate the hertz (Hz) reading::
60.3hz

Indicate the oil pressure reading (kPa)::
13602kva

Indicate the oil temperature (°F)::
63°C

Indicate running condition::
Normal

Notes and other concerns::
N A 

———————————————
This task was submitted through HATCHERY DIESEL GENERATOR WEEKLY MAINTENANCE CHECKLIST
https://form.asana.com/?k=jTp-bz9f-Np1TvF8ahkxpQ&d=1186399537984407",Hatchery Diesel Genset Weekly Maintenance Checklist,,,,Paul gaudia ,"May 13, 2023 at 2:05pm",2 (275kVA Camda Genset),,,
"1204594102218183",2023-05-13,2023-05-27,2023-05-27,Paul gaudia ,Untitled section,,,,,,"Name of Maintenance Technician:
Paul gaudia 

Email address:
paul_gaudia@gmail.com 

DATE::
May 13, 2023 – May 13, 2023 at 2:00pm

DIESEL GENERATOR SET #:
1 (375kVA Cummins Genset)

LUBRICATION- Check for leaks:
OKAY

If not okay, explain why and identify the problem. (LUBRICATION- Check for leaks):
N A 

Corrective Action Taken::
N A 

LUBRICATION- Check for oil level:
OKAY

If not okay, explain why and identify the problem. (LUBRICATION- Check for oil level):
N A 

Corrective Action Taken::
N A 

COOLING SYSTEM -Check for leaks:
OKAY

If not okay, explain why and identify the problem. (COOLING SYSTEM -Check for leaks):
N A 

Corrective Action Taken:
N A 

COOLING SYSTEM -Check for radiator restriction:
OKAY

If not okay, explain why and identify the problem. (COOLING SYSTEM -Check for radiator restriction):
N A 

Corrective Action Taken::
N A 

COOLING SYSTEM -Check for hose and connections:
OKAY

If not okay, explain why and identify the problem. (COOLING SYSTEM -Check for hose and connections):
N A 

Corrective Action Taken:
N A 

COOLING SYSTEM -Coolant level:
OKAY

If not okay, explain why and identify the problem. (COOLING SYSTEM -Coolant level):
N A 

Corrective Action Taken::
N A 

COOLING SYSTEM - Belt condition and tension:
OKAY

If not okay, explain why and identify the problem. (COOLING SYSTEM - Belt condition and tension):
N A 

Corrective Action Taken::
N A 

FUEL - Check for leaks:
OKAY

If not okay, explain why and identify the problem. (FUEL - Check for leaks):
N A 

Corrective Action Taken::
N A 

AIR IN-TAKE (Check for leaks):
OKAY

If not okay, explain why and identify the problem. (AIR IN-TAKE :Check for leaks):
N A 

Corrective Action Taken::
N A 

AIR IN-TAKE (Check for air cleaner restriction):
OKAY

If not okay, explain why and identify the problem. (AIR IN-TAKE (Check for air cleaner restriction):
N A 

Corrective Action Taken::
N A 

EXHAUST- Check for leaks:
OKAY

If not okay, explain why and identify the problem. (EXHAUST- Check for leaks):
N A 

Corrective Action Taken::
N A 

ENGINE RELATED - Check for unusual vibration:
OKAY

If not okay, explain why and identify the problem. (ENGINE RELATED - Check for unusual vibration):
N A 

Corrective Action Taken::
N A 

MAIN GENERATOR - Check for air inlet and outlet from restrictions:
OKAY

If not okay, explain why and identify the problem. (MAIN GENERATOR - Check for air inlet and outlet from restrictions):
N A 

Corrective Action Taken::
N A 

MAIN GENERATOR - Check for windings and electrical connections:
OKAY

If not okay, explain why and identify the problem. (MAIN GENERATOR - Check for windings and electrical connections):
N A 

Corrective Action Taken::
N A 

SWITCH GEAR - Check power distribution wiring and connections:
OKAY

If not okay, explain why and identify the problem. (SWITCH GEAR - Check power distribution wiring and connections):
N A 

Corrective Action Taken::
N A 

Actual test run for 1hr with load.:
OKAY

Indicate the time start and end time of the actual test run conducted.:
493.30hrs

Previous reading of running time::
493.30hrs

Present reading of running time::
493.30hrs

Indicate the three (3) line voltages (V) reading::
239v

Indicate the three (3) line amperes (A) reading::
28.18vdc

Indicate the hertz (Hz) reading::
59.98hz

Indicate the oil pressure reading (kPa)::
375kpa

Indicate the oil temperature (°F)::
58°C

Indicate running condition::
Normal

Notes and other concerns::
N A 

———————————————
This task was submitted through HATCHERY DIESEL GENERATOR WEEKLY MAINTENANCE CHECKLIST
https://form.asana.com/?k=jTp-bz9f-Np1TvF8ahkxpQ&d=1186399537984407",Hatchery Diesel Genset Weekly Maintenance Checklist,,,,Paul gaudia ,"May 13, 2023 – May 13, 2023 at 2:00pm",1 (375kVA Cummins Genset),,,
"1204543827540969",2023-05-06,2023-05-27,2023-05-27,Paul Gaudia,Untitled section,,,,,,"Name of Maintenance Technician:
Paul Gaudia

Email address:
paulgaudia@gmail.com

DATE::
May 6, 2023 at 1:50pm

DIESEL GENERATOR SET #:
2 (275kVA Camda Genset)

LUBRICATION- Check for leaks:
OKAY

If not okay, explain why and identify the problem. (LUBRICATION- Check for leaks):
N A 

Corrective Action Taken::
N A 

LUBRICATION- Check for oil level:
OKAY

If not okay, explain why and identify the problem. (LUBRICATION- Check for oil level):
N A 

Corrective Action Taken::
N A 

COOLING SYSTEM -Check for leaks:
OKAY

If not okay, explain why and identify the problem. (COOLING SYSTEM -Check for leaks):
N A 

Corrective Action Taken:
N A 

COOLING SYSTEM -Check for radiator restriction:
OKAY

If not okay, explain why and identify the problem. (COOLING SYSTEM -Check for radiator restriction):
N A 

Corrective Action Taken::
N A 

COOLING SYSTEM -Check for hose and connections:
OKAY

If not okay, explain why and identify the problem. (COOLING SYSTEM -Check for hose and connections):
N A 

Corrective Action Taken:
N A 

COOLING SYSTEM -Coolant level:
OKAY

If not okay, explain why and identify the problem. (COOLING SYSTEM -Coolant level):
N A 

Corrective Action Taken::
N A 

COOLING SYSTEM - Belt condition and tension:
OKAY

If not okay, explain why and identify the problem. (COOLING SYSTEM - Belt condition and tension):
N A 

Corrective Action Taken::
N A 

FUEL - Check for leaks:
OKAY

If not okay, explain why and identify the problem. (FUEL - Check for leaks):
N A 

Corrective Action Taken::
N A 

AIR IN-TAKE (Check for leaks):
OKAY

If not okay, explain why and identify the problem. (AIR IN-TAKE :Check for leaks):
N A 

Corrective Action Taken::
N A 

AIR IN-TAKE (Check for air cleaner restriction):
OKAY

If not okay, explain why and identify the problem. (AIR IN-TAKE (Check for air cleaner restriction):
N A 

Corrective Action Taken::
N A 

EXHAUST- Check for leaks:
OKAY

If not okay, explain why and identify the problem. (EXHAUST- Check for leaks):
N A 

Corrective Action Taken::
N A 

ENGINE RELATED - Check for unusual vibration:
OKAY

If not okay, explain why and identify the problem. (ENGINE RELATED - Check for unusual vibration):
N A 

Corrective Action Taken::
N A 

MAIN GENERATOR - Check for air inlet and outlet from restrictions:
OKAY

If not okay, explain why and identify the problem. (MAIN GENERATOR - Check for air inlet and outlet from restrictions):
N A 

Corrective Action Taken::
N A 

MAIN GENERATOR - Check for windings and electrical connections:
OKAY

If not okay, explain why and identify the problem. (MAIN GENERATOR - Check for windings and electrical connections):
N A 

Corrective Action Taken::
N A 

SWITCH GEAR - Check power distribution wiring and connections:
OKAY

If not okay, explain why and identify the problem. (SWITCH GEAR - Check power distribution wiring and connections):
N A 

Corrective Action Taken::
N A 

Actual test run for 1hr with load.:
OKAY

Indicate the time start and end time of the actual test run conducted.:
606.4hrs

Previous reading of running time::
606.4hrs

Present reading of running time::
606.4hrs

Indicate the three (3) line voltages (V) reading::
230v

Indicate the three (3) line amperes (A) reading::
60.3hz

Indicate the hertz (Hz) reading::
60.3hz

Indicate the oil pressure reading (kPa)::
275kpa

Indicate the oil temperature (°F)::
60°C

Indicate running condition::
Normal

Notes and other concerns::
N A 

———————————————
This task was submitted through HATCHERY DIESEL GENERATOR WEEKLY MAINTENANCE CHECKLIST
https://form.asana.com/?k=jTp-bz9f-Np1TvF8ahkxpQ&d=1186399537984407",Hatchery Diesel Genset Weekly Maintenance Checklist,,,,Paul Gaudia,"May 6, 2023 at 1:50pm",2 (275kVA Camda Genset),,,
"1204543875976233",2023-05-06,2023-05-27,2023-05-27,Paul Gaudia,Untitled section,,,,,,"Name of Maintenance Technician:
Paul Gaudia

Email address:
paulgaudia@gmail.com

DATE::
May 6, 2023 at 1:50pm

DIESEL GENERATOR SET #:
1 (375kVA Cummins Genset)

LUBRICATION- Check for leaks:
OKAY

If not okay, explain why and identify the problem. (LUBRICATION- Check for leaks):
N A 

Corrective Action Taken::
N A 

LUBRICATION- Check for oil level:
OKAY

If not okay, explain why and identify the problem. (LUBRICATION- Check for oil level):
N A 

Corrective Action Taken::
N A 

COOLING SYSTEM -Check for leaks:
OKAY

If not okay, explain why and identify the problem. (COOLING SYSTEM -Check for leaks):
N A 

Corrective Action Taken:
N A 

COOLING SYSTEM -Check for radiator restriction:
OKAY

If not okay, explain why and identify the problem. (COOLING SYSTEM -Check for radiator restriction):
N A 

Corrective Action Taken::
N A 

COOLING SYSTEM -Check for hose and connections:
OKAY

If not okay, explain why and identify the problem. (COOLING SYSTEM -Check for hose and connections):
N A 

Corrective Action Taken:
N A 

COOLING SYSTEM -Coolant level:
OKAY

If not okay, explain why and identify the problem. (COOLING SYSTEM -Coolant level):
N A 

Corrective Action Taken::
N A 

COOLING SYSTEM - Belt condition and tension:
OKAY

If not okay, explain why and identify the problem. (COOLING SYSTEM - Belt condition and tension):
N A 

Corrective Action Taken::
N A 

FUEL - Check for leaks:
OKAY

If not okay, explain why and identify the problem. (FUEL - Check for leaks):
N A 

Corrective Action Taken::
N A 

AIR IN-TAKE (Check for leaks):
OKAY

If not okay, explain why and identify the problem. (AIR IN-TAKE :Check for leaks):
N A 

Corrective Action Taken::
N A 

AIR IN-TAKE (Check for air cleaner restriction):
OKAY

If not okay, explain why and identify the problem. (AIR IN-TAKE (Check for air cleaner restriction):
N A 

Corrective Action Taken::
N A 

EXHAUST- Check for leaks:
OKAY

If not okay, explain why and identify the problem. (EXHAUST- Check for leaks):
N A 

Corrective Action Taken::
N A 

ENGINE RELATED - Check for unusual vibration:
OKAY

If not okay, explain why and identify the problem. (ENGINE RELATED - Check for unusual vibration):
N A 

Corrective Action Taken::
N A 

MAIN GENERATOR - Check for air inlet and outlet from restrictions:
OKAY

If not okay, explain why and identify the problem. (MAIN GENERATOR - Check for air inlet and outlet from restrictions):
N A 

Corrective Action Taken::
N A 

MAIN GENERATOR - Check for windings and electrical connections:
OKAY

If not okay, explain why and identify the problem. (MAIN GENERATOR - Check for windings and electrical connections):
N A 

Corrective Action Taken::
N A 

SWITCH GEAR - Check power distribution wiring and connections:
OKAY

If not okay, explain why and identify the problem. (SWITCH GEAR - Check power distribution wiring and connections):
N A 

Corrective Action Taken::
N A 

Actual test run for 1hr with load.:
OKAY

Indicate the time start and end time of the actual test run conducted.:
493.15 hrs

Previous reading of running time::
493.15hrs

Present reading of running time::
493.15hrs

Indicate the three (3) line voltages (V) reading::
239v

Indicate the three (3) line amperes (A) reading::
60.00 hz

Indicate the hertz (Hz) reading::
60.00hz

Indicate the oil pressure reading (kPa)::
523.3kpa

Indicate the oil temperature (°F)::
56°C

Indicate running condition::
Normal

Notes and other concerns::
N A 

———————————————
This task was submitted through HATCHERY DIESEL GENERATOR WEEKLY MAINTENANCE CHECKLIST
https://form.asana.com/?k=jTp-bz9f-Np1TvF8ahkxpQ&d=1186399537984407",Hatchery Diesel Genset Weekly Maintenance Checklist,,,,Paul Gaudia,"May 6, 2023 at 1:50pm",1 (375kVA Cummins Genset),,,
"1204500430150167",2023-04-29,2023-05-27,2023-05-27,Paul Gaudia,Untitled section,,,,,,"Name of Maintenance Technician:
Paul Gaudia

Email address:
paulgaudia@gmail.com

DATE::
Apr 29, 2023 at 2:05pm

DIESEL GENERATOR SET #:
1 (375kVA Cummins Genset)

LUBRICATION- Check for leaks:
OKAY

If not okay, explain why and identify the problem. (LUBRICATION- Check for leaks):
N A 

Corrective Action Taken::
N A 

LUBRICATION- Check for oil level:
OKAY

If not okay, explain why and identify the problem. (LUBRICATION- Check for oil level):
N A 

Corrective Action Taken::
N A 

COOLING SYSTEM -Check for leaks:
OKAY

If not okay, explain why and identify the problem. (COOLING SYSTEM -Check for leaks):
N A 

Corrective Action Taken:
N A 

COOLING SYSTEM -Check for radiator restriction:
OKAY

If not okay, explain why and identify the problem. (COOLING SYSTEM -Check for radiator restriction):
N A 

Corrective Action Taken::
N A 

COOLING SYSTEM -Check for hose and connections:
OKAY

If not okay, explain why and identify the problem. (COOLING SYSTEM -Check for hose and connections):
N A 

Corrective Action Taken:
N A 

COOLING SYSTEM -Coolant level:
OKAY

If not okay, explain why and identify the problem. (COOLING SYSTEM -Coolant level):
N A 

Corrective Action Taken::
N A 

COOLING SYSTEM - Belt condition and tension:
OKAY

If not okay, explain why and identify the problem. (COOLING SYSTEM - Belt condition and tension):
N A 

Corrective Action Taken::
N A 

FUEL - Check for leaks:
OKAY

If not okay, explain why and identify the problem. (FUEL - Check for leaks):
N A 

Corrective Action Taken::
N A 

AIR IN-TAKE (Check for leaks):
OKAY

If not okay, explain why and identify the problem. (AIR IN-TAKE :Check for leaks):
N A 

Corrective Action Taken::
N A 

AIR IN-TAKE (Check for air cleaner restriction):
OKAY

If not okay, explain why and identify the problem. (AIR IN-TAKE (Check for air cleaner restriction):
N A 

Corrective Action Taken::
N A 

EXHAUST- Check for leaks:
OKAY

If not okay, explain why and identify the problem. (EXHAUST- Check for leaks):
N A 

Corrective Action Taken::
N A 

ENGINE RELATED - Check for unusual vibration:
OKAY

If not okay, explain why and identify the problem. (ENGINE RELATED - Check for unusual vibration):
N A 

Corrective Action Taken::
N A 

MAIN GENERATOR - Check for air inlet and outlet from restrictions:
OKAY

If not okay, explain why and identify the problem. (MAIN GENERATOR - Check for air inlet and outlet from restrictions):
N A 

Corrective Action Taken::
N A 

MAIN GENERATOR - Check for windings and electrical connections:
OKAY

If not okay, explain why and identify the problem. (MAIN GENERATOR - Check for windings and electrical connections):
N A 

Corrective Action Taken::
N A 

SWITCH GEAR - Check power distribution wiring and connections:
OKAY

If not okay, explain why and identify the problem. (SWITCH GEAR - Check power distribution wiring and connections):
N A 

Corrective Action Taken::
N A 

Actual test run for 1hr with load.:
OKAY

Indicate the time start and end time of the actual test run conducted.:
493.00hrs

Previous reading of running time::
493.00hrs

Present reading of running time::
493.00hrs

Indicate the three (3) line voltages (V) reading::
239v

Indicate the three (3) line amperes (A) reading::
7.4lph

Indicate the hertz (Hz) reading::
60.00hz

Indicate the oil pressure reading (kPa)::
515.7kpa

Indicate the oil temperature (°F)::
58°C

Indicate running condition::
Normal

Notes and other concerns::
N A 

———————————————
This task was submitted through HATCHERY DIESEL GENERATOR WEEKLY MAINTENANCE CHECKLIST
https://form.asana.com/?k=jTp-bz9f-Np1TvF8ahkxpQ&d=1186399537984407",Hatchery Diesel Genset Weekly Maintenance Checklist,,,,Paul Gaudia,"Apr 29, 2023 at 2:05pm",1 (375kVA Cummins Genset),,,
"1204404149693263",2023-04-15,2023-05-27,2023-05-27,Paul Gaudia,Untitled section,,,,,,"Name of Maintenance Technician:
Paul Gaudia

Email address:
paulgaudia@gmail.com

DATE::
Apr 15, 2023 at 1:55pm

DIESEL GENERATOR SET #:
2 (275kVA Camda Genset)

LUBRICATION- Check for leaks:
OKAY

If not okay, explain why and identify the problem. (LUBRICATION- Check for leaks):
N A 

Corrective Action Taken::
N A 

LUBRICATION- Check for oil level:
OKAY

If not okay, explain why and identify the problem. (LUBRICATION- Check for oil level):
N A 

Corrective Action Taken::
N A 

COOLING SYSTEM -Check for leaks:
OKAY

If not okay, explain why and identify the problem. (COOLING SYSTEM -Check for leaks):
N A 

Corrective Action Taken:
N A 

COOLING SYSTEM -Check for radiator restriction:
OKAY

If not okay, explain why and identify the problem. (COOLING SYSTEM -Check for radiator restriction):
N A 

Corrective Action Taken::
N A 

COOLING SYSTEM -Check for hose and connections:
OKAY

If not okay, explain why and identify the problem. (COOLING SYSTEM -Check for hose and connections):
N A 

Corrective Action Taken:
N A 

COOLING SYSTEM -Coolant level:
OKAY

If not okay, explain why and identify the problem. (COOLING SYSTEM -Coolant level):
N A 

Corrective Action Taken::
N A 

COOLING SYSTEM - Belt condition and tension:
OKAY

If not okay, explain why and identify the problem. (COOLING SYSTEM - Belt condition and tension):
N A 

Corrective Action Taken::
N A 

FUEL - Check for leaks:
OKAY

If not okay, explain why and identify the problem. (FUEL - Check for leaks):
N A 

Corrective Action Taken::
N A 

AIR IN-TAKE (Check for leaks):
OKAY

If not okay, explain why and identify the problem. (AIR IN-TAKE :Check for leaks):
N A 

Corrective Action Taken::
N A 

AIR IN-TAKE (Check for air cleaner restriction):
OKAY

If not okay, explain why and identify the problem. (AIR IN-TAKE (Check for air cleaner restriction):
N A 

Corrective Action Taken::
N A 

EXHAUST- Check for leaks:
OKAY

If not okay, explain why and identify the problem. (EXHAUST- Check for leaks):
N A 

Corrective Action Taken::
N A 

ENGINE RELATED - Check for unusual vibration:
OKAY

If not okay, explain why and identify the problem. (ENGINE RELATED - Check for unusual vibration):
N A 

Corrective Action Taken::
N A 

MAIN GENERATOR - Check for air inlet and outlet from restrictions:
OKAY

If not okay, explain why and identify the problem. (MAIN GENERATOR - Check for air inlet and outlet from restrictions):
N A 

Corrective Action Taken::
N A 

MAIN GENERATOR - Check for windings and electrical connections:
OKAY

If not okay, explain why and identify the problem. (MAIN GENERATOR - Check for windings and electrical connections):
N A 

Corrective Action Taken::
N A 

SWITCH GEAR - Check power distribution wiring and connections:
OKAY

If not okay, explain why and identify the problem. (SWITCH GEAR - Check power distribution wiring and connections):
N A 

Corrective Action Taken::
N A 

Actual test run for 1hr with load.:
OKAY

Indicate the time start and end time of the actual test run conducted.:
606.5 hrs

Previous reading of running time::
606.5 

Present reading of running time::
606.5

Indicate the three (3) line voltages (V) reading::
230

Indicate the three (3) line amperes (A) reading::
59°C

Indicate the hertz (Hz) reading::
60.3hz

Indicate the oil pressure reading (kPa)::
13602 kva

Indicate the oil temperature (°F)::
59°C

Indicate running condition::
Normal

Notes and other concerns::
N A 

———————————————
This task was submitted through HATCHERY DIESEL GENERATOR WEEKLY MAINTENANCE CHECKLIST
https://form.asana.com/?k=jTp-bz9f-Np1TvF8ahkxpQ&d=1186399537984407",Hatchery Diesel Genset Weekly Maintenance Checklist,,,,Paul Gaudia,"Apr 15, 2023 at 1:55pm",2 (275kVA Camda Genset),,,
"1204404180948600",2023-04-15,2023-05-27,2023-05-27,Paul Gaudia,Untitled section,,,,,,"Name of Maintenance Technician:
Paul Gaudia

Email address:
paulgaudia@gmail.com

DATE::
Apr 15, 2023 at 1:50pm

DIESEL GENERATOR SET #:
1 (375kVA Cummins Genset)

LUBRICATION- Check for leaks:
OKAY

If not okay, explain why and identify the problem. (LUBRICATION- Check for leaks):
N A 

Corrective Action Taken::
N A 

LUBRICATION- Check for oil level:
OKAY

If not okay, explain why and identify the problem. (LUBRICATION- Check for oil level):
N A 

Corrective Action Taken::
N A 

COOLING SYSTEM -Check for leaks:
OKAY

If not okay, explain why and identify the problem. (COOLING SYSTEM -Check for leaks):
N A 

Corrective Action Taken:
N A 

COOLING SYSTEM -Check for radiator restriction:
OKAY

If not okay, explain why and identify the problem. (COOLING SYSTEM -Check for radiator restriction):
N A 

Corrective Action Taken::
N A 

COOLING SYSTEM -Check for hose and connections:
OKAY

If not okay, explain why and identify the problem. (COOLING SYSTEM -Check for hose and connections):
N A 

Corrective Action Taken:
N A 

COOLING SYSTEM -Coolant level:
OKAY

If not okay, explain why and identify the problem. (COOLING SYSTEM -Coolant level):
N A 

Corrective Action Taken::
N A 

COOLING SYSTEM - Belt condition and tension:
OKAY

If not okay, explain why and identify the problem. (COOLING SYSTEM - Belt condition and tension):
N A 

Corrective Action Taken::
N A 

FUEL - Check for leaks:
OKAY

If not okay, explain why and identify the problem. (FUEL - Check for leaks):
N A 

Corrective Action Taken::
N A 

AIR IN-TAKE (Check for leaks):
OKAY

If not okay, explain why and identify the problem. (AIR IN-TAKE :Check for leaks):
N A 

Corrective Action Taken::
N A 

AIR IN-TAKE (Check for air cleaner restriction):
OKAY

If not okay, explain why and identify the problem. (AIR IN-TAKE (Check for air cleaner restriction):
N A 

Corrective Action Taken::
N A 

EXHAUST- Check for leaks:
OKAY

If not okay, explain why and identify the problem. (EXHAUST- Check for leaks):
N A 

Corrective Action Taken::
N A 

ENGINE RELATED - Check for unusual vibration:
OKAY

If not okay, explain why and identify the problem. (ENGINE RELATED - Check for unusual vibration):
N A 

Corrective Action Taken::
N A 

MAIN GENERATOR - Check for air inlet and outlet from restrictions:
OKAY

If not okay, explain why and identify the problem. (MAIN GENERATOR - Check for air inlet and outlet from restrictions):
N A 

Corrective Action Taken::
N A 

MAIN GENERATOR - Check for windings and electrical connections:
OKAY

If not okay, explain why and identify the problem. (MAIN GENERATOR - Check for windings and electrical connections):
N A 

Corrective Action Taken::
N A 

SWITCH GEAR - Check power distribution wiring and connections:
OKAY

If not okay, explain why and identify the problem. (SWITCH GEAR - Check power distribution wiring and connections):
N A 

Corrective Action Taken::
N A 

Actual test run for 1hr with load.:
OKAY

Indicate the time start and end time of the actual test run conducted.:
490.75

Previous reading of running time::
490.75

Present reading of running time::
490.75

Indicate the three (3) line voltages (V) reading::
239

Indicate the three (3) line amperes (A) reading::
60.00hz

Indicate the hertz (Hz) reading::
60.00hz

Indicate the oil pressure reading (kPa)::
527.4kpa

Indicate the oil temperature (°F)::
55°C

Indicate running condition::
Normal

Notes and other concerns::
N A 

———————————————
This task was submitted through HATCHERY DIESEL GENERATOR WEEKLY MAINTENANCE CHECKLIST
https://form.asana.com/?k=jTp-bz9f-Np1TvF8ahkxpQ&d=1186399537984407",Hatchery Diesel Genset Weekly Maintenance Checklist,,,,Paul Gaudia,"Apr 15, 2023 at 1:50pm",1 (375kVA Cummins Genset),,,
"1204357790657190",2023-04-08,2023-05-27,2023-05-27,Paul Gaudia,Untitled section,,,,,,"Name of Maintenance Technician:
Paul Gaudia

Email address:
paulgaudia@gmail.com

DATE::
Apr 8, 2023 at 2:35pm

DIESEL GENERATOR SET #:
2 (275kVA Camda Genset)

LUBRICATION- Check for leaks:
OKAY

If not okay, explain why and identify the problem. (LUBRICATION- Check for leaks):
N A 

Corrective Action Taken::
N A 

LUBRICATION- Check for oil level:
OKAY

If not okay, explain why and identify the problem. (LUBRICATION- Check for oil level):
N A 

Corrective Action Taken::
N A 

COOLING SYSTEM -Check for leaks:
OKAY

If not okay, explain why and identify the problem. (COOLING SYSTEM -Check for leaks):
N A 

Corrective Action Taken:
N A 

COOLING SYSTEM -Check for radiator restriction:
OKAY

If not okay, explain why and identify the problem. (COOLING SYSTEM -Check for radiator restriction):
N A 

Corrective Action Taken::
N A 

COOLING SYSTEM -Check for hose and connections:
OKAY

If not okay, explain why and identify the problem. (COOLING SYSTEM -Check for hose and connections):
N A 

Corrective Action Taken:
N A 

COOLING SYSTEM -Coolant level:
OKAY

If not okay, explain why and identify the problem. (COOLING SYSTEM -Coolant level):
N A 

Corrective Action Taken::
N A 

COOLING SYSTEM - Belt condition and tension:
OKAY

If not okay, explain why and identify the problem. (COOLING SYSTEM - Belt condition and tension):
N A 

Corrective Action Taken::
N A 

FUEL - Check for leaks:
OKAY

If not okay, explain why and identify the problem. (FUEL - Check for leaks):
N A 

Corrective Action Taken::
N A 

AIR IN-TAKE (Check for leaks):
OKAY

If not okay, explain why and identify the problem. (AIR IN-TAKE :Check for leaks):
N A 

Corrective Action Taken::
N A 

AIR IN-TAKE (Check for air cleaner restriction):
OKAY

If not okay, explain why and identify the problem. (AIR IN-TAKE (Check for air cleaner restriction):
N A 

Corrective Action Taken::
N A 

EXHAUST- Check for leaks:
OKAY

If not okay, explain why and identify the problem. (EXHAUST- Check for leaks):
N A 

Corrective Action Taken::
N A 

ENGINE RELATED - Check for unusual vibration:
OKAY

If not okay, explain why and identify the problem. (ENGINE RELATED - Check for unusual vibration):
N A 

Corrective Action Taken::
N A 

MAIN GENERATOR - Check for air inlet and outlet from restrictions:
OKAY

If not okay, explain why and identify the problem. (MAIN GENERATOR - Check for air inlet and outlet from restrictions):
N A 

Corrective Action Taken::
N A 

MAIN GENERATOR - Check for windings and electrical connections:
OKAY

If not okay, explain why and identify the problem. (MAIN GENERATOR - Check for windings and electrical connections):
N A 

Corrective Action Taken::
N A 

SWITCH GEAR - Check power distribution wiring and connections:
OKAY

If not okay, explain why and identify the problem. (SWITCH GEAR - Check power distribution wiring and connections):
N A 

Corrective Action Taken::
N A 

Actual test run for 1hr with load.:
OKAY

Indicate the time start and end time of the actual test run conducted.:
606.0

Previous reading of running time::
606.0

Present reading of running time::
606.0

Indicate the three (3) line voltages (V) reading::
230v

Indicate the three (3) line amperes (A) reading::
60.3hz

Indicate the hertz (Hz) reading::
60.3 hz

Indicate the oil pressure reading (kPa)::
13602 kva

Indicate the oil temperature (°F)::
59'c

Indicate running condition::
Normal

Notes and other concerns::
N A 

———————————————
This task was submitted through HATCHERY DIESEL GENERATOR WEEKLY MAINTENANCE CHECKLIST
https://form.asana.com/?k=jTp-bz9f-Np1TvF8ahkxpQ&d=1186399537984407",Hatchery Diesel Genset Weekly Maintenance Checklist,,,,Paul Gaudia,"Apr 8, 2023 at 2:35pm",2 (275kVA Camda Genset),,,
"1204357786794236",2023-04-08,2023-05-27,2023-05-27,Paul Gaudia,Untitled section,,,,,,"Name of Maintenance Technician:
Paul Gaudia

Email address:
paulgaudia@gmail.com

DATE::
Apr 8, 2023 at 2:35pm

DIESEL GENERATOR SET #:
1 (375kVA Cummins Genset)

LUBRICATION- Check for leaks:
OKAY

If not okay, explain why and identify the problem. (LUBRICATION- Check for leaks):
N A 

Corrective Action Taken::
N A 

LUBRICATION- Check for oil level:
OKAY

If not okay, explain why and identify the problem. (LUBRICATION- Check for oil level):
N A 

Corrective Action Taken::
N A 

COOLING SYSTEM -Check for leaks:
OKAY

If not okay, explain why and identify the problem. (COOLING SYSTEM -Check for leaks):
N A 

Corrective Action Taken:
N A 

COOLING SYSTEM -Check for radiator restriction:
OKAY

If not okay, explain why and identify the problem. (COOLING SYSTEM -Check for radiator restriction):
N A 

Corrective Action Taken::
N A 

COOLING SYSTEM -Check for hose and connections:
OKAY

If not okay, explain why and identify the problem. (COOLING SYSTEM -Check for hose and connections):
N A 

Corrective Action Taken:
N A 

COOLING SYSTEM -Coolant level:
OKAY

If not okay, explain why and identify the problem. (COOLING SYSTEM -Coolant level):
N A 

Corrective Action Taken::
N A 

COOLING SYSTEM - Belt condition and tension:
OKAY

If not okay, explain why and identify the problem. (COOLING SYSTEM - Belt condition and tension):
N A 

Corrective Action Taken::
N A 

FUEL - Check for leaks:
OKAY

If not okay, explain why and identify the problem. (FUEL - Check for leaks):
N A 

Corrective Action Taken::
N A 

AIR IN-TAKE (Check for leaks):
OKAY

If not okay, explain why and identify the problem. (AIR IN-TAKE :Check for leaks):
N A 

Corrective Action Taken::
N A 

AIR IN-TAKE (Check for air cleaner restriction):
OKAY

If not okay, explain why and identify the problem. (AIR IN-TAKE (Check for air cleaner restriction):
N A 

Corrective Action Taken::
N A 

EXHAUST- Check for leaks:
OKAY

If not okay, explain why and identify the problem. (EXHAUST- Check for leaks):
N A 

Corrective Action Taken::
N A 

ENGINE RELATED - Check for unusual vibration:
OKAY

If not okay, explain why and identify the problem. (ENGINE RELATED - Check for unusual vibration):
N A 

Corrective Action Taken::
N A 

MAIN GENERATOR - Check for air inlet and outlet from restrictions:
OKAY

If not okay, explain why and identify the problem. (MAIN GENERATOR - Check for air inlet and outlet from restrictions):
N A 

Corrective Action Taken::
N A 

MAIN GENERATOR - Check for windings and electrical connections:
OKAY

If not okay, explain why and identify the problem. (MAIN GENERATOR - Check for windings and electrical connections):
N A 

Corrective Action Taken::
N A 

SWITCH GEAR - Check power distribution wiring and connections:
OKAY

If not okay, explain why and identify the problem. (SWITCH GEAR - Check power distribution wiring and connections):
N A 

Corrective Action Taken::
N A 

Actual test run for 1hr with load.:
OKAY

Indicate the time start and end time of the actual test run conducted.:
490.65 hrs

Previous reading of running time::
490.65

Present reading of running time::
490.65

Indicate the three (3) line voltages (V) reading::
239

Indicate the three (3) line amperes (A) reading::
55'c

Indicate the hertz (Hz) reading::
60.00hz

Indicate the oil pressure reading (kPa)::
527.4 kpa

Indicate the oil temperature (°F)::
55 'C

Indicate running condition::
Normal

Notes and other concerns::
N A 

———————————————
This task was submitted through HATCHERY DIESEL GENERATOR WEEKLY MAINTENANCE CHECKLIST
https://form.asana.com/?k=jTp-bz9f-Np1TvF8ahkxpQ&d=1186399537984407",Hatchery Diesel Genset Weekly Maintenance Checklist,,,,Paul Gaudia,"Apr 8, 2023 at 2:35pm",1 (375kVA Cummins Genset),,,
"1204313175617267",2023-04-01,2023-05-27,2023-05-27,Paul Gaudia,Untitled section,,,,,,"Name of Maintenance Technician:
Paul Gaudia

Email address:
paulgaudia@gmail.com

DATE::
Apr 1, 2023 at 2:40pm

DIESEL GENERATOR SET #:
1 (375kVA Cummins Genset)

LUBRICATION- Check for leaks:
OKAY

If not okay, explain why and identify the problem. (LUBRICATION- Check for leaks):
N A 

Corrective Action Taken::
N A 

LUBRICATION- Check for oil level:
OKAY

If not okay, explain why and identify the problem. (LUBRICATION- Check for oil level):
N A 

Corrective Action Taken::
N A 

COOLING SYSTEM -Check for leaks:
OKAY

If not okay, explain why and identify the problem. (COOLING SYSTEM -Check for leaks):
N A 

Corrective Action Taken:
N A 

COOLING SYSTEM -Check for radiator restriction:
OKAY

If not okay, explain why and identify the problem. (COOLING SYSTEM -Check for radiator restriction):
N A 

Corrective Action Taken::
N A 

COOLING SYSTEM -Check for hose and connections:
OKAY

If not okay, explain why and identify the problem. (COOLING SYSTEM -Check for hose and connections):
N A 

Corrective Action Taken:
N A 

COOLING SYSTEM -Coolant level:
OKAY

If not okay, explain why and identify the problem. (COOLING SYSTEM -Coolant level):
N A 

Corrective Action Taken::
N A 

COOLING SYSTEM - Belt condition and tension:
OKAY

If not okay, explain why and identify the problem. (COOLING SYSTEM - Belt condition and tension):
N A 

Corrective Action Taken::
N A 

FUEL - Check for leaks:
OKAY

If not okay, explain why and identify the problem. (FUEL - Check for leaks):
N A 

Corrective Action Taken::
N A 

AIR IN-TAKE (Check for leaks):
OKAY

If not okay, explain why and identify the problem. (AIR IN-TAKE :Check for leaks):
N A 

Corrective Action Taken::
N A 

AIR IN-TAKE (Check for air cleaner restriction):
OKAY

If not okay, explain why and identify the problem. (AIR IN-TAKE (Check for air cleaner restriction):
N A 

Corrective Action Taken::
N A 

EXHAUST- Check for leaks:
OKAY

If not okay, explain why and identify the problem. (EXHAUST- Check for leaks):
N A 

Corrective Action Taken::
N A 

ENGINE RELATED - Check for unusual vibration:
OKAY

If not okay, explain why and identify the problem. (ENGINE RELATED - Check for unusual vibration):
N A 

Corrective Action Taken::
N A 

MAIN GENERATOR - Check for air inlet and outlet from restrictions:
OKAY

If not okay, explain why and identify the problem. (MAIN GENERATOR - Check for air inlet and outlet from restrictions):
N A 

Corrective Action Taken::
N A 

MAIN GENERATOR - Check for windings and electrical connections:
OKAY

If not okay, explain why and identify the problem. (MAIN GENERATOR - Check for windings and electrical connections):
N A 

Corrective Action Taken::
N A 

SWITCH GEAR - Check power distribution wiring and connections:
OKAY

If not okay, explain why and identify the problem. (SWITCH GEAR - Check power distribution wiring and connections):
N A 

Corrective Action Taken::
N A 

Actual test run for 1hr with load.:
OKAY

Indicate the time start and end time of the actual test run conducted.:
490.60

Previous reading of running time::
490.60

Present reading of running time::
490.60

Indicate the three (3) line voltages (V) reading::
239

Indicate the three (3) line amperes (A) reading::
60hz

Indicate the hertz (Hz) reading::
60hz

Indicate the oil pressure reading (kPa)::
475.7

Indicate the oil temperature (°F)::
77'C

Indicate running condition::
Normal

Notes and other concerns::
N A 

———————————————
This task was submitted through HATCHERY DIESEL GENERATOR WEEKLY MAINTENANCE CHECKLIST
https://form.asana.com/?k=jTp-bz9f-Np1TvF8ahkxpQ&d=1186399537984407",Hatchery Diesel Genset Weekly Maintenance Checklist,,,,Paul Gaudia,"Apr 1, 2023 at 2:40pm",1 (375kVA Cummins Genset),,,
"1204263944956923",2023-03-25,2023-05-27,2023-05-27,Paul Gaudia,Untitled section,,,,,,"Name of Maintenance Technician:
Paul Gaudia

Email address:
paulgaudia@gmail.com

DATE::
Mar 25, 2023 at 2:30pm

DIESEL GENERATOR SET #:
1 (375kVA Cummins Genset)

LUBRICATION- Check for leaks:
OKAY

If not okay, explain why and identify the problem. (LUBRICATION- Check for leaks):
N A 

Corrective Action Taken::
N A 

LUBRICATION- Check for oil level:
OKAY

If not okay, explain why and identify the problem. (LUBRICATION- Check for oil level):
N A 

Corrective Action Taken::
N A 

COOLING SYSTEM -Check for leaks:
OKAY

If not okay, explain why and identify the problem. (COOLING SYSTEM -Check for leaks):
N A 

Corrective Action Taken:
N A 

COOLING SYSTEM -Check for radiator restriction:
OKAY

If not okay, explain why and identify the problem. (COOLING SYSTEM -Check for radiator restriction):
N A 

Corrective Action Taken::
N A 

COOLING SYSTEM -Check for hose and connections:
OKAY

If not okay, explain why and identify the problem. (COOLING SYSTEM -Check for hose and connections):
N A 

Corrective Action Taken:
N A 

COOLING SYSTEM -Coolant level:
OKAY

If not okay, explain why and identify the problem. (COOLING SYSTEM -Coolant level):
N A 

Corrective Action Taken::
N A 

COOLING SYSTEM - Belt condition and tension:
OKAY

If not okay, explain why and identify the problem. (COOLING SYSTEM - Belt condition and tension):
N A 

Corrective Action Taken::
N A 

FUEL - Check for leaks:
OKAY

If not okay, explain why and identify the problem. (FUEL - Check for leaks):
N A 

Corrective Action Taken::
N A 

AIR IN-TAKE (Check for leaks):
OKAY

If not okay, explain why and identify the problem. (AIR IN-TAKE :Check for leaks):
N A 

Corrective Action Taken::
N A 

AIR IN-TAKE (Check for air cleaner restriction):
OKAY

If not okay, explain why and identify the problem. (AIR IN-TAKE (Check for air cleaner restriction):
N A 

Corrective Action Taken::
N A 

EXHAUST- Check for leaks:
OKAY

If not okay, explain why and identify the problem. (EXHAUST- Check for leaks):
N A 

Corrective Action Taken::
N A 

ENGINE RELATED - Check for unusual vibration:
OKAY

If not okay, explain why and identify the problem. (ENGINE RELATED - Check for unusual vibration):
N A 

Corrective Action Taken::
N A 

MAIN GENERATOR - Check for air inlet and outlet from restrictions:
OKAY

If not okay, explain why and identify the problem. (MAIN GENERATOR - Check for air inlet and outlet from restrictions):
N A 

Corrective Action Taken::
N A 

MAIN GENERATOR - Check for windings and electrical connections:
OKAY

If not okay, explain why and identify the problem. (MAIN GENERATOR - Check for windings and electrical connections):
N A 

Corrective Action Taken::
N A 

SWITCH GEAR - Check power distribution wiring and connections:
OKAY

If not okay, explain why and identify the problem. (SWITCH GEAR - Check power distribution wiring and connections):
N A 

Corrective Action Taken::
N A 

Actual test run for 1hr with load.:
OKAY

Indicate the time start and end time of the actual test run conducted.:
490.50

Previous reading of running time::
490.50

Present reading of running time::
490.50

Indicate the three (3) line voltages (V) reading::
239

Indicate the three (3) line amperes (A) reading::
66 C

Indicate the hertz (Hz) reading::
59.99

Indicate the oil pressure reading (kPa)::
499.8

Indicate the oil temperature (°F)::
66 C

Indicate running condition::
Normal

Notes and other concerns::
N A 

———————————————
This task was submitted through HATCHERY DIESEL GENERATOR WEEKLY MAINTENANCE CHECKLIST
https://form.asana.com/?k=jTp-bz9f-Np1TvF8ahkxpQ&d=1186399537984407",Hatchery Diesel Genset Weekly Maintenance Checklist,,,,Paul Gaudia,"Mar 25, 2023 at 2:30pm",1 (375kVA Cummins Genset),,,
"1204208113666446",2023-03-18,2023-05-27,2023-05-27,Paul Gaudia,Untitled section,,,,,,"Name of Maintenance Technician:
Paul Gaudia

Email address:
paulgaudia@gmail.com

DATE::
Mar 18, 2023 at 2:00pm

DIESEL GENERATOR SET #:
2 (275kVA Camda Genset)

LUBRICATION- Check for leaks:
OKAY

If not okay, explain why and identify the problem. (LUBRICATION- Check for leaks):
N A 

Corrective Action Taken::
N A 

LUBRICATION- Check for oil level:
OKAY

If not okay, explain why and identify the problem. (LUBRICATION- Check for oil level):
N A 

Corrective Action Taken::
N A 

COOLING SYSTEM -Check for leaks:
OKAY

If not okay, explain why and identify the problem. (COOLING SYSTEM -Check for leaks):
N A 

Corrective Action Taken:
N A 

COOLING SYSTEM -Check for radiator restriction:
OKAY

If not okay, explain why and identify the problem. (COOLING SYSTEM -Check for radiator restriction):
N A 

Corrective Action Taken::
N A 

COOLING SYSTEM -Check for hose and connections:
OKAY

If not okay, explain why and identify the problem. (COOLING SYSTEM -Check for hose and connections):
N A 

Corrective Action Taken:
N A 

COOLING SYSTEM -Coolant level:
OKAY

If not okay, explain why and identify the problem. (COOLING SYSTEM -Coolant level):
N A 

Corrective Action Taken::
N A 

COOLING SYSTEM - Belt condition and tension:
OKAY

If not okay, explain why and identify the problem. (COOLING SYSTEM - Belt condition and tension):
N A 

Corrective Action Taken::
N A 

FUEL - Check for leaks:
OKAY

If not okay, explain why and identify the problem. (FUEL - Check for leaks):
N A 

Corrective Action Taken::
N A 

AIR IN-TAKE (Check for leaks):
OKAY

If not okay, explain why and identify the problem. (AIR IN-TAKE :Check for leaks):
N A 

Corrective Action Taken::
N A 

AIR IN-TAKE (Check for air cleaner restriction):
OKAY

If not okay, explain why and identify the problem. (AIR IN-TAKE (Check for air cleaner restriction):
N A 

Corrective Action Taken::
N A 

EXHAUST- Check for leaks:
OKAY

If not okay, explain why and identify the problem. (EXHAUST- Check for leaks):
N A 

Corrective Action Taken::
N A 

ENGINE RELATED - Check for unusual vibration:
OKAY

If not okay, explain why and identify the problem. (ENGINE RELATED - Check for unusual vibration):
N A 

Corrective Action Taken::
N A 

MAIN GENERATOR - Check for air inlet and outlet from restrictions:
OKAY

If not okay, explain why and identify the problem. (MAIN GENERATOR - Check for air inlet and outlet from restrictions):
N A 

Corrective Action Taken::
N A 

MAIN GENERATOR - Check for windings and electrical connections:
OKAY

If not okay, explain why and identify the problem. (MAIN GENERATOR - Check for windings and electrical connections):
N A 

Corrective Action Taken::
N A 

SWITCH GEAR - Check power distribution wiring and connections:
OKAY

If not okay, explain why and identify the problem. (SWITCH GEAR - Check power distribution wiring and connections):
N A 

Corrective Action Taken::
N A 

Actual test run for 1hr with load.:
OKAY

Indicate the time start and end time of the actual test run conducted.:
605.6

Previous reading of running time::
605.6

Present reading of running time::
605.6

Indicate the three (3) line voltages (V) reading::
230

Indicate the three (3) line amperes (A) reading::
43C

Indicate the hertz (Hz) reading::
60.2 hz

Indicate the oil pressure reading (kPa)::
13602 kva

Indicate the oil temperature (°F)::
43 C

Indicate running condition::
Normal

Notes and other concerns::
N A 

———————————————
This task was submitted through HATCHERY DIESEL GENERATOR WEEKLY MAINTENANCE CHECKLIST
https://form.asana.com/?k=jTp-bz9f-Np1TvF8ahkxpQ&d=1186399537984407",Hatchery Diesel Genset Weekly Maintenance Checklist,,,,Paul Gaudia,"Mar 18, 2023 at 2:00pm",2 (275kVA Camda Genset),,,
"1204208109113696",2023-03-18,2023-05-27,2023-05-27,Paul Gaudia,Untitled section,,,,,,"Name of Maintenance Technician:
Paul Gaudia

Email address:
paulgaudia@gmail.com

DATE::
Mar 18, 2023 at 2:00pm

DIESEL GENERATOR SET #:
1 (375kVA Cummins Genset)

LUBRICATION- Check for leaks:
OKAY

If not okay, explain why and identify the problem. (LUBRICATION- Check for leaks):
N A 

Corrective Action Taken::
N A 

LUBRICATION- Check for oil level:
OKAY

If not okay, explain why and identify the problem. (LUBRICATION- Check for oil level):
N A 

Corrective Action Taken::
N A 

COOLING SYSTEM -Check for leaks:
OKAY

If not okay, explain why and identify the problem. (COOLING SYSTEM -Check for leaks):
N A 

Corrective Action Taken:
N A 

COOLING SYSTEM -Check for radiator restriction:
OKAY

If not okay, explain why and identify the problem. (COOLING SYSTEM -Check for radiator restriction):
N A 

Corrective Action Taken::
N A 

COOLING SYSTEM -Check for hose and connections:
OKAY

If not okay, explain why and identify the problem. (COOLING SYSTEM -Check for hose and connections):
N A 

Corrective Action Taken:
N A 

COOLING SYSTEM -Coolant level:
OKAY

If not okay, explain why and identify the problem. (COOLING SYSTEM -Coolant level):
N A 

Corrective Action Taken::
N A 

COOLING SYSTEM - Belt condition and tension:
OKAY

If not okay, explain why and identify the problem. (COOLING SYSTEM - Belt condition and tension):
N A 

Corrective Action Taken::
N A 

FUEL - Check for leaks:
OKAY

If not okay, explain why and identify the problem. (FUEL - Check for leaks):
N A 

Corrective Action Taken::
N A 

AIR IN-TAKE (Check for leaks):
OKAY

If not okay, explain why and identify the problem. (AIR IN-TAKE :Check for leaks):
N A 

Corrective Action Taken::
N A 

AIR IN-TAKE (Check for air cleaner restriction):
OKAY

If not okay, explain why and identify the problem. (AIR IN-TAKE (Check for air cleaner restriction):
N A 

Corrective Action Taken::
N A 

EXHAUST- Check for leaks:
OKAY

If not okay, explain why and identify the problem. (EXHAUST- Check for leaks):
N A 

Corrective Action Taken::
N A 

ENGINE RELATED - Check for unusual vibration:
OKAY

If not okay, explain why and identify the problem. (ENGINE RELATED - Check for unusual vibration):
N A 

Corrective Action Taken::
N A 

MAIN GENERATOR - Check for air inlet and outlet from restrictions:
OKAY

If not okay, explain why and identify the problem. (MAIN GENERATOR - Check for air inlet and outlet from restrictions):
N A 

Corrective Action Taken::
N A 

MAIN GENERATOR - Check for windings and electrical connections:
OKAY

If not okay, explain why and identify the problem. (MAIN GENERATOR - Check for windings and electrical connections):
N A 

Corrective Action Taken::
N A 

SWITCH GEAR - Check power distribution wiring and connections:
OKAY

If not okay, explain why and identify the problem. (SWITCH GEAR - Check power distribution wiring and connections):
N A 

Corrective Action Taken::
N A 

Actual test run for 1hr with load.:
OKAY

Indicate the time start and end time of the actual test run conducted.:
490.10

Previous reading of running time::
490.10

Present reading of running time::
490.10

Indicate the three (3) line voltages (V) reading::
239

Indicate the three (3) line amperes (A) reading::
44 C

Indicate the hertz (Hz) reading::
59.99

Indicate the oil pressure reading (kPa)::
543.3

Indicate the oil temperature (°F)::
44

Indicate running condition::
Normal

Notes and other concerns::
N A 

———————————————
This task was submitted through HATCHERY DIESEL GENERATOR WEEKLY MAINTENANCE CHECKLIST
https://form.asana.com/?k=jTp-bz9f-Np1TvF8ahkxpQ&d=1186399537984407",Hatchery Diesel Genset Weekly Maintenance Checklist,,,,Paul Gaudia,"Mar 18, 2023 at 2:00pm",1 (375kVA Cummins Genset),,,
"1203794348949729",2023-01-21,2023-05-27,2023-05-27,Paul Gaudia,Untitled section,,,,,,"Name of Maintenance Technician:
Paul Gaudia

Email address:
paulgaudia@gmail.com

DATE::
Jan 21, 2023 at 2:41pm

DIESEL GENERATOR SET #:
2 (275kVA Camda Genset)

LUBRICATION- Check for leaks:
OKAY

If not okay, explain why and identify the problem. (LUBRICATION- Check for leaks):
N A 

Corrective Action Taken::
N A 

LUBRICATION- Check for oil level:
OKAY

If not okay, explain why and identify the problem. (LUBRICATION- Check for oil level):
N A 

Corrective Action Taken::
N A 

COOLING SYSTEM -Check for leaks:
OKAY

If not okay, explain why and identify the problem. (COOLING SYSTEM -Check for leaks):
N A 

Corrective Action Taken:
N A 

COOLING SYSTEM -Check for radiator restriction:
OKAY

If not okay, explain why and identify the problem. (COOLING SYSTEM -Check for radiator restriction):
N A 

Corrective Action Taken::
N A 

COOLING SYSTEM -Check for hose and connections:
OKAY

If not okay, explain why and identify the problem. (COOLING SYSTEM -Check for hose and connections):
N A 

Corrective Action Taken:
N A 

COOLING SYSTEM -Coolant level:
OKAY

If not okay, explain why and identify the problem. (COOLING SYSTEM -Coolant level):
N A 

Corrective Action Taken::
N A 

COOLING SYSTEM - Belt condition and tension:
OKAY

If not okay, explain why and identify the problem. (COOLING SYSTEM - Belt condition and tension):
N A 

Corrective Action Taken::
N A 

FUEL - Check for leaks:
OKAY

If not okay, explain why and identify the problem. (FUEL - Check for leaks):
N A 

Corrective Action Taken::
N A 

AIR IN-TAKE (Check for leaks):
OKAY

If not okay, explain why and identify the problem. (AIR IN-TAKE :Check for leaks):
N A 

Corrective Action Taken::
N A 

AIR IN-TAKE (Check for air cleaner restriction):
OKAY

If not okay, explain why and identify the problem. (AIR IN-TAKE (Check for air cleaner restriction):
N A 

Corrective Action Taken::
N A 

EXHAUST- Check for leaks:
OKAY

If not okay, explain why and identify the problem. (EXHAUST- Check for leaks):
N A 

Corrective Action Taken::
N A 

ENGINE RELATED - Check for unusual vibration:
OKAY

If not okay, explain why and identify the problem. (ENGINE RELATED - Check for unusual vibration):
N A 

Corrective Action Taken::
N A 

MAIN GENERATOR - Check for air inlet and outlet from restrictions:
OKAY

If not okay, explain why and identify the problem. (MAIN GENERATOR - Check for air inlet and outlet from restrictions):
N A 

Corrective Action Taken::
N A 

MAIN GENERATOR - Check for windings and electrical connections:
OKAY

If not okay, explain why and identify the problem. (MAIN GENERATOR - Check for windings and electrical connections):
N A 

Corrective Action Taken::
N A 

SWITCH GEAR - Check power distribution wiring and connections:
OKAY

If not okay, explain why and identify the problem. (SWITCH GEAR - Check power distribution wiring and connections):
N A 

Corrective Action Taken::
N A 

Actual test run for 1hr with load.:
OKAY

Indicate the time start and end time of the actual test run conducted.:
605.5hrs

Previous reading of running time::
605.5hrs

Present reading of running time::
605.5hrs

Indicate the three (3) line voltages (V) reading::
239v

Indicate the three (3) line amperes (A) reading::
29°C

Indicate the hertz (Hz) reading::
13602kva

Indicate the oil pressure reading (kPa)::
13602kva

Indicate the oil temperature (°F)::
29°C

Indicate running condition::
Abnormal

Notes and other concerns::
Battery operated 

———————————————
This task was submitted through HATCHERY DIESEL GENERATOR WEEKLY MAINTENANCE CHECKLIST
https://form.asana.com/?k=jTp-bz9f-Np1TvF8ahkxpQ&d=1186399537984407",Hatchery Diesel Genset Weekly Maintenance Checklist,,,,Paul Gaudia,"Jan 21, 2023 at 2:41pm",2 (275kVA Camda Genset),,,
"1203794264300563",2023-01-21,2023-05-27,2023-05-27,Paul Gaudia,Untitled section,,,,,,"Name of Maintenance Technician:
Paul Gaudia

Email address:
paulgaudia@gmail.com

DATE::
Jan 21, 2023 at 2:13pm

DIESEL GENERATOR SET #:
1 (375kVA Cummins Genset)

LUBRICATION- Check for leaks:
OKAY

If not okay, explain why and identify the problem. (LUBRICATION- Check for leaks):
N A 

Corrective Action Taken::
N A 

LUBRICATION- Check for oil level:
OKAY

If not okay, explain why and identify the problem. (LUBRICATION- Check for oil level):
N A 

Corrective Action Taken::
N A 

COOLING SYSTEM -Check for leaks:
OKAY

If not okay, explain why and identify the problem. (COOLING SYSTEM -Check for leaks):
N A 

Corrective Action Taken:
N A 

COOLING SYSTEM -Check for radiator restriction:
OKAY

If not okay, explain why and identify the problem. (COOLING SYSTEM -Check for radiator restriction):
N A 

Corrective Action Taken::
N A 

COOLING SYSTEM -Check for hose and connections:
OKAY

If not okay, explain why and identify the problem. (COOLING SYSTEM -Check for hose and connections):
N A 

Corrective Action Taken:
N A 

COOLING SYSTEM -Coolant level:
OKAY

If not okay, explain why and identify the problem. (COOLING SYSTEM -Coolant level):
N A 

Corrective Action Taken::
N A 

COOLING SYSTEM - Belt condition and tension:
OKAY

If not okay, explain why and identify the problem. (COOLING SYSTEM - Belt condition and tension):
N A 

Corrective Action Taken::
N A 

FUEL - Check for leaks:
OKAY

If not okay, explain why and identify the problem. (FUEL - Check for leaks):
N A 

Corrective Action Taken::
N A 

AIR IN-TAKE (Check for leaks):
OKAY

If not okay, explain why and identify the problem. (AIR IN-TAKE :Check for leaks):
N A 

Corrective Action Taken::
N A 

AIR IN-TAKE (Check for air cleaner restriction):
OKAY

If not okay, explain why and identify the problem. (AIR IN-TAKE (Check for air cleaner restriction):
N A 

Corrective Action Taken::
N A 

EXHAUST- Check for leaks:
OKAY

If not okay, explain why and identify the problem. (EXHAUST- Check for leaks):
N A 

Corrective Action Taken::
N A 

ENGINE RELATED - Check for unusual vibration:
OKAY

If not okay, explain why and identify the problem. (ENGINE RELATED - Check for unusual vibration):
N A 

Corrective Action Taken::
N A 

MAIN GENERATOR - Check for air inlet and outlet from restrictions:
OKAY

If not okay, explain why and identify the problem. (MAIN GENERATOR - Check for air inlet and outlet from restrictions):
N A 

Corrective Action Taken::
N A 

MAIN GENERATOR - Check for windings and electrical connections:
OKAY

If not okay, explain why and identify the problem. (MAIN GENERATOR - Check for windings and electrical connections):
N A 

Corrective Action Taken::
N A 

SWITCH GEAR - Check power distribution wiring and connections:
OKAY

If not okay, explain why and identify the problem. (SWITCH GEAR - Check power distribution wiring and connections):
N A 

Corrective Action Taken::
N A 

Actual test run for 1hr with load.:
OKAY

Indicate the time start and end time of the actual test run conducted.:
466.55hrs

Previous reading of running time::
466.55hrs

Present reading of running time::
466.55hrs

Indicate the three (3) line voltages (V) reading::
239v

Indicate the three (3) line amperes (A) reading::
41°C

Indicate the hertz (Hz) reading::
59.97hz

Indicate the oil pressure reading (kPa)::
535.7kpa

Indicate the oil temperature (°F)::
41°C

Indicate running condition::
Normal

Notes and other concerns::
N A 

———————————————
This task was submitted through HATCHERY DIESEL GENERATOR WEEKLY MAINTENANCE CHECKLIST
https://form.asana.com/?k=jTp-bz9f-Np1TvF8ahkxpQ&d=1186399537984407",Hatchery Diesel Genset Weekly Maintenance Checklist,,,,Paul Gaudia,"Jan 21, 2023 at 2:13pm",1 (375kVA Cummins Genset),,,
"1202170539505796",2022-04-23,2023-05-27,2023-05-27,Paul gaudia/jimmy tungol,Untitled section,,,,,,"Name of Maintenance Technician:
Paul gaudia/jimmy tungol

Email address:
Paulgaudia1615@gmail.com

DATE::
Apr 23, 2022

DIESEL GENERATOR SET #:
2 (275kVA Camda Genset)

LUBRICATION- Check for leaks:
OKAY

If not okay, explain why and identify the problem. (LUBRICATION- Check for leaks):
N/A

Corrective Action Taken::
N/A

LUBRICATION- Check for oil level:
OKAY

If not okay, explain why and identify the problem. (LUBRICATION- Check for oil level):
N/A

Corrective Action Taken::
N/A

COOLING SYSTEM -Check for leaks:
OKAY

If not okay, explain why and identify the problem. (COOLING SYSTEM -Check for leaks):
N/A

Corrective Action Taken:
N/A

COOLING SYSTEM -Check for radiator restriction:
OKAY

If not okay, explain why and identify the problem. (COOLING SYSTEM -Check for radiator restriction):
N/A

Corrective Action Taken::
N/A

COOLING SYSTEM -Check for hose and connections:
OKAY

If not okay, explain why and identify the problem. (COOLING SYSTEM -Check for hose and connections):
N/A

Corrective Action Taken:
N/A

COOLING SYSTEM -Coolant level:
OKAY

If not okay, explain why and identify the problem. (COOLING SYSTEM -Coolant level):
N/A

Corrective Action Taken::
N/A

COOLING SYSTEM - Belt condition and tension:
OKAY

If not okay, explain why and identify the problem. (COOLING SYSTEM - Belt condition and tension):
Ok

Corrective Action Taken::
N/A

FUEL - Check for leaks:
OKAY

If not okay, explain why and identify the problem. (FUEL - Check for leaks):
N/A

Corrective Action Taken::
N/A

AIR IN-TAKE (Check for leaks):
OKAY

If not okay, explain why and identify the problem. (AIR IN-TAKE :Check for leaks):
N/A

Corrective Action Taken::
N/A

AIR IN-TAKE (Check for air cleaner restriction):
OKAY

If not okay, explain why and identify the problem. (AIR IN-TAKE (Check for air cleaner restriction):
N/A

Corrective Action Taken::
N/A

EXHAUST- Check for leaks:
OKAY

If not okay, explain why and identify the problem. (EXHAUST- Check for leaks):
N/A

Corrective Action Taken::
N/A

ENGINE RELATED - Check for unusual vibration:
OKAY

If not okay, explain why and identify the problem. (ENGINE RELATED - Check for unusual vibration):
N/A

Corrective Action Taken::
N/A

MAIN GENERATOR - Check for air inlet and outlet from restrictions:
OKAY

If not okay, explain why and identify the problem. (MAIN GENERATOR - Check for air inlet and outlet from restrictions):
N/A

Corrective Action Taken::
N/A

MAIN GENERATOR - Check for windings and electrical connections:
OKAY

If not okay, explain why and identify the problem. (MAIN GENERATOR - Check for windings and electrical connections):
N/A

Corrective Action Taken::
N/A

SWITCH GEAR - Check power distribution wiring and connections:
OKAY

If not okay, explain why and identify the problem. (SWITCH GEAR - Check power distribution wiring and connections):
N/A

Corrective Action Taken::
N/A

Actual test run for 1hr with load.:
OKAY

Indicate the time start and end time of the actual test run conducted.:
605.1hrs

Previous reading of running time::
605.1hrs

Present reading of running time::
605.1hrs

Indicate the three (3) line voltages (V) reading::
230v

Indicate the three (3) line amperes (A) reading::
N/A

Indicate the hertz (Hz) reading::
60.2 (hz)

Indicate the oil pressure reading (kPa)::
10806 (Rpm)

Indicate the oil temperature (°F)::
33(°C )

Indicate running condition::
Normal

Notes and other concerns::
N/A

———————————————
This task was submitted through HATCHERY DIESEL GENERATOR WEEKLY MAINTENANCE CHECKLIST
https://form.asana.com/?k=jTp-bz9f-Np1TvF8ahkxpQ&d=1186399537984407",Hatchery Diesel Genset Weekly Maintenance Checklist,,,,Paul gaudia/jimmy tungol,"Apr 23, 2022",2 (275kVA Camda Genset),,,
"1202170263504068",2022-04-23,2023-05-27,2023-05-27,Paul gaudia/jimmy tungol,Untitled section,,,,,,"Name of Maintenance Technician:
Paul gaudia/jimmy tungol

Email address:
Paulgaudia1615@gmail.com

DATE::
Apr 23, 2022

DIESEL GENERATOR SET #:
1 (375kVA Cummins Genset)

LUBRICATION- Check for leaks:
OKAY

If not okay, explain why and identify the problem. (LUBRICATION- Check for leaks):
N/A

Corrective Action Taken::
N/A

LUBRICATION- Check for oil level:
OKAY

If not okay, explain why and identify the problem. (LUBRICATION- Check for oil level):
N/A

Corrective Action Taken::
N/A

COOLING SYSTEM -Check for leaks:
OKAY

If not okay, explain why and identify the problem. (COOLING SYSTEM -Check for leaks):
N/A

Corrective Action Taken:
N/A

COOLING SYSTEM -Check for radiator restriction:
OKAY

If not okay, explain why and identify the problem. (COOLING SYSTEM -Check for radiator restriction):
N/A

Corrective Action Taken::
N/A

COOLING SYSTEM -Check for hose and connections:
OKAY

If not okay, explain why and identify the problem. (COOLING SYSTEM -Check for hose and connections):
N/A

Corrective Action Taken:
N/A

COOLING SYSTEM -Coolant level:
OKAY

If not okay, explain why and identify the problem. (COOLING SYSTEM -Coolant level):
N/A

Corrective Action Taken::
N/A

COOLING SYSTEM - Belt condition and tension:
OKAY

If not okay, explain why and identify the problem. (COOLING SYSTEM - Belt condition and tension):
Ok

Corrective Action Taken::
N/A

FUEL - Check for leaks:
OKAY

If not okay, explain why and identify the problem. (FUEL - Check for leaks):
N/A

Corrective Action Taken::
N/A

AIR IN-TAKE (Check for leaks):
OKAY

If not okay, explain why and identify the problem. (AIR IN-TAKE :Check for leaks):
N/A

Corrective Action Taken::
N/A

AIR IN-TAKE (Check for air cleaner restriction):
OKAY

If not okay, explain why and identify the problem. (AIR IN-TAKE (Check for air cleaner restriction):
N/A

Corrective Action Taken::
N/A

EXHAUST- Check for leaks:
OKAY

If not okay, explain why and identify the problem. (EXHAUST- Check for leaks):
N/A

Corrective Action Taken::
N/A

ENGINE RELATED - Check for unusual vibration:
OKAY

If not okay, explain why and identify the problem. (ENGINE RELATED - Check for unusual vibration):
N/A

Corrective Action Taken::
N/A

MAIN GENERATOR - Check for air inlet and outlet from restrictions:
OKAY

If not okay, explain why and identify the problem. (MAIN GENERATOR - Check for air inlet and outlet from restrictions):
N/A

Corrective Action Taken::
N/A

MAIN GENERATOR - Check for windings and electrical connections:
OKAY

If not okay, explain why and identify the problem. (MAIN GENERATOR - Check for windings and electrical connections):
N/A

Corrective Action Taken::
N/A

SWITCH GEAR - Check power distribution wiring and connections:
OKAY

If not okay, explain why and identify the problem. (SWITCH GEAR - Check power distribution wiring and connections):
N/A

Corrective Action Taken::
N/A

Actual test run for 1hr with load.:
OKAY

Indicate the time start and end time of the actual test run conducted.:
399.05hrs

Previous reading of running time::
399.05hrs

Present reading of running time::
399.05hrs

Indicate the three (3) line voltages (V) reading::
239v

Indicate the three (3) line amperes (A) reading::
N/A

Indicate the hertz (Hz) reading::
59.99Hz

Indicate the oil pressure reading (kPa)::
527.4kpa

Indicate the oil temperature (°F)::
55°C

Indicate running condition::
Normal

Notes and other concerns::
N/A

———————————————
This task was submitted through HATCHERY DIESEL GENERATOR WEEKLY MAINTENANCE CHECKLIST
https://form.asana.com/?k=jTp-bz9f-Np1TvF8ahkxpQ&d=1186399537984407",Hatchery Diesel Genset Weekly Maintenance Checklist,,,,Paul gaudia/jimmy tungol,"Apr 23, 2022",1 (375kVA Cummins Genset),,,
"1202103390571647",2022-04-09,2023-05-27,2023-05-27,Paul gaudia/jimmy tungol,Untitled section,,,,,,"Name of Maintenance Technician:
Paul gaudia/jimmy tungol

Email address:
Paulgaudia1615@gmail.com

DATE::
Apr 9, 2022

DIESEL GENERATOR SET #:
2 (275kVA Camda Genset)

LUBRICATION- Check for leaks:
OKAY

If not okay, explain why and identify the problem. (LUBRICATION- Check for leaks):
N/A

Corrective Action Taken::
N/A

LUBRICATION- Check for oil level:
OKAY

If not okay, explain why and identify the problem. (LUBRICATION- Check for oil level):
N/A

Corrective Action Taken::
N/A

COOLING SYSTEM -Check for leaks:
OKAY

If not okay, explain why and identify the problem. (COOLING SYSTEM -Check for leaks):
N/A

Corrective Action Taken:
N/A

COOLING SYSTEM -Check for radiator restriction:
OKAY

If not okay, explain why and identify the problem. (COOLING SYSTEM -Check for radiator restriction):
N/A

Corrective Action Taken::
N/A

COOLING SYSTEM -Check for hose and connections:
OKAY

If not okay, explain why and identify the problem. (COOLING SYSTEM -Check for hose and connections):
N/A

Corrective Action Taken:
N/A

COOLING SYSTEM -Coolant level:
OKAY

If not okay, explain why and identify the problem. (COOLING SYSTEM -Coolant level):
N/A

Corrective Action Taken::
N/A

COOLING SYSTEM - Belt condition and tension:
OKAY

If not okay, explain why and identify the problem. (COOLING SYSTEM - Belt condition and tension):
Ok

Corrective Action Taken::
N/A

FUEL - Check for leaks:
OKAY

If not okay, explain why and identify the problem. (FUEL - Check for leaks):
N/A

Corrective Action Taken::
N/A

AIR IN-TAKE (Check for leaks):
OKAY

If not okay, explain why and identify the problem. (AIR IN-TAKE :Check for leaks):
N/A

Corrective Action Taken::
N/A

AIR IN-TAKE (Check for air cleaner restriction):
OKAY

If not okay, explain why and identify the problem. (AIR IN-TAKE (Check for air cleaner restriction):
N/A

Corrective Action Taken::
N/A

EXHAUST- Check for leaks:
OKAY

If not okay, explain why and identify the problem. (EXHAUST- Check for leaks):
N/A

Corrective Action Taken::
N/A

ENGINE RELATED - Check for unusual vibration:
OKAY

If not okay, explain why and identify the problem. (ENGINE RELATED - Check for unusual vibration):
N/A

Corrective Action Taken::
N/A

MAIN GENERATOR - Check for air inlet and outlet from restrictions:
OKAY

If not okay, explain why and identify the problem. (MAIN GENERATOR - Check for air inlet and outlet from restrictions):
N/A

Corrective Action Taken::
N/A

MAIN GENERATOR - Check for windings and electrical connections:
OKAY

If not okay, explain why and identify the problem. (MAIN GENERATOR - Check for windings and electrical connections):
N/A

Corrective Action Taken::
N/A

SWITCH GEAR - Check power distribution wiring and connections:
OKAY

If not okay, explain why and identify the problem. (SWITCH GEAR - Check power distribution wiring and connections):
N/A

Corrective Action Taken::
N/A

Actual test run for 1hr with load.:
OKAY

Indicate the time start and end time of the actual test run conducted.:
605.0 hrs

Previous reading of running time::
605.0 hrs

Present reading of running time::
605.0 hrs

Indicate the three (3) line voltages (V) reading::
230v

Indicate the three (3) line amperes (A) reading::
N/A

Indicate the hertz (Hz) reading::
60 hz

Indicate the oil pressure reading (kPa)::
10806 (Rpm)

Indicate the oil temperature (°F)::
50 (°C)

Indicate running condition::
Normal

Notes and other concerns::
N/A

———————————————
This task was submitted through HATCHERY DIESEL GENERATOR WEEKLY MAINTENANCE CHECKLIST
https://form.asana.com/?k=jTp-bz9f-Np1TvF8ahkxpQ&d=1186399537984407",Hatchery Diesel Genset Weekly Maintenance Checklist,,,,Paul gaudia/jimmy tungol,"Apr 9, 2022",2 (275kVA Camda Genset),,,
"1202103293547245",2022-04-09,2023-05-27,2023-05-27,Paul gaudia/jimmy tungol,Untitled section,,,,,,"Name of Maintenance Technician:
Paul gaudia/jimmy tungol

Email address:
Paulgaudia1615@gmail.com

DATE::
Apr 9, 2022

DIESEL GENERATOR SET #:
1 (375kVA Cummins Genset)

LUBRICATION- Check for leaks:
OKAY

If not okay, explain why and identify the problem. (LUBRICATION- Check for leaks):
N/A

Corrective Action Taken::
N/A

LUBRICATION- Check for oil level:
OKAY

If not okay, explain why and identify the problem. (LUBRICATION- Check for oil level):
N/A

Corrective Action Taken::
N/A

COOLING SYSTEM -Check for leaks:
OKAY

If not okay, explain why and identify the problem. (COOLING SYSTEM -Check for leaks):
N/A

Corrective Action Taken:
N/A

COOLING SYSTEM -Check for radiator restriction:
OKAY

If not okay, explain why and identify the problem. (COOLING SYSTEM -Check for radiator restriction):
N/A

Corrective Action Taken::
N/A

COOLING SYSTEM -Check for hose and connections:
OKAY

If not okay, explain why and identify the problem. (COOLING SYSTEM -Check for hose and connections):
N/A

Corrective Action Taken:
N/A

COOLING SYSTEM -Coolant level:
OKAY

If not okay, explain why and identify the problem. (COOLING SYSTEM -Coolant level):
N/A

Corrective Action Taken::
N/A

COOLING SYSTEM - Belt condition and tension:
OKAY

If not okay, explain why and identify the problem. (COOLING SYSTEM - Belt condition and tension):
N/A

Corrective Action Taken::
N/A

FUEL - Check for leaks:
OKAY

If not okay, explain why and identify the problem. (FUEL - Check for leaks):
N/A

Corrective Action Taken::
N/A

AIR IN-TAKE (Check for leaks):
OKAY

If not okay, explain why and identify the problem. (AIR IN-TAKE :Check for leaks):
N/A

Corrective Action Taken::
N/A

AIR IN-TAKE (Check for air cleaner restriction):
OKAY

If not okay, explain why and identify the problem. (AIR IN-TAKE (Check for air cleaner restriction):
N/A

Corrective Action Taken::
N/A

EXHAUST- Check for leaks:
OKAY

If not okay, explain why and identify the problem. (EXHAUST- Check for leaks):
N/A

Corrective Action Taken::
N/A

ENGINE RELATED - Check for unusual vibration:
OKAY

If not okay, explain why and identify the problem. (ENGINE RELATED - Check for unusual vibration):
N/A

Corrective Action Taken::
N/A

MAIN GENERATOR - Check for air inlet and outlet from restrictions:
OKAY

If not okay, explain why and identify the problem. (MAIN GENERATOR - Check for air inlet and outlet from restrictions):
N/A

Corrective Action Taken::
N/A

MAIN GENERATOR - Check for windings and electrical connections:
OKAY

If not okay, explain why and identify the problem. (MAIN GENERATOR - Check for windings and electrical connections):
N/A

Corrective Action Taken::
N/A

SWITCH GEAR - Check power distribution wiring and connections:
OKAY

If not okay, explain why and identify the problem. (SWITCH GEAR - Check power distribution wiring and connections):
N/A

Corrective Action Taken::
N/A

Actual test run for 1hr with load.:
OKAY

Indicate the time start and end time of the actual test run conducted.:
396.45hrs

Previous reading of running time::
396.45hrs

Present reading of running time::
396.45hrs

Indicate the three (3) line voltages (V) reading::
239v

Indicate the three (3) line amperes (A) reading::
N/A

Indicate the hertz (Hz) reading::
59.98hz

Indicate the oil pressure reading (kPa)::
367.4 (kpa):

Indicate the oil temperature (°F)::
37(°C )

Indicate running condition::
Normal

Notes and other concerns::
N/A

———————————————
This task was submitted through HATCHERY DIESEL GENERATOR WEEKLY MAINTENANCE CHECKLIST
https://form.asana.com/?k=jTp-bz9f-Np1TvF8ahkxpQ&d=1186399537984407",Hatchery Diesel Genset Weekly Maintenance Checklist,,,,Paul gaudia/jimmy tungol,"Apr 9, 2022",1 (375kVA Cummins Genset),,,
"1202028611910815",2022-03-26,2023-05-27,2023-05-27,Paul gaudia/jimmy tungol,Untitled section,,,,,,"Name of Maintenance Technician:
Paul gaudia/jimmy tungol

Email address:
Paulgaudia1615@gmail.com

DATE::
Mar 26, 2022

DIESEL GENERATOR SET #:
2 (275kVA Camda Genset)

LUBRICATION- Check for leaks:
OKAY

If not okay, explain why and identify the problem. (LUBRICATION- Check for leaks):
N/A

Corrective Action Taken::
N/A

LUBRICATION- Check for oil level:
OKAY

If not okay, explain why and identify the problem. (LUBRICATION- Check for oil level):
N/A

Corrective Action Taken::
N/A

COOLING SYSTEM -Check for leaks:
OKAY

If not okay, explain why and identify the problem. (COOLING SYSTEM -Check for leaks):
N/A

Corrective Action Taken:
N/A

COOLING SYSTEM -Check for radiator restriction:
OKAY

If not okay, explain why and identify the problem. (COOLING SYSTEM -Check for radiator restriction):
N/A

Corrective Action Taken::
N/A

COOLING SYSTEM -Check for hose and connections:
OKAY

If not okay, explain why and identify the problem. (COOLING SYSTEM -Check for hose and connections):
N/A

Corrective Action Taken:
N/A

COOLING SYSTEM -Coolant level:
OKAY

If not okay, explain why and identify the problem. (COOLING SYSTEM -Coolant level):
N/A

Corrective Action Taken::
N/A

COOLING SYSTEM - Belt condition and tension:
OKAY

If not okay, explain why and identify the problem. (COOLING SYSTEM - Belt condition and tension):
N/A

Corrective Action Taken::
N/A

FUEL - Check for leaks:
OKAY

If not okay, explain why and identify the problem. (FUEL - Check for leaks):
N/A

Corrective Action Taken::
N/A

AIR IN-TAKE (Check for leaks):
OKAY

If not okay, explain why and identify the problem. (AIR IN-TAKE :Check for leaks):
N/A

Corrective Action Taken::
N/A

AIR IN-TAKE (Check for air cleaner restriction):
OKAY

If not okay, explain why and identify the problem. (AIR IN-TAKE (Check for air cleaner restriction):
N/A

Corrective Action Taken::
N/A

EXHAUST- Check for leaks:
OKAY

If not okay, explain why and identify the problem. (EXHAUST- Check for leaks):
N/A

Corrective Action Taken::
N/A

ENGINE RELATED - Check for unusual vibration:
OKAY

If not okay, explain why and identify the problem. (ENGINE RELATED - Check for unusual vibration):
N/A

Corrective Action Taken::
N/A

MAIN GENERATOR - Check for air inlet and outlet from restrictions:
OKAY

If not okay, explain why and identify the problem. (MAIN GENERATOR - Check for air inlet and outlet from restrictions):
N/A

Corrective Action Taken::
N/A

MAIN GENERATOR - Check for windings and electrical connections:
OKAY

If not okay, explain why and identify the problem. (MAIN GENERATOR - Check for windings and electrical connections):
N/A

Corrective Action Taken::
N/A

SWITCH GEAR - Check power distribution wiring and connections:
OKAY

If not okay, explain why and identify the problem. (SWITCH GEAR - Check power distribution wiring and connections):
N/A

Corrective Action Taken::
N/A

Actual test run for 1hr with load.:
OKAY

Indicate the time start and end time of the actual test run conducted.:
604.9hrs

Previous reading of running time::
604.9hrs

Present reading of running time::
604.9hrs

Indicate the three (3) line voltages (V) reading::
230v

Indicate the three (3) line amperes (A) reading::
N/A

Indicate the hertz (Hz) reading::
60.2 (hz)

Indicate the oil pressure reading (kPa)::
531.5kpa

Indicate the oil temperature (°F)::
33('C )

Indicate running condition::
Normal

Notes and other concerns::
N/A

———————————————
This task was submitted through HATCHERY DIESEL GENERATOR WEEKLY MAINTENANCE CHECKLIST
https://form.asana.com/?k=jTp-bz9f-Np1TvF8ahkxpQ&d=1186399537984407",Hatchery Diesel Genset Weekly Maintenance Checklist,,,,Paul gaudia/jimmy tungol,"Mar 26, 2022",2 (275kVA Camda Genset),,,
"1202028498131906",2022-03-26,2023-05-27,2023-05-27,Paul gaudia/jimmy tungol,Untitled section,,,,,,"Name of Maintenance Technician:
Paul gaudia/jimmy tungol

Email address:
Paulgaudia1615@gmail.com

DATE::
Mar 26, 2022

DIESEL GENERATOR SET #:
1 (375kVA Cummins Genset)

LUBRICATION- Check for leaks:
OKAY

If not okay, explain why and identify the problem. (LUBRICATION- Check for leaks):
N/A

Corrective Action Taken::
N/A

LUBRICATION- Check for oil level:
OKAY

If not okay, explain why and identify the problem. (LUBRICATION- Check for oil level):
N/A

Corrective Action Taken::
N/A

COOLING SYSTEM -Check for leaks:
OKAY

If not okay, explain why and identify the problem. (COOLING SYSTEM -Check for leaks):
N/A

Corrective Action Taken:
N/A

COOLING SYSTEM -Check for radiator restriction:
OKAY

If not okay, explain why and identify the problem. (COOLING SYSTEM -Check for radiator restriction):
N/A

Corrective Action Taken::
N/A

COOLING SYSTEM -Check for hose and connections:
OKAY

If not okay, explain why and identify the problem. (COOLING SYSTEM -Check for hose and connections):
N/A

Corrective Action Taken:
N/A

COOLING SYSTEM -Coolant level:
OKAY

If not okay, explain why and identify the problem. (COOLING SYSTEM -Coolant level):
N/A

Corrective Action Taken::
N/A

COOLING SYSTEM - Belt condition and tension:
OKAY

If not okay, explain why and identify the problem. (COOLING SYSTEM - Belt condition and tension):
N/A

Corrective Action Taken::
N/A

FUEL - Check for leaks:
OKAY

If not okay, explain why and identify the problem. (FUEL - Check for leaks):
N/A

Corrective Action Taken::
N/A

AIR IN-TAKE (Check for leaks):
OKAY

If not okay, explain why and identify the problem. (AIR IN-TAKE :Check for leaks):
N/A

Corrective Action Taken::
N/A

AIR IN-TAKE (Check for air cleaner restriction):
OKAY

If not okay, explain why and identify the problem. (AIR IN-TAKE (Check for air cleaner restriction):
N/A

Corrective Action Taken::
N/A

EXHAUST- Check for leaks:
OKAY

If not okay, explain why and identify the problem. (EXHAUST- Check for leaks):
N/A

Corrective Action Taken::
N/A

ENGINE RELATED - Check for unusual vibration:
OKAY

If not okay, explain why and identify the problem. (ENGINE RELATED - Check for unusual vibration):
N/A

Corrective Action Taken::
N/A

MAIN GENERATOR - Check for air inlet and outlet from restrictions:
OKAY

If not okay, explain why and identify the problem. (MAIN GENERATOR - Check for air inlet and outlet from restrictions):
N/A

Corrective Action Taken::
N/A

MAIN GENERATOR - Check for windings and electrical connections:
OKAY

If not okay, explain why and identify the problem. (MAIN GENERATOR - Check for windings and electrical connections):
N/A

Corrective Action Taken::
N/A

SWITCH GEAR - Check power distribution wiring and connections:
OKAY

If not okay, explain why and identify the problem. (SWITCH GEAR - Check power distribution wiring and connections):
N/A

Corrective Action Taken::
N/A

Actual test run for 1hr with load.:
OKAY

Indicate the time start and end time of the actual test run conducted.:
358.55hr

Previous reading of running time::
385.55hr

Present reading of running time::
385.55hr

Indicate the three (3) line voltages (V) reading::
239v

Indicate the three (3) line amperes (A) reading::
N/A

Indicate the hertz (Hz) reading::
59.97(hz)

Indicate the oil pressure reading (kPa)::
555.7(kpa)

Indicate the oil temperature (°F)::
43('C )

Indicate running condition::
Normal

Notes and other concerns::
N/A

———————————————
This task was submitted through HATCHERY DIESEL GENERATOR WEEKLY MAINTENANCE CHECKLIST
https://form.asana.com/?k=jTp-bz9f-Np1TvF8ahkxpQ&d=1186399537984407",Hatchery Diesel Genset Weekly Maintenance Checklist,,,,Paul gaudia/jimmy tungol,"Mar 26, 2022",1 (375kVA Cummins Genset),,,
"1201993405042140",2022-03-19,2023-05-27,2023-05-27,Paul gaudia/jimmy tungol,Untitled section,,,,,,"Name of Maintenance Technician:
Paul gaudia/jimmy tungol

Email address:
Paulgaudia1615@gmail.com

DATE::
Mar 19, 2022

DIESEL GENERATOR SET #:
2 (275kVA Camda Genset)

LUBRICATION- Check for leaks:
OKAY

If not okay, explain why and identify the problem. (LUBRICATION- Check for leaks):
N/A

Corrective Action Taken::
N/A

LUBRICATION- Check for oil level:
OKAY

If not okay, explain why and identify the problem. (LUBRICATION- Check for oil level):
N/A

Corrective Action Taken::
N/A

COOLING SYSTEM -Check for leaks:
OKAY

If not okay, explain why and identify the problem. (COOLING SYSTEM -Check for leaks):
N/A

Corrective Action Taken:
N/A

COOLING SYSTEM -Check for radiator restriction:
OKAY

If not okay, explain why and identify the problem. (COOLING SYSTEM -Check for radiator restriction):
N/A

Corrective Action Taken::
N/A

COOLING SYSTEM -Check for hose and connections:
OKAY

If not okay, explain why and identify the problem. (COOLING SYSTEM -Check for hose and connections):
N/A

Corrective Action Taken:
N/A

COOLING SYSTEM -Coolant level:
OKAY

If not okay, explain why and identify the problem. (COOLING SYSTEM -Coolant level):
N/A

Corrective Action Taken::
N/A

COOLING SYSTEM - Belt condition and tension:
OKAY

If not okay, explain why and identify the problem. (COOLING SYSTEM - Belt condition and tension):
Ok

Corrective Action Taken::
N/A

FUEL - Check for leaks:
OKAY

If not okay, explain why and identify the problem. (FUEL - Check for leaks):
N/A

Corrective Action Taken::
N/A

AIR IN-TAKE (Check for leaks):
OKAY

If not okay, explain why and identify the problem. (AIR IN-TAKE :Check for leaks):
N/A

Corrective Action Taken::
N/A

AIR IN-TAKE (Check for air cleaner restriction):
OKAY

If not okay, explain why and identify the problem. (AIR IN-TAKE (Check for air cleaner restriction):
N/A

Corrective Action Taken::
N/A

EXHAUST- Check for leaks:
OKAY

If not okay, explain why and identify the problem. (EXHAUST- Check for leaks):
N/A

Corrective Action Taken::
N/A

ENGINE RELATED - Check for unusual vibration:
OKAY

If not okay, explain why and identify the problem. (ENGINE RELATED - Check for unusual vibration):
N/A

Corrective Action Taken::
N/A

MAIN GENERATOR - Check for air inlet and outlet from restrictions:
OKAY

If not okay, explain why and identify the problem. (MAIN GENERATOR - Check for air inlet and outlet from restrictions):
N/A

Corrective Action Taken::
N/A

MAIN GENERATOR - Check for windings and electrical connections:
OKAY

If not okay, explain why and identify the problem. (MAIN GENERATOR - Check for windings and electrical connections):
N/A

Corrective Action Taken::
N/A

SWITCH GEAR - Check power distribution wiring and connections:
OKAY

If not okay, explain why and identify the problem. (SWITCH GEAR - Check power distribution wiring and connections):
N/A

Corrective Action Taken::
N/A

Actual test run for 1hr with load.:
OKAY

Indicate the time start and end time of the actual test run conducted.:
604.8hrs

Previous reading of running time::
604.8hrs

Present reading of running time::
604.8hrs

Indicate the three (3) line voltages (V) reading::
230v

Indicate the three (3) line amperes (A) reading::
N/A

Indicate the hertz (Hz) reading::
60.2hz

Indicate the oil pressure reading (kPa)::
531.5kpa

Indicate the oil temperature (°F)::
47'C

Indicate running condition::
Normal

Notes and other concerns::
N/A

———————————————
This task was submitted through HATCHERY DIESEL GENERATOR WEEKLY MAINTENANCE CHECKLIST
https://form.asana.com/?k=jTp-bz9f-Np1TvF8ahkxpQ&d=1186399537984407",Hatchery Diesel Genset Weekly Maintenance Checklist,,,,Paul gaudia/jimmy tungol,"Mar 19, 2022",2 (275kVA Camda Genset),,,
"1201993361662616",2022-03-19,2023-05-27,2023-05-27,Paul gaudia/jimmy tungol,Untitled section,,,,,,"Name of Maintenance Technician:
Paul gaudia/jimmy tungol

Email address:
Paulgaudia1615@gmail.com

DATE::
Mar 19, 2022

DIESEL GENERATOR SET #:
1 (375kVA Cummins Genset)

LUBRICATION- Check for leaks:
OKAY

If not okay, explain why and identify the problem. (LUBRICATION- Check for leaks):
N/A

Corrective Action Taken::
N/A

LUBRICATION- Check for oil level:
OKAY

If not okay, explain why and identify the problem. (LUBRICATION- Check for oil level):
N/A

Corrective Action Taken::
N/A

COOLING SYSTEM -Check for leaks:
OKAY

If not okay, explain why and identify the problem. (COOLING SYSTEM -Check for leaks):
N/A

Corrective Action Taken:
N/A

COOLING SYSTEM -Check for radiator restriction:
OKAY

If not okay, explain why and identify the problem. (COOLING SYSTEM -Check for radiator restriction):
N/A

Corrective Action Taken::
N/A

COOLING SYSTEM -Check for hose and connections:
OKAY

If not okay, explain why and identify the problem. (COOLING SYSTEM -Check for hose and connections):
N/A

Corrective Action Taken:
N/A

COOLING SYSTEM -Coolant level:
OKAY

If not okay, explain why and identify the problem. (COOLING SYSTEM -Coolant level):
N/A

Corrective Action Taken::
N/A

COOLING SYSTEM - Belt condition and tension:
OKAY

If not okay, explain why and identify the problem. (COOLING SYSTEM - Belt condition and tension):
Ok

Corrective Action Taken::
N/A

FUEL - Check for leaks:
OKAY

If not okay, explain why and identify the problem. (FUEL - Check for leaks):
N/A

Corrective Action Taken::
N/A

AIR IN-TAKE (Check for leaks):
OKAY

If not okay, explain why and identify the problem. (AIR IN-TAKE :Check for leaks):
N/A

Corrective Action Taken::
N/A

AIR IN-TAKE (Check for air cleaner restriction):
OKAY

If not okay, explain why and identify the problem. (AIR IN-TAKE (Check for air cleaner restriction):
N/A

Corrective Action Taken::
N/A

EXHAUST- Check for leaks:
OKAY

If not okay, explain why and identify the problem. (EXHAUST- Check for leaks):
N/A

Corrective Action Taken::
N/A

ENGINE RELATED - Check for unusual vibration:
OKAY

If not okay, explain why and identify the problem. (ENGINE RELATED - Check for unusual vibration):
N/A

Corrective Action Taken::
N/A

MAIN GENERATOR - Check for air inlet and outlet from restrictions:
OKAY

If not okay, explain why and identify the problem. (MAIN GENERATOR - Check for air inlet and outlet from restrictions):
N/A

Corrective Action Taken::
N/A

MAIN GENERATOR - Check for windings and electrical connections:
OKAY

If not okay, explain why and identify the problem. (MAIN GENERATOR - Check for windings and electrical connections):
N/A

Corrective Action Taken::
N/A

SWITCH GEAR - Check power distribution wiring and connections:
OKAY

If not okay, explain why and identify the problem. (SWITCH GEAR - Check power distribution wiring and connections):
N/A

Corrective Action Taken::
N/A

Actual test run for 1hr with load.:
OKAY

Indicate the time start and end time of the actual test run conducted.:
382.50hrs

Previous reading of running time::
382.50hrs

Present reading of running time::
382.50hrs

Indicate the three (3) line voltages (V) reading::
239v

Indicate the three (3) line amperes (A) reading::
N/A

Indicate the hertz (Hz) reading::
59.99hz

Indicate the oil pressure reading (kPa)::
531.5kpa

Indicate the oil temperature (°F)::
59'C

Indicate running condition::
Normal

Notes and other concerns::
N/A

———————————————
This task was submitted through HATCHERY DIESEL GENERATOR WEEKLY MAINTENANCE CHECKLIST
https://form.asana.com/?k=jTp-bz9f-Np1TvF8ahkxpQ&d=1186399537984407",Hatchery Diesel Genset Weekly Maintenance Checklist,,,,Paul gaudia/jimmy tungol,"Mar 19, 2022",1 (375kVA Cummins Genset),,,
"1201958138938931",2022-03-12,2023-05-27,2023-05-27,Paul gaudia/jimmy tungol,Untitled section,,,,,,"Name of Maintenance Technician:
Paul gaudia/jimmy tungol

Email address:
Paulgaudia1615@gmail.com

DATE::
Mar 12, 2022

DIESEL GENERATOR SET #:
2 (275kVA Camda Genset)

LUBRICATION- Check for leaks:
OKAY

If not okay, explain why and identify the problem. (LUBRICATION- Check for leaks):
N/A

Corrective Action Taken::
N/A

LUBRICATION- Check for oil level:
OKAY

If not okay, explain why and identify the problem. (LUBRICATION- Check for oil level):
N/A

Corrective Action Taken::
N/A

COOLING SYSTEM -Check for leaks:
OKAY

If not okay, explain why and identify the problem. (COOLING SYSTEM -Check for leaks):
N/A

Corrective Action Taken:
N/A

COOLING SYSTEM -Check for radiator restriction:
OKAY

If not okay, explain why and identify the problem. (COOLING SYSTEM -Check for radiator restriction):
N/A

Corrective Action Taken::
N/A

COOLING SYSTEM -Check for hose and connections:
OKAY

If not okay, explain why and identify the problem. (COOLING SYSTEM -Check for hose and connections):
N/A

Corrective Action Taken:
N/A

COOLING SYSTEM -Coolant level:
OKAY

If not okay, explain why and identify the problem. (COOLING SYSTEM -Coolant level):
N/A

Corrective Action Taken::
N/A

COOLING SYSTEM - Belt condition and tension:
OKAY

If not okay, explain why and identify the problem. (COOLING SYSTEM - Belt condition and tension):
Ok

Corrective Action Taken::
N/A

FUEL - Check for leaks:
OKAY

If not okay, explain why and identify the problem. (FUEL - Check for leaks):
N/A

Corrective Action Taken::
N/A

AIR IN-TAKE (Check for leaks):
OKAY

If not okay, explain why and identify the problem. (AIR IN-TAKE :Check for leaks):
N/A

Corrective Action Taken::
N/A

AIR IN-TAKE (Check for air cleaner restriction):
OKAY

If not okay, explain why and identify the problem. (AIR IN-TAKE (Check for air cleaner restriction):
N/A

Corrective Action Taken::
N/A

EXHAUST- Check for leaks:
OKAY

If not okay, explain why and identify the problem. (EXHAUST- Check for leaks):
N/A

Corrective Action Taken::
N/A

ENGINE RELATED - Check for unusual vibration:
OKAY

If not okay, explain why and identify the problem. (ENGINE RELATED - Check for unusual vibration):
N/A

Corrective Action Taken::
N/A

MAIN GENERATOR - Check for air inlet and outlet from restrictions:
OKAY

If not okay, explain why and identify the problem. (MAIN GENERATOR - Check for air inlet and outlet from restrictions):
N/A

Corrective Action Taken::
N/A

MAIN GENERATOR - Check for windings and electrical connections:
OKAY

If not okay, explain why and identify the problem. (MAIN GENERATOR - Check for windings and electrical connections):
N/A

Corrective Action Taken::
N/A

SWITCH GEAR - Check power distribution wiring and connections:
OKAY

If not okay, explain why and identify the problem. (SWITCH GEAR - Check power distribution wiring and connections):
N/A

Corrective Action Taken::
N/A

Actual test run for 1hr with load.:
OKAY

Indicate the time start and end time of the actual test run conducted.:
606.8hrs

Previous reading of running time::
604.8hrs

Present reading of running time::
604.8hrs

Indicate the three (3) line voltages (V) reading::
230v

Indicate the three (3) line amperes (A) reading::
N/A

Indicate the hertz (Hz) reading::
60.2hz

Indicate the oil pressure reading (kPa)::
543.3kpa

Indicate the oil temperature (°F)::
57('C )

Indicate running condition::
Normal

Notes and other concerns::
N/A

———————————————
This task was submitted through HATCHERY DIESEL GENERATOR WEEKLY MAINTENANCE CHECKLIST
https://form.asana.com/?k=jTp-bz9f-Np1TvF8ahkxpQ&d=1186399537984407",Hatchery Diesel Genset Weekly Maintenance Checklist,,,,Paul gaudia/jimmy tungol,"Mar 12, 2022",2 (275kVA Camda Genset),,,
"1201958131142735",2022-03-12,2023-05-27,2023-05-27,Paul gaudia/jimmy tungol,Untitled section,,,,,,"Name of Maintenance Technician:
Paul gaudia/jimmy tungol

Email address:
Paulgaudia1615@gmail.com

DATE::
Mar 12, 2022

DIESEL GENERATOR SET #:
1 (375kVA Cummins Genset)

LUBRICATION- Check for leaks:
OKAY

If not okay, explain why and identify the problem. (LUBRICATION- Check for leaks):
N/A

Corrective Action Taken::
N/A

LUBRICATION- Check for oil level:
OKAY

If not okay, explain why and identify the problem. (LUBRICATION- Check for oil level):
N/A

Corrective Action Taken::
N/A

COOLING SYSTEM -Check for leaks:
OKAY

If not okay, explain why and identify the problem. (COOLING SYSTEM -Check for leaks):
N/A

Corrective Action Taken:
N/A

COOLING SYSTEM -Check for radiator restriction:
OKAY

If not okay, explain why and identify the problem. (COOLING SYSTEM -Check for radiator restriction):
N/A

Corrective Action Taken::
N/A

COOLING SYSTEM -Check for hose and connections:
OKAY

If not okay, explain why and identify the problem. (COOLING SYSTEM -Check for hose and connections):
N/A

Corrective Action Taken:
N/A

COOLING SYSTEM -Coolant level:
OKAY

If not okay, explain why and identify the problem. (COOLING SYSTEM -Coolant level):
N/A

Corrective Action Taken::
N/A

COOLING SYSTEM - Belt condition and tension:
OKAY

If not okay, explain why and identify the problem. (COOLING SYSTEM - Belt condition and tension):
Ok

Corrective Action Taken::
N/A

FUEL - Check for leaks:
OKAY

If not okay, explain why and identify the problem. (FUEL - Check for leaks):
N/A

Corrective Action Taken::
N/A

AIR IN-TAKE (Check for leaks):
OKAY

If not okay, explain why and identify the problem. (AIR IN-TAKE :Check for leaks):
N/A

Corrective Action Taken::
N/A

AIR IN-TAKE (Check for air cleaner restriction):
OKAY

If not okay, explain why and identify the problem. (AIR IN-TAKE (Check for air cleaner restriction):
N/A

Corrective Action Taken::
N/A

EXHAUST- Check for leaks:
OKAY

If not okay, explain why and identify the problem. (EXHAUST- Check for leaks):
N/A

Corrective Action Taken::
N/A

ENGINE RELATED - Check for unusual vibration:
OKAY

If not okay, explain why and identify the problem. (ENGINE RELATED - Check for unusual vibration):
N/A

Corrective Action Taken::
N/A

MAIN GENERATOR - Check for air inlet and outlet from restrictions:
OKAY

If not okay, explain why and identify the problem. (MAIN GENERATOR - Check for air inlet and outlet from restrictions):
N/A

Corrective Action Taken::
N/A

MAIN GENERATOR - Check for windings and electrical connections:
OKAY

If not okay, explain why and identify the problem. (MAIN GENERATOR - Check for windings and electrical connections):
N/A

Corrective Action Taken::
N/A

SWITCH GEAR - Check power distribution wiring and connections:
OKAY

If not okay, explain why and identify the problem. (SWITCH GEAR - Check power distribution wiring and connections):
N/A

Corrective Action Taken::
N/A

Actual test run for 1hr with load.:
OKAY

Indicate the time start and end time of the actual test run conducted.:
382.10hrs

Previous reading of running time::
382.10hrs

Present reading of running time::
382.10hrs

Indicate the three (3) line voltages (V) reading::
239v

Indicate the three (3) line amperes (A) reading::
N/A

Indicate the hertz (Hz) reading::
59.99hz

Indicate the oil pressure reading (kPa)::
551.5kpa

Indicate the oil temperature (°F)::
53'c

Indicate running condition::
Normal

Notes and other concerns::
N/A

———————————————
This task was submitted through HATCHERY DIESEL GENERATOR WEEKLY MAINTENANCE CHECKLIST
https://form.asana.com/?k=jTp-bz9f-Np1TvF8ahkxpQ&d=1186399537984407",Hatchery Diesel Genset Weekly Maintenance Checklist,,,,Paul gaudia/jimmy tungol,"Mar 12, 2022",1 (375kVA Cummins Genset),,,
"1201888178030642",2022-02-26,2023-05-27,2023-05-27,Paul gaudia/jimmy tungol,Untitled section,,,,,,"Name of Maintenance Technician:
Paul gaudia/jimmy tungol

Email address:
Paulgaudia1615@gmail.com

DATE::
Feb 26, 2022

DIESEL GENERATOR SET #:
1 (375kVA Cummins Genset)

LUBRICATION- Check for leaks:
OKAY

If not okay, explain why and identify the problem. (LUBRICATION- Check for leaks):
N/A

Corrective Action Taken::
N/A

LUBRICATION- Check for oil level:
OKAY

If not okay, explain why and identify the problem. (LUBRICATION- Check for oil level):
N/A

Corrective Action Taken::
N/A

COOLING SYSTEM -Check for leaks:
OKAY

If not okay, explain why and identify the problem. (COOLING SYSTEM -Check for leaks):
N/A

Corrective Action Taken:
N/A

COOLING SYSTEM -Check for radiator restriction:
OKAY

If not okay, explain why and identify the problem. (COOLING SYSTEM -Check for radiator restriction):
N/A

Corrective Action Taken::
N/A

COOLING SYSTEM -Check for hose and connections:
OKAY

If not okay, explain why and identify the problem. (COOLING SYSTEM -Check for hose and connections):
N/A

Corrective Action Taken:
N/A

COOLING SYSTEM -Coolant level:
OKAY

If not okay, explain why and identify the problem. (COOLING SYSTEM -Coolant level):
N/A

Corrective Action Taken::
N/A

COOLING SYSTEM - Belt condition and tension:
OKAY

If not okay, explain why and identify the problem. (COOLING SYSTEM - Belt condition and tension):
Ok

Corrective Action Taken::
N/A

FUEL - Check for leaks:
OKAY

If not okay, explain why and identify the problem. (FUEL - Check for leaks):
N/A

Corrective Action Taken::
N/A

AIR IN-TAKE (Check for leaks):
OKAY

If not okay, explain why and identify the problem. (AIR IN-TAKE :Check for leaks):
N/A

Corrective Action Taken::
N/A

AIR IN-TAKE (Check for air cleaner restriction):
OKAY

If not okay, explain why and identify the problem. (AIR IN-TAKE (Check for air cleaner restriction):
N/A

Corrective Action Taken::
N/A

EXHAUST- Check for leaks:
OKAY

If not okay, explain why and identify the problem. (EXHAUST- Check for leaks):
N/A

Corrective Action Taken::
N/A

ENGINE RELATED - Check for unusual vibration:
OKAY

If not okay, explain why and identify the problem. (ENGINE RELATED - Check for unusual vibration):
N/A

Corrective Action Taken::
N/A

MAIN GENERATOR - Check for air inlet and outlet from restrictions:
OKAY

If not okay, explain why and identify the problem. (MAIN GENERATOR - Check for air inlet and outlet from restrictions):
N/A

Corrective Action Taken::
N/A

MAIN GENERATOR - Check for windings and electrical connections:
OKAY

If not okay, explain why and identify the problem. (MAIN GENERATOR - Check for windings and electrical connections):
N/A

Corrective Action Taken::
N/A

SWITCH GEAR - Check power distribution wiring and connections:
OKAY

If not okay, explain why and identify the problem. (SWITCH GEAR - Check power distribution wiring and connections):
N/A

Corrective Action Taken::
N/A

Actual test run for 1hr with load.:
OKAY

Indicate the time start and end time of the actual test run conducted.:
382.05hrs

Previous reading of running time::
382.05hrs

Present reading of running time::
382.05hrs

Indicate the three (3) line voltages (V) reading::
239v

Indicate the three (3) line amperes (A) reading::
N/A

Indicate the hertz (Hz) reading::
60.00 hz

Indicate the oil pressure reading (kPa)::
543.3kpa

Indicate the oil temperature (°F)::
53'c

Indicate running condition::
Normal

Notes and other concerns::
N/A

———————————————
This task was submitted through HATCHERY DIESEL GENERATOR WEEKLY MAINTENANCE CHECKLIST
https://form.asana.com/?k=jTp-bz9f-Np1TvF8ahkxpQ&d=1186399537984407",Hatchery Diesel Genset Weekly Maintenance Checklist,,,,Paul gaudia/jimmy tungol,"Feb 26, 2022",1 (375kVA Cummins Genset),,,
"1201853779636750",2022-02-19,2023-05-27,2023-05-27,Paul gaudia/jimmy tungol,Untitled section,,,,,,"Name of Maintenance Technician:
Paul gaudia/jimmy tungol

Email address:
Paulgaudia1615@gmail.com

DATE::
Feb 19, 2022

DIESEL GENERATOR SET #:
1 (375kVA Cummins Genset)

LUBRICATION- Check for leaks:
OKAY

If not okay, explain why and identify the problem. (LUBRICATION- Check for leaks):
N/A

Corrective Action Taken::
N/A

LUBRICATION- Check for oil level:
OKAY

If not okay, explain why and identify the problem. (LUBRICATION- Check for oil level):
N/A

Corrective Action Taken::
N/A

COOLING SYSTEM -Check for leaks:
OKAY

If not okay, explain why and identify the problem. (COOLING SYSTEM -Check for leaks):
N/A

Corrective Action Taken:
N/A

COOLING SYSTEM -Check for radiator restriction:
OKAY

If not okay, explain why and identify the problem. (COOLING SYSTEM -Check for radiator restriction):
N/A

Corrective Action Taken::
N/A

COOLING SYSTEM -Check for hose and connections:
OKAY

If not okay, explain why and identify the problem. (COOLING SYSTEM -Check for hose and connections):
N/A

Corrective Action Taken:
N/A

COOLING SYSTEM -Coolant level:
OKAY

If not okay, explain why and identify the problem. (COOLING SYSTEM -Coolant level):
N/A

Corrective Action Taken::
N/A

COOLING SYSTEM - Belt condition and tension:
OKAY

If not okay, explain why and identify the problem. (COOLING SYSTEM - Belt condition and tension):
N/A

Corrective Action Taken::
N/A

FUEL - Check for leaks:
OKAY

If not okay, explain why and identify the problem. (FUEL - Check for leaks):
N/A

Corrective Action Taken::
N/A

AIR IN-TAKE (Check for leaks):
OKAY

If not okay, explain why and identify the problem. (AIR IN-TAKE :Check for leaks):
N/A

Corrective Action Taken::
N/A

AIR IN-TAKE (Check for air cleaner restriction):
OKAY

If not okay, explain why and identify the problem. (AIR IN-TAKE (Check for air cleaner restriction):
N/A

Corrective Action Taken::
N/A

EXHAUST- Check for leaks:
OKAY

If not okay, explain why and identify the problem. (EXHAUST- Check for leaks):
N/A

Corrective Action Taken::
N/A

ENGINE RELATED - Check for unusual vibration:
OKAY

If not okay, explain why and identify the problem. (ENGINE RELATED - Check for unusual vibration):
N/A

Corrective Action Taken::
N/A

MAIN GENERATOR - Check for air inlet and outlet from restrictions:
OKAY

If not okay, explain why and identify the problem. (MAIN GENERATOR - Check for air inlet and outlet from restrictions):
N/A

Corrective Action Taken::
N/A

MAIN GENERATOR - Check for windings and electrical connections:
OKAY

If not okay, explain why and identify the problem. (MAIN GENERATOR - Check for windings and electrical connections):
N/A

Corrective Action Taken::
N/A

SWITCH GEAR - Check power distribution wiring and connections:
OKAY

If not okay, explain why and identify the problem. (SWITCH GEAR - Check power distribution wiring and connections):
N/A

Corrective Action Taken::
N/A

Actual test run for 1hr with load.:
OKAY

Indicate the time start and end time of the actual test run conducted.:
381.95hrs

Previous reading of running time::
381.95hrs

Present reading of running time::
381.95hrs

Indicate the three (3) line voltages (V) reading::
239v

Indicate the three (3) line amperes (A) reading::
N/A

Indicate the hertz (Hz) reading::
59.99hz

Indicate the oil pressure reading (kPa)::
543.3kpa

Indicate the oil temperature (°F)::
53'c

Indicate running condition::
Normal

Notes and other concerns::
N/A

———————————————
This task was submitted through HATCHERY DIESEL GENERATOR WEEKLY MAINTENANCE CHECKLIST
https://form.asana.com/?k=jTp-bz9f-Np1TvF8ahkxpQ&d=1186399537984407",Hatchery Diesel Genset Weekly Maintenance Checklist,,,,Paul gaudia/jimmy tungol,"Feb 19, 2022",1 (375kVA Cummins Genset),,,
"1201809734859180",2022-02-12,2023-05-27,2023-05-27,Paul gaudia /jimmy tongul,Untitled section,,,,,,"Name of Maintenance Technician:
Paul gaudia /jimmy tongul

Email address:
Paulgaudia1615@gmail.com

DATE::
Feb 12, 2022

DIESEL GENERATOR SET #:
2 (275kVA Camda Genset)

LUBRICATION- Check for leaks:
OKAY

If not okay, explain why and identify the problem. (LUBRICATION- Check for leaks):
N/A

Corrective Action Taken::
N/A

LUBRICATION- Check for oil level:
OKAY

If not okay, explain why and identify the problem. (LUBRICATION- Check for oil level):
N/A

Corrective Action Taken::
N/A

COOLING SYSTEM -Check for leaks:
OKAY

If not okay, explain why and identify the problem. (COOLING SYSTEM -Check for leaks):
N/A

Corrective Action Taken:
N/A

COOLING SYSTEM -Check for radiator restriction:
OKAY

If not okay, explain why and identify the problem. (COOLING SYSTEM -Check for radiator restriction):
N/A

Corrective Action Taken::
N/A

COOLING SYSTEM -Check for hose and connections:
OKAY

If not okay, explain why and identify the problem. (COOLING SYSTEM -Check for hose and connections):
N/A

Corrective Action Taken:
N/A

COOLING SYSTEM -Coolant level:
OKAY

If not okay, explain why and identify the problem. (COOLING SYSTEM -Coolant level):
N/A

Corrective Action Taken::
N/A

COOLING SYSTEM - Belt condition and tension:
OKAY

If not okay, explain why and identify the problem. (COOLING SYSTEM - Belt condition and tension):
N/A

Corrective Action Taken::
N/A

FUEL - Check for leaks:
OKAY

If not okay, explain why and identify the problem. (FUEL - Check for leaks):
N/A

Corrective Action Taken::
N/A

AIR IN-TAKE (Check for leaks):
OKAY

If not okay, explain why and identify the problem. (AIR IN-TAKE :Check for leaks):
N/A

Corrective Action Taken::
N/A

AIR IN-TAKE (Check for air cleaner restriction):
OKAY

If not okay, explain why and identify the problem. (AIR IN-TAKE (Check for air cleaner restriction):
N/A

Corrective Action Taken::
N/A

EXHAUST- Check for leaks:
OKAY

If not okay, explain why and identify the problem. (EXHAUST- Check for leaks):
N/A

Corrective Action Taken::
N/A

ENGINE RELATED - Check for unusual vibration:
OKAY

If not okay, explain why and identify the problem. (ENGINE RELATED - Check for unusual vibration):
N/A

Corrective Action Taken::
N/A

MAIN GENERATOR - Check for air inlet and outlet from restrictions:
OKAY

If not okay, explain why and identify the problem. (MAIN GENERATOR - Check for air inlet and outlet from restrictions):
N/A

Corrective Action Taken::
N/A

MAIN GENERATOR - Check for windings and electrical connections:
OKAY

If not okay, explain why and identify the problem. (MAIN GENERATOR - Check for windings and electrical connections):
N/A

Corrective Action Taken::
N/A

SWITCH GEAR - Check power distribution wiring and connections:
OKAY

If not okay, explain why and identify the problem. (SWITCH GEAR - Check power distribution wiring and connections):
N/A

Corrective Action Taken::
N/A

Actual test run for 1hr with load.:
OKAY

Indicate the time start and end time of the actual test run conducted.:
N/A

Previous reading of running time::
604.3 hrs

Present reading of running time::
604.3 hrs

Indicate the three (3) line voltages (V) reading::
230v

Indicate the three (3) line amperes (A) reading::
230v

Indicate the hertz (Hz) reading::
F=60.2Hz

Indicate the oil pressure reading (kPa)::
N/A

Indicate the oil temperature (°F)::
56'C

Indicate running condition::
Normal

Notes and other concerns::
N/A

———————————————
This task was submitted through HATCHERY DIESEL GENERATOR WEEKLY MAINTENANCE CHECKLIST
https://form.asana.com/?k=jTp-bz9f-Np1TvF8ahkxpQ&d=1186399537984407",Hatchery Diesel Genset Weekly Maintenance Checklist,,,,Paul gaudia /jimmy tongul,"Feb 12, 2022",2 (275kVA Camda Genset),,,
"1201773606279320",2022-02-05,2023-05-27,2023-05-27,paul gaudia/jimmy tungol,Untitled section,,,,,,"Name of Maintenance Technician:
paul gaudia/jimmy tungol

Email address:
paulgaudia1615@gmail.com

DATE::
Feb 5, 2022

DIESEL GENERATOR SET #:
1 (375kVA Cummins Genset)

LUBRICATION- Check for leaks:
OKAY

If not okay, explain why and identify the problem. (LUBRICATION- Check for leaks):
N/A

Corrective Action Taken::
Ok

LUBRICATION- Check for oil level:
OKAY

If not okay, explain why and identify the problem. (LUBRICATION- Check for oil level):
Ok

Corrective Action Taken::
Ok

COOLING SYSTEM -Check for leaks:
OKAY

If not okay, explain why and identify the problem. (COOLING SYSTEM -Check for leaks):
N/A

Corrective Action Taken:
N/A

COOLING SYSTEM -Check for radiator restriction:
OKAY

If not okay, explain why and identify the problem. (COOLING SYSTEM -Check for radiator restriction):
N/A

Corrective Action Taken::
N/A

COOLING SYSTEM -Check for hose and connections:
OKAY

If not okay, explain why and identify the problem. (COOLING SYSTEM -Check for hose and connections):
N/A

Corrective Action Taken:
N/A

COOLING SYSTEM -Coolant level:
OKAY

If not okay, explain why and identify the problem. (COOLING SYSTEM -Coolant level):
N/A

Corrective Action Taken::
N/A

COOLING SYSTEM - Belt condition and tension:
OKAY

If not okay, explain why and identify the problem. (COOLING SYSTEM - Belt condition and tension):
N/A

Corrective Action Taken::
N/A

FUEL - Check for leaks:
OKAY

If not okay, explain why and identify the problem. (FUEL - Check for leaks):
N/A

Corrective Action Taken::
N/A

AIR IN-TAKE (Check for leaks):
OKAY

If not okay, explain why and identify the problem. (AIR IN-TAKE :Check for leaks):
N/A

Corrective Action Taken::
N/A

AIR IN-TAKE (Check for air cleaner restriction):
OKAY

If not okay, explain why and identify the problem. (AIR IN-TAKE (Check for air cleaner restriction):
N/A

Corrective Action Taken::
N/A

EXHAUST- Check for leaks:
OKAY

If not okay, explain why and identify the problem. (EXHAUST- Check for leaks):
N/A

Corrective Action Taken::
N/A

ENGINE RELATED - Check for unusual vibration:
OKAY

If not okay, explain why and identify the problem. (ENGINE RELATED - Check for unusual vibration):
N/A

Corrective Action Taken::
N/A

MAIN GENERATOR - Check for air inlet and outlet from restrictions:
OKAY

If not okay, explain why and identify the problem. (MAIN GENERATOR - Check for air inlet and outlet from restrictions):
N/A

Corrective Action Taken::
N/A

MAIN GENERATOR - Check for windings and electrical connections:
OKAY

If not okay, explain why and identify the problem. (MAIN GENERATOR - Check for windings and electrical connections):
N/A

Corrective Action Taken::
N/A

SWITCH GEAR - Check power distribution wiring and connections:
OKAY

If not okay, explain why and identify the problem. (SWITCH GEAR - Check power distribution wiring and connections):
N/A

Corrective Action Taken::
N/A

Actual test run for 1hr with load.:
OKAY

Indicate the time start and end time of the actual test run conducted.:
380.45hrs

Previous reading of running time::
380.45hrs

Present reading of running time::
380.45hrs

Indicate the three (3) line voltages (V) reading::
239v

Indicate the three (3) line amperes (A) reading::
239V

Indicate the hertz (Hz) reading::
59.98hz

Indicate the oil pressure reading (kPa)::
563.3kpa

Indicate the oil temperature (°F)::
44'C

Indicate running condition::
Normal

Notes and other concerns::
Ok

———————————————
This task was submitted through HATCHERY DIESEL GENERATOR WEEKLY MAINTENANCE CHECKLIST
https://form.asana.com/?k=jTp-bz9f-Np1TvF8ahkxpQ&d=1186399537984407",Hatchery Diesel Genset Weekly Maintenance Checklist,,,,,,1 (375kVA Cummins Genset),,,
"1201713893802044",2022-01-25,2023-05-27,2023-05-27,paul gaudia,Untitled section,,,,,,"Name of Maintenance Technician:
paul gaudia

Email address:
paulgaudia1615@gmail.com

DATE::
Jan 25, 2022

DIESEL GENERATOR SET #:
1 (375kVA Cummins Genset)

LUBRICATION- Check for leaks:
OKAY

If not okay, explain why and identify the problem. (LUBRICATION- Check for leaks):
Ok

Corrective Action Taken::
N/A

LUBRICATION- Check for oil level:
OKAY

If not okay, explain why and identify the problem. (LUBRICATION- Check for oil level):
Ok

Corrective Action Taken::
N/A

COOLING SYSTEM -Check for leaks:
OKAY

If not okay, explain why and identify the problem. (COOLING SYSTEM -Check for leaks):
N/A

Corrective Action Taken:
N/A

COOLING SYSTEM -Check for radiator restriction:
OKAY

If not okay, explain why and identify the problem. (COOLING SYSTEM -Check for radiator restriction):
N/A

Corrective Action Taken::
N/A

COOLING SYSTEM -Check for hose and connections:
OKAY

If not okay, explain why and identify the problem. (COOLING SYSTEM -Check for hose and connections):
N/A

Corrective Action Taken:
N/A

COOLING SYSTEM -Coolant level:
OKAY

If not okay, explain why and identify the problem. (COOLING SYSTEM -Coolant level):
N/A

Corrective Action Taken::
N/A

COOLING SYSTEM - Belt condition and tension:
OKAY

If not okay, explain why and identify the problem. (COOLING SYSTEM - Belt condition and tension):
N/A

Corrective Action Taken::
N/A

FUEL - Check for leaks:
OKAY

If not okay, explain why and identify the problem. (FUEL - Check for leaks):
N/A

Corrective Action Taken::
N/A

AIR IN-TAKE (Check for leaks):
OKAY

If not okay, explain why and identify the problem. (AIR IN-TAKE :Check for leaks):
N/A

Corrective Action Taken::
N/A

AIR IN-TAKE (Check for air cleaner restriction):
OKAY

If not okay, explain why and identify the problem. (AIR IN-TAKE (Check for air cleaner restriction):
N/A

Corrective Action Taken::
N/A

EXHAUST- Check for leaks:
OKAY

If not okay, explain why and identify the problem. (EXHAUST- Check for leaks):
N/A

Corrective Action Taken::
N/A

ENGINE RELATED - Check for unusual vibration:
OKAY

If not okay, explain why and identify the problem. (ENGINE RELATED - Check for unusual vibration):
N/A

Corrective Action Taken::
N/A

MAIN GENERATOR - Check for air inlet and outlet from restrictions:
OKAY

If not okay, explain why and identify the problem. (MAIN GENERATOR - Check for air inlet and outlet from restrictions):
N/A

Corrective Action Taken::
N/A

MAIN GENERATOR - Check for windings and electrical connections:
OKAY

If not okay, explain why and identify the problem. (MAIN GENERATOR - Check for windings and electrical connections):
N/A

Corrective Action Taken::
N/A

SWITCH GEAR - Check power distribution wiring and connections:
OKAY

If not okay, explain why and identify the problem. (SWITCH GEAR - Check power distribution wiring and connections):
N/A

Corrective Action Taken::
N/A

Actual test run for 1hr with load.:
OKAY

Indicate the time start and end time of the actual test run conducted.:
3:00pm

Previous reading of running time::
379.70hrs

Present reading of running time::
379.70

Indicate the three (3) line voltages (V) reading::
239v

Indicate the three (3) line amperes (A) reading::
375.0

Indicate the hertz (Hz) reading::
59.99

Indicate the oil pressure reading (kPa)::
375.0

Indicate the oil temperature (°F)::
Ok

Indicate running condition::
Normal

Notes and other concerns::
N/A

———————————————
This task was submitted through HATCHERY DIESEL GENERATOR WEEKLY MAINTENANCE CHECKLIST
https://form.asana.com/?k=jTp-bz9f-Np1TvF8ahkxpQ&d=1186399537984407",Hatchery Diesel Genset Weekly Maintenance Checklist,,,,,,1 (375kVA Cummins Genset),,,
"1201589193997330",2021-12-24,2023-05-27,2023-05-27,Jimmy Tungol/ Paul Gaudia,Untitled section,,,,,,"Name of Maintenance Technician:
Jimmy Tungol/ Paul Gaudia

Email address:
jtungol.bfc@gmail.com

DATE::
Dec 23, 2021

DIESEL GENERATOR SET #:
1 (375kVA Cummins Genset)

LUBRICATION- Check for leaks:
OKAY

If not okay, explain why and identify the problem. (LUBRICATION- Check for leaks):
n/a

Corrective Action Taken::
n/a

LUBRICATION- Check for oil level:
OKAY

If not okay, explain why and identify the problem. (LUBRICATION- Check for oil level):
need for change oil

Corrective Action Taken::
with PR, waiting for filter

COOLING SYSTEM -Check for leaks:
OKAY

If not okay, explain why and identify the problem. (COOLING SYSTEM -Check for leaks):
n/a

Corrective Action Taken:
n/a

COOLING SYSTEM -Check for radiator restriction:
OKAY

If not okay, explain why and identify the problem. (COOLING SYSTEM -Check for radiator restriction):
n/a

Corrective Action Taken::
n/a

COOLING SYSTEM -Check for hose and connections:
OKAY

If not okay, explain why and identify the problem. (COOLING SYSTEM -Check for hose and connections):
n/a

Corrective Action Taken:
n/a

COOLING SYSTEM -Coolant level:
NOT OKAY

If not okay, explain why and identify the problem. (COOLING SYSTEM -Coolant level):
for additional

Corrective Action Taken::
with PR, waiting for coolant

COOLING SYSTEM - Belt condition and tension:
OKAY

If not okay, explain why and identify the problem. (COOLING SYSTEM - Belt condition and tension):
n/a

Corrective Action Taken::
n/a

FUEL - Check for leaks:
OKAY

If not okay, explain why and identify the problem. (FUEL - Check for leaks):
n/a

Corrective Action Taken::
n/a

AIR IN-TAKE (Check for leaks):
OKAY

If not okay, explain why and identify the problem. (AIR IN-TAKE :Check for leaks):
n/a

Corrective Action Taken::
n/a

AIR IN-TAKE (Check for air cleaner restriction):
OKAY

If not okay, explain why and identify the problem. (AIR IN-TAKE (Check for air cleaner restriction):
n/a

Corrective Action Taken::
n/a

EXHAUST- Check for leaks:
OKAY

If not okay, explain why and identify the problem. (EXHAUST- Check for leaks):
n/a

Corrective Action Taken::
n/a

ENGINE RELATED - Check for unusual vibration:
OKAY

If not okay, explain why and identify the problem. (ENGINE RELATED - Check for unusual vibration):
n/a

Corrective Action Taken::
n/a

MAIN GENERATOR - Check for air inlet and outlet from restrictions:
OKAY

If not okay, explain why and identify the problem. (MAIN GENERATOR - Check for air inlet and outlet from restrictions):
n/a

Corrective Action Taken::
n/a

MAIN GENERATOR - Check for windings and electrical connections:
OKAY

If not okay, explain why and identify the problem. (MAIN GENERATOR - Check for windings and electrical connections):
n/a

Corrective Action Taken::
n/a

SWITCH GEAR - Check power distribution wiring and connections:
OKAY

If not okay, explain why and identify the problem. (SWITCH GEAR - Check power distribution wiring and connections):
n/a

Corrective Action Taken::
n/a

Actual test run for 1hr with load.:
OKAY

Indicate the time start and end time of the actual test run conducted.:
2pm to 2 15pm

Previous reading of running time::
378.85

Present reading of running time::
378.9

Indicate the three (3) line voltages (V) reading::
239 V

Indicate the three (3) line amperes (A) reading::
300 A

Indicate the hertz (Hz) reading::
60.2 Hz

Indicate the oil pressure reading (kPa)::
559.8 kpa

Indicate the oil temperature (°F)::
38 C

Indicate running condition::
Normal

Notes and other concerns::
none

———————————————
This task was submitted through HATCHERY DIESEL GENERATOR WEEKLY MAINTENANCE CHECKLIST
https://form.asana.com/?k=jTp-bz9f-Np1TvF8ahkxpQ&d=1186399537984407",Hatchery Diesel Genset Weekly Maintenance Checklist,,,,,,1 (375kVA Cummins Genset),,,
"1201478941581242",2021-12-07,2023-05-27,2023-05-27,Jimmy Tungol/ Paul Gaudia,Untitled section,,,,,,"Name of Maintenance Technician:
Jimmy Tungol/ Paul Gaudia

Email address:
jtungol.bfc@gmail.com

DATE::
Dec 7, 2021

DIESEL GENERATOR SET #:
2 (275kVA Camda Genset)

LUBRICATION- Check for leaks:
OKAY

If not okay, explain why and identify the problem. (LUBRICATION- Check for leaks):
n/a

Corrective Action Taken::
cleaning

LUBRICATION- Check for oil level:
OKAY

If not okay, explain why and identify the problem. (LUBRICATION- Check for oil level):
n/a

Corrective Action Taken::
for change oil

COOLING SYSTEM -Check for leaks:
NOT OKAY

If not okay, explain why and identify the problem. (COOLING SYSTEM -Check for leaks):
no cooling system, manually water pouring at radiator

Corrective Action Taken:
n/a

COOLING SYSTEM -Check for radiator restriction:
NOT OKAY

If not okay, explain why and identify the problem. (COOLING SYSTEM -Check for radiator restriction):
corroded due to rust

Corrective Action Taken::
for PR for service repair

COOLING SYSTEM -Check for hose and connections:
OKAY

If not okay, explain why and identify the problem. (COOLING SYSTEM -Check for hose and connections):
n/a

Corrective Action Taken:
n/a

COOLING SYSTEM -Coolant level:
NOT OKAY

If not okay, explain why and identify the problem. (COOLING SYSTEM -Coolant level):
no cooling system

Corrective Action Taken::
for PR service

COOLING SYSTEM - Belt condition and tension:
OKAY

If not okay, explain why and identify the problem. (COOLING SYSTEM - Belt condition and tension):
n/a

Corrective Action Taken::
n/a

FUEL - Check for leaks:
OKAY

If not okay, explain why and identify the problem. (FUEL - Check for leaks):
n/a

Corrective Action Taken::
n/a

AIR IN-TAKE (Check for leaks):
OKAY

If not okay, explain why and identify the problem. (AIR IN-TAKE :Check for leaks):
n/a

Corrective Action Taken::
n/a

AIR IN-TAKE (Check for air cleaner restriction):
OKAY

If not okay, explain why and identify the problem. (AIR IN-TAKE (Check for air cleaner restriction):
n/a

Corrective Action Taken::
cleaned

EXHAUST- Check for leaks:
OKAY

If not okay, explain why and identify the problem. (EXHAUST- Check for leaks):
n/a

Corrective Action Taken::
n/a

ENGINE RELATED - Check for unusual vibration:
OKAY

If not okay, explain why and identify the problem. (ENGINE RELATED - Check for unusual vibration):
n/a

Corrective Action Taken::
n/a

MAIN GENERATOR - Check for air inlet and outlet from restrictions:
OKAY

If not okay, explain why and identify the problem. (MAIN GENERATOR - Check for air inlet and outlet from restrictions):
no air inlet and outlet

Corrective Action Taken::
n/a

MAIN GENERATOR - Check for windings and electrical connections:
OKAY

If not okay, explain why and identify the problem. (MAIN GENERATOR - Check for windings and electrical connections):
n/a

Corrective Action Taken::
n/a

SWITCH GEAR - Check power distribution wiring and connections:
OKAY

If not okay, explain why and identify the problem. (SWITCH GEAR - Check power distribution wiring and connections):
n/a

Corrective Action Taken::
n/a

Actual test run for 1hr with load.:
OKAY

Indicate the time start and end time of the actual test run conducted.:
3:12pm

Previous reading of running time::
603.8 hrs

Present reading of running time::
603.85 hrs

Indicate the three (3) line voltages (V) reading::
230V

Indicate the three (3) line amperes (A) reading::
200A

Indicate the hertz (Hz) reading::
60.2 Hz

Indicate the oil pressure reading (kPa)::
5.6 Bar

Indicate the oil temperature (°F)::
54 c

Indicate running condition::
Normal

Notes and other concerns::
for PR for radiator service and change oil

———————————————
This task was submitted through HATCHERY DIESEL GENERATOR WEEKLY MAINTENANCE CHECKLIST
https://form.asana.com/?k=jTp-bz9f-Np1TvF8ahkxpQ&d=1186399537984407",Hatchery Diesel Genset Weekly Maintenance Checklist,,,,,,2 (275kVA Camda Genset),,,
"1201478069978946",2021-12-07,2023-05-27,2023-05-27,Jimmy Tungol/ Paul Gaudia,Untitled section,,,,,,"Name of Maintenance Technician:
Jimmy Tungol/ Paul Gaudia

Email address:
jtungol.bfc@gmail.com

DATE::
Dec 7, 2021

DIESEL GENERATOR SET #:
1 (375kVA Cummins Genset)

LUBRICATION- Check for leaks:
OKAY

If not okay, explain why and identify the problem. (LUBRICATION- Check for leaks):
n/a

Corrective Action Taken::
n/a

LUBRICATION- Check for oil level:
OKAY

If not okay, explain why and identify the problem. (LUBRICATION- Check for oil level):
n/a

Corrective Action Taken::
n/a

COOLING SYSTEM -Check for leaks:
OKAY

If not okay, explain why and identify the problem. (COOLING SYSTEM -Check for leaks):
n/a

Corrective Action Taken:
for PR of additional coolant

COOLING SYSTEM -Check for radiator restriction:
OKAY

If not okay, explain why and identify the problem. (COOLING SYSTEM -Check for radiator restriction):
n/a

Corrective Action Taken::
n/a

COOLING SYSTEM -Check for hose and connections:
OKAY

If not okay, explain why and identify the problem. (COOLING SYSTEM -Check for hose and connections):
n/a

Corrective Action Taken:
n/a

COOLING SYSTEM -Coolant level:
OKAY

If not okay, explain why and identify the problem. (COOLING SYSTEM -Coolant level):
n/a

Corrective Action Taken::
for PR of addituinal coolant

COOLING SYSTEM - Belt condition and tension:
OKAY

If not okay, explain why and identify the problem. (COOLING SYSTEM - Belt condition and tension):
n/a

Corrective Action Taken::
n/a

FUEL - Check for leaks:
OKAY

If not okay, explain why and identify the problem. (FUEL - Check for leaks):
n/a

Corrective Action Taken::
n/a

AIR IN-TAKE (Check for leaks):
OKAY

If not okay, explain why and identify the problem. (AIR IN-TAKE :Check for leaks):
n/a

Corrective Action Taken::
n/a

AIR IN-TAKE (Check for air cleaner restriction):
OKAY

If not okay, explain why and identify the problem. (AIR IN-TAKE (Check for air cleaner restriction):
n/a

Corrective Action Taken::
cleaning

EXHAUST- Check for leaks:
OKAY

If not okay, explain why and identify the problem. (EXHAUST- Check for leaks):
n/a

Corrective Action Taken::
n/a

ENGINE RELATED - Check for unusual vibration:
OKAY

If not okay, explain why and identify the problem. (ENGINE RELATED - Check for unusual vibration):
n/a

Corrective Action Taken::
n/a

MAIN GENERATOR - Check for air inlet and outlet from restrictions:
OKAY

If not okay, explain why and identify the problem. (MAIN GENERATOR - Check for air inlet and outlet from restrictions):
n/a

Corrective Action Taken::
n/a

MAIN GENERATOR - Check for windings and electrical connections:
OKAY

If not okay, explain why and identify the problem. (MAIN GENERATOR - Check for windings and electrical connections):
n/a

Corrective Action Taken::
n/a

SWITCH GEAR - Check power distribution wiring and connections:
OKAY

If not okay, explain why and identify the problem. (SWITCH GEAR - Check power distribution wiring and connections):
n/a

Corrective Action Taken::
n/a

Actual test run for 1hr with load.:
OKAY

Indicate the time start and end time of the actual test run conducted.:
10:07am

Previous reading of running time::
378.80 hrs

Present reading of running time::
378.85 hrs

Indicate the three (3) line voltages (V) reading::
239 V

Indicate the three (3) line amperes (A) reading::
300 A

Indicate the hertz (Hz) reading::
59.99 Hz

Indicate the oil pressure reading (kPa)::
519.8 kPAa

Indicate the oil temperature (°F)::
59 c

Indicate running condition::
Normal

Notes and other concerns::
waiting for delo oil for change oil
for PR of additional coolant


———————————————
This task was submitted through HATCHERY DIESEL GENERATOR WEEKLY MAINTENANCE CHECKLIST
https://form.asana.com/?k=jTp-bz9f-Np1TvF8ahkxpQ&d=1186399537984407",Hatchery Diesel Genset Weekly Maintenance Checklist,,,,,,1 (375kVA Cummins Genset),,,
"1201351302467430",2021-11-10,2023-05-27,2023-05-27,Bernardo Tiamson,Untitled section,,,,,,"Name of Maintenance Technician:
Bernardo Tiamson

Email address:
btiamson@gmail.com

DATE::
Nov 10, 2021

DIESEL GENERATOR SET #:
2 (275kVA Camda Genset)

LUBRICATION- Check for leaks:
NOT OKAY

If not okay, explain why and identify the problem. (LUBRICATION- Check for leaks):
with leak

Corrective Action Taken::
for schedule on pipe replacement

LUBRICATION- Check for oil level:
OKAY

If not okay, explain why and identify the problem. (LUBRICATION- Check for oil level):
n/a

Corrective Action Taken::
n/a

COOLING SYSTEM -Check for leaks:
NOT OKAY

If not okay, explain why and identify the problem. (COOLING SYSTEM -Check for leaks):
no cooling system, manually water pouring at radiator

Corrective Action Taken:
for achedule on water pipe or water hose installation

COOLING SYSTEM -Check for radiator restriction:
OKAY

If not okay, explain why and identify the problem. (COOLING SYSTEM -Check for radiator restriction):
n/a

Corrective Action Taken::
n/a

COOLING SYSTEM -Check for hose and connections:
NOT OKAY

If not okay, explain why and identify the problem. (COOLING SYSTEM -Check for hose and connections):
with leakage

Corrective Action Taken:
for schedule on repair

COOLING SYSTEM -Coolant level:
NOT OKAY

If not okay, explain why and identify the problem. (COOLING SYSTEM -Coolant level):
no cooling system

Corrective Action Taken::
for pipe or water hose installation

COOLING SYSTEM - Belt condition and tension:
OKAY

If not okay, explain why and identify the problem. (COOLING SYSTEM - Belt condition and tension):
n/a

Corrective Action Taken::
n/a

FUEL - Check for leaks:
OKAY

If not okay, explain why and identify the problem. (FUEL - Check for leaks):
n/a

Corrective Action Taken::
n/a

AIR IN-TAKE (Check for leaks):
OKAY

If not okay, explain why and identify the problem. (AIR IN-TAKE :Check for leaks):
n/a

Corrective Action Taken::
for cleaning

AIR IN-TAKE (Check for air cleaner restriction):
OKAY

If not okay, explain why and identify the problem. (AIR IN-TAKE (Check for air cleaner restriction):
n/a

Corrective Action Taken::
n/a

EXHAUST- Check for leaks:
OKAY

If not okay, explain why and identify the problem. (EXHAUST- Check for leaks):
n/a

Corrective Action Taken::
n/a

ENGINE RELATED - Check for unusual vibration:
OKAY

If not okay, explain why and identify the problem. (ENGINE RELATED - Check for unusual vibration):
n/a

Corrective Action Taken::
n/a

MAIN GENERATOR - Check for air inlet and outlet from restrictions:
OKAY

If not okay, explain why and identify the problem. (MAIN GENERATOR - Check for air inlet and outlet from restrictions):
n/a

Corrective Action Taken::
n/a

MAIN GENERATOR - Check for windings and electrical connections:
OKAY

If not okay, explain why and identify the problem. (MAIN GENERATOR - Check for windings and electrical connections):
n/a

Corrective Action Taken::
n/a

SWITCH GEAR - Check power distribution wiring and connections:
OKAY

If not okay, explain why and identify the problem. (SWITCH GEAR - Check power distribution wiring and connections):
n/a

Corrective Action Taken::
n/a

Actual test run for 1hr with load.:
OKAY

Indicate the time start and end time of the actual test run conducted.:
3pm - 3:15pm only

Previous reading of running time::
n/a

Present reading of running time::
n/a

Indicate the three (3) line voltages (V) reading::
230V

Indicate the three (3) line amperes (A) reading::
200A

Indicate the hertz (Hz) reading::
60.2 Hz

Indicate the oil pressure reading (kPa)::
5.6 Bar

Indicate the oil temperature (°F)::
51 C

Indicate running condition::
Normal

Notes and other concerns::
Follow up on PMS with request to purchasing

———————————————
This task was submitted through HATCHERY DIESEL GENERATOR WEEKLY MAINTENANCE CHECKLIST
https://form.asana.com/?k=jTp-bz9f-Np1TvF8ahkxpQ&d=1186399537984407",Hatchery Diesel Genset Weekly Maintenance Checklist,,,,,,2 (275kVA Camda Genset),,,
"1201351173596493",2021-11-10,2023-05-27,2023-05-27,Bernardo Tiamson,Untitled section,,,,,,"Name of Maintenance Technician:
Bernardo Tiamson

Email address:
btiamson@gmail.com

DATE::
Nov 10, 2021

DIESEL GENERATOR SET #:
1 (375kVA Cummins Genset)

LUBRICATION- Check for leaks:
OKAY

If not okay, explain why and identify the problem. (LUBRICATION- Check for leaks):
n/a

Corrective Action Taken::
n/a

LUBRICATION- Check for oil level:
OKAY

If not okay, explain why and identify the problem. (LUBRICATION- Check for oil level):
full

Corrective Action Taken::
n/a

COOLING SYSTEM -Check for leaks:
OKAY

If not okay, explain why and identify the problem. (COOLING SYSTEM -Check for leaks):
n/a

Corrective Action Taken:
n/a

COOLING SYSTEM -Check for radiator restriction:
OKAY

If not okay, explain why and identify the problem. (COOLING SYSTEM -Check for radiator restriction):
n/a

Corrective Action Taken::
n/a

COOLING SYSTEM -Check for hose and connections:
OKAY

If not okay, explain why and identify the problem. (COOLING SYSTEM -Check for hose and connections):
n/a

Corrective Action Taken:
n/a

COOLING SYSTEM -Coolant level:
OKAY

If not okay, explain why and identify the problem. (COOLING SYSTEM -Coolant level):
n/a

Corrective Action Taken::
n/a

COOLING SYSTEM - Belt condition and tension:
OKAY

If not okay, explain why and identify the problem. (COOLING SYSTEM - Belt condition and tension):
n/a

Corrective Action Taken::
n/a

FUEL - Check for leaks:
OKAY

If not okay, explain why and identify the problem. (FUEL - Check for leaks):
n/a

Corrective Action Taken::
n/a

AIR IN-TAKE (Check for leaks):
OKAY

If not okay, explain why and identify the problem. (AIR IN-TAKE :Check for leaks):
n/a

Corrective Action Taken::
n/a

AIR IN-TAKE (Check for air cleaner restriction):
OKAY

If not okay, explain why and identify the problem. (AIR IN-TAKE (Check for air cleaner restriction):
n/a

Corrective Action Taken::
n/a

EXHAUST- Check for leaks:
OKAY

If not okay, explain why and identify the problem. (EXHAUST- Check for leaks):
n/a

Corrective Action Taken::
n/a

ENGINE RELATED - Check for unusual vibration:
OKAY

If not okay, explain why and identify the problem. (ENGINE RELATED - Check for unusual vibration):
n/a

Corrective Action Taken::
n/a

MAIN GENERATOR - Check for air inlet and outlet from restrictions:
OKAY

If not okay, explain why and identify the problem. (MAIN GENERATOR - Check for air inlet and outlet from restrictions):
n/a

Corrective Action Taken::
n/a

MAIN GENERATOR - Check for windings and electrical connections:
OKAY

If not okay, explain why and identify the problem. (MAIN GENERATOR - Check for windings and electrical connections):
n/a

Corrective Action Taken::
n/a

SWITCH GEAR - Check power distribution wiring and connections:
OKAY

If not okay, explain why and identify the problem. (SWITCH GEAR - Check power distribution wiring and connections):
n/a

Corrective Action Taken::
n/a

Actual test run for 1hr with load.:
OKAY


Previous reading of running time::
363.60 hrs

Present reading of running time::
364.00 hrs

Indicate the three (3) line voltages (V) reading::
239 V

Indicate the three (3) line amperes (A) reading::
300 A

Indicate the hertz (Hz) reading::
60 Hz

Indicate the oil pressure reading (kPa)::
467.4 kPa

Indicate the oil temperature (°F)::
76 C

Indicate running condition::
Normal

Notes and other concerns::
follow up on Preventive Maintenance Schedule, already requested

———————————————
This task was submitted through HATCHERY DIESEL GENERATOR WEEKLY MAINTENANCE CHECKLIST
https://form.asana.com/?k=jTp-bz9f-Np1TvF8ahkxpQ&d=1186399537984407",Hatchery Diesel Genset Weekly Maintenance Checklist,,,,,,1 (375kVA Cummins Genset),,,
"1201350192054866",2021-11-10,,2021-11-10,Sample,GENSET #1 (375kVA Cummins Generator),,,,,,,Hatchery Diesel Genset Weekly Maintenance Checklist,,,,,,,,,