Task ID,Created At,Completed At,Last Modified,Name,Section/Column,Assignee,Assignee Email,Start Date,Due Date,Tags,Notes,Projects,Parent task,Blocked By (Dependencies),Blocking (Dependencies),Hatchery Man,Date Submitted,Shift,Time Started,Incubator 1 Machine Temp. reading / Calibrator Temp. reading,Incubator 1 Humidity reading,Incubator 2 Machine Temp. reading / Calibrator Temp. reading,Incubator 2 Humidity reading,Incubator 3 Machine Temp. reading / Calibrator Temp. reading,Incubator 3 Humidity reading,Incubator 4 Machine Temp. reading / Calibrator Temp. reading,Incubator 4 Humidity reading,Incubator 5 Machine Temp. reading / Calibrator Temp. reading,Incubator 5 Humidity reading,Incubator 6 Machine Temp. reading / Calibrator Temp. reading,Incubator 6 Humidity reading,Incubator 7 Machine Temp. reading / Calibrator Temp. reading,Incubator 7 Humidity reading,Incubator 8 Machine Temp. reading / Calibrator Temp. reading,Incubator 8 Humidity reading,Incubator 9 Machine Temp. reading / Calibrator Temp. reading,Incubator 9 Humidity reading,Incubator 10 Machine Temp. reading / Calibrator Temp. reading,Incubator 10 Humidity reading,Corrective action,Approver on machine temperature adjustment,Time finished
"1213825471231766",2026-03-27,,2026-03-27,INCUBATOR TEMPERATURE CALIBRATION submission,Untitled section,,,,,,"Hatcheryman:
Rodel Marimla

Date:
Mar 27, 2026

Shift:
1st

Time started:
7am

Incubator 1 Machine Temp. reading / Calibrator Temp. reading:
99.8 / 99.8

Incubator 1 Humidity reading:
99.8

Incubator 2 Machine Temp. reading / Calibrator Temp. reading:
99.3 / 99.3

Incubator 2 Humidity reading:
99.3

Incubator 3 Machine Temp. reading / Calibrator Temp. reading:
99.3 / 99.3

Incubator 3 Humidity reading:
99.3

Incubator 4 Machine Temp. reading / Calibrator Temp. reading:
99.5  / 99.5

Incubator 4 Humidity reading:
99.5

Incubator 5 Machine Temp. reading / Calibrator Temp. reading:
99.5 / 99.5

Incubator 5 Humidity reading:
99.5

Incubator 6 Machine Temp. reading / Calibrator Temp. reading:
0

Incubator 6 Humidity reading:
0

Incubator 7 Machine Temp. reading / Calibrator Temp. reading:
100.0  / 100.0

Incubator 7 Humidity reading:
100.19

Incubator 8 Machine Temp. reading / Calibrator Temp. reading:
0

Incubator 8 Humidity reading:
0

Incubator 9 Machine Temp. reading / Calibrator Temp. reading:
0

Incubator 9 Humidity reading:
0

Incubator 10 Machine Temp. reading / Calibrator Temp. reading:
0

Incubator 10 Humidity reading:
0

Corrective action taken for un-match machine and calibrator temperature reading after 30 minutes of checking:
N/a

Approver on machine temperature adjustment:
N/A

Time finished:
7:40am

———————————————
This task was submitted through INCUBATOR TEMPERATURE CALIBRATION
https://form.asana.com/?k=-OgqMf660KEFQdcn3Wkysw&d=1186399537984407",INCUBATOR TEMPERATURE CALIBRATION,,,,Rodel Marimla,"Mar 27, 2026",1st,7am,99.8 / 99.8,99.8,99.3 / 99.3,99.3,99.3 / 99.3,99.3,99.5  / 99.5,99.5,99.5 / 99.5,99.5,0,0,100.0  / 100.0,100.19,0,0,0,0,0,0,N/a,N/A,7:40am
"1213515324722821",2026-03-06,,2026-03-06,INCUBATOR TEMPERATURE CALIBRATION submission,Untitled section,,,,,,"Hatcheryman:
Peter Paul Alap-ap 

Date:
Mar 6, 2026

Shift:
2nd

Time started:
3:00 pm

Incubator 1 Machine Temp. reading / Calibrator Temp. reading:
Temp reading - 99.6 F, / calibrator 99.7 F

Incubator 1 Humidity reading:
99.6

Incubator 2 Machine Temp. reading / Calibrator Temp. reading:
Temp reading - 99. 3 F. / calibrator 99.3 F. 

Incubator 2 Humidity reading:
99.3

Incubator 3 Machine Temp. reading / Calibrator Temp. reading:
Temp reading - 99.5 F. / calibrator - 99.4 F. 

Incubator 3 Humidity reading:
99.4

Incubator 4 Machine Temp. reading / Calibrator Temp. reading:
Temp reading - 99.4 F. Calibrator 99.3 F

Incubator 4 Humidity reading:
99.5

Incubator 5 Machine Temp. reading / Calibrator Temp. reading:
Temp. - 99.3F / calibrator 99.4 F

Incubator 5 Humidity reading:
99.3

Incubator 6 Machine Temp. reading / Calibrator Temp. reading:
00

Incubator 6 Humidity reading:
00

Incubator 7 Machine Temp. reading / Calibrator Temp. reading:
00

Incubator 7 Humidity reading:
00

Incubator 8 Machine Temp. reading / Calibrator Temp. reading:
00

Incubator 8 Humidity reading:
00

Incubator 9 Machine Temp. reading / Calibrator Temp. reading:
Temp reading - 100.4/ calibrator 100.3 F. 

Incubator 9 Humidity reading:
00.3

Incubator 10 Machine Temp. reading / Calibrator Temp. reading:
00

Incubator 10 Humidity reading:
00

Corrective action taken for un-match machine and calibrator temperature reading after 30 minutes of checking:
N/A

Approver on machine temperature adjustment:
Jimmy Tungol and Sir Tony

Time finished:
3:30 p.m

———————————————
This task was submitted through INCUBATOR TEMPERATURE CALIBRATION
https://form.asana.com/?k=-OgqMf660KEFQdcn3Wkysw&d=1186399537984407",INCUBATOR TEMPERATURE CALIBRATION,,,,Peter Paul Alap-ap ,"Mar 6, 2026",2nd,3:00 pm,"Temp reading - 99.6 F, / calibrator 99.7 F",99.6,Temp reading - 99. 3 F. / calibrator 99.3 F. ,99.3,Temp reading - 99.5 F. / calibrator - 99.4 F. ,99.4,Temp reading - 99.4 F. Calibrator 99.3 F,99.5,Temp. - 99.3F / calibrator 99.4 F,99.3,00,00,00,00,00,00,Temp reading - 100.4/ calibrator 100.3 F. ,00.3,00,00,N/A,Jimmy Tungol and Sir Tony,3:30 p.m
"1213466368719715",2026-02-27,,2026-02-27,INCUBATOR TEMPERATURE CALIBRATION submission,Untitled section,,,,,,"Hatcheryman:
Peter Paul Alap-ap 

Date:
Feb 27, 2026

Shift:
2nd

Time started:
3:00 pm

Incubator 1 Machine Temp. reading / Calibrator Temp. reading:
Temp reading - 99.6 F, / calibrator 99.6 F

Incubator 1 Humidity reading:
99.5

Incubator 2 Machine Temp. reading / Calibrator Temp. reading:
Temp reading - 99.4F. / calibrator 99.3 F. 

Incubator 2 Humidity reading:
99.3

Incubator 3 Machine Temp. reading / Calibrator Temp. reading:
Temp reading - 99.5 F. / calibrator - 99.5 F. 

Incubator 3 Humidity reading:
99.3

Incubator 4 Machine Temp. reading / Calibrator Temp. reading:
Temp reading - 99.4 F. Calibrator 99.3 F

Incubator 4 Humidity reading:
99.4

Incubator 5 Machine Temp. reading / Calibrator Temp. reading:
Temp. - 99.3  F / calibrator 99.3 F

Incubator 5 Humidity reading:
99.2

Incubator 6 Machine Temp. reading / Calibrator Temp. reading:
00

Incubator 6 Humidity reading:
00

Incubator 7 Machine Temp. reading / Calibrator Temp. reading:
00

Incubator 7 Humidity reading:
00

Incubator 8 Machine Temp. reading / Calibrator Temp. reading:
00

Incubator 8 Humidity reading:
00

Incubator 9 Machine Temp. reading / Calibrator Temp. reading:
Temp reading - 100.3 / calibrator 100.3 F. 

Incubator 9 Humidity reading:
00.3

Incubator 10 Machine Temp. reading / Calibrator Temp. reading:
00

Incubator 10 Humidity reading:
00

Corrective action taken for un-match machine and calibrator temperature reading after 30 minutes of checking:
Wala

Approver on machine temperature adjustment:
Jimmy Tungol and Sir Tony

Time finished:
3:30 p.m

———————————————
This task was submitted through INCUBATOR TEMPERATURE CALIBRATION
https://form.asana.com/?k=-OgqMf660KEFQdcn3Wkysw&d=1186399537984407",INCUBATOR TEMPERATURE CALIBRATION,,,,Peter Paul Alap-ap ,"Feb 27, 2026",2nd,3:00 pm,"Temp reading - 99.6 F, / calibrator 99.6 F",99.5,Temp reading - 99.4F. / calibrator 99.3 F. ,99.3,Temp reading - 99.5 F. / calibrator - 99.5 F. ,99.3,Temp reading - 99.4 F. Calibrator 99.3 F,99.4,Temp. - 99.3  F / calibrator 99.3 F,99.2,00,00,00,00,00,00,Temp reading - 100.3 / calibrator 100.3 F. ,00.3,00,00,Wala,Jimmy Tungol and Sir Tony,3:30 p.m
"1213418451492730",2026-02-27,,2026-02-27,INCUBATOR TEMPERATURE CALIBRATION submission,Untitled section,,,,,,"Hatcheryman:
Rodel Marimla

Date:
Feb 27, 2026

Shift:
1st

Time started:
7:30 am

Incubator 1 Machine Temp. reading / Calibrator Temp. reading:
99.3 / 99.3

Incubator 1 Humidity reading:
99.3

Incubator 2 Machine Temp. reading / Calibrator Temp. reading:
99.3 / 99.3

Incubator 2 Humidity reading:
99.3

Incubator 3 Machine Temp. reading / Calibrator Temp. reading:
99.3 / 99.3

Incubator 3 Humidity reading:
99.3

Incubator 4 Machine Temp. reading / Calibrator Temp. reading:
99.5 / 99.5

Incubator 4 Humidity reading:
99.5

Incubator 5 Machine Temp. reading / Calibrator Temp. reading:
99.5 / 99.5

Incubator 5 Humidity reading:
99.5

Incubator 6 Machine Temp. reading / Calibrator Temp. reading:
0

Incubator 6 Humidity reading:
0

Incubator 7 Machine Temp. reading / Calibrator Temp. reading:
0

Incubator 7 Humidity reading:
0

Incubator 8 Machine Temp. reading / Calibrator Temp. reading:
0

Incubator 8 Humidity reading:
0

Incubator 9 Machine Temp. reading / Calibrator Temp. reading:
100.2 / 100.2

Incubator 9 Humidity reading:
100.3

Incubator 10 Machine Temp. reading / Calibrator Temp. reading:
0

Incubator 10 Humidity reading:
0

Corrective action taken for un-match machine and calibrator temperature reading after 30 minutes of checking:
N/a

Approver on machine temperature adjustment:
N/A

Time finished:
8am

———————————————
This task was submitted through INCUBATOR TEMPERATURE CALIBRATION
https://form.asana.com/?k=-OgqMf660KEFQdcn3Wkysw&d=1186399537984407",INCUBATOR TEMPERATURE CALIBRATION,,,,Rodel Marimla,"Feb 27, 2026",1st,7:30 am,99.3 / 99.3,99.3,99.3 / 99.3,99.3,99.3 / 99.3,99.3,99.5 / 99.5,99.5,99.5 / 99.5,99.5,0,0,0,0,0,0,100.2 / 100.2,100.3,0,0,N/a,N/A,8am
"1213368026421092",2026-02-20,,2026-02-20,INCUBATOR TEMPERATURE CALIBRATION submission,Untitled section,,,,,,"Hatcheryman:
Rodel Marimla

Date:
Feb 20, 2026

Shift:
1st

Time started:
7am

Incubator 1 Machine Temp. reading / Calibrator Temp. reading:
99.5  / 99.5

Incubator 1 Humidity reading:
99.5

Incubator 2 Machine Temp. reading / Calibrator Temp. reading:
99.3 / 99.3

Incubator 2 Humidity reading:
99.3

Incubator 3 Machine Temp. reading / Calibrator Temp. reading:
99.3 / 99.3

Incubator 3 Humidity reading:
99.3

Incubator 4 Machine Temp. reading / Calibrator Temp. reading:
99.3

Incubator 4 Humidity reading:
99.3

Incubator 5 Machine Temp. reading / Calibrator Temp. reading:
99.6 / 99.6

Incubator 5 Humidity reading:
99.6

Incubator 6 Machine Temp. reading / Calibrator Temp. reading:
0

Incubator 6 Humidity reading:
0

Incubator 7 Machine Temp. reading / Calibrator Temp. reading:
0

Incubator 7 Humidity reading:
0

Incubator 8 Machine Temp. reading / Calibrator Temp. reading:
0

Incubator 8 Humidity reading:
0

Incubator 9 Machine Temp. reading / Calibrator Temp. reading:
0

Incubator 9 Humidity reading:
0

Incubator 10 Machine Temp. reading / Calibrator Temp. reading:
0

Incubator 10 Humidity reading:
0

Corrective action taken for un-match machine and calibrator temperature reading after 30 minutes of checking:
N/a

Approver on machine temperature adjustment:
N/A

Time finished:
7:30 am

———————————————
This task was submitted through INCUBATOR TEMPERATURE CALIBRATION
https://form.asana.com/?k=-OgqMf660KEFQdcn3Wkysw&d=1186399537984407",INCUBATOR TEMPERATURE CALIBRATION,,,,Rodel Marimla,"Feb 20, 2026",1st,7am,99.5  / 99.5,99.5,99.3 / 99.3,99.3,99.3 / 99.3,99.3,99.3,99.3,99.6 / 99.6,99.6,0,0,0,0,0,0,0,0,0,0,N/a,N/A,7:30 am
"1213259074537544",2026-02-13,,2026-02-13,INCUBATOR TEMPERATURE CALIBRATION submission,Untitled section,,,,,,"Hatcheryman:
Rodel Marimla

Date:
Feb 13, 2026

Shift:
1st

Time started:
7am

Incubator 1 Machine Temp. reading / Calibrator Temp. reading:
99.6 - 99.6

Incubator 1 Humidity reading:
99.6

Incubator 2 Machine Temp. reading / Calibrator Temp. reading:
99.6 - 99.6

Incubator 2 Humidity reading:
99.6

Incubator 3 Machine Temp. reading / Calibrator Temp. reading:
99.3 - 99.3

Incubator 3 Humidity reading:
99.3

Incubator 4 Machine Temp. reading / Calibrator Temp. reading:
99.6 - 99.6

Incubator 4 Humidity reading:
99.6

Incubator 5 Machine Temp. reading / Calibrator Temp. reading:
100.0 - 100.0

Incubator 5 Humidity reading:
100.0

Incubator 6 Machine Temp. reading / Calibrator Temp. reading:
0

Incubator 6 Humidity reading:
0

Incubator 7 Machine Temp. reading / Calibrator Temp. reading:
0

Incubator 7 Humidity reading:
0

Incubator 8 Machine Temp. reading / Calibrator Temp. reading:
0

Incubator 8 Humidity reading:
0

Incubator 9 Machine Temp. reading / Calibrator Temp. reading:
0

Incubator 9 Humidity reading:
0

Incubator 10 Machine Temp. reading / Calibrator Temp. reading:
0

Incubator 10 Humidity reading:
0

Corrective action taken for un-match machine and calibrator temperature reading after 30 minutes of checking:
N/a

Approver on machine temperature adjustment:
N/A

Time finished:
7:30 am

———————————————
This task was submitted through INCUBATOR TEMPERATURE CALIBRATION
https://form.asana.com/?k=-OgqMf660KEFQdcn3Wkysw&d=1186399537984407",INCUBATOR TEMPERATURE CALIBRATION,,,,Rodel Marimla,"Feb 13, 2026",1st,7am,99.6 - 99.6,99.6,99.6 - 99.6,99.6,99.3 - 99.3,99.3,99.6 - 99.6,99.6,100.0 - 100.0,100.0,0,0,0,0,0,0,0,0,0,0,N/a,N/A,7:30 am
"1212952466780727",2026-01-24,,2026-01-24,INCUBATOR TEMPERATURE CALIBRATION submission,Untitled section,,,,,,"Hatcheryman:
Peter Paul Alap-ap 

Date:
Jan 23, 2026

Shift:
2nd

Time started:
3:00 pm

Incubator 1 Machine Temp. reading / Calibrator Temp. reading:
Temp reading - 100.4 F, / calibrator 100.5 F

Incubator 1 Humidity reading:
00.3

Incubator 2 Machine Temp. reading / Calibrator Temp. reading:
Temp reading - 99.5 F. / calibrator 99.4 F. 

Incubator 2 Humidity reading:
99.5

Incubator 3 Machine Temp. reading / Calibrator Temp. reading:
Temp reading - 99.3 F. / calibrator - 99.3 F. 

Incubator 3 Humidity reading:
99.2

Incubator 4 Machine Temp. reading / Calibrator Temp. reading:
Temp reading - 99.5 F. Calibrator 99.6 F

Incubator 4 Humidity reading:
99.7

Incubator 5 Machine Temp. reading / Calibrator Temp. reading:
00

Incubator 5 Humidity reading:
00

Incubator 6 Machine Temp. reading / Calibrator Temp. reading:
00

Incubator 6 Humidity reading:
00

Incubator 7 Machine Temp. reading / Calibrator Temp. reading:
Temp reading - 100.1 F, / calibrator - 100.2 F. 

Incubator 7 Humidity reading:
100.2

Incubator 8 Machine Temp. reading / Calibrator Temp. reading:
Temp reading - 100.0 F, / calibrator 100.0 

Incubator 8 Humidity reading:
100.1

Incubator 9 Machine Temp. reading / Calibrator Temp. reading:
00

Incubator 9 Humidity reading:
00

Incubator 10 Machine Temp. reading / Calibrator Temp. reading:
00

Incubator 10 Humidity reading:
00

Corrective action taken for un-match machine and calibrator temperature reading after 30 minutes of checking:
None 

Approver on machine temperature adjustment:
Jimmy Tungol and Sir Tony

Time finished:
3:30 p.m

———————————————
This task was submitted through INCUBATOR TEMPERATURE CALIBRATION
https://form.asana.com/?k=-OgqMf660KEFQdcn3Wkysw&d=1186399537984407",INCUBATOR TEMPERATURE CALIBRATION,,,,Peter Paul Alap-ap ,"Jan 23, 2026",2nd,3:00 pm,"Temp reading - 100.4 F, / calibrator 100.5 F",00.3,Temp reading - 99.5 F. / calibrator 99.4 F. ,99.5,Temp reading - 99.3 F. / calibrator - 99.3 F. ,99.2,Temp reading - 99.5 F. Calibrator 99.6 F,99.7,00,00,00,00,"Temp reading - 100.1 F, / calibrator - 100.2 F. ",100.2,"Temp reading - 100.0 F, / calibrator 100.0 ",100.1,00,00,00,00,None ,Jimmy Tungol and Sir Tony,3:30 p.m
"1212933380295818",2026-01-23,,2026-01-23,INCUBATOR TEMPERATURE CALIBRATION submission,Untitled section,,,,,,"Hatcheryman:
Bernardo Tiamzon 

Date:
Jan 23, 2026

Shift:
1st

Time started:
7am 

Incubator 1 Machine Temp. reading / Calibrator Temp. reading:
100.4/100.4

Incubator 1 Humidity reading:
100.3

Incubator 2 Machine Temp. reading / Calibrator Temp. reading:
99.6/99.6

Incubator 2 Humidity reading:
99.6

Incubator 3 Machine Temp. reading / Calibrator Temp. reading:
99.4/99.4

Incubator 3 Humidity reading:
99.4

Incubator 4 Machine Temp. reading / Calibrator Temp. reading:
99.4/99.4

Incubator 4 Humidity reading:
99.4

Incubator 5 Machine Temp. reading / Calibrator Temp. reading:
00 

Incubator 5 Humidity reading:
00

Incubator 6 Machine Temp. reading / Calibrator Temp. reading:
00 

Incubator 6 Humidity reading:
00

Incubator 7 Machine Temp. reading / Calibrator Temp. reading:
100 01/100.1

Incubator 7 Humidity reading:
100.05

Incubator 8 Machine Temp. reading / Calibrator Temp. reading:
100.02/99.9

Incubator 8 Humidity reading:
100.05

Incubator 9 Machine Temp. reading / Calibrator Temp. reading:
00 

Incubator 9 Humidity reading:
00

Incubator 10 Machine Temp. reading / Calibrator Temp. reading:
00 

Incubator 10 Humidity reading:
00

Corrective action taken for un-match machine and calibrator temperature reading after 30 minutes of checking:
NA

Approver on machine temperature adjustment:
N/A

Time finished:
7:40

———————————————
This task was submitted through INCUBATOR TEMPERATURE CALIBRATION
https://form.asana.com/?k=-OgqMf660KEFQdcn3Wkysw&d=1186399537984407",INCUBATOR TEMPERATURE CALIBRATION,,,,Bernardo Tiamzon ,"Jan 23, 2026",1st,7am ,100.4/100.4,100.3,99.6/99.6,99.6,99.4/99.4,99.4,99.4/99.4,99.4,00 ,00,00 ,00,100 01/100.1,100.05,100.02/99.9,100.05,00 ,00,00 ,00,NA,N/A,7:40
"1212873324623549",2026-01-20,,2026-01-20,INCUBATOR TEMPERATURE CALIBRATION submission,Untitled section,,,,,,"Hatcheryman:
Bernardo Tiamzon 

Date:
Jan 20, 2026

Shift:
1st

Time started:
7am 

Incubator 1 Machine Temp. reading / Calibrator Temp. reading:
100.5/100.5

Incubator 1 Humidity reading:
100.5

Incubator 2 Machine Temp. reading / Calibrator Temp. reading:
99.7/99.7

Incubator 2 Humidity reading:
99.7

Incubator 3 Machine Temp. reading / Calibrator Temp. reading:
99.8/99.8

Incubator 3 Humidity reading:
99.8

Incubator 4 Machine Temp. reading / Calibrator Temp. reading:
99.9/99.9

Incubator 4 Humidity reading:
99.9

Incubator 5 Machine Temp. reading / Calibrator Temp. reading:
00 

Incubator 5 Humidity reading:
00

Incubator 6 Machine Temp. reading / Calibrator Temp. reading:
00 

Incubator 6 Humidity reading:
00

Incubator 7 Machine Temp. reading / Calibrator Temp. reading:
00 

Incubator 7 Humidity reading:
00

Incubator 8 Machine Temp. reading / Calibrator Temp. reading:
00 

Incubator 8 Humidity reading:
00

Incubator 9 Machine Temp. reading / Calibrator Temp. reading:
00 

Incubator 9 Humidity reading:
00

Incubator 10 Machine Temp. reading / Calibrator Temp. reading:
00 

Incubator 10 Humidity reading:
00

Corrective action taken for un-match machine and calibrator temperature reading after 30 minutes of checking:
NA

Approver on machine temperature adjustment:
N/A

Time finished:
7:40

———————————————
This task was submitted through INCUBATOR TEMPERATURE CALIBRATION
https://form.asana.com/?k=-OgqMf660KEFQdcn3Wkysw&d=1186399537984407",INCUBATOR TEMPERATURE CALIBRATION,,,,Bernardo Tiamzon ,"Jan 20, 2026",1st,7am ,100.5/100.5,100.5,99.7/99.7,99.7,99.8/99.8,99.8,99.9/99.9,99.9,00 ,00,00 ,00,00 ,00,00 ,00,00 ,00,00 ,00,NA,N/A,7:40
"1212844737194209",2026-01-17,,2026-01-17,INCUBATOR TEMPERATURE CALIBRATION submission,Untitled section,,,,,,"Hatcheryman:
Peter Paul Alap-ap 

Date:
Jan 16, 2026

Shift:
2nd

Time started:
3:00 pm

Incubator 1 Machine Temp. reading / Calibrator Temp. reading:
Temp reading - 100.4 F, / calibrator 100.4 F

Incubator 1 Humidity reading:
00.5

Incubator 2 Machine Temp. reading / Calibrator Temp. reading:
Temp reading - 99.3 F. / calibrator 99.2 F. 

Incubator 2 Humidity reading:
99.1

Incubator 3 Machine Temp. reading / Calibrator Temp. reading:
Temp reading - 99.3 F. / calibrator - 99.2 F. 

Incubator 3 Humidity reading:
99.2

Incubator 4 Machine Temp. reading / Calibrator Temp. reading:
Temp reading - 99.4 F. Calibrator 99.4 F

Incubator 4 Humidity reading:
99.4

Incubator 5 Machine Temp. reading / Calibrator Temp. reading:
00

Incubator 5 Humidity reading:
00

Incubator 6 Machine Temp. reading / Calibrator Temp. reading:
00

Incubator 6 Humidity reading:
00

Incubator 7 Machine Temp. reading / Calibrator Temp. reading:
Temp reading - 100.1 F, / calibrator - 100.1 F. 

Incubator 7 Humidity reading:
00.1

Incubator 8 Machine Temp. reading / Calibrator Temp. reading:
Temp reading - 100.1  F, / calibrator 100.0 F

Incubator 8 Humidity reading:
00.1

Incubator 9 Machine Temp. reading / Calibrator Temp. reading:
00

Incubator 9 Humidity reading:
00

Incubator 10 Machine Temp. reading / Calibrator Temp. reading:
00

Incubator 10 Humidity reading:
00

Corrective action taken for un-match machine and calibrator temperature reading after 30 minutes of checking:
None 

Approver on machine temperature adjustment:
Jimmy Tungol and Sir Tony

Time finished:
3:30 p.m

———————————————
This task was submitted through INCUBATOR TEMPERATURE CALIBRATION
https://form.asana.com/?k=-OgqMf660KEFQdcn3Wkysw&d=1186399537984407",INCUBATOR TEMPERATURE CALIBRATION,,,,Peter Paul Alap-ap ,"Jan 16, 2026",2nd,3:00 pm,"Temp reading - 100.4 F, / calibrator 100.4 F",00.5,Temp reading - 99.3 F. / calibrator 99.2 F. ,99.1,Temp reading - 99.3 F. / calibrator - 99.2 F. ,99.2,Temp reading - 99.4 F. Calibrator 99.4 F,99.4,00,00,00,00,"Temp reading - 100.1 F, / calibrator - 100.1 F. ",00.1,"Temp reading - 100.1  F, / calibrator 100.0 F",00.1,00,00,00,00,None ,Jimmy Tungol and Sir Tony,3:30 p.m
"1212759423529203",2026-01-13,,2026-01-13,INCUBATOR TEMPERATURE CALIBRATION submission,Untitled section,,,,,,"Hatcheryman:
Bernardo Tiamzon 

Date:
Jan 13, 2026

Shift:
1st

Time started:
7am 

Incubator 1 Machine Temp. reading / Calibrator Temp. reading:
00 

Incubator 1 Humidity reading:
00

Incubator 2 Machine Temp. reading / Calibrator Temp. reading:
99.3/99.3

Incubator 2 Humidity reading:
99.3

Incubator 3 Machine Temp. reading / Calibrator Temp. reading:
99.3/99.3

Incubator 3 Humidity reading:
99.3

Incubator 4 Machine Temp. reading / Calibrator Temp. reading:
99.4/99.4

Incubator 4 Humidity reading:
99.4

Incubator 5 Machine Temp. reading / Calibrator Temp. reading:
99.3/99.3

Incubator 5 Humidity reading:
99.3

Incubator 6 Machine Temp. reading / Calibrator Temp. reading:
00 

Incubator 6 Humidity reading:
00

Incubator 7 Machine Temp. reading / Calibrator Temp. reading:
00 

Incubator 7 Humidity reading:
00

Incubator 8 Machine Temp. reading / Calibrator Temp. reading:
00 

Incubator 8 Humidity reading:
00

Incubator 9 Machine Temp. reading / Calibrator Temp. reading:
00 

Incubator 9 Humidity reading:
00

Incubator 10 Machine Temp. reading / Calibrator Temp. reading:
00 

Incubator 10 Humidity reading:
00

Corrective action taken for un-match machine and calibrator temperature reading after 30 minutes of checking:
ANA

Approver on machine temperature adjustment:
N/A

Time finished:
7:40

———————————————
This task was submitted through INCUBATOR TEMPERATURE CALIBRATION
https://form.asana.com/?k=-OgqMf660KEFQdcn3Wkysw&d=1186399537984407",INCUBATOR TEMPERATURE CALIBRATION,,,,Bernardo Tiamzon ,"Jan 13, 2026",1st,7am ,00 ,00,99.3/99.3,99.3,99.3/99.3,99.3,99.4/99.4,99.4,99.3/99.3,99.3,00 ,00,00 ,00,00 ,00,00 ,00,00 ,00,ANA,N/A,7:40
"1212656373008734",2026-01-09,,2026-01-09,INCUBATOR TEMPERATURE CALIBRATION submission,Untitled section,,,,,,"Hatcheryman:
Rodel Marimla

Date:
Jan 9, 2026

Shift:
1st

Time started:
7am

Incubator 1 Machine Temp. reading / Calibrator Temp. reading:
99.6 - 99.6

Incubator 1 Humidity reading:
99.6

Incubator 2 Machine Temp. reading / Calibrator Temp. reading:
0

Incubator 2 Humidity reading:
0

Incubator 3 Machine Temp. reading / Calibrator Temp. reading:
99.3 - 99.3

Incubator 3 Humidity reading:
99.3

Incubator 4 Machine Temp. reading / Calibrator Temp. reading:
99.3 - 99.3

Incubator 4 Humidity reading:
99.3

Incubator 5 Machine Temp. reading / Calibrator Temp. reading:
99.4 - 99.4

Incubator 5 Humidity reading:
99.4

Incubator 6 Machine Temp. reading / Calibrator Temp. reading:
0

Incubator 6 Humidity reading:
0

Incubator 7 Machine Temp. reading / Calibrator Temp. reading:
0

Incubator 7 Humidity reading:
0

Incubator 8 Machine Temp. reading / Calibrator Temp. reading:
0

Incubator 8 Humidity reading:
0

Incubator 9 Machine Temp. reading / Calibrator Temp. reading:
0

Incubator 9 Humidity reading:
0

Incubator 10 Machine Temp. reading / Calibrator Temp. reading:
0

Incubator 10 Humidity reading:
0

Corrective action taken for un-match machine and calibrator temperature reading after 30 minutes of checking:
N/a

Approver on machine temperature adjustment:
N/A

Time finished:
7:30 am

———————————————
This task was submitted through INCUBATOR TEMPERATURE CALIBRATION
https://form.asana.com/?k=-OgqMf660KEFQdcn3Wkysw&d=1186399537984407",INCUBATOR TEMPERATURE CALIBRATION,,,,Rodel Marimla,"Jan 9, 2026",1st,7am,99.6 - 99.6,99.6,0,0,99.3 - 99.3,99.3,99.3 - 99.3,99.3,99.4 - 99.4,99.4,0,0,0,0,0,0,0,0,0,0,N/a,N/A,7:30 am
"1212672792606564",2026-01-06,,2026-01-06,INCUBATOR TEMPERATURE CALIBRATION submission,Untitled section,,,,,,"Hatcheryman:
Rodel Marimla

Date:
Jan 6, 2026

Shift:
1st

Time started:
7am

Incubator 1 Machine Temp. reading / Calibrator Temp. reading:
99.4 - 99.4

Incubator 1 Humidity reading:
99.4

Incubator 2 Machine Temp. reading / Calibrator Temp. reading:
0

Incubator 2 Humidity reading:
0

Incubator 3 Machine Temp. reading / Calibrator Temp. reading:
99.7 - 99.7

Incubator 3 Humidity reading:
99.7

Incubator 4 Machine Temp. reading / Calibrator Temp. reading:
99.3 - 99.3

Incubator 4 Humidity reading:
99.3

Incubator 5 Machine Temp. reading / Calibrator Temp. reading:
99.4 - 99.4

Incubator 5 Humidity reading:
99.4

Incubator 6 Machine Temp. reading / Calibrator Temp. reading:
0

Incubator 6 Humidity reading:
0

Incubator 7 Machine Temp. reading / Calibrator Temp. reading:
0

Incubator 7 Humidity reading:
0

Incubator 8 Machine Temp. reading / Calibrator Temp. reading:
0

Incubator 8 Humidity reading:
0

Incubator 9 Machine Temp. reading / Calibrator Temp. reading:
0

Incubator 9 Humidity reading:
0

Incubator 10 Machine Temp. reading / Calibrator Temp. reading:
0

Incubator 10 Humidity reading:
0

Corrective action taken for un-match machine and calibrator temperature reading after 30 minutes of checking:
N/a

Approver on machine temperature adjustment:
N/A

Time finished:
7:30 am

———————————————
This task was submitted through INCUBATOR TEMPERATURE CALIBRATION
https://form.asana.com/?k=-OgqMf660KEFQdcn3Wkysw&d=1186399537984407",INCUBATOR TEMPERATURE CALIBRATION,,,,Rodel Marimla,"Jan 6, 2026",1st,7am,99.4 - 99.4,99.4,0,0,99.7 - 99.7,99.7,99.3 - 99.3,99.3,99.4 - 99.4,99.4,0,0,0,0,0,0,0,0,0,0,N/a,N/A,7:30 am
"1212636337839132",2026-01-02,,2026-01-02,INCUBATOR TEMPERATURE CALIBRATION submission,Untitled section,,,,,,"Hatcheryman:
Rodel Marimla

Date:
Jan 2, 2026

Shift:
1st

Time started:
8am

Incubator 1 Machine Temp. reading / Calibrator Temp. reading:
99.4 - 99.4

Incubator 1 Humidity reading:
99.4

Incubator 2 Machine Temp. reading / Calibrator Temp. reading:
0

Incubator 2 Humidity reading:
0

Incubator 3 Machine Temp. reading / Calibrator Temp. reading:
100.0 - 100.0

Incubator 3 Humidity reading:
100.1

Incubator 4 Machine Temp. reading / Calibrator Temp. reading:
99.3 - 99.3

Incubator 4 Humidity reading:
99.3

Incubator 5 Machine Temp. reading / Calibrator Temp. reading:
99.3 - 99.3

Incubator 5 Humidity reading:
99.3

Incubator 6 Machine Temp. reading / Calibrator Temp. reading:
0

Incubator 6 Humidity reading:
0

Incubator 7 Machine Temp. reading / Calibrator Temp. reading:
0

Incubator 7 Humidity reading:
0

Incubator 8 Machine Temp. reading / Calibrator Temp. reading:
0

Incubator 8 Humidity reading:
0

Incubator 9 Machine Temp. reading / Calibrator Temp. reading:
0

Incubator 9 Humidity reading:
0

Incubator 10 Machine Temp. reading / Calibrator Temp. reading:
0

Incubator 10 Humidity reading:
0

Corrective action taken for un-match machine and calibrator temperature reading after 30 minutes of checking:
N/a

Approver on machine temperature adjustment:
N/A

Time finished:
8:20 am

———————————————
This task was submitted through INCUBATOR TEMPERATURE CALIBRATION
https://form.asana.com/?k=-OgqMf660KEFQdcn3Wkysw&d=1186399537984407",INCUBATOR TEMPERATURE CALIBRATION,,,,Rodel Marimla,"Jan 2, 2026",1st,8am,99.4 - 99.4,99.4,0,0,100.0 - 100.0,100.1,99.3 - 99.3,99.3,99.3 - 99.3,99.3,0,0,0,0,0,0,0,0,0,0,N/a,N/A,8:20 am
"1212593474665528",2025-12-26,,2025-12-26,INCUBATOR TEMPERATURE CALIBRATION submission,Untitled section,,,,,,"Hatcheryman:
Rodel Marimla

Date:
Dec 26, 2025

Shift:
1st

Time started:
7am

Incubator 1 Machine Temp. reading / Calibrator Temp. reading:
99.7 - 99.7

Incubator 1 Humidity reading:
99.7

Incubator 2 Machine Temp. reading / Calibrator Temp. reading:
0

Incubator 2 Humidity reading:
0

Incubator 3 Machine Temp. reading / Calibrator Temp. reading:
99.9 - 99.9

Incubator 3 Humidity reading:
99.9

Incubator 4 Machine Temp. reading / Calibrator Temp. reading:
99.7 - 99.7

Incubator 4 Humidity reading:
99.7

Incubator 5 Machine Temp. reading / Calibrator Temp. reading:
99.3 - 99.3

Incubator 5 Humidity reading:
99.3

Incubator 6 Machine Temp. reading / Calibrator Temp. reading:
0

Incubator 6 Humidity reading:
0

Incubator 7 Machine Temp. reading / Calibrator Temp. reading:
0

Incubator 7 Humidity reading:
0

Incubator 8 Machine Temp. reading / Calibrator Temp. reading:
99.6 - 99.6

Incubator 8 Humidity reading:
99.5

Incubator 9 Machine Temp. reading / Calibrator Temp. reading:
99.4 - 99.4

Incubator 9 Humidity reading:
99.4

Incubator 10 Machine Temp. reading / Calibrator Temp. reading:
0

Incubator 10 Humidity reading:
0

Corrective action taken for un-match machine and calibrator temperature reading after 30 minutes of checking:
N/a

Approver on machine temperature adjustment:
N/A

Time finished:
7:30 am

———————————————
This task was submitted through INCUBATOR TEMPERATURE CALIBRATION
https://form.asana.com/?k=-OgqMf660KEFQdcn3Wkysw&d=1186399537984407",INCUBATOR TEMPERATURE CALIBRATION,,,,Rodel Marimla,"Dec 26, 2025",1st,7am,99.7 - 99.7,99.7,0,0,99.9 - 99.9,99.9,99.7 - 99.7,99.7,99.3 - 99.3,99.3,0,0,0,0,99.6 - 99.6,99.5,99.4 - 99.4,99.4,0,0,N/a,N/A,7:30 am
"1212525816345550",2025-12-19,,2025-12-19,INCUBATOR TEMPERATURE CALIBRATION submission,Untitled section,,,,,,"Hatcheryman:
Peter Paul Alap-ap 

Date:
Dec 19, 2025

Shift:
1st

Time started:
7:00 am 

Incubator 1 Machine Temp. reading / Calibrator Temp. reading:
Temp reading - 99.4 F, / calibrator 99.4 F

Incubator 1 Humidity reading:
99.5

Incubator 2 Machine Temp. reading / Calibrator Temp. reading:
00

Incubator 2 Humidity reading:
00

Incubator 3 Machine Temp. reading / Calibrator Temp. reading:
Temp reading - 100.3 F. / calibrator - 100.3 F. 

Incubator 3 Humidity reading:
00.2

Incubator 4 Machine Temp. reading / Calibrator Temp. reading:
Temp reading - 99.4 F. Calibrator 99.3 F

Incubator 4 Humidity reading:
99.3

Incubator 5 Machine Temp. reading / Calibrator Temp. reading:
Temp. - 99.3 F / calibrator 99.2 F

Incubator 5 Humidity reading:
99.3

Incubator 6 Machine Temp. reading / Calibrator Temp. reading:
00

Incubator 6 Humidity reading:
00

Incubator 7 Machine Temp. reading / Calibrator Temp. reading:
00

Incubator 7 Humidity reading:
00

Incubator 8 Machine Temp. reading / Calibrator Temp. reading:
Temp reading - 99.7 F, / calibrator 99.6

Incubator 8 Humidity reading:
99.6

Incubator 9 Machine Temp. reading / Calibrator Temp. reading:
Temp reading - 99.3 / calibrator 99.3 F. 

Incubator 9 Humidity reading:
99.1

Incubator 10 Machine Temp. reading / Calibrator Temp. reading:
00

Incubator 10 Humidity reading:
00

Corrective action taken for un-match machine and calibrator temperature reading after 30 minutes of checking:
None

Approver on machine temperature adjustment:
Jimmy Tungol and Sir Tony

Time finished:
7:35 am

———————————————
This task was submitted through INCUBATOR TEMPERATURE CALIBRATION
https://form.asana.com/?k=-OgqMf660KEFQdcn3Wkysw&d=1186399537984407",INCUBATOR TEMPERATURE CALIBRATION,,,,Peter Paul Alap-ap ,"Dec 19, 2025",1st,7:00 am ,"Temp reading - 99.4 F, / calibrator 99.4 F",99.5,00,00,Temp reading - 100.3 F. / calibrator - 100.3 F. ,00.2,Temp reading - 99.4 F. Calibrator 99.3 F,99.3,Temp. - 99.3 F / calibrator 99.2 F,99.3,00,00,00,00,"Temp reading - 99.7 F, / calibrator 99.6",99.6,Temp reading - 99.3 / calibrator 99.3 F. ,99.1,00,00,None,Jimmy Tungol and Sir Tony,7:35 am
"1212431076963536",2025-12-13,,2025-12-13,INCUBATOR TEMPERATURE CALIBRATION submission,Untitled section,,,,,,"Hatcheryman:
Peter Paul Alap-ap 

Date:
Dec 13, 2025

Shift:
1st

Time started:
7:00 am 

Incubator 1 Machine Temp. reading / Calibrator Temp. reading:
Temp reading - 99.4 F, / calibrator 99.5 F

Incubator 1 Humidity reading:
99.4

Incubator 2 Machine Temp. reading / Calibrator Temp. reading:
00

Incubator 2 Humidity reading:
00

Incubator 3 Machine Temp. reading / Calibrator Temp. reading:
00

Incubator 3 Humidity reading:
00

Incubator 4 Machine Temp. reading / Calibrator Temp. reading:
Temp reading - 99.5 F. Calibrator 99.6 F

Incubator 4 Humidity reading:
99.4

Incubator 5 Machine Temp. reading / Calibrator Temp. reading:
Temp. - 99.4 F / calibrator 99.4 F

Incubator 5 Humidity reading:
99.4

Incubator 6 Machine Temp. reading / Calibrator Temp. reading:
00

Incubator 6 Humidity reading:
00

Incubator 7 Machine Temp. reading / Calibrator Temp. reading:
Temp reading - 99.7 F, / calibrator - 99.8 F. 

Incubator 7 Humidity reading:
99.7

Incubator 8 Machine Temp. reading / Calibrator Temp. reading:
Temp reading - 99.7 F, / calibrator 99.8

Incubator 8 Humidity reading:
99.8

Incubator 9 Machine Temp. reading / Calibrator Temp. reading:
Temp reading - 99.4/ calibrator 99.5 F. 

Incubator 9 Humidity reading:
99.5

Incubator 10 Machine Temp. reading / Calibrator Temp. reading:
00

Incubator 10 Humidity reading:
00

Corrective action taken for un-match machine and calibrator temperature reading after 30 minutes of checking:
None 

Approver on machine temperature adjustment:
Jimmy Tungol and Sir Tony

Time finished:
7:45 am

———————————————
This task was submitted through INCUBATOR TEMPERATURE CALIBRATION
https://form.asana.com/?k=-OgqMf660KEFQdcn3Wkysw&d=1186399537984407",INCUBATOR TEMPERATURE CALIBRATION,,,,Peter Paul Alap-ap ,"Dec 13, 2025",1st,7:00 am ,"Temp reading - 99.4 F, / calibrator 99.5 F",99.4,00,00,00,00,Temp reading - 99.5 F. Calibrator 99.6 F,99.4,Temp. - 99.4 F / calibrator 99.4 F,99.4,00,00,"Temp reading - 99.7 F, / calibrator - 99.8 F. ",99.7,"Temp reading - 99.7 F, / calibrator 99.8",99.8,Temp reading - 99.4/ calibrator 99.5 F. ,99.5,00,00,None ,Jimmy Tungol and Sir Tony,7:45 am
"1212314404381643",2025-12-05,,2025-12-05,INCUBATOR TEMPERATURE CALIBRATION submission,Untitled section,,,,,,"Hatcheryman:
Bernardo Tiamzon 

Date:
Dec 5, 2025

Shift:
1st

Time started:
7am

Incubator 1 Machine Temp. reading / Calibrator Temp. reading:
99.2/99.2

Incubator 1 Humidity reading:
99.2

Incubator 2 Machine Temp. reading / Calibrator Temp. reading:
00 

Incubator 2 Humidity reading:
00

Incubator 3 Machine Temp. reading / Calibrator Temp. reading:
00 

Incubator 3 Humidity reading:
00

Incubator 4 Machine Temp. reading / Calibrator Temp. reading:
99.5/99.5

Incubator 4 Humidity reading:
99.5

Incubator 5 Machine Temp. reading / Calibrator Temp. reading:
99.5/99.5 

Incubator 5 Humidity reading:
99.5

Incubator 6 Machine Temp. reading / Calibrator Temp. reading:
00 

Incubator 6 Humidity reading:
00

Incubator 7 Machine Temp. reading / Calibrator Temp. reading:
99.85/99.8

Incubator 7 Humidity reading:
99.88

Incubator 8 Machine Temp. reading / Calibrator Temp. reading:
99.78/99.7

Incubator 8 Humidity reading:
99.87

Incubator 9 Machine Temp. reading / Calibrator Temp. reading:
99.5/99.5

Incubator 9 Humidity reading:
99.5

Incubator 10 Machine Temp. reading / Calibrator Temp. reading:
00 

Incubator 10 Humidity reading:
00

Corrective action taken for un-match machine and calibrator temperature reading after 30 minutes of checking:
NA

Approver on machine temperature adjustment:
N/A

Time finished:
7.45am

———————————————
This task was submitted through INCUBATOR TEMPERATURE CALIBRATION
https://form.asana.com/?k=-OgqMf660KEFQdcn3Wkysw&d=1186399537984407",INCUBATOR TEMPERATURE CALIBRATION,,,,Bernardo Tiamzon ,"Dec 5, 2025",1st,7am,99.2/99.2,99.2,00 ,00,00 ,00,99.5/99.5,99.5,99.5/99.5 ,99.5,00 ,00,99.85/99.8,99.88,99.78/99.7,99.87,99.5/99.5,99.5,00 ,00,NA,N/A,7.45am
"1212085443415943",2025-11-25,,2025-11-25,INCUBATOR TEMPERATURE CALIBRATION submission,Untitled section,,,,,,"Hatcheryman:
Bernardo Tiamzon 

Date:
Nov 25, 2025

Shift:
2nd

Time started:
3pm

Incubator 1 Machine Temp. reading / Calibrator Temp. reading:
99.5/99.5 

Incubator 1 Humidity reading:
99.5

Incubator 2 Machine Temp. reading / Calibrator Temp. reading:
00 

Incubator 2 Humidity reading:
0

Incubator 3 Machine Temp. reading / Calibrator Temp. reading:
00 

Incubator 3 Humidity reading:
00

Incubator 4 Machine Temp. reading / Calibrator Temp. reading:
99.8/99.8

Incubator 4 Humidity reading:
99.8

Incubator 5 Machine Temp. reading / Calibrator Temp. reading:
99.5/99.5 

Incubator 5 Humidity reading:
99.5

Incubator 6 Machine Temp. reading / Calibrator Temp. reading:
00 

Incubator 6 Humidity reading:
00

Incubator 7 Machine Temp. reading / Calibrator Temp. reading:
99.52/99.5

Incubator 7 Humidity reading:
99.48

Incubator 8 Machine Temp. reading / Calibrator Temp. reading:
99.69/99.6

Incubator 8 Humidity reading:
99.74

Incubator 9 Machine Temp. reading / Calibrator Temp. reading:
99.4/99.4

Incubator 9 Humidity reading:
99.4

Incubator 10 Machine Temp. reading / Calibrator Temp. reading:
00 

Incubator 10 Humidity reading:
00

Corrective action taken for un-match machine and calibrator temperature reading after 30 minutes of checking:
Na

Approver on machine temperature adjustment:
N/A

Time finished:
3:45

———————————————
This task was submitted through INCUBATOR TEMPERATURE CALIBRATION
https://form.asana.com/?k=-OgqMf660KEFQdcn3Wkysw&d=1186399537984407",INCUBATOR TEMPERATURE CALIBRATION,,,,Bernardo Tiamzon ,"Nov 25, 2025",2nd,3pm,99.5/99.5 ,99.5,00 ,0,00 ,00,99.8/99.8,99.8,99.5/99.5 ,99.5,00 ,00,99.52/99.5,99.48,99.69/99.6,99.74,99.4/99.4,99.4,00 ,00,Na,N/A,3:45
"1211946153303668",2025-11-14,,2025-11-14,INCUBATOR TEMPERATURE CALIBRATION submission,Untitled section,,,,,,"Hatcheryman:
Bernardo Tiamzon 

Date:
Nov 14, 2025

Shift:
2nd

Time started:
3pm

Incubator 1 Machine Temp. reading / Calibrator Temp. reading:
99.5/99.5 

Incubator 1 Humidity reading:
99.5

Incubator 2 Machine Temp. reading / Calibrator Temp. reading:
99.6/99.6

Incubator 2 Humidity reading:
99.6

Incubator 3 Machine Temp. reading / Calibrator Temp. reading:
00 

Incubator 3 Humidity reading:
00

Incubator 4 Machine Temp. reading / Calibrator Temp. reading:
99.5/99.5

Incubator 4 Humidity reading:
99.5

Incubator 5 Machine Temp. reading / Calibrator Temp. reading:
100.4/100.4

Incubator 5 Humidity reading:
100.4

Incubator 6 Machine Temp. reading / Calibrator Temp. reading:
00 

Incubator 6 Humidity reading:
00

Incubator 7 Machine Temp. reading / Calibrator Temp. reading:
99.69/99.6

Incubator 7 Humidity reading:
99.71

Incubator 8 Machine Temp. reading / Calibrator Temp. reading:
99.73/99. 6

Incubator 8 Humidity reading:
99.81

Incubator 9 Machine Temp. reading / Calibrator Temp. reading:
99.5/99.5

Incubator 9 Humidity reading:
99.5

Incubator 10 Machine Temp. reading / Calibrator Temp. reading:
00 

Incubator 10 Humidity reading:
00

Corrective action taken for un-match machine and calibrator temperature reading after 30 minutes of checking:
NA

Approver on machine temperature adjustment:
N/A

Time finished:
3:45

———————————————
This task was submitted through INCUBATOR TEMPERATURE CALIBRATION
https://form.asana.com/?k=-OgqMf660KEFQdcn3Wkysw&d=1186399537984407",INCUBATOR TEMPERATURE CALIBRATION,,,,Bernardo Tiamzon ,"Nov 14, 2025",2nd,3pm,99.5/99.5 ,99.5,99.6/99.6,99.6,00 ,00,99.5/99.5,99.5,100.4/100.4,100.4,00 ,00,99.69/99.6,99.71,99.73/99. 6,99.81,99.5/99.5,99.5,00 ,00,NA,N/A,3:45
"1211875326176274",2025-11-07,,2025-11-07,INCUBATOR TEMPERATURE CALIBRATION submission,Untitled section,,,,,,"Hatcheryman:
Rodel Marimla

Date:
Nov 7, 2025

Shift:
2nd

Time started:
3pm

Incubator 1 Machine Temp. reading / Calibrator Temp. reading:
99.4 / 99.4

Incubator 1 Humidity reading:
99.4

Incubator 2 Machine Temp. reading / Calibrator Temp. reading:
99.5 / 99.5

Incubator 2 Humidity reading:
99.5

Incubator 3 Machine Temp. reading / Calibrator Temp. reading:
0

Incubator 3 Humidity reading:
0

Incubator 4 Machine Temp. reading / Calibrator Temp. reading:
99.3 / 99.3

Incubator 4 Humidity reading:
99.3

Incubator 5 Machine Temp. reading / Calibrator Temp. reading:
0

Incubator 5 Humidity reading:
0

Incubator 6 Machine Temp. reading / Calibrator Temp. reading:
0

Incubator 6 Humidity reading:
0

Incubator 7 Machine Temp. reading / Calibrator Temp. reading:
99.8 / 99.8

Incubator 7 Humidity reading:
99.9

Incubator 8 Machine Temp. reading / Calibrator Temp. reading:
99.7 / 99.7

Incubator 8 Humidity reading:
99.7

Incubator 9 Machine Temp. reading / Calibrator Temp. reading:
99.5 / 99.5

Incubator 9 Humidity reading:
99.5

Incubator 10 Machine Temp. reading / Calibrator Temp. reading:
0

Incubator 10 Humidity reading:
0

Corrective action taken for un-match machine and calibrator temperature reading after 30 minutes of checking:
n/a

Approver on machine temperature adjustment:
N/A

Time finished:
3:20pm

———————————————
This task was submitted through INCUBATOR TEMPERATURE CALIBRATION
https://form.asana.com/?k=-OgqMf660KEFQdcn3Wkysw&d=1186399537984407",INCUBATOR TEMPERATURE CALIBRATION,,,,Rodel Marimla,"Nov 7, 2025",2nd,3pm,99.4 / 99.4,99.4,99.5 / 99.5,99.5,0,0,99.3 / 99.3,99.3,0,0,0,0,99.8 / 99.8,99.9,99.7 / 99.7,99.7,99.5 / 99.5,99.5,0,0,n/a,N/A,3:20pm
"1211740954594207",2025-10-24,,2025-10-24,INCUBATOR TEMPERATURE CALIBRATION submission,Untitled section,,,,,,"Hatcheryman:
Peter Paul Alap-ap 

Date:
Oct 24, 2025

Shift:
2nd

Time started:
3:00 pm

Incubator 1 Machine Temp. reading / Calibrator Temp. reading:
Temp reading - 99.6 F, / calibrator 99.7 F

Incubator 1 Humidity reading:
99.6

Incubator 2 Machine Temp. reading / Calibrator Temp. reading:
Temp reading - 99.4 F. / calibrator 99.4 F. 

Incubator 2 Humidity reading:
99.4

Incubator 3 Machine Temp. reading / Calibrator Temp. reading:
Temp reading - 99.7 F. / calibrator - 99.7 F. 

Incubator 3 Humidity reading:
99.7

Incubator 4 Machine Temp. reading / Calibrator Temp. reading:
Temp reading - 100.5 F. Calibrator 100.6 F

Incubator 4 Humidity reading:
00.2

Incubator 5 Machine Temp. reading / Calibrator Temp. reading:
00

Incubator 5 Humidity reading:
00

Incubator 6 Machine Temp. reading / Calibrator Temp. reading:
00

Incubator 6 Humidity reading:
00

Incubator 7 Machine Temp. reading / Calibrator Temp. reading:
Temp reading - 99.5 F, / calibrator - 99.4 F. 

Incubator 7 Humidity reading:
99.5

Incubator 8 Machine Temp. reading / Calibrator Temp. reading:
Temp reading - 99.7 F, / calibrator 99.7 F

Incubator 8 Humidity reading:
99.7

Incubator 9 Machine Temp. reading / Calibrator Temp. reading:
Temp reading - 99.4/ calibrator 99.4 F. 

Incubator 9 Humidity reading:
99.4

Incubator 10 Machine Temp. reading / Calibrator Temp. reading:
00

Incubator 10 Humidity reading:
00

Corrective action taken for un-match machine and calibrator temperature reading after 30 minutes of checking:
N/A

Approver on machine temperature adjustment:
Jimmy Tungol and Sir Tony

Time finished:
3:30 p.m

———————————————
This task was submitted through INCUBATOR TEMPERATURE CALIBRATION
https://form.asana.com/?k=-OgqMf660KEFQdcn3Wkysw&d=1186399537984407",INCUBATOR TEMPERATURE CALIBRATION,,,,Peter Paul Alap-ap ,"Oct 24, 2025",2nd,3:00 pm,"Temp reading - 99.6 F, / calibrator 99.7 F",99.6,Temp reading - 99.4 F. / calibrator 99.4 F. ,99.4,Temp reading - 99.7 F. / calibrator - 99.7 F. ,99.7,Temp reading - 100.5 F. Calibrator 100.6 F,00.2,00,00,00,00,"Temp reading - 99.5 F, / calibrator - 99.4 F. ",99.5,"Temp reading - 99.7 F, / calibrator 99.7 F",99.7,Temp reading - 99.4/ calibrator 99.4 F. ,99.4,00,00,N/A,Jimmy Tungol and Sir Tony,3:30 p.m
"1211673301801289",2025-10-17,,2025-10-17,INCUBATOR TEMPERATURE CALIBRATION submission,Untitled section,,,,,,"Hatcheryman:
Peter Paul Alap-ap 

Date:
Oct 17, 2025

Shift:
2nd

Time started:
3:00 pm

Incubator 1 Machine Temp. reading / Calibrator Temp. reading:
Temp reading - 99.5F, / calibrator 99.5 F

Incubator 1 Humidity reading:
99.5

Incubator 2 Machine Temp. reading / Calibrator Temp. reading:
Temp reading - 99.3 F. / calibrator 99.3 F. 

Incubator 2 Humidity reading:
99.3

Incubator 3 Machine Temp. reading / Calibrator Temp. reading:
Temp reading - 99.3 F. / calibrator - 99.3 F. 

Incubator 3 Humidity reading:
99.3

Incubator 4 Machine Temp. reading / Calibrator Temp. reading:
Temp reading - 100.3 F. Calibrator 100.3 F

Incubator 4 Humidity reading:
00.2

Incubator 5 Machine Temp. reading / Calibrator Temp. reading:
00

Incubator 5 Humidity reading:
00

Incubator 6 Machine Temp. reading / Calibrator Temp. reading:
00

Incubator 6 Humidity reading:
00

Incubator 7 Machine Temp. reading / Calibrator Temp. reading:
Temp reading - 99.5 F, / calibrator - 99.5 F. 

Incubator 7 Humidity reading:
99.6

Incubator 8 Machine Temp. reading / Calibrator Temp. reading:
Temp reading - 99.7 F, / calibrator 99.7 F, 

Incubator 8 Humidity reading:
99.8

Incubator 9 Machine Temp. reading / Calibrator Temp. reading:
Temp reading - 99.4/ calibrator 99.4 F. 

Incubator 9 Humidity reading:
99.5

Incubator 10 Machine Temp. reading / Calibrator Temp. reading:
00

Incubator 10 Humidity reading:
00

Corrective action taken for un-match machine and calibrator temperature reading after 30 minutes of checking:
None 

Approver on machine temperature adjustment:
Jimmy Tungol and Sir Tony

Time finished:
3:30 p.m

———————————————
This task was submitted through INCUBATOR TEMPERATURE CALIBRATION
https://form.asana.com/?k=-OgqMf660KEFQdcn3Wkysw&d=1186399537984407",INCUBATOR TEMPERATURE CALIBRATION,,,,Peter Paul Alap-ap ,"Oct 17, 2025",2nd,3:00 pm,"Temp reading - 99.5F, / calibrator 99.5 F",99.5,Temp reading - 99.3 F. / calibrator 99.3 F. ,99.3,Temp reading - 99.3 F. / calibrator - 99.3 F. ,99.3,Temp reading - 100.3 F. Calibrator 100.3 F,00.2,00,00,00,00,"Temp reading - 99.5 F, / calibrator - 99.5 F. ",99.6,"Temp reading - 99.7 F, / calibrator 99.7 F, ",99.8,Temp reading - 99.4/ calibrator 99.4 F. ,99.5,00,00,None ,Jimmy Tungol and Sir Tony,3:30 p.m
"1211609748841453",2025-10-10,,2025-10-10,INCUBATOR TEMPERATURE CALIBRATION submission,Untitled section,,,,,,"Hatcheryman:
Peter Paul Alap-ap 

Date:
Oct 10, 2025

Shift:
2nd

Time started:
3:00 pm

Incubator 1 Machine Temp. reading / Calibrator Temp. reading:
Temp reading - 99.6 F, / calibrator 99.7 F

Incubator 1 Humidity reading:
99.6

Incubator 2 Machine Temp. reading / Calibrator Temp. reading:
Temp reading - 99.3 F. / calibrator 99.3 F. 

Incubator 2 Humidity reading:
99.1

Incubator 3 Machine Temp. reading / Calibrator Temp. reading:
Temp reading - 99.2 F. / calibrator - 99.2 F. 

Incubator 3 Humidity reading:
99.1

Incubator 4 Machine Temp. reading / Calibrator Temp. reading:
N /A

Incubator 4 Humidity reading:
00

Incubator 5 Machine Temp. reading / Calibrator Temp. reading:
00

Incubator 5 Humidity reading:
00

Incubator 6 Machine Temp. reading / Calibrator Temp. reading:
00

Incubator 6 Humidity reading:
00

Incubator 7 Machine Temp. reading / Calibrator Temp. reading:
Temp reading - 99.5 F, / calibrator - 99.5 F. 

Incubator 7 Humidity reading:
99.5

Incubator 8 Machine Temp. reading / Calibrator Temp. reading:
Temp reading - 99.5 F, / calibrator 99.5

Incubator 8 Humidity reading:
99.5

Incubator 9 Machine Temp. reading / Calibrator Temp. reading:
Temp reading - 99.4/ calibrator 99.5 F. 

Incubator 9 Humidity reading:
99.3

Incubator 10 Machine Temp. reading / Calibrator Temp. reading:
00

Incubator 10 Humidity reading:
00

Corrective action taken for un-match machine and calibrator temperature reading after 30 minutes of checking:
Wala

Approver on machine temperature adjustment:
Jimmy Tungol and Sir Tony

Time finished:
3:30 p.m

———————————————
This task was submitted through INCUBATOR TEMPERATURE CALIBRATION
https://form.asana.com/?k=-OgqMf660KEFQdcn3Wkysw&d=1186399537984407",INCUBATOR TEMPERATURE CALIBRATION,,,,Peter Paul Alap-ap ,"Oct 10, 2025",2nd,3:00 pm,"Temp reading - 99.6 F, / calibrator 99.7 F",99.6,Temp reading - 99.3 F. / calibrator 99.3 F. ,99.1,Temp reading - 99.2 F. / calibrator - 99.2 F. ,99.1,N /A,00,00,00,00,00,"Temp reading - 99.5 F, / calibrator - 99.5 F. ",99.5,"Temp reading - 99.5 F, / calibrator 99.5",99.5,Temp reading - 99.4/ calibrator 99.5 F. ,99.3,00,00,Wala,Jimmy Tungol and Sir Tony,3:30 p.m
"1211542612575062",2025-10-03,,2025-10-03,INCUBATOR TEMPERATURE CALIBRATION submission,Untitled section,,,,,,"Hatcheryman:
Bernardo Tiamzon 

Date:
Oct 3, 2025

Shift:
2nd

Time started:
3pm

Incubator 1 Machine Temp. reading / Calibrator Temp. reading:
99.5/99.5 

Incubator 1 Humidity reading:
99.5

Incubator 2 Machine Temp. reading / Calibrator Temp. reading:
09.2/99.2

Incubator 2 Humidity reading:
99.2

Incubator 3 Machine Temp. reading / Calibrator Temp. reading:
99.0/99.0

Incubator 3 Humidity reading:
99.0

Incubator 4 Machine Temp. reading / Calibrator Temp. reading:
00 

Incubator 4 Humidity reading:
00

Incubator 5 Machine Temp. reading / Calibrator Temp. reading:
00 

Incubator 5 Humidity reading:
00

Incubator 6 Machine Temp. reading / Calibrator Temp. reading:
00 

Incubator 6 Humidity reading:
00

Incubator 7 Machine Temp. reading / Calibrator Temp. reading:
99.50/99.5 

Incubator 7 Humidity reading:
99.54

Incubator 8 Machine Temp. reading / Calibrator Temp. reading:
99.54/99.5 

Incubator 8 Humidity reading:
99.59

Incubator 9 Machine Temp. reading / Calibrator Temp. reading:
99.3/99 3

Incubator 9 Humidity reading:
99.3

Incubator 10 Machine Temp. reading / Calibrator Temp. reading:
00 

Incubator 10 Humidity reading:
00

Corrective action taken for un-match machine and calibrator temperature reading after 30 minutes of checking:
""Na

Approver on machine temperature adjustment:
N/A

Time finished:
3:45

———————————————
This task was submitted through INCUBATOR TEMPERATURE CALIBRATION
https://form.asana.com/?k=-OgqMf660KEFQdcn3Wkysw&d=1186399537984407",INCUBATOR TEMPERATURE CALIBRATION,,,,Bernardo Tiamzon ,"Oct 3, 2025",2nd,3pm,99.5/99.5 ,99.5,09.2/99.2,99.2,99.0/99.0,99.0,00 ,00,00 ,00,00 ,00,99.50/99.5 ,99.54,99.54/99.5 ,99.59,99.3/99 3,99.3,00 ,00,"""Na",N/A,3:45
"1211475530145105",2025-09-26,,2025-09-26,INCUBATOR TEMPERATURE CALIBRATION submission,Untitled section,,,,,,"Hatcheryman:
Bernardo Tiamzon 

Date:
Sep 26, 2025

Shift:
2nd

Time started:
3pm

Incubator 1 Machine Temp. reading / Calibrator Temp. reading:
99 3/99.3

Incubator 1 Humidity reading:
99.3

Incubator 2 Machine Temp. reading / Calibrator Temp. reading:
99.3/99.3

Incubator 2 Humidity reading:
99.3

Incubator 3 Machine Temp. reading / Calibrator Temp. reading:
99.0/99.0

Incubator 3 Humidity reading:
99.0

Incubator 4 Machine Temp. reading / Calibrator Temp. reading:
00 

Incubator 4 Humidity reading:
00

Incubator 5 Machine Temp. reading / Calibrator Temp. reading:
00 

Incubator 5 Humidity reading:
00

Incubator 6 Machine Temp. reading / Calibrator Temp. reading:
00 

Incubator 6 Humidity reading:
0

Incubator 7 Machine Temp. reading / Calibrator Temp. reading:
99.47/99.4

Incubator 7 Humidity reading:
99.48

Incubator 8 Machine Temp. reading / Calibrator Temp. reading:
99.60/99.6

Incubator 8 Humidity reading:
99.62

Incubator 9 Machine Temp. reading / Calibrator Temp. reading:
99.7/99.7

Incubator 9 Humidity reading:
99.7

Incubator 10 Machine Temp. reading / Calibrator Temp. reading:
00 

Incubator 10 Humidity reading:
0

Corrective action taken for un-match machine and calibrator temperature reading after 30 minutes of checking:
NA

Approver on machine temperature adjustment:
N/A

Time finished:
3:45

———————————————
This task was submitted through INCUBATOR TEMPERATURE CALIBRATION
https://form.asana.com/?k=-OgqMf660KEFQdcn3Wkysw&d=1186399537984407",INCUBATOR TEMPERATURE CALIBRATION,,,,Bernardo Tiamzon ,"Sep 26, 2025",2nd,3pm,99 3/99.3,99.3,99.3/99.3,99.3,99.0/99.0,99.0,00 ,00,00 ,00,00 ,0,99.47/99.4,99.48,99.60/99.6,99.62,99.7/99.7,99.7,00 ,0,NA,N/A,3:45
"1211405846306099",2025-09-19,,2025-09-19,INCUBATOR TEMPERATURE CALIBRATION submission,Untitled section,,,,,,"Hatcheryman:
Rodel Marimla

Date:
Sep 19, 2025

Shift:
2nd

Time started:
3pm

Incubator 1 Machine Temp. reading / Calibrator Temp. reading:
machine - 99.5 / calibrator - 99.5

Incubator 1 Humidity reading:
99.5

Incubator 2 Machine Temp. reading / Calibrator Temp. reading:
machine - 98.9 / calibrator - 98.9

Incubator 2 Humidity reading:
98.9

Incubator 3 Machine Temp. reading / Calibrator Temp. reading:
machine - 98.8 / calibrator - 98.8

Incubator 3 Humidity reading:
98.8

Incubator 4 Machine Temp. reading / Calibrator Temp. reading:
0

Incubator 4 Humidity reading:
0

Incubator 5 Machine Temp. reading / Calibrator Temp. reading:
0

Incubator 5 Humidity reading:
0

Incubator 6 Machine Temp. reading / Calibrator Temp. reading:
0

Incubator 6 Humidity reading:
0

Incubator 7 Machine Temp. reading / Calibrator Temp. reading:
machine -  99.5  / calibrator - 99.5

Incubator 7 Humidity reading:
99.5

Incubator 8 Machine Temp. reading / Calibrator Temp. reading:
machine - 99.4 / calibrator - 99.4

Incubator 8 Humidity reading:
99.5

Incubator 9 Machine Temp. reading / Calibrator Temp. reading:
machine - 100.3 / calibrator - 100.3

Incubator 9 Humidity reading:
100.1

Incubator 10 Machine Temp. reading / Calibrator Temp. reading:
0

Incubator 10 Humidity reading:
0

Corrective action taken for un-match machine and calibrator temperature reading after 30 minutes of checking:
n/a

Approver on machine temperature adjustment:
N/A

Time finished:
3:20pm

———————————————
This task was submitted through INCUBATOR TEMPERATURE CALIBRATION
https://form.asana.com/?k=-OgqMf660KEFQdcn3Wkysw&d=1186399537984407",INCUBATOR TEMPERATURE CALIBRATION,,,,Rodel Marimla,"Sep 19, 2025",2nd,3pm,machine - 99.5 / calibrator - 99.5,99.5,machine - 98.9 / calibrator - 98.9,98.9,machine - 98.8 / calibrator - 98.8,98.8,0,0,0,0,0,0,machine -  99.5  / calibrator - 99.5,99.5,machine - 99.4 / calibrator - 99.4,99.5,machine - 100.3 / calibrator - 100.3,100.1,0,0,n/a,N/A,3:20pm
"1211340665693161",2025-09-12,,2025-09-12,INCUBATOR TEMPERATURE CALIBRATION submission,Untitled section,,,,,,"Hatcheryman:
Rodel Marimla

Date:
Sep 12, 2025

Shift:
2nd

Time started:
3pm

Incubator 1 Machine Temp. reading / Calibrator Temp. reading:
machine - 99.4 / calibrator - 99.4

Incubator 1 Humidity reading:
99.4

Incubator 2 Machine Temp. reading / Calibrator Temp. reading:
machine - 99.2 / calibrator - 99.2

Incubator 2 Humidity reading:
99.2

Incubator 3 Machine Temp. reading / Calibrator Temp. reading:
machine - 99.4 / calibrator - 99.4

Incubator 3 Humidity reading:
99.4

Incubator 4 Machine Temp. reading / Calibrator Temp. reading:
machine - 99.9 / calibrator - 99.9

Incubator 4 Humidity reading:
99.9

Incubator 5 Machine Temp. reading / Calibrator Temp. reading:
machine - 100.0 / calibrator - 100.0

Incubator 5 Humidity reading:
99.9

Incubator 6 Machine Temp. reading / Calibrator Temp. reading:
0

Incubator 6 Humidity reading:
0

Incubator 7 Machine Temp. reading / Calibrator Temp. reading:
machine -  100.1  / calibrator - 100.1

Incubator 7 Humidity reading:
100.1

Incubator 8 Machine Temp. reading / Calibrator Temp. reading:
machine - 100.1 / calibrator - 100.1

Incubator 8 Humidity reading:
100.1

Incubator 9 Machine Temp. reading / Calibrator Temp. reading:
machine - 100.4 / calibrator - 100.4

Incubator 9 Humidity reading:
100.2

Incubator 10 Machine Temp. reading / Calibrator Temp. reading:
0

Incubator 10 Humidity reading:
0

Corrective action taken for un-match machine and calibrator temperature reading after 30 minutes of checking:
n/a

Approver on machine temperature adjustment:
N/A

Time finished:
3:30pm

———————————————
This task was submitted through INCUBATOR TEMPERATURE CALIBRATION
https://form.asana.com/?k=-OgqMf660KEFQdcn3Wkysw&d=1186399537984407",INCUBATOR TEMPERATURE CALIBRATION,,,,Rodel Marimla,"Sep 12, 2025",2nd,3pm,machine - 99.4 / calibrator - 99.4,99.4,machine - 99.2 / calibrator - 99.2,99.2,machine - 99.4 / calibrator - 99.4,99.4,machine - 99.9 / calibrator - 99.9,99.9,machine - 100.0 / calibrator - 100.0,99.9,0,0,machine -  100.1  / calibrator - 100.1,100.1,machine - 100.1 / calibrator - 100.1,100.1,machine - 100.4 / calibrator - 100.4,100.2,0,0,n/a,N/A,3:30pm
"1211089629527879",2025-08-19,,2025-08-19,INCUBATOR TEMPERATURE CALIBRATION submission,Untitled section,,,,,,"Hatcheryman:
Bernardo Tiamzon 

Date:
Aug 19, 2025

Shift:
2nd

Time started:
3pm

Incubator 1 Machine Temp. reading / Calibrator Temp. reading:
99.6/99.6

Incubator 1 Humidity reading:
99.6

Incubator 2 Machine Temp. reading / Calibrator Temp. reading:
99.5/99.5

Incubator 2 Humidity reading:
99.5

Incubator 3 Machine Temp. reading / Calibrator Temp. reading:
99.1/99.1

Incubator 3 Humidity reading:
99.1

Incubator 4 Machine Temp. reading / Calibrator Temp. reading:
99.6/99.6

Incubator 4 Humidity reading:
99.6

Incubator 5 Machine Temp. reading / Calibrator Temp. reading:
99.2/99.2

Incubator 5 Humidity reading:
99.2

Incubator 6 Machine Temp. reading / Calibrator Temp. reading:
00 

Incubator 6 Humidity reading:
0

Incubator 7 Machine Temp. reading / Calibrator Temp. reading:
00 

Incubator 7 Humidity reading:
0

Incubator 8 Machine Temp. reading / Calibrator Temp. reading:
00 

Incubator 8 Humidity reading:
0

Incubator 9 Machine Temp. reading / Calibrator Temp. reading:
00 

Incubator 9 Humidity reading:
0

Incubator 10 Machine Temp. reading / Calibrator Temp. reading:
00 

Incubator 10 Humidity reading:
0

Corrective action taken for un-match machine and calibrator temperature reading after 30 minutes of checking:
NA

Approver on machine temperature adjustment:
N/A

Time finished:
3:45

———————————————
This task was submitted through INCUBATOR TEMPERATURE CALIBRATION
https://form.asana.com/?k=-OgqMf660KEFQdcn3Wkysw&d=1186399537984407",INCUBATOR TEMPERATURE CALIBRATION,,,,Bernardo Tiamzon ,"Aug 19, 2025",2nd,3pm,99.6/99.6,99.6,99.5/99.5,99.5,99.1/99.1,99.1,99.6/99.6,99.6,99.2/99.2,99.2,00 ,0,00 ,0,00 ,0,00 ,0,00 ,0,NA,N/A,3:45
"1211007594071190",2025-08-08,,2025-08-08,INCUBATOR TEMPERATURE CALIBRATION submission,Untitled section,,,,,,"Hatcheryman:
Bernardo Tiamzon 

Date:
Aug 8, 2025

Shift:
3rd

Time started:
3pm

Incubator 1 Machine Temp. reading / Calibrator Temp. reading:
99 3/99.3

Incubator 1 Humidity reading:
99.3

Incubator 2 Machine Temp. reading / Calibrator Temp. reading:
99.0/99.0

Incubator 2 Humidity reading:
99.0

Incubator 3 Machine Temp. reading / Calibrator Temp. reading:
99.3/99.3

Incubator 3 Humidity reading:
99.3

Incubator 4 Machine Temp. reading / Calibrator Temp. reading:
99.3/99.3

Incubator 4 Humidity reading:
99.3

Incubator 5 Machine Temp. reading / Calibrator Temp. reading:
99.5/99.5 

Incubator 5 Humidity reading:
99.5

Incubator 6 Machine Temp. reading / Calibrator Temp. reading:
00 

Incubator 6 Humidity reading:
0

Incubator 7 Machine Temp. reading / Calibrator Temp. reading:
00 

Incubator 7 Humidity reading:
0

Incubator 8 Machine Temp. reading / Calibrator Temp. reading:
00 

Incubator 8 Humidity reading:
0

Incubator 9 Machine Temp. reading / Calibrator Temp. reading:
00 

Incubator 9 Humidity reading:
0

Incubator 10 Machine Temp. reading / Calibrator Temp. reading:
00 

Incubator 10 Humidity reading:
0

Corrective action taken for un-match machine and calibrator temperature reading after 30 minutes of checking:
NA

Approver on machine temperature adjustment:
N/A

Time finished:
3:45

———————————————
This task was submitted through INCUBATOR TEMPERATURE CALIBRATION
https://form.asana.com/?k=-OgqMf660KEFQdcn3Wkysw&d=1186399537984407",INCUBATOR TEMPERATURE CALIBRATION,,,,Bernardo Tiamzon ,"Aug 8, 2025",3rd,3pm,99 3/99.3,99.3,99.0/99.0,99.0,99.3/99.3,99.3,99.3/99.3,99.3,99.5/99.5 ,99.5,00 ,0,00 ,0,00 ,0,00 ,0,00 ,0,NA,N/A,3:45
"1210946904456099",2025-08-01,,2025-08-01,INCUBATOR TEMPERATURE CALIBRATION submission,Untitled section,,,,,,"Hatcheryman:
Rodel Marimla

Date:
Aug 1, 2025

Shift:
2nd

Time started:
3pm

Incubator 1 Machine Temp. reading / Calibrator Temp. reading:
machine - 99.2 / calibrator - 99.2

Incubator 1 Humidity reading:
99.2

Incubator 2 Machine Temp. reading / Calibrator Temp. reading:
machine - 99.2 / calibrator - 99.2

Incubator 2 Humidity reading:
99.2

Incubator 3 Machine Temp. reading / Calibrator Temp. reading:
machine - 99.2 / calibrator - 99.2

Incubator 3 Humidity reading:
99.2

Incubator 4 Machine Temp. reading / Calibrator Temp. reading:
machine - 99.5 / calibrator - 99.5

Incubator 4 Humidity reading:
99.5

Incubator 5 Machine Temp. reading / Calibrator Temp. reading:
machine - 99.3 / calibrator - 99.3

Incubator 5 Humidity reading:
99.3

Incubator 6 Machine Temp. reading / Calibrator Temp. reading:
0

Incubator 6 Humidity reading:
0

Incubator 7 Machine Temp. reading / Calibrator Temp. reading:
0

Incubator 7 Humidity reading:
0

Incubator 8 Machine Temp. reading / Calibrator Temp. reading:
0

Incubator 8 Humidity reading:
0

Incubator 9 Machine Temp. reading / Calibrator Temp. reading:
0

Incubator 9 Humidity reading:
0

Incubator 10 Machine Temp. reading / Calibrator Temp. reading:
0

Incubator 10 Humidity reading:
0

Corrective action taken for un-match machine and calibrator temperature reading after 30 minutes of checking:
n/a

Approver on machine temperature adjustment:
N/A

Time finished:
3:20pm

———————————————
This task was submitted through INCUBATOR TEMPERATURE CALIBRATION
https://form.asana.com/?k=-OgqMf660KEFQdcn3Wkysw&d=1186399537984407",INCUBATOR TEMPERATURE CALIBRATION,,,,Rodel Marimla,"Aug 1, 2025",2nd,3pm,machine - 99.2 / calibrator - 99.2,99.2,machine - 99.2 / calibrator - 99.2,99.2,machine - 99.2 / calibrator - 99.2,99.2,machine - 99.5 / calibrator - 99.5,99.5,machine - 99.3 / calibrator - 99.3,99.3,0,0,0,0,0,0,0,0,0,0,n/a,N/A,3:20pm
"1210886761249478",2025-07-25,,2025-07-25,INCUBATOR TEMPERATURE CALIBRATION submission,Untitled section,,,,,,"Hatcheryman:
Rodel Marimla

Date:
Jul 25, 2025

Shift:
2nd

Time started:
3pm

Incubator 1 Machine Temp. reading / Calibrator Temp. reading:
machine - 99.4/ calibrator - 99.4

Incubator 1 Humidity reading:
99.4

Incubator 2 Machine Temp. reading / Calibrator Temp. reading:
machine - 99.3 / calibrator - 99.3

Incubator 2 Humidity reading:
99.3

Incubator 3 Machine Temp. reading / Calibrator Temp. reading:
machine - 99.1 / calibrator - 99.1

Incubator 3 Humidity reading:
99.1

Incubator 4 Machine Temp. reading / Calibrator Temp. reading:
machine - 99.3 / calibrator - 99.3

Incubator 4 Humidity reading:
99.3

Incubator 5 Machine Temp. reading / Calibrator Temp. reading:
machine - 99.2 / calibrator - 99.2

Incubator 5 Humidity reading:
99.2

Incubator 6 Machine Temp. reading / Calibrator Temp. reading:
0

Incubator 6 Humidity reading:
0

Incubator 7 Machine Temp. reading / Calibrator Temp. reading:
0

Incubator 7 Humidity reading:
0

Incubator 8 Machine Temp. reading / Calibrator Temp. reading:
0

Incubator 8 Humidity reading:
0

Incubator 9 Machine Temp. reading / Calibrator Temp. reading:
0

Incubator 9 Humidity reading:
0

Incubator 10 Machine Temp. reading / Calibrator Temp. reading:
0

Incubator 10 Humidity reading:
0

Corrective action taken for un-match machine and calibrator temperature reading after 30 minutes of checking:
n/a

Approver on machine temperature adjustment:
N/A

Time finished:
3:30pm

———————————————
This task was submitted through INCUBATOR TEMPERATURE CALIBRATION
https://form.asana.com/?k=-OgqMf660KEFQdcn3Wkysw&d=1186399537984407",INCUBATOR TEMPERATURE CALIBRATION,,,,Rodel Marimla,"Jul 25, 2025",2nd,3pm,machine - 99.4/ calibrator - 99.4,99.4,machine - 99.3 / calibrator - 99.3,99.3,machine - 99.1 / calibrator - 99.1,99.1,machine - 99.3 / calibrator - 99.3,99.3,machine - 99.2 / calibrator - 99.2,99.2,0,0,0,0,0,0,0,0,0,0,n/a,N/A,3:30pm
"1210714941061863",2025-07-04,,2025-07-04,INCUBATOR TEMPERATURE CALIBRATION submission,Untitled section,,,,,,"Hatcheryman:
Bernardo Tiamzon 

Date:
Jul 4, 2025

Shift:
2nd

Time started:
3pm

Incubator 1 Machine Temp. reading / Calibrator Temp. reading:
99.6/99.6

Incubator 1 Humidity reading:
99.6

Incubator 2 Machine Temp. reading / Calibrator Temp. reading:
09.2/99.2

Incubator 2 Humidity reading:
99.2

Incubator 3 Machine Temp. reading / Calibrator Temp. reading:
99.1/99.1

Incubator 3 Humidity reading:
99.1

Incubator 4 Machine Temp. reading / Calibrator Temp. reading:
99.3/99.3

Incubator 4 Humidity reading:
99.3

Incubator 5 Machine Temp. reading / Calibrator Temp. reading:
99.4/99.4

Incubator 5 Humidity reading:
99.4

Incubator 6 Machine Temp. reading / Calibrator Temp. reading:
00 

Incubator 6 Humidity reading:
00

Incubator 7 Machine Temp. reading / Calibrator Temp. reading:
00 

Incubator 7 Humidity reading:
00

Incubator 8 Machine Temp. reading / Calibrator Temp. reading:
00 

Incubator 8 Humidity reading:
00

Incubator 9 Machine Temp. reading / Calibrator Temp. reading:
00 

Incubator 9 Humidity reading:
00

Incubator 10 Machine Temp. reading / Calibrator Temp. reading:
00 

Incubator 10 Humidity reading:
00

Corrective action taken for un-match machine and calibrator temperature reading after 30 minutes of checking:
NAP

Approver on machine temperature adjustment:
N/A

Time finished:
3:45

———————————————
This task was submitted through INCUBATOR TEMPERATURE CALIBRATION
https://form.asana.com/?k=-OgqMf660KEFQdcn3Wkysw&d=1186399537984407",INCUBATOR TEMPERATURE CALIBRATION,,,,Bernardo Tiamzon ,"Jul 4, 2025",2nd,3pm,99.6/99.6,99.6,09.2/99.2,99.2,99.1/99.1,99.1,99.3/99.3,99.3,99.4/99.4,99.4,00 ,00,00 ,00,00 ,00,00 ,00,00 ,00,NAP,N/A,3:45
"1210658637549818",2025-06-27,,2025-06-27,INCUBATOR TEMPERATURE CALIBRATION submission,Untitled section,,,,,,"Hatcheryman:
Bernardo Tiamzon 

Date:
Jun 27, 2025

Shift:
2nd

Time started:
3pm

Incubator 1 Machine Temp. reading / Calibrator Temp. reading:
99 3/99.3

Incubator 1 Humidity reading:
99.3

Incubator 2 Machine Temp. reading / Calibrator Temp. reading:
99.6/99.6

Incubator 2 Humidity reading:
99.6

Incubator 3 Machine Temp. reading / Calibrator Temp. reading:
99.4/99.4

Incubator 3 Humidity reading:
99.4

Incubator 4 Machine Temp. reading / Calibrator Temp. reading:
99.1/99.1

Incubator 4 Humidity reading:
99.1

Incubator 5 Machine Temp. reading / Calibrator Temp. reading:
99.3/99.3

Incubator 5 Humidity reading:
99.3

Incubator 6 Machine Temp. reading / Calibrator Temp. reading:
00 

Incubator 6 Humidity reading:
00

Incubator 7 Machine Temp. reading / Calibrator Temp. reading:
00 

Incubator 7 Humidity reading:
00

Incubator 8 Machine Temp. reading / Calibrator Temp. reading:
00 

Incubator 8 Humidity reading:
00

Incubator 9 Machine Temp. reading / Calibrator Temp. reading:
00 

Incubator 9 Humidity reading:
0

Incubator 10 Machine Temp. reading / Calibrator Temp. reading:
00 

Incubator 10 Humidity reading:
00

Corrective action taken for un-match machine and calibrator temperature reading after 30 minutes of checking:
NA

Approver on machine temperature adjustment:
N/A

Time finished:
3:45

———————————————
This task was submitted through INCUBATOR TEMPERATURE CALIBRATION
https://form.asana.com/?k=-OgqMf660KEFQdcn3Wkysw&d=1186399537984407",INCUBATOR TEMPERATURE CALIBRATION,,,,Bernardo Tiamzon ,"Jun 27, 2025",2nd,3pm,99 3/99.3,99.3,99.6/99.6,99.6,99.4/99.4,99.4,99.1/99.1,99.1,99.3/99.3,99.3,00 ,00,00 ,00,00 ,00,00 ,0,00 ,00,NA,N/A,3:45
"1210626678602272",2025-06-24,,2025-06-24,INCUBATOR TEMPERATURE CALIBRATION submission,Untitled section,,,,,,"Hatcheryman:
Rodel Marimla

Date:
Jun 24, 2025

Shift:
2nd

Time started:
3pm

Incubator 1 Machine Temp. reading / Calibrator Temp. reading:
machine - 99.6 / calibrator - 99.6

Incubator 1 Humidity reading:
99.6

Incubator 2 Machine Temp. reading / Calibrator Temp. reading:
machine - 99.4 / calibrator - 99.4

Incubator 2 Humidity reading:
99.4

Incubator 3 Machine Temp. reading / Calibrator Temp. reading:
machine - 99.3 / calibrator - 99.3

Incubator 3 Humidity reading:
99.3

Incubator 4 Machine Temp. reading / Calibrator Temp. reading:
machine - 99.5 / calibrator - 99.5

Incubator 4 Humidity reading:
99.5

Incubator 5 Machine Temp. reading / Calibrator Temp. reading:
machine - 99.0 / calibrator - 99.0

Incubator 5 Humidity reading:
99.0

Incubator 6 Machine Temp. reading / Calibrator Temp. reading:
0

Incubator 6 Humidity reading:
0

Incubator 7 Machine Temp. reading / Calibrator Temp. reading:
0

Incubator 7 Humidity reading:
0

Incubator 8 Machine Temp. reading / Calibrator Temp. reading:
0

Incubator 8 Humidity reading:
0

Incubator 9 Machine Temp. reading / Calibrator Temp. reading:
0

Incubator 9 Humidity reading:
0

Incubator 10 Machine Temp. reading / Calibrator Temp. reading:
0

Incubator 10 Humidity reading:
0

Corrective action taken for un-match machine and calibrator temperature reading after 30 minutes of checking:
n/a

Approver on machine temperature adjustment:
N/A

Time finished:
3:40pm

———————————————
This task was submitted through INCUBATOR TEMPERATURE CALIBRATION
https://form.asana.com/?k=-OgqMf660KEFQdcn3Wkysw&d=1186399537984407",INCUBATOR TEMPERATURE CALIBRATION,,,,Rodel Marimla,"Jun 24, 2025",2nd,3pm,machine - 99.6 / calibrator - 99.6,99.6,machine - 99.4 / calibrator - 99.4,99.4,machine - 99.3 / calibrator - 99.3,99.3,machine - 99.5 / calibrator - 99.5,99.5,machine - 99.0 / calibrator - 99.0,99.0,0,0,0,0,0,0,0,0,0,0,n/a,N/A,3:40pm
"1210540506899498",2025-06-13,,2025-06-13,INCUBATOR TEMPERATURE CALIBRATION submission,Untitled section,,,,,,"Hatcheryman:
Rodel Marimla

Date:
Jun 13, 2025

Shift:
2nd

Time started:
3pm

Incubator 1 Machine Temp. reading / Calibrator Temp. reading:
machine - 99.0 / calibrator - 99.0

Incubator 1 Humidity reading:
84.1

Incubator 2 Machine Temp. reading / Calibrator Temp. reading:
machine - 99.2 / calibrator - 99.2

Incubator 2 Humidity reading:
83.9

Incubator 3 Machine Temp. reading / Calibrator Temp. reading:
machine - 99.3 / calibrator - 99.3

Incubator 3 Humidity reading:
84.1

Incubator 4 Machine Temp. reading / Calibrator Temp. reading:
machine - 99.2 / calibrator - 99.2

Incubator 4 Humidity reading:
83.9

Incubator 5 Machine Temp. reading / Calibrator Temp. reading:
machine - 98.9 / calibrator - 98.9

Incubator 5 Humidity reading:
83.9

Incubator 6 Machine Temp. reading / Calibrator Temp. reading:
0

Incubator 6 Humidity reading:
0

Incubator 7 Machine Temp. reading / Calibrator Temp. reading:
0

Incubator 7 Humidity reading:
0

Incubator 8 Machine Temp. reading / Calibrator Temp. reading:
0

Incubator 8 Humidity reading:
0

Incubator 9 Machine Temp. reading / Calibrator Temp. reading:
0

Incubator 9 Humidity reading:
0

Incubator 10 Machine Temp. reading / Calibrator Temp. reading:
0

Incubator 10 Humidity reading:
0

Corrective action taken for un-match machine and calibrator temperature reading after 30 minutes of checking:
n/a

Approver on machine temperature adjustment:
N/A

Time finished:
3:15pm

———————————————
This task was submitted through INCUBATOR TEMPERATURE CALIBRATION
https://form.asana.com/?k=-OgqMf660KEFQdcn3Wkysw&d=1186399537984407",INCUBATOR TEMPERATURE CALIBRATION,,,,Rodel Marimla,"Jun 13, 2025",2nd,3pm,machine - 99.0 / calibrator - 99.0,84.1,machine - 99.2 / calibrator - 99.2,83.9,machine - 99.3 / calibrator - 99.3,84.1,machine - 99.2 / calibrator - 99.2,83.9,machine - 98.9 / calibrator - 98.9,83.9,0,0,0,0,0,0,0,0,0,0,n/a,N/A,3:15pm
"1210508256674943",2025-06-10,,2025-06-10,INCUBATOR TEMPERATURE CALIBRATION submission,Untitled section,,,,,,"Hatcheryman:
Rodel Marimla

Date:
Jun 10, 2025

Shift:
2nd

Time started:
3pm

Incubator 1 Machine Temp. reading / Calibrator Temp. reading:
machine - 99.1 / calibrator - 99.1

Incubator 1 Humidity reading:
99.1

Incubator 2 Machine Temp. reading / Calibrator Temp. reading:
machine - 99.1 / calibrator - 99.1

Incubator 2 Humidity reading:
99.1

Incubator 3 Machine Temp. reading / Calibrator Temp. reading:
machine - 99.2 / calibrator - 99.2

Incubator 3 Humidity reading:
99.2

Incubator 4 Machine Temp. reading / Calibrator Temp. reading:
machine - 99.2 / calibrator - 99.2

Incubator 4 Humidity reading:
99.2

Incubator 5 Machine Temp. reading / Calibrator Temp. reading:
machine - 98.9 / calibrator - 98.9

Incubator 5 Humidity reading:
98.9

Incubator 6 Machine Temp. reading / Calibrator Temp. reading:
0

Incubator 6 Humidity reading:
0

Incubator 7 Machine Temp. reading / Calibrator Temp. reading:
0

Incubator 7 Humidity reading:
0

Incubator 8 Machine Temp. reading / Calibrator Temp. reading:
0

Incubator 8 Humidity reading:
0

Incubator 9 Machine Temp. reading / Calibrator Temp. reading:
0

Incubator 9 Humidity reading:
0

Incubator 10 Machine Temp. reading / Calibrator Temp. reading:
0

Incubator 10 Humidity reading:
0

Corrective action taken for un-match machine and calibrator temperature reading after 30 minutes of checking:
n/a

Approver on machine temperature adjustment:
N/A

Time finished:
3:30pm

———————————————
This task was submitted through INCUBATOR TEMPERATURE CALIBRATION
https://form.asana.com/?k=-OgqMf660KEFQdcn3Wkysw&d=1186399537984407",INCUBATOR TEMPERATURE CALIBRATION,,,,Rodel Marimla,"Jun 10, 2025",2nd,3pm,machine - 99.1 / calibrator - 99.1,99.1,machine - 99.1 / calibrator - 99.1,99.1,machine - 99.2 / calibrator - 99.2,99.2,machine - 99.2 / calibrator - 99.2,99.2,machine - 98.9 / calibrator - 98.9,98.9,0,0,0,0,0,0,0,0,0,0,n/a,N/A,3:30pm
"1210364429351401",2025-05-23,,2025-05-23,INCUBATOR TEMPERATURE CALIBRATION submission,Untitled section,,,,,,"Hatcheryman:
Bernardo Tiamzon 

Date:
May 23, 2025

Shift:
2nd

Time started:
3pm

Incubator 1 Machine Temp. reading / Calibrator Temp. reading:
99.1/99.1

Incubator 1 Humidity reading:
99.1

Incubator 2 Machine Temp. reading / Calibrator Temp. reading:
99.1/99.1

Incubator 2 Humidity reading:
99.1

Incubator 3 Machine Temp. reading / Calibrator Temp. reading:
99.3/99.3

Incubator 3 Humidity reading:
99.3

Incubator 4 Machine Temp. reading / Calibrator Temp. reading:
99.1/99.1

Incubator 4 Humidity reading:
99.1

Incubator 5 Machine Temp. reading / Calibrator Temp. reading:
99.3/99.3

Incubator 5 Humidity reading:
99.3

Incubator 6 Machine Temp. reading / Calibrator Temp. reading:
00 

Incubator 6 Humidity reading:
00

Incubator 7 Machine Temp. reading / Calibrator Temp. reading:
99.18/99.19

Incubator 7 Humidity reading:
99.1

Incubator 8 Machine Temp. reading / Calibrator Temp. reading:
100.04/100.03

Incubator 8 Humidity reading:
100

Incubator 9 Machine Temp. reading / Calibrator Temp. reading:
00 

Incubator 9 Humidity reading:
00

Incubator 10 Machine Temp. reading / Calibrator Temp. reading:
00 

Incubator 10 Humidity reading:
00

Corrective action taken for un-match machine and calibrator temperature reading after 30 minutes of checking:
NA

Approver on machine temperature adjustment:
N/A

Time finished:
3:45

———————————————
This task was submitted through INCUBATOR TEMPERATURE CALIBRATION
https://form.asana.com/?k=-OgqMf660KEFQdcn3Wkysw&d=1186399537984407",INCUBATOR TEMPERATURE CALIBRATION,,,,Bernardo Tiamzon ,"May 23, 2025",2nd,3pm,99.1/99.1,99.1,99.1/99.1,99.1,99.3/99.3,99.3,99.1/99.1,99.1,99.3/99.3,99.3,00 ,00,99.18/99.19,99.1,100.04/100.03,100,00 ,00,00 ,00,NA,N/A,3:45
"1210235856484228",2025-05-13,,2025-05-13,INCUBATOR TEMPERATURE CALIBRATION submission,Untitled section,,,,,,"Hatcheryman:
Bernardo Tiamzon 

Date:
May 13, 2025

Shift:
2nd

Time started:
3pm

Incubator 1 Machine Temp. reading / Calibrator Temp. reading:
99 3/99.3

Incubator 1 Humidity reading:
99.3

Incubator 2 Machine Temp. reading / Calibrator Temp. reading:
99.1/99.1

Incubator 2 Humidity reading:
99.1

Incubator 3 Machine Temp. reading / Calibrator Temp. reading:
99.4/99.4

Incubator 3 Humidity reading:
99.4

Incubator 4 Machine Temp. reading / Calibrator Temp. reading:
99.5/99.5

Incubator 4 Humidity reading:
99.5

Incubator 5 Machine Temp. reading / Calibrator Temp. reading:
99.2/99.2

Incubator 5 Humidity reading:
99.2

Incubator 6 Machine Temp. reading / Calibrator Temp. reading:
00 

Incubator 6 Humidity reading:
00

Incubator 7 Machine Temp. reading / Calibrator Temp. reading:
100.18/100.2

Incubator 7 Humidity reading:
100.08

Incubator 8 Machine Temp. reading / Calibrator Temp. reading:
100.18/100.2

Incubator 8 Humidity reading:
100.19

Incubator 9 Machine Temp. reading / Calibrator Temp. reading:
00 

Incubator 9 Humidity reading:
00

Incubator 10 Machine Temp. reading / Calibrator Temp. reading:
00 

Incubator 10 Humidity reading:
00

Corrective action taken for un-match machine and calibrator temperature reading after 30 minutes of checking:
NA

Approver on machine temperature adjustment:
N/A

Time finished:
3:45

———————————————
This task was submitted through INCUBATOR TEMPERATURE CALIBRATION
https://form.asana.com/?k=-OgqMf660KEFQdcn3Wkysw&d=1186399537984407",INCUBATOR TEMPERATURE CALIBRATION,,,,Bernardo Tiamzon ,"May 13, 2025",2nd,3pm,99 3/99.3,99.3,99.1/99.1,99.1,99.4/99.4,99.4,99.5/99.5,99.5,99.2/99.2,99.2,00 ,00,100.18/100.2,100.08,100.18/100.2,100.19,00 ,00,00 ,00,NA,N/A,3:45
"1210205242973850",2025-05-09,,2025-05-09,INCUBATOR TEMPERATURE CALIBRATION submission,Untitled section,,,,,,"Hatcheryman:
Rodel Marimla

Date:
May 9, 2025

Shift:
2nd

Time started:
3pm

Incubator 1 Machine Temp. reading / Calibrator Temp. reading:
machine - 99.0 / calibrator - 99.0

Incubator 1 Humidity reading:
99.0

Incubator 2 Machine Temp. reading / Calibrator Temp. reading:
machine - 99.2 / calibrator - 99.2

Incubator 2 Humidity reading:
99.2

Incubator 3 Machine Temp. reading / Calibrator Temp. reading:
machine - 99.2 / calibrator - 99.2

Incubator 3 Humidity reading:
99.2

Incubator 4 Machine Temp. reading / Calibrator Temp. reading:
machine - 99.4 / calibrator - 99.4

Incubator 4 Humidity reading:
99.4

Incubator 5 Machine Temp. reading / Calibrator Temp. reading:
machine - 99.3 / calibrator - 99.3

Incubator 5 Humidity reading:
99.3

Incubator 6 Machine Temp. reading / Calibrator Temp. reading:
0

Incubator 6 Humidity reading:
0

Incubator 7 Machine Temp. reading / Calibrator Temp. reading:
machine -  100.15  / calibrator - 100.1

Incubator 7 Humidity reading:
100.17

Incubator 8 Machine Temp. reading / Calibrator Temp. reading:
0

Incubator 8 Humidity reading:
0

Incubator 9 Machine Temp. reading / Calibrator Temp. reading:
0

Incubator 9 Humidity reading:
0

Incubator 10 Machine Temp. reading / Calibrator Temp. reading:
0

Incubator 10 Humidity reading:
0

Corrective action taken for un-match machine and calibrator temperature reading after 30 minutes of checking:
n/a

Approver on machine temperature adjustment:
N/A

Time finished:
3:30pm

———————————————
This task was submitted through INCUBATOR TEMPERATURE CALIBRATION
https://form.asana.com/?k=-OgqMf660KEFQdcn3Wkysw&d=1186399537984407",INCUBATOR TEMPERATURE CALIBRATION,,,,Rodel Marimla,"May 9, 2025",2nd,3pm,machine - 99.0 / calibrator - 99.0,99.0,machine - 99.2 / calibrator - 99.2,99.2,machine - 99.2 / calibrator - 99.2,99.2,machine - 99.4 / calibrator - 99.4,99.4,machine - 99.3 / calibrator - 99.3,99.3,0,0,machine -  100.15  / calibrator - 100.1,100.17,0,0,0,0,0,0,n/a,N/A,3:30pm
"1210142049814327",2025-05-02,,2025-05-02,INCUBATOR TEMPERATURE CALIBRATION submission,Untitled section,,,,,,"Hatcheryman:
Rodel Marimla

Date:
May 2, 2025

Shift:
2nd

Time started:
3pm

Incubator 1 Machine Temp. reading / Calibrator Temp. reading:
machine - 99.3 / calibrator - 99.3

Incubator 1 Humidity reading:
99.3

Incubator 2 Machine Temp. reading / Calibrator Temp. reading:
machine - 99.3 / calibrator - 99.3

Incubator 2 Humidity reading:
99.3

Incubator 3 Machine Temp. reading / Calibrator Temp. reading:
machine - 99.7 / calibrator - 99.7

Incubator 3 Humidity reading:
99.7

Incubator 4 Machine Temp. reading / Calibrator Temp. reading:
machine - 99.3 / calibrator - 99.3

Incubator 4 Humidity reading:
99.3

Incubator 5 Machine Temp. reading / Calibrator Temp. reading:
machine - 99.6 / calibrator - 99.6

Incubator 5 Humidity reading:
99.6

Incubator 6 Machine Temp. reading / Calibrator Temp. reading:
0

Incubator 6 Humidity reading:
0

Incubator 7 Machine Temp. reading / Calibrator Temp. reading:
0

Incubator 7 Humidity reading:
0

Incubator 8 Machine Temp. reading / Calibrator Temp. reading:
0

Incubator 8 Humidity reading:
0

Incubator 9 Machine Temp. reading / Calibrator Temp. reading:
0

Incubator 9 Humidity reading:
0

Incubator 10 Machine Temp. reading / Calibrator Temp. reading:
0

Incubator 10 Humidity reading:
0

Corrective action taken for un-match machine and calibrator temperature reading after 30 minutes of checking:
n/a

Approver on machine temperature adjustment:
N/A

Time finished:
3:30pm

———————————————
This task was submitted through INCUBATOR TEMPERATURE CALIBRATION
https://form.asana.com/?k=-OgqMf660KEFQdcn3Wkysw&d=1186399537984407",INCUBATOR TEMPERATURE CALIBRATION,,,,Rodel Marimla,"May 2, 2025",2nd,3pm,machine - 99.3 / calibrator - 99.3,99.3,machine - 99.3 / calibrator - 99.3,99.3,machine - 99.7 / calibrator - 99.7,99.7,machine - 99.3 / calibrator - 99.3,99.3,machine - 99.6 / calibrator - 99.6,99.6,0,0,0,0,0,0,0,0,0,0,n/a,N/A,3:30pm
"1210082278456416",2025-04-25,,2025-04-25,INCUBATOR TEMPERATURE CALIBRATION submission,Untitled section,,,,,,"Hatcheryman:
Rodel Marimla

Date:
Apr 25, 2025

Shift:
2nd

Time started:
3pm

Incubator 1 Machine Temp. reading / Calibrator Temp. reading:
machine - 99.0 / calibrator - 99.0

Incubator 1 Humidity reading:
99.0

Incubator 2 Machine Temp. reading / Calibrator Temp. reading:
machine - 99.3 / calibrator - 99.3

Incubator 2 Humidity reading:
99.3

Incubator 3 Machine Temp. reading / Calibrator Temp. reading:
machine - 99.4 / calibrator - 99.4

Incubator 3 Humidity reading:
99.4

Incubator 4 Machine Temp. reading / Calibrator Temp. reading:
machine - 99.4 / calibrator - 99.4

Incubator 4 Humidity reading:
99.4

Incubator 5 Machine Temp. reading / Calibrator Temp. reading:
machine - 99.3 / calibrator - 99.3

Incubator 5 Humidity reading:
99.3

Incubator 6 Machine Temp. reading / Calibrator Temp. reading:
0

Incubator 6 Humidity reading:
0

Incubator 7 Machine Temp. reading / Calibrator Temp. reading:
machine -  99.40  / calibrator - 99.4

Incubator 7 Humidity reading:
99.40

Incubator 8 Machine Temp. reading / Calibrator Temp. reading:
0

Incubator 8 Humidity reading:
0

Incubator 9 Machine Temp. reading / Calibrator Temp. reading:
0

Incubator 9 Humidity reading:
0

Incubator 10 Machine Temp. reading / Calibrator Temp. reading:
0

Incubator 10 Humidity reading:
0

Corrective action taken for un-match machine and calibrator temperature reading after 30 minutes of checking:
n/a

Approver on machine temperature adjustment:
N/A

Time finished:
3:40pm

———————————————
This task was submitted through INCUBATOR TEMPERATURE CALIBRATION
https://form.asana.com/?k=-OgqMf660KEFQdcn3Wkysw&d=1186399537984407",INCUBATOR TEMPERATURE CALIBRATION,,,,Rodel Marimla,"Apr 25, 2025",2nd,3pm,machine - 99.0 / calibrator - 99.0,99.0,machine - 99.3 / calibrator - 99.3,99.3,machine - 99.4 / calibrator - 99.4,99.4,machine - 99.4 / calibrator - 99.4,99.4,machine - 99.3 / calibrator - 99.3,99.3,0,0,machine -  99.40  / calibrator - 99.4,99.40,0,0,0,0,0,0,n/a,N/A,3:40pm
"1209855112023627",2025-04-01,,2025-04-01,INCUBATOR TEMPERATURE CALIBRATION submission,Untitled section,,,,,,"Hatcheryman:
Bernardo Tiamzon 

Date:
Apr 1, 2025

Shift:
2nd

Time started:
3pm

Incubator 1 Machine Temp. reading / Calibrator Temp. reading:
100/100

Incubator 1 Humidity reading:
100

Incubator 2 Machine Temp. reading / Calibrator Temp. reading:
100.4/100.4

Incubator 2 Humidity reading:
99.9

Incubator 3 Machine Temp. reading / Calibrator Temp. reading:
100.2/100.2

Incubator 3 Humidity reading:
100.3

Incubator 4 Machine Temp. reading / Calibrator Temp. reading:
99.2/99.2

Incubator 4 Humidity reading:
99.2

Incubator 5 Machine Temp. reading / Calibrator Temp. reading:
99.2/99.2

Incubator 5 Humidity reading:
99.2

Incubator 6 Machine Temp. reading / Calibrator Temp. reading:
00 

Incubator 6 Humidity reading:
00

Incubator 7 Machine Temp. reading / Calibrator Temp. reading:
99.34/99.2

Incubator 7 Humidity reading:
99.36

Incubator 8 Machine Temp. reading / Calibrator Temp. reading:
99.11/99.1

Incubator 8 Humidity reading:
99.12

Incubator 9 Machine Temp. reading / Calibrator Temp. reading:
99.5/99.5

Incubator 9 Humidity reading:
99.5

Incubator 10 Machine Temp. reading / Calibrator Temp. reading:
99.6/99.6

Incubator 10 Humidity reading:
99.6

Corrective action taken for un-match machine and calibrator temperature reading after 30 minutes of checking:
NA

Approver on machine temperature adjustment:
N/A

Time finished:
4pm

———————————————
This task was submitted through INCUBATOR TEMPERATURE CALIBRATION
https://form.asana.com/?k=-OgqMf660KEFQdcn3Wkysw&d=1186399537984407",INCUBATOR TEMPERATURE CALIBRATION,,,,Bernardo Tiamzon ,"Apr 1, 2025",2nd,3pm,100/100,100,100.4/100.4,99.9,100.2/100.2,100.3,99.2/99.2,99.2,99.2/99.2,99.2,00 ,00,99.34/99.2,99.36,99.11/99.1,99.12,99.5/99.5,99.5,99.6/99.6,99.6,NA,N/A,4pm
"1209782751001369",2025-03-25,,2025-03-25,INCUBATOR TEMPERATURE CALIBRATION submission,Untitled section,,,,,,"Hatcheryman:
Bernardo Tiamzon 

Date:
Mar 25, 2025

Shift:
2nd

Time started:
3pm

Incubator 1 Machine Temp. reading / Calibrator Temp. reading:
100/100

Incubator 1 Humidity reading:
1001

Incubator 2 Machine Temp. reading / Calibrator Temp. reading:
100 3/100.3 

Incubator 2 Humidity reading:
100.4

Incubator 3 Machine Temp. reading / Calibrator Temp. reading:
100.4/100.4

Incubator 3 Humidity reading:
100.5

Incubator 4 Machine Temp. reading / Calibrator Temp. reading:
99.2/99.2

Incubator 4 Humidity reading:
99.2

Incubator 5 Machine Temp. reading / Calibrator Temp. reading:
99.4 /99.4

Incubator 5 Humidity reading:
99.4

Incubator 6 Machine Temp. reading / Calibrator Temp. reading:
00 

Incubator 6 Humidity reading:
00

Incubator 7 Machine Temp. reading / Calibrator Temp. reading:
99.21/99.1

Incubator 7 Humidity reading:
99.20

Incubator 8 Machine Temp. reading / Calibrator Temp. reading:
99.80/99.8

Incubator 8 Humidity reading:
99.86

Incubator 9 Machine Temp. reading / Calibrator Temp. reading:
99.7/99.7

Incubator 9 Humidity reading:
99.7

Incubator 10 Machine Temp. reading / Calibrator Temp. reading:
99.4/99.4

Incubator 10 Humidity reading:
99.4

Corrective action taken for un-match machine and calibrator temperature reading after 30 minutes of checking:
NA

Approver on machine temperature adjustment:
N/A

Time finished:
4pm

———————————————
This task was submitted through INCUBATOR TEMPERATURE CALIBRATION
https://form.asana.com/?k=-OgqMf660KEFQdcn3Wkysw&d=1186399537984407",INCUBATOR TEMPERATURE CALIBRATION,,,,Bernardo Tiamzon ,"Mar 25, 2025",2nd,3pm,100/100,1001,100 3/100.3 ,100.4,100.4/100.4,100.5,99.2/99.2,99.2,99.4 /99.4,99.4,00 ,00,99.21/99.1,99.20,99.80/99.8,99.86,99.7/99.7,99.7,99.4/99.4,99.4,NA,N/A,4pm
"1209710056924509",2025-03-18,,2025-03-18,INCUBATOR TEMPERATURE CALIBRATION submission,Untitled section,,,,,,"Hatcheryman:
Rodel Marimla

Date:
Mar 18, 2025

Shift:
2nd

Time started:
3pm

Incubator 1 Machine Temp. reading / Calibrator Temp. reading:
0

Incubator 1 Humidity reading:
0

Incubator 2 Machine Temp. reading / Calibrator Temp. reading:
0

Incubator 2 Humidity reading:
0

Incubator 3 Machine Temp. reading / Calibrator Temp. reading:
0

Incubator 3 Humidity reading:
0

Incubator 4 Machine Temp. reading / Calibrator Temp. reading:
machine - 99.5 / calibrator - 99.5

Incubator 4 Humidity reading:
99.5

Incubator 5 Machine Temp. reading / Calibrator Temp. reading:
machine - 99.4 / calibrator - 99.4

Incubator 5 Humidity reading:
99.4

Incubator 6 Machine Temp. reading / Calibrator Temp. reading:
0

Incubator 6 Humidity reading:
0

Incubator 7 Machine Temp. reading / Calibrator Temp. reading:
machine -  99.39  / calibrator - 99.3

Incubator 7 Humidity reading:
99.37

Incubator 8 Machine Temp. reading / Calibrator Temp. reading:
machine - 99.74 / calibrator - 99.7

Incubator 8 Humidity reading:
99.71

Incubator 9 Machine Temp. reading / Calibrator Temp. reading:
machine - 99.4 / calibrator - 99.4

Incubator 9 Humidity reading:
99.4

Incubator 10 Machine Temp. reading / Calibrator Temp. reading:
machine -  99.3 / calibrator - 99.3

Incubator 10 Humidity reading:
99.3

Corrective action taken for un-match machine and calibrator temperature reading after 30 minutes of checking:
n/a

Approver on machine temperature adjustment:
N/A

Time finished:
3:30pm

———————————————
This task was submitted through INCUBATOR TEMPERATURE CALIBRATION
https://form.asana.com/?k=-OgqMf660KEFQdcn3Wkysw&d=1186399537984407",INCUBATOR TEMPERATURE CALIBRATION,,,,Rodel Marimla,"Mar 18, 2025",2nd,3pm,0,0,0,0,0,0,machine - 99.5 / calibrator - 99.5,99.5,machine - 99.4 / calibrator - 99.4,99.4,0,0,machine -  99.39  / calibrator - 99.3,99.37,machine - 99.74 / calibrator - 99.7,99.71,machine - 99.4 / calibrator - 99.4,99.4,machine -  99.3 / calibrator - 99.3,99.3,n/a,N/A,3:30pm
"1209640254654122",2025-03-11,,2025-03-11,INCUBATOR TEMPERATURE CALIBRATION submission,Untitled section,,,,,,"Hatcheryman:
Rodel Marimla

Date:
Mar 11, 2025

Shift:
2nd

Time started:
3pm

Incubator 1 Machine Temp. reading / Calibrator Temp. reading:
0

Incubator 1 Humidity reading:
0

Incubator 2 Machine Temp. reading / Calibrator Temp. reading:
0

Incubator 2 Humidity reading:
0

Incubator 3 Machine Temp. reading / Calibrator Temp. reading:
0

Incubator 3 Humidity reading:
0

Incubator 4 Machine Temp. reading / Calibrator Temp. reading:
machine - 100.4 / calibrator - 100.4

Incubator 4 Humidity reading:
100.6

Incubator 5 Machine Temp. reading / Calibrator Temp. reading:
machine - 100.1 / calibrator - 100.1

Incubator 5 Humidity reading:
100.2

Incubator 6 Machine Temp. reading / Calibrator Temp. reading:
0

Incubator 6 Humidity reading:
0

Incubator 7 Machine Temp. reading / Calibrator Temp. reading:
machine -  99.13  / calibrator - 99.1

Incubator 7 Humidity reading:
99.13

Incubator 8 Machine Temp. reading / Calibrator Temp. reading:
machine - 99.55 / calibrator - 99.5

Incubator 8 Humidity reading:
99.55

Incubator 9 Machine Temp. reading / Calibrator Temp. reading:
machine - 99.5 / calibrator - 99.5

Incubator 9 Humidity reading:
99.5

Incubator 10 Machine Temp. reading / Calibrator Temp. reading:
machine -  99.53/ calibrator - 99.3

Incubator 10 Humidity reading:
99.3

Corrective action taken for un-match machine and calibrator temperature reading after 30 minutes of checking:
n/a

Approver on machine temperature adjustment:
N/A

Time finished:
3:40pm

———————————————
This task was submitted through INCUBATOR TEMPERATURE CALIBRATION
https://form.asana.com/?k=-OgqMf660KEFQdcn3Wkysw&d=1186399537984407",INCUBATOR TEMPERATURE CALIBRATION,,,,Rodel Marimla,"Mar 11, 2025",2nd,3pm,0,0,0,0,0,0,machine - 100.4 / calibrator - 100.4,100.6,machine - 100.1 / calibrator - 100.1,100.2,0,0,machine -  99.13  / calibrator - 99.1,99.13,machine - 99.55 / calibrator - 99.5,99.55,machine - 99.5 / calibrator - 99.5,99.5,machine -  99.53/ calibrator - 99.3,99.3,n/a,N/A,3:40pm
"1209041472649361",2024-12-24,,2024-12-24,INCUBATOR TEMPERATURE CALIBRATION submission,Untitled section,,,,,,"Hatcheryman:
Bernardo Tiamzon 

Date:
Dec 24, 2024

Shift:
2nd

Time started:
3pm

Incubator 1 Machine Temp. reading / Calibrator Temp. reading:
00 

Incubator 1 Humidity reading:
00

Incubator 2 Machine Temp. reading / Calibrator Temp. reading:
00 

Incubator 2 Humidity reading:
00

Incubator 3 Machine Temp. reading / Calibrator Temp. reading:
00 

Incubator 3 Humidity reading:
00

Incubator 4 Machine Temp. reading / Calibrator Temp. reading:
00

Incubator 4 Humidity reading:
00

Incubator 5 Machine Temp. reading / Calibrator Temp. reading:
00

Incubator 5 Humidity reading:
00

Incubator 6 Machine Temp. reading / Calibrator Temp. reading:
00 

Incubator 6 Humidity reading:
00

Incubator 7 Machine Temp. reading / Calibrator Temp. reading:
99.51/99.4

Incubator 7 Humidity reading:
99.46

Incubator 8 Machine Temp. reading / Calibrator Temp. reading:
99.65/99.4

Incubator 8 Humidity reading:
99.66

Incubator 9 Machine Temp. reading / Calibrator Temp. reading:
99.5/99.5

Incubator 9 Humidity reading:
99.7

Incubator 10 Machine Temp. reading / Calibrator Temp. reading:
99.5/99.3

Incubator 10 Humidity reading:
99.4

Corrective action taken for un-match machine and calibrator temperature reading after 30 minutes of checking:
na

Approver on machine temperature adjustment:
N/A

Time finished:
3.30pn

———————————————
This task was submitted through INCUBATOR TEMPERATURE CALIBRATION
https://form.asana.com/?k=-OgqMf660KEFQdcn3Wkysw&d=1186399537984407",INCUBATOR TEMPERATURE CALIBRATION,,,,Bernardo Tiamzon ,"Dec 24, 2024",2nd,3pm,00 ,00,00 ,00,00 ,00,00,00,00,00,00 ,00,99.51/99.4,99.46,99.65/99.4,99.66,99.5/99.5,99.7,99.5/99.3,99.4,na,N/A,3.30pn
"1208972917755218",2024-12-13,,2024-12-13,INCUBATOR TEMPERATURE CALIBRATION submission,Untitled section,,,,,,"Hatcheryman:
Bernardo Tiamzon 

Date:
Dec 13, 2024

Shift:
2nd

Time started:
3pm

Incubator 1 Machine Temp. reading / Calibrator Temp. reading:
00 

Incubator 1 Humidity reading:
00

Incubator 2 Machine Temp. reading / Calibrator Temp. reading:
00 

Incubator 2 Humidity reading:
00

Incubator 3 Machine Temp. reading / Calibrator Temp. reading:
00 

Incubator 3 Humidity reading:
00

Incubator 4 Machine Temp. reading / Calibrator Temp. reading:
00

Incubator 4 Humidity reading:
00

Incubator 5 Machine Temp. reading / Calibrator Temp. reading:
00

Incubator 5 Humidity reading:
00

Incubator 6 Machine Temp. reading / Calibrator Temp. reading:
99.64/99.4

Incubator 6 Humidity reading:
85.17

Incubator 7 Machine Temp. reading / Calibrator Temp. reading:
99.41/99.6

Incubator 7 Humidity reading:
99.41

Incubator 8 Machine Temp. reading / Calibrator Temp. reading:
99.30/99.2

Incubator 8 Humidity reading:
99.20

Incubator 9 Machine Temp. reading / Calibrator Temp. reading:
99.5/99.4

Incubator 9 Humidity reading:
99.2

Incubator 10 Machine Temp. reading / Calibrator Temp. reading:
99.3/99.4

Incubator 10 Humidity reading:
99.0

Corrective action taken for un-match machine and calibrator temperature reading after 30 minutes of checking:
NA

Approver on machine temperature adjustment:
N/A

Time finished:
3.30pn

———————————————
This task was submitted through INCUBATOR TEMPERATURE CALIBRATION
https://form.asana.com/?k=-OgqMf660KEFQdcn3Wkysw&d=1186399537984407",INCUBATOR TEMPERATURE CALIBRATION,,,,Bernardo Tiamzon ,"Dec 13, 2024",2nd,3pm,00 ,00,00 ,00,00 ,00,00,00,00,00,99.64/99.4,85.17,99.41/99.6,99.41,99.30/99.2,99.20,99.5/99.4,99.2,99.3/99.4,99.0,NA,N/A,3.30pn
"1208745562044232",2024-11-12,,2024-11-12,INCUBATOR TEMPERATURE CALIBRATION submission,Untitled section,,,,,,"Hatcheryman:
Rodel Marimla

Date:
Nov 12, 2024

Shift:
2nd

Time started:
3pm

Incubator 1 Machine Temp. reading / Calibrator Temp. reading:
0

Incubator 1 Humidity reading:
0

Incubator 2 Machine Temp. reading / Calibrator Temp. reading:
0

Incubator 2 Humidity reading:
0

Incubator 3 Machine Temp. reading / Calibrator Temp. reading:
0

Incubator 3 Humidity reading:
0

Incubator 4 Machine Temp. reading / Calibrator Temp. reading:
machine - 100.0 / calibrator - 100.0

Incubator 4 Humidity reading:
99.9

Incubator 5 Machine Temp. reading / Calibrator Temp. reading:
machine - 99.8 / calibrator - 99.8

Incubator 5 Humidity reading:
99.8

Incubator 6 Machine Temp. reading / Calibrator Temp. reading:
0

Incubator 6 Humidity reading:
0

Incubator 7 Machine Temp. reading / Calibrator Temp. reading:
machine -  100.12  / calibrator - 100.1

Incubator 7 Humidity reading:
100.11

Incubator 8 Machine Temp. reading / Calibrator Temp. reading:
machine - 99.48 / calibrator - 99.4

Incubator 8 Humidity reading:
99.52

Incubator 9 Machine Temp. reading / Calibrator Temp. reading:
machine - 99.0 / calibrator - 99.0

Incubator 9 Humidity reading:
99.0

Incubator 10 Machine Temp. reading / Calibrator Temp. reading:
machine -  99.2 / calibrator - 99.2

Incubator 10 Humidity reading:
99.2

Corrective action taken for un-match machine and calibrator temperature reading after 30 minutes of checking:
n/a

Approver on machine temperature adjustment:
N/A

Time finished:
3:30pm

———————————————
This task was submitted through INCUBATOR TEMPERATURE CALIBRATION
https://form.asana.com/?k=-OgqMf660KEFQdcn3Wkysw&d=1186399537984407",INCUBATOR TEMPERATURE CALIBRATION,,,,Rodel Marimla,"Nov 12, 2024",2nd,3pm,0,0,0,0,0,0,machine - 100.0 / calibrator - 100.0,99.9,machine - 99.8 / calibrator - 99.8,99.8,0,0,machine -  100.12  / calibrator - 100.1,100.11,machine - 99.48 / calibrator - 99.4,99.52,machine - 99.0 / calibrator - 99.0,99.0,machine -  99.2 / calibrator - 99.2,99.2,n/a,N/A,3:30pm
"1208697400972932",2024-11-05,,2024-11-05,INCUBATOR TEMPERATURE CALIBRATION submission,Untitled section,,,,,,"Hatcheryman:
Bernardo Tiamzon 

Date:
Nov 5, 2024

Shift:
2nd

Time started:
3pm

Incubator 1 Machine Temp. reading / Calibrator Temp. reading:
00 

Incubator 1 Humidity reading:
00

Incubator 2 Machine Temp. reading / Calibrator Temp. reading:
00 

Incubator 2 Humidity reading:
00

Incubator 3 Machine Temp. reading / Calibrator Temp. reading:
00 

Incubator 3 Humidity reading:
00

Incubator 4 Machine Temp. reading / Calibrator Temp. reading:
100.6/100.6

Incubator 4 Humidity reading:
100.4

Incubator 5 Machine Temp. reading / Calibrator Temp. reading:
100.4/100.4

Incubator 5 Humidity reading:
100.3

Incubator 6 Machine Temp. reading / Calibrator Temp. reading:
00 

Incubator 6 Humidity reading:
00

Incubator 7 Machine Temp. reading / Calibrator Temp. reading:
00 

Incubator 7 Humidity reading:
00

Incubator 8 Machine Temp. reading / Calibrator Temp. reading:
99.85/99.8

Incubator 8 Humidity reading:
99.96

Incubator 9 Machine Temp. reading / Calibrator Temp. reading:
99.3/99.3

Incubator 9 Humidity reading:
99.3

Incubator 10 Machine Temp. reading / Calibrator Temp. reading:
99.4/99.4

Incubator 10 Humidity reading:
99.4

Corrective action taken for un-match machine and calibrator temperature reading after 30 minutes of checking:
NA

Approver on machine temperature adjustment:
N/A

Time finished:
3:50pm

———————————————
This task was submitted through INCUBATOR TEMPERATURE CALIBRATION
https://form.asana.com/?k=-OgqMf660KEFQdcn3Wkysw&d=1186399537984407",INCUBATOR TEMPERATURE CALIBRATION,,,,Bernardo Tiamzon ,"Nov 5, 2024",2nd,3pm,00 ,00,00 ,00,00 ,00,100.6/100.6,100.4,100.4/100.4,100.3,00 ,00,00 ,00,99.85/99.8,99.96,99.3/99.3,99.3,99.4/99.4,99.4,NA,N/A,3:50pm
"1208646910284896",2024-10-29,,2024-10-29,INCUBATOR TEMPERATURE CALIBRATION submission,Untitled section,,,,,,"Hatcheryman:
Bernardo Tiamzon 

Date:
Oct 29, 2024

Shift:
2nd

Time started:
3pm

Incubator 1 Machine Temp. reading / Calibrator Temp. reading:
00 

Incubator 1 Humidity reading:
00

Incubator 2 Machine Temp. reading / Calibrator Temp. reading:
00 

Incubator 2 Humidity reading:
00

Incubator 3 Machine Temp. reading / Calibrator Temp. reading:
00 

Incubator 3 Humidity reading:
00

Incubator 4 Machine Temp. reading / Calibrator Temp. reading:
100.3 /100.3 

Incubator 4 Humidity reading:
100.2

Incubator 5 Machine Temp. reading / Calibrator Temp. reading:
100.4/100.4

Incubator 5 Humidity reading:
100.3

Incubator 6 Machine Temp. reading / Calibrator Temp. reading:
99.64/99.6

Incubator 6 Humidity reading:
99.58

Incubator 7 Machine Temp. reading / Calibrator Temp. reading:
99.64/99.7 

Incubator 7 Humidity reading:
99.70

Incubator 8 Machine Temp. reading / Calibrator Temp. reading:
99.55/99.6

Incubator 8 Humidity reading:
99.62

Incubator 9 Machine Temp. reading / Calibrator Temp. reading:
99.2/99.2

Incubator 9 Humidity reading:
99.2

Incubator 10 Machine Temp. reading / Calibrator Temp. reading:
100.2/100.2

Incubator 10 Humidity reading:
100.3

Corrective action taken for un-match machine and calibrator temperature reading after 30 minutes of checking:
NA

Approver on machine temperature adjustment:
N/A

Time finished:
3:50pm

———————————————
This task was submitted through INCUBATOR TEMPERATURE CALIBRATION
https://form.asana.com/?k=-OgqMf660KEFQdcn3Wkysw&d=1186399537984407",INCUBATOR TEMPERATURE CALIBRATION,,,,Bernardo Tiamzon ,"Oct 29, 2024",2nd,3pm,00 ,00,00 ,00,00 ,00,100.3 /100.3 ,100.2,100.4/100.4,100.3,99.64/99.6,99.58,99.64/99.7 ,99.70,99.55/99.6,99.62,99.2/99.2,99.2,100.2/100.2,100.3,NA,N/A,3:50pm
"1208626340799407",2024-10-25,,2024-10-25,INCUBATOR TEMPERATURE CALIBRATION submission,Untitled section,,,,,,"Hatcheryman:
Bernardo Tiamzon 

Date:
Oct 25, 2024

Shift:
2nd

Time started:
3pm

Incubator 1 Machine Temp. reading / Calibrator Temp. reading:
00 

Incubator 1 Humidity reading:
00

Incubator 2 Machine Temp. reading / Calibrator Temp. reading:
00 

Incubator 2 Humidity reading:
00

Incubator 3 Machine Temp. reading / Calibrator Temp. reading:
00 

Incubator 3 Humidity reading:
00

Incubator 4 Machine Temp. reading / Calibrator Temp. reading:
00

Incubator 4 Humidity reading:
00

Incubator 5 Machine Temp. reading / Calibrator Temp. reading:
00

Incubator 5 Humidity reading:
00

Incubator 6 Machine Temp. reading / Calibrator Temp. reading:
99.48/99.4

Incubator 6 Humidity reading:
99.38

Incubator 7 Machine Temp. reading / Calibrator Temp. reading:
99.30/994

Incubator 7 Humidity reading:
99.36

Incubator 8 Machine Temp. reading / Calibrator Temp. reading:
99.41/99.4

Incubator 8 Humidity reading:
99.47

Incubator 9 Machine Temp. reading / Calibrator Temp. reading:
99.7/99.7

Incubator 9 Humidity reading:
99.7

Incubator 10 Machine Temp. reading / Calibrator Temp. reading:
100.4/100.4

Incubator 10 Humidity reading:
100.4

Corrective action taken for un-match machine and calibrator temperature reading after 30 minutes of checking:
NA

Approver on machine temperature adjustment:
N/A

Time finished:
3:50pm

———————————————
This task was submitted through INCUBATOR TEMPERATURE CALIBRATION
https://form.asana.com/?k=-OgqMf660KEFQdcn3Wkysw&d=1186399537984407",INCUBATOR TEMPERATURE CALIBRATION,,,,Bernardo Tiamzon ,"Oct 25, 2024",2nd,3pm,00 ,00,00 ,00,00 ,00,00,00,00,00,99.48/99.4,99.38,99.30/994,99.36,99.41/99.4,99.47,99.7/99.7,99.7,100.4/100.4,100.4,NA,N/A,3:50pm
"1208582099430680",2024-10-19,,2024-10-19,INCUBATOR TEMPERATURE CALIBRATION submission,Untitled section,,,,,,"Hatcheryman:
Peter Paul alap-ap 

Date:
Oct 18, 2024

Shift:
2nd

Time started:
3:00 pm

Incubator 1 Machine Temp. reading / Calibrator Temp. reading:
00

Incubator 1 Humidity reading:
00

Incubator 2 Machine Temp. reading / Calibrator Temp. reading:
00

Incubator 2 Humidity reading:
00

Incubator 3 Machine Temp. reading / Calibrator Temp. reading:
00

Incubator 3 Humidity reading:
00

Incubator 4 Machine Temp. reading / Calibrator Temp. reading:
00

Incubator 4 Humidity reading:
00

Incubator 5 Machine Temp. reading / Calibrator Temp. reading:
00

Incubator 5 Humidity reading:
00

Incubator 6 Machine Temp. reading / Calibrator Temp. reading:
Machine - 99.5 F / calibrator 99.5 F

Incubator 6 Humidity reading:
99.3

Incubator 7 Machine Temp. reading / Calibrator Temp. reading:
Machine - 99.6 F / calibrator 99.7 F

Incubator 7 Humidity reading:
99.5

Incubator 8 Machine Temp. reading / Calibrator Temp. reading:
Machine 99.4/ calibrator 99.5 F

Incubator 8 Humidity reading:
99.4

Incubator 9 Machine Temp. reading / Calibrator Temp. reading:
Machine - 99.4 F / calibrator 99.5 F

Incubator 9 Humidity reading:
99.2

Incubator 10 Machine Temp. reading / Calibrator Temp. reading:
Machine - 100.4 F / calibrator 100.5 F

Incubator 10 Humidity reading:
00.4

Corrective action taken for un-match machine and calibrator temperature reading after 30 minutes of checking:
N/A

Approver on machine temperature adjustment:
Jimmy Tungol and Sir Tony

Time finished:
3:30 pm

———————————————
This task was submitted through INCUBATOR TEMPERATURE CALIBRATION
https://form.asana.com/?k=-OgqMf660KEFQdcn3Wkysw&d=1186399537984407",INCUBATOR TEMPERATURE CALIBRATION,,,,Peter Paul alap-ap ,"Oct 18, 2024",2nd,3:00 pm,00,00,00,00,00,00,00,00,00,00,Machine - 99.5 F / calibrator 99.5 F,99.3,Machine - 99.6 F / calibrator 99.7 F,99.5,Machine 99.4/ calibrator 99.5 F,99.4,Machine - 99.4 F / calibrator 99.5 F,99.2,Machine - 100.4 F / calibrator 100.5 F,00.4,N/A,Jimmy Tungol and Sir Tony,3:30 pm
"1208533021895094",2024-10-12,,2024-10-12,INCUBATOR TEMPERATURE CALIBRATION submission,Untitled section,,,,,,"Hatcheryman:
Peter Paul alap-ap 

Date:
Oct 11, 2024

Shift:
2nd

Time started:
3:00 pm

Incubator 1 Machine Temp. reading / Calibrator Temp. reading:
Reading 99.5 F/ calibrator 99.6 F

Incubator 1 Humidity reading:
99.4

Incubator 2 Machine Temp. reading / Calibrator Temp. reading:
00

Incubator 2 Humidity reading:
00

Incubator 3 Machine Temp. reading / Calibrator Temp. reading:
00

Incubator 3 Humidity reading:
00

Incubator 4 Machine Temp. reading / Calibrator Temp. reading:
00

Incubator 4 Humidity reading:
00

Incubator 5 Machine Temp. reading / Calibrator Temp. reading:
00

Incubator 5 Humidity reading:
00

Incubator 6 Machine Temp. reading / Calibrator Temp. reading:
Machine - 99.6 F / calibrator 99.7 F

Incubator 6 Humidity reading:
99.5

Incubator 7 Machine Temp. reading / Calibrator Temp. reading:
Machine - 99.5 F / calibrator 99.7 F

Incubator 7 Humidity reading:
99.5

Incubator 8 Machine Temp. reading / Calibrator Temp. reading:
Machine 99.4 F / calibrator 99.4 F

Incubator 8 Humidity reading:
99.4

Incubator 9 Machine Temp. reading / Calibrator Temp. reading:
Machine - 99.3 F / calibrator 99.3 F

Incubator 9 Humidity reading:
99.0

Incubator 10 Machine Temp. reading / Calibrator Temp. reading:
Machine - 99.5 F / calibrator 99.5 F

Incubator 10 Humidity reading:
99.5

Corrective action taken for un-match machine and calibrator temperature reading after 30 minutes of checking:
N/A

Approver on machine temperature adjustment:
Jimmy Tungol and Sir Tony

Time finished:
3:30 pm

———————————————
This task was submitted through INCUBATOR TEMPERATURE CALIBRATION
https://form.asana.com/?k=-OgqMf660KEFQdcn3Wkysw&d=1186399537984407",INCUBATOR TEMPERATURE CALIBRATION,,,,Peter Paul alap-ap ,"Oct 11, 2024",2nd,3:00 pm,Reading 99.5 F/ calibrator 99.6 F,99.4,00,00,00,00,00,00,00,00,Machine - 99.6 F / calibrator 99.7 F,99.5,Machine - 99.5 F / calibrator 99.7 F,99.5,Machine 99.4 F / calibrator 99.4 F,99.4,Machine - 99.3 F / calibrator 99.3 F,99.0,Machine - 99.5 F / calibrator 99.5 F,99.5,N/A,Jimmy Tungol and Sir Tony,3:30 pm
"1208478397373141",2024-10-04,,2024-10-04,INCUBATOR TEMPERATURE CALIBRATION submission,Untitled section,,,,,,"Hatcheryman:
Rodel Marimla

Date:
Oct 4, 2024

Shift:
2nd

Time started:
3pm

Incubator 1 Machine Temp. reading / Calibrator Temp. reading:
machine - 99.4 / calibrator - 99.4

Incubator 1 Humidity reading:
99.4

Incubator 2 Machine Temp. reading / Calibrator Temp. reading:
0

Incubator 2 Humidity reading:
0

Incubator 3 Machine Temp. reading / Calibrator Temp. reading:
0

Incubator 3 Humidity reading:
0

Incubator 4 Machine Temp. reading / Calibrator Temp. reading:
0

Incubator 4 Humidity reading:
0

Incubator 5 Machine Temp. reading / Calibrator Temp. reading:
0

Incubator 5 Humidity reading:
0

Incubator 6 Machine Temp. reading / Calibrator Temp. reading:
machine - 100.33 / calibrator - 100.3

Incubator 6 Humidity reading:
100.27

Incubator 7 Machine Temp. reading / Calibrator Temp. reading:
machine -  99.78  / calibrator - 99.7

Incubator 7 Humidity reading:
99.77

Incubator 8 Machine Temp. reading / Calibrator Temp. reading:
machine - 99.77 / calibrator - 99.7

Incubator 8 Humidity reading:
99.82

Incubator 9 Machine Temp. reading / Calibrator Temp. reading:
machine - 99.9 / calibrator - 99.9

Incubator 9 Humidity reading:
99.9

Incubator 10 Machine Temp. reading / Calibrator Temp. reading:
machine - 100.0 / calibrator - 100.0

Incubator 10 Humidity reading:
100.1

Corrective action taken for un-match machine and calibrator temperature reading after 30 minutes of checking:
n/a

Approver on machine temperature adjustment:
N/A

Time finished:
3:40pm

———————————————
This task was submitted through INCUBATOR TEMPERATURE CALIBRATION
https://form.asana.com/?k=-OgqMf660KEFQdcn3Wkysw&d=1186399537984407",INCUBATOR TEMPERATURE CALIBRATION,,,,Rodel Marimla,"Oct 4, 2024",2nd,3pm,machine - 99.4 / calibrator - 99.4,99.4,0,0,0,0,0,0,0,0,machine - 100.33 / calibrator - 100.3,100.27,machine -  99.78  / calibrator - 99.7,99.77,machine - 99.77 / calibrator - 99.7,99.82,machine - 99.9 / calibrator - 99.9,99.9,machine - 100.0 / calibrator - 100.0,100.1,n/a,N/A,3:40pm
"1208447682822211",2024-10-01,,2024-10-01,INCUBATOR TEMPERATURE CALIBRATION submission,Untitled section,,,,,,"Hatcheryman:
Rodel Marimla

Date:
Oct 1, 2024

Shift:
2nd

Time started:
3pm

Incubator 1 Machine Temp. reading / Calibrator Temp. reading:
machine - 99.9 / calibrator - 99.9

Incubator 1 Humidity reading:
99.9

Incubator 2 Machine Temp. reading / Calibrator Temp. reading:
0

Incubator 2 Humidity reading:
0

Incubator 3 Machine Temp. reading / Calibrator Temp. reading:
0

Incubator 3 Humidity reading:
0

Incubator 4 Machine Temp. reading / Calibrator Temp. reading:
0

Incubator 4 Humidity reading:
0

Incubator 5 Machine Temp. reading / Calibrator Temp. reading:
0

Incubator 5 Humidity reading:
0

Incubator 6 Machine Temp. reading / Calibrator Temp. reading:
machine - 100.13 / calibrator - 100.1

Incubator 6 Humidity reading:
100.07

Incubator 7 Machine Temp. reading / Calibrator Temp. reading:
machine -  99.67  / calibrator - 99.6

Incubator 7 Humidity reading:
99.68

Incubator 8 Machine Temp. reading / Calibrator Temp. reading:
machine - 99.77 / calibrator - 99.7

Incubator 8 Humidity reading:
99.82

Incubator 9 Machine Temp. reading / Calibrator Temp. reading:
machine - 99.7 / calibrator - 99.7

Incubator 9 Humidity reading:
99.7

Incubator 10 Machine Temp. reading / Calibrator Temp. reading:
machine -  99.9 / calibrator - 99.9

Incubator 10 Humidity reading:
99.9

Corrective action taken for un-match machine and calibrator temperature reading after 30 minutes of checking:
n/a

Approver on machine temperature adjustment:
N/A

Time finished:
3:40pm

———————————————
This task was submitted through INCUBATOR TEMPERATURE CALIBRATION
https://form.asana.com/?k=-OgqMf660KEFQdcn3Wkysw&d=1186399537984407",INCUBATOR TEMPERATURE CALIBRATION,,,,Rodel Marimla,"Oct 1, 2024",2nd,3pm,machine - 99.9 / calibrator - 99.9,99.9,0,0,0,0,0,0,0,0,machine - 100.13 / calibrator - 100.1,100.07,machine -  99.67  / calibrator - 99.6,99.68,machine - 99.77 / calibrator - 99.7,99.82,machine - 99.7 / calibrator - 99.7,99.7,machine -  99.9 / calibrator - 99.9,99.9,n/a,N/A,3:40pm
"1208418467322846",2024-09-27,,2024-09-27,INCUBATOR TEMPERATURE CALIBRATION submission,Untitled section,,,,,,"Hatcheryman:
Rodel Marimla

Date:
Sep 27, 2024

Shift:
2nd

Time started:
3pm

Incubator 1 Machine Temp. reading / Calibrator Temp. reading:
machine - 99.7 / calibrator - 99.7

Incubator 1 Humidity reading:
99.7

Incubator 2 Machine Temp. reading / Calibrator Temp. reading:
0

Incubator 2 Humidity reading:
0

Incubator 3 Machine Temp. reading / Calibrator Temp. reading:
0

Incubator 3 Humidity reading:
0

Incubator 4 Machine Temp. reading / Calibrator Temp. reading:
0

Incubator 4 Humidity reading:
0

Incubator 5 Machine Temp. reading / Calibrator Temp. reading:
0

Incubator 5 Humidity reading:
0

Incubator 6 Machine Temp. reading / Calibrator Temp. reading:
machine - 100.09 / calibrator - 100.0

Incubator 6 Humidity reading:
100.02

Incubator 7 Machine Temp. reading / Calibrator Temp. reading:
machine -  99.68  / calibrator - 99.6

Incubator 7 Humidity reading:
99.72

Incubator 8 Machine Temp. reading / Calibrator Temp. reading:
machine - 100.14 / calibrator - 100.1

Incubator 8 Humidity reading:
100.20

Incubator 9 Machine Temp. reading / Calibrator Temp. reading:
machine - 99.6 / calibrator - 99.6

Incubator 9 Humidity reading:
99.6

Incubator 10 Machine Temp. reading / Calibrator Temp. reading:
machine - 100.3 / calibrator - 100.3

Incubator 10 Humidity reading:
100.2

Corrective action taken for un-match machine and calibrator temperature reading after 30 minutes of checking:
n/a

Approver on machine temperature adjustment:
N/A

Time finished:
3:30pm

———————————————
This task was submitted through INCUBATOR TEMPERATURE CALIBRATION
https://form.asana.com/?k=-OgqMf660KEFQdcn3Wkysw&d=1186399537984407",INCUBATOR TEMPERATURE CALIBRATION,,,,Rodel Marimla,"Sep 27, 2024",2nd,3pm,machine - 99.7 / calibrator - 99.7,99.7,0,0,0,0,0,0,0,0,machine - 100.09 / calibrator - 100.0,100.02,machine -  99.68  / calibrator - 99.6,99.72,machine - 100.14 / calibrator - 100.1,100.20,machine - 99.6 / calibrator - 99.6,99.6,machine - 100.3 / calibrator - 100.3,100.2,n/a,N/A,3:30pm
"1208388508888696",2024-09-24,,2024-09-24,INCUBATOR TEMPERATURE CALIBRATION submission,Untitled section,,,,,,"Hatcheryman:
Bernardo Tiamzon 

Date:
Sep 24, 2024

Shift:
2nd

Time started:
3pm

Incubator 1 Machine Temp. reading / Calibrator Temp. reading:
100.1/100.1 

Incubator 1 Humidity reading:
100

Incubator 2 Machine Temp. reading / Calibrator Temp. reading:
00 

Incubator 2 Humidity reading:
00

Incubator 3 Machine Temp. reading / Calibrator Temp. reading:
00 

Incubator 3 Humidity reading:
00

Incubator 4 Machine Temp. reading / Calibrator Temp. reading:
00

Incubator 4 Humidity reading:
00

Incubator 5 Machine Temp. reading / Calibrator Temp. reading:
00

Incubator 5 Humidity reading:
00

Incubator 6 Machine Temp. reading / Calibrator Temp. reading:
100.46/100.4

Incubator 6 Humidity reading:
100.42

Incubator 7 Machine Temp. reading / Calibrator Temp. reading:
99.88/99. 9

Incubator 7 Humidity reading:
99.92

Incubator 8 Machine Temp. reading / Calibrator Temp. reading:
100.25/100.2

Incubator 8 Humidity reading:
100.22

Incubator 9 Machine Temp. reading / Calibrator Temp. reading:
99.9/99.9

Incubator 9 Humidity reading:
99.9

Incubator 10 Machine Temp. reading / Calibrator Temp. reading:
100/100

Incubator 10 Humidity reading:
99.9

Corrective action taken for un-match machine and calibrator temperature reading after 30 minutes of checking:
Na

Approver on machine temperature adjustment:
N/A

Time finished:
3:50pm

———————————————
This task was submitted through INCUBATOR TEMPERATURE CALIBRATION
https://form.asana.com/?k=-OgqMf660KEFQdcn3Wkysw&d=1186399537984407",INCUBATOR TEMPERATURE CALIBRATION,,,,Bernardo Tiamzon ,"Sep 24, 2024",2nd,3pm,100.1/100.1 ,100,00 ,00,00 ,00,00,00,00,00,100.46/100.4,100.42,99.88/99. 9,99.92,100.25/100.2,100.22,99.9/99.9,99.9,100/100,99.9,Na,N/A,3:50pm
"1208360459622818",2024-09-20,2024-09-23,2024-09-23,INCUBATOR TEMPERATURE CALIBRATION submission,Untitled section,,,,,,"Hatcheryman:
Bernardo Tiamzon 

Date:
Sep 20, 2024

Shift:
2nd

Time started:
3pm

Incubator 1 Machine Temp. reading / Calibrator Temp. reading:
100.2/100.2

Incubator 1 Humidity reading:
100.2

Incubator 2 Machine Temp. reading / Calibrator Temp. reading:
00 

Incubator 2 Humidity reading:
00

Incubator 3 Machine Temp. reading / Calibrator Temp. reading:
00 

Incubator 3 Humidity reading:
00

Incubator 4 Machine Temp. reading / Calibrator Temp. reading:
00

Incubator 4 Humidity reading:
00

Incubator 5 Machine Temp. reading / Calibrator Temp. reading:
00

Incubator 5 Humidity reading:
00

Incubator 6 Machine Temp. reading / Calibrator Temp. reading:
00 

Incubator 6 Humidity reading:
00

Incubator 7 Machine Temp. reading / Calibrator Temp. reading:
9933/99.4

Incubator 7 Humidity reading:
99.36

Incubator 8 Machine Temp. reading / Calibrator Temp. reading:
99.33/.99.3

Incubator 8 Humidity reading:
99.37

Incubator 9 Machine Temp. reading / Calibrator Temp. reading:
99.4/.99.4

Incubator 9 Humidity reading:
99.4

Incubator 10 Machine Temp. reading / Calibrator Temp. reading:
100.4/100.4

Incubator 10 Humidity reading:
100.3

Corrective action taken for un-match machine and calibrator temperature reading after 30 minutes of checking:
Na

Approver on machine temperature adjustment:
N/A

Time finished:
3:50pm

———————————————
This task was submitted through INCUBATOR TEMPERATURE CALIBRATION
https://form.asana.com/?k=-OgqMf660KEFQdcn3Wkysw&d=1186399537984407",INCUBATOR TEMPERATURE CALIBRATION,,,,Bernardo Tiamzon ,"Sep 20, 2024",2nd,3pm,100.2/100.2,100.2,00 ,00,00 ,00,00,00,00,00,00 ,00,9933/99.4,99.36,99.33/.99.3,99.37,99.4/.99.4,99.4,100.4/100.4,100.3,Na,N/A,3:50pm
"1208330885787012",2024-09-17,,2024-09-17,INCUBATOR TEMPERATURE CALIBRATION submission,Untitled section,,,,,,"Hatcheryman:
Bernardo Tiamzon 

Date:
Sep 17, 2024

Shift:
2nd

Time started:
3pm

Incubator 1 Machine Temp. reading / Calibrator Temp. reading:
100.4/100.4

Incubator 1 Humidity reading:
100.4

Incubator 2 Machine Temp. reading / Calibrator Temp. reading:
00 

Incubator 2 Humidity reading:
00

Incubator 3 Machine Temp. reading / Calibrator Temp. reading:
00 

Incubator 3 Humidity reading:
00

Incubator 4 Machine Temp. reading / Calibrator Temp. reading:
00

Incubator 4 Humidity reading:
00

Incubator 5 Machine Temp. reading / Calibrator Temp. reading:
00

Incubator 5 Humidity reading:
00

Incubator 6 Machine Temp. reading / Calibrator Temp. reading:
00 

Incubator 6 Humidity reading:
00

Incubator 7 Machine Temp. reading / Calibrator Temp. reading:
99.58/99.6

Incubator 7 Humidity reading:
99.65

Incubator 8 Machine Temp. reading / Calibrator Temp. reading:
99.64/99.7 

Incubator 8 Humidity reading:
99.71

Incubator 9 Machine Temp. reading / Calibrator Temp. reading:
99.8/99.8

Incubator 9 Humidity reading:
99.8

Incubator 10 Machine Temp. reading / Calibrator Temp. reading:
100.4/100.4

Incubator 10 Humidity reading:
100.4

Corrective action taken for un-match machine and calibrator temperature reading after 30 minutes of checking:
NA

Approver on machine temperature adjustment:
N/A

Time finished:
3:50pm

———————————————
This task was submitted through INCUBATOR TEMPERATURE CALIBRATION
https://form.asana.com/?k=-OgqMf660KEFQdcn3Wkysw&d=1186399537984407",INCUBATOR TEMPERATURE CALIBRATION,,,,Bernardo Tiamzon ,"Sep 17, 2024",2nd,3pm,100.4/100.4,100.4,00 ,00,00 ,00,00,00,00,00,00 ,00,99.58/99.6,99.65,99.64/99.7 ,99.71,99.8/99.8,99.8,100.4/100.4,100.4,NA,N/A,3:50pm
"1208302745447580",2024-09-13,,2024-09-13,INCUBATOR TEMPERATURE CALIBRATION submission,Untitled section,,,,,,"Hatcheryman:
Bernardo Tiamzon 

Date:
Sep 13, 2024

Shift:
2nd

Time started:
3pm

Incubator 1 Machine Temp. reading / Calibrator Temp. reading:
100.3 /100.3 

Incubator 1 Humidity reading:
100.2

Incubator 2 Machine Temp. reading / Calibrator Temp. reading:
00 

Incubator 2 Humidity reading:
00

Incubator 3 Machine Temp. reading / Calibrator Temp. reading:
00 

Incubator 3 Humidity reading:
00

Incubator 4 Machine Temp. reading / Calibrator Temp. reading:
00

Incubator 4 Humidity reading:
00

Incubator 5 Machine Temp. reading / Calibrator Temp. reading:
00

Incubator 5 Humidity reading:
00

Incubator 6 Machine Temp. reading / Calibrator Temp. reading:
00 

Incubator 6 Humidity reading:
00

Incubator 7 Machine Temp. reading / Calibrator Temp. reading:
99.62/99.7

Incubator 7 Humidity reading:
99.65

Incubator 8 Machine Temp. reading / Calibrator Temp. reading:
100.17/100.2

Incubator 8 Humidity reading:
100.25

Incubator 9 Machine Temp. reading / Calibrator Temp. reading:
100.1/100.1 

Incubator 9 Humidity reading:
100.1

Incubator 10 Machine Temp. reading / Calibrator Temp. reading:
100.3 /100.3 

Incubator 10 Humidity reading:
100.3

Corrective action taken for un-match machine and calibrator temperature reading after 30 minutes of checking:
Na

Approver on machine temperature adjustment:
N/A

Time finished:
3:50pm

———————————————
This task was submitted through INCUBATOR TEMPERATURE CALIBRATION
https://form.asana.com/?k=-OgqMf660KEFQdcn3Wkysw&d=1186399537984407",INCUBATOR TEMPERATURE CALIBRATION,,,,Bernardo Tiamzon ,"Sep 13, 2024",2nd,3pm,100.3 /100.3 ,100.2,00 ,00,00 ,00,00,00,00,00,00 ,00,99.62/99.7,99.65,100.17/100.2,100.25,100.1/100.1 ,100.1,100.3 /100.3 ,100.3,Na,N/A,3:50pm
"1208270392114475",2024-09-10,,2024-09-10,INCUBATOR TEMPERATURE CALIBRATION submission,Untitled section,,,,,,"Hatcheryman:
Bernardo Tiamzon 

Date:
Sep 10, 2024

Shift:
2nd

Time started:
3pm

Incubator 1 Machine Temp. reading / Calibrator Temp. reading:
100.4/100.3 

Incubator 1 Humidity reading:
100.4

Incubator 2 Machine Temp. reading / Calibrator Temp. reading:
00 

Incubator 2 Humidity reading:
00

Incubator 3 Machine Temp. reading / Calibrator Temp. reading:
00 

Incubator 3 Humidity reading:
00

Incubator 4 Machine Temp. reading / Calibrator Temp. reading:
00

Incubator 4 Humidity reading:
00

Incubator 5 Machine Temp. reading / Calibrator Temp. reading:
99.7/99.7 

Incubator 5 Humidity reading:
99.7

Incubator 6 Machine Temp. reading / Calibrator Temp. reading:
00 

Incubator 6 Humidity reading:
00

Incubator 7 Machine Temp. reading / Calibrator Temp. reading:
99.68/99.7

Incubator 7 Humidity reading:
99.7

Incubator 8 Machine Temp. reading / Calibrator Temp. reading:
99.99/100

Incubator 8 Humidity reading:
100.06

Incubator 9 Machine Temp. reading / Calibrator Temp. reading:
100 /100

Incubator 9 Humidity reading:
100

Incubator 10 Machine Temp. reading / Calibrator Temp. reading:
100.4/100.4

Incubator 10 Humidity reading:
100.3

Corrective action taken for un-match machine and calibrator temperature reading after 30 minutes of checking:
na

Approver on machine temperature adjustment:
N/A

Time finished:
3:50pm

———————————————
This task was submitted through INCUBATOR TEMPERATURE CALIBRATION
https://form.asana.com/?k=-OgqMf660KEFQdcn3Wkysw&d=1186399537984407",INCUBATOR TEMPERATURE CALIBRATION,,,,Bernardo Tiamzon ,"Sep 10, 2024",2nd,3pm,100.4/100.3 ,100.4,00 ,00,00 ,00,00,00,99.7/99.7 ,99.7,00 ,00,99.68/99.7,99.7,99.99/100,100.06,100 /100,100,100.4/100.4,100.3,na,N/A,3:50pm
"1208250670900810",2024-09-07,,2024-09-07,INCUBATOR TEMPERATURE CALIBRATION submission,Untitled section,,,,,,"Hatcheryman:
Peter Paul alap-ap 

Date:
Sep 6, 2024

Shift:
2nd

Time started:
3:00 pm

Incubator 1 Machine Temp. reading / Calibrator Temp. reading:
00

Incubator 1 Humidity reading:
00

Incubator 2 Machine Temp. reading / Calibrator Temp. reading:
00

Incubator 2 Humidity reading:
00

Incubator 3 Machine Temp. reading / Calibrator Temp. reading:
Machine - 99.6 F / calibrator 99.6 F

Incubator 3 Humidity reading:
99.5

Incubator 4 Machine Temp. reading / Calibrator Temp. reading:
00

Incubator 4 Humidity reading:
00

Incubator 5 Machine Temp. reading / Calibrator Temp. reading:
Machine - 99.6 F / calibrator 99.7 F

Incubator 5 Humidity reading:
99.6

Incubator 6 Machine Temp. reading / Calibrator Temp. reading:
00

Incubator 6 Humidity reading:
00

Incubator 7 Machine Temp. reading / Calibrator Temp. reading:
Machine - 99.7 F / calibrator 99.7 F

Incubator 7 Humidity reading:
99.7

Incubator 8 Machine Temp. reading / Calibrator Temp. reading:
Machine 100.1 F / calibrator 100.1 F

Incubator 8 Humidity reading:
00.1

Incubator 9 Machine Temp. reading / Calibrator Temp. reading:
Machine - 100.2 F / calibrator 100.2 F

Incubator 9 Humidity reading:
00.2

Incubator 10 Machine Temp. reading / Calibrator Temp. reading:
00

Incubator 10 Humidity reading:
00

Corrective action taken for un-match machine and calibrator temperature reading after 30 minutes of checking:
None 

Approver on machine temperature adjustment:
Jimmy Tungol and Sir Tony

Time finished:
3:30 pm

———————————————
This task was submitted through INCUBATOR TEMPERATURE CALIBRATION
https://form.asana.com/?k=-OgqMf660KEFQdcn3Wkysw&d=1186399537984407",INCUBATOR TEMPERATURE CALIBRATION,,,,Peter Paul alap-ap ,"Sep 6, 2024",2nd,3:00 pm,00,00,00,00,Machine - 99.6 F / calibrator 99.6 F,99.5,00,00,Machine - 99.6 F / calibrator 99.7 F,99.6,00,00,Machine - 99.7 F / calibrator 99.7 F,99.7,Machine 100.1 F / calibrator 100.1 F,00.1,Machine - 100.2 F / calibrator 100.2 F,00.2,00,00,None ,Jimmy Tungol and Sir Tony,3:30 pm
"1208218640806666",2024-09-04,,2024-09-04,INCUBATOR TEMPERATURE CALIBRATION submission,Untitled section,,,,,,"Hatcheryman:
Peter Paul alap-ap 

Date:
Sep 3, 2024

Shift:
2nd

Time started:
3:00 pm

Incubator 1 Machine Temp. reading / Calibrator Temp. reading:
00

Incubator 1 Humidity reading:
00

Incubator 2 Machine Temp. reading / Calibrator Temp. reading:
00

Incubator 2 Humidity reading:
00

Incubator 3 Machine Temp. reading / Calibrator Temp. reading:
Machine - 99.8 F / calibrator 99.9 F

Incubator 3 Humidity reading:
99.7

Incubator 4 Machine Temp. reading / Calibrator Temp. reading:
00

Incubator 4 Humidity reading:
00

Incubator 5 Machine Temp. reading / Calibrator Temp. reading:
Machine - 99.8 F / calibrator 99.9 F

Incubator 5 Humidity reading:
99.6

Incubator 6 Machine Temp. reading / Calibrator Temp. reading:
00

Incubator 6 Humidity reading:
00

Incubator 7 Machine Temp. reading / Calibrator Temp. reading:
Machine - 99.7 F / calibrator 99.9 F

Incubator 7 Humidity reading:
99.7

Incubator 8 Machine Temp. reading / Calibrator Temp. reading:
Machine 100.0 F / calibrator 100.1 F

Incubator 8 Humidity reading:
00.1

Incubator 9 Machine Temp. reading / Calibrator Temp. reading:
Machine - 100.4 F / calibrator 100.5 F

Incubator 9 Humidity reading:
00.4

Incubator 10 Machine Temp. reading / Calibrator Temp. reading:
00

Incubator 10 Humidity reading:
00

Corrective action taken for un-match machine and calibrator temperature reading after 30 minutes of checking:
N/A

Approver on machine temperature adjustment:
Jimmy Tungol and Sir Tony

Time finished:
3:30 pm

———————————————
This task was submitted through INCUBATOR TEMPERATURE CALIBRATION
https://form.asana.com/?k=-OgqMf660KEFQdcn3Wkysw&d=1186399537984407",INCUBATOR TEMPERATURE CALIBRATION,,,,Peter Paul alap-ap ,"Sep 3, 2024",2nd,3:00 pm,00,00,00,00,Machine - 99.8 F / calibrator 99.9 F,99.7,00,00,Machine - 99.8 F / calibrator 99.9 F,99.6,00,00,Machine - 99.7 F / calibrator 99.9 F,99.7,Machine 100.0 F / calibrator 100.1 F,00.1,Machine - 100.4 F / calibrator 100.5 F,00.4,00,00,N/A,Jimmy Tungol and Sir Tony,3:30 pm
"1208192444022495",2024-08-30,,2024-08-30,INCUBATOR TEMPERATURE CALIBRATION submission,Untitled section,,,,,,"Hatcheryman:
Peter Paul alap-ap 

Date:
Aug 30, 2024

Shift:
2nd

Time started:
3:00 pm

Incubator 1 Machine Temp. reading / Calibrator Temp. reading:
00

Incubator 1 Humidity reading:
00

Incubator 2 Machine Temp. reading / Calibrator Temp. reading:
00

Incubator 2 Humidity reading:
00

Incubator 3 Machine Temp. reading / Calibrator Temp. reading:
Machine - 100.2 F / calibrator 100.2 F

Incubator 3 Humidity reading:
99.9

Incubator 4 Machine Temp. reading / Calibrator Temp. reading:
Machine - 99.9 F / calibrator 100.0 F

Incubator 4 Humidity reading:
99.8

Incubator 5 Machine Temp. reading / Calibrator Temp. reading:
Machine - 100.3 F / calibrator 100.2 F

Incubator 5 Humidity reading:
00.0

Incubator 6 Machine Temp. reading / Calibrator Temp. reading:
00

Incubator 6 Humidity reading:
00

Incubator 7 Machine Temp. reading / Calibrator Temp. reading:
Machine - 100.0 F / calibrator 100.1 F

Incubator 7 Humidity reading:
99.9

Incubator 8 Machine Temp. reading / Calibrator Temp. reading:
Machine 100.4 F / calibrator 100.4 F

Incubator 8 Humidity reading:
00.3

Incubator 9 Machine Temp. reading / Calibrator Temp. reading:
Machine - 100.6 F / calibrator 100.6 F

Incubator 9 Humidity reading:
00.4

Incubator 10 Machine Temp. reading / Calibrator Temp. reading:
Machine - 100.2 F / calibrator 100.4 F

Incubator 10 Humidity reading:
00.1

Corrective action taken for un-match machine and calibrator temperature reading after 30 minutes of checking:
N/A

Approver on machine temperature adjustment:
Jimmy Tungol and Sir Tony

Time finished:
3:30 pm

———————————————
This task was submitted through INCUBATOR TEMPERATURE CALIBRATION
https://form.asana.com/?k=-OgqMf660KEFQdcn3Wkysw&d=1186399537984407",INCUBATOR TEMPERATURE CALIBRATION,,,,Peter Paul alap-ap ,"Aug 30, 2024",2nd,3:00 pm,00,00,00,00,Machine - 100.2 F / calibrator 100.2 F,99.9,Machine - 99.9 F / calibrator 100.0 F,99.8,Machine - 100.3 F / calibrator 100.2 F,00.0,00,00,Machine - 100.0 F / calibrator 100.1 F,99.9,Machine 100.4 F / calibrator 100.4 F,00.3,Machine - 100.6 F / calibrator 100.6 F,00.4,Machine - 100.2 F / calibrator 100.4 F,00.1,N/A,Jimmy Tungol and Sir Tony,3:30 pm
"1208164906477468",2024-08-28,,2024-08-28,INCUBATOR TEMPERATURE CALIBRATION submission,Untitled section,,,,,,"Hatcheryman:
Peter Paul alap-ap 

Date:
Aug 27, 2024

Shift:
2nd

Time started:
3:00 pm

Incubator 1 Machine Temp. reading / Calibrator Temp. reading:
00

Incubator 1 Humidity reading:
00

Incubator 2 Machine Temp. reading / Calibrator Temp. reading:
00

Incubator 2 Humidity reading:
00

Incubator 3 Machine Temp. reading / Calibrator Temp. reading:
Machine - 100.3 F / calibrator 100.3 F

Incubator 3 Humidity reading:
00.1

Incubator 4 Machine Temp. reading / Calibrator Temp. reading:
Machine - 99.5 F / calibrator 99.6 F

Incubator 4 Humidity reading:
99.5

Incubator 5 Machine Temp. reading / Calibrator Temp. reading:
Machine - 100.2 F / calibrator 100.2 F

Incubator 5 Humidity reading:
00.1

Incubator 6 Machine Temp. reading / Calibrator Temp. reading:
00 

Incubator 6 Humidity reading:
00

Incubator 7 Machine Temp. reading / Calibrator Temp. reading:
Machine - 100.0 F / calibrator 100.2 F

Incubator 7 Humidity reading:
00.0

Incubator 8 Machine Temp. reading / Calibrator Temp. reading:
00

Incubator 8 Humidity reading:
00

Incubator 9 Machine Temp. reading / Calibrator Temp. reading:
00

Incubator 9 Humidity reading:
00

Incubator 10 Machine Temp. reading / Calibrator Temp. reading:
Machine - 99.7 F / calibrator 99.7F

Incubator 10 Humidity reading:
99.6

Corrective action taken for un-match machine and calibrator temperature reading after 30 minutes of checking:
N/A

Approver on machine temperature adjustment:
Jimmy Tungol and Sir Tony

Time finished:
3:40 pm

———————————————
This task was submitted through INCUBATOR TEMPERATURE CALIBRATION
https://form.asana.com/?k=-OgqMf660KEFQdcn3Wkysw&d=1186399537984407",INCUBATOR TEMPERATURE CALIBRATION,,,,Peter Paul alap-ap ,"Aug 27, 2024",2nd,3:00 pm,00,00,00,00,Machine - 100.3 F / calibrator 100.3 F,00.1,Machine - 99.5 F / calibrator 99.6 F,99.5,Machine - 100.2 F / calibrator 100.2 F,00.1,00 ,00,Machine - 100.0 F / calibrator 100.2 F,00.0,00,00,00,00,Machine - 99.7 F / calibrator 99.7F,99.6,N/A,Jimmy Tungol and Sir Tony,3:40 pm
"1208103070310724",2024-08-20,,2024-08-20,INCUBATOR TEMPERATURE CALIBRATION submission,Untitled section,,,,,,"Hatcheryman:
Rodel Marimla

Date:
Aug 20, 2024

Shift:
2nd

Time started:
3pm

Incubator 1 Machine Temp. reading / Calibrator Temp. reading:
0

Incubator 1 Humidity reading:
0

Incubator 2 Machine Temp. reading / Calibrator Temp. reading:
0

Incubator 2 Humidity reading:
0

Incubator 3 Machine Temp. reading / Calibrator Temp. reading:
machine - 100.4 / calibrator - 100.4

Incubator 3 Humidity reading:
100.3

Incubator 4 Machine Temp. reading / Calibrator Temp. reading:
machine - 100.2 / calibrator - 100.2

Incubator 4 Humidity reading:
100.1

Incubator 5 Machine Temp. reading / Calibrator Temp. reading:
machine - 100.3 / calibrator - 100.3

Incubator 5 Humidity reading:
100.3

Incubator 6 Machine Temp. reading / Calibrator Temp. reading:
0

Incubator 6 Humidity reading:
0

Incubator 7 Machine Temp. reading / Calibrator Temp. reading:
machine -  100.11  / calibrator - 100.1

Incubator 7 Humidity reading:
100.12

Incubator 8 Machine Temp. reading / Calibrator Temp. reading:
machine - 99.81 / calibrator - 99.8

Incubator 8 Humidity reading:
99.89

Incubator 9 Machine Temp. reading / Calibrator Temp. reading:
machine - 99.9 / calibrator - 99.9

Incubator 9 Humidity reading:
99.9

Incubator 10 Machine Temp. reading / Calibrator Temp. reading:
machine - 100.2 / calibrator - 100.2

Incubator 10 Humidity reading:
100.2

Corrective action taken for un-match machine and calibrator temperature reading after 30 minutes of checking:
n/a

Approver on machine temperature adjustment:
N/A

Time finished:
3:30pm

———————————————
This task was submitted through INCUBATOR TEMPERATURE CALIBRATION
https://form.asana.com/?k=-OgqMf660KEFQdcn3Wkysw&d=1186399537984407",INCUBATOR TEMPERATURE CALIBRATION,,,,Rodel Marimla,"Aug 20, 2024",2nd,3pm,0,0,0,0,machine - 100.4 / calibrator - 100.4,100.3,machine - 100.2 / calibrator - 100.2,100.1,machine - 100.3 / calibrator - 100.3,100.3,0,0,machine -  100.11  / calibrator - 100.1,100.12,machine - 99.81 / calibrator - 99.8,99.89,machine - 99.9 / calibrator - 99.9,99.9,machine - 100.2 / calibrator - 100.2,100.2,n/a,N/A,3:30pm
"1208044768622580",2024-08-13,,2024-08-13,INCUBATOR TEMPERATURE CALIBRATION submission,Untitled section,,,,,,"Hatcheryman:
Rodel Marimla

Date:
Aug 13, 2024

Shift:
2nd

Time started:
3pm

Incubator 1 Machine Temp. reading / Calibrator Temp. reading:
0

Incubator 1 Humidity reading:
0

Incubator 2 Machine Temp. reading / Calibrator Temp. reading:
0

Incubator 2 Humidity reading:
0

Incubator 3 Machine Temp. reading / Calibrator Temp. reading:
machine - 99.9 / calibrator - 99.9

Incubator 3 Humidity reading:
99.9

Incubator 4 Machine Temp. reading / Calibrator Temp. reading:
machine - 100.3 / calibrator - 100.3

Incubator 4 Humidity reading:
100.3

Incubator 5 Machine Temp. reading / Calibrator Temp. reading:
machine - 99.7 / calibrator - 99.7

Incubator 5 Humidity reading:
99.7

Incubator 6 Machine Temp. reading / Calibrator Temp. reading:
0

Incubator 6 Humidity reading:
0

Incubator 7 Machine Temp. reading / Calibrator Temp. reading:
machine -  99.82  / calibrator - 99.8

Incubator 7 Humidity reading:
99.83

Incubator 8 Machine Temp. reading / Calibrator Temp. reading:
machine - 100.06 / calibrator - 100.0

Incubator 8 Humidity reading:
100.09

Incubator 9 Machine Temp. reading / Calibrator Temp. reading:
machine - 100.1 / calibrator - 100.1

Incubator 9 Humidity reading:
100.2

Incubator 10 Machine Temp. reading / Calibrator Temp. reading:
machine - 100.3 / calibrator - 100.3

Incubator 10 Humidity reading:
100.3

Corrective action taken for un-match machine and calibrator temperature reading after 30 minutes of checking:
n/a

Approver on machine temperature adjustment:
N/A

Time finished:
3:40pm

———————————————
This task was submitted through INCUBATOR TEMPERATURE CALIBRATION
https://form.asana.com/?k=-OgqMf660KEFQdcn3Wkysw&d=1186399537984407",INCUBATOR TEMPERATURE CALIBRATION,,,,Rodel Marimla,"Aug 13, 2024",2nd,3pm,0,0,0,0,machine - 99.9 / calibrator - 99.9,99.9,machine - 100.3 / calibrator - 100.3,100.3,machine - 99.7 / calibrator - 99.7,99.7,0,0,machine -  99.82  / calibrator - 99.8,99.83,machine - 100.06 / calibrator - 100.0,100.09,machine - 100.1 / calibrator - 100.1,100.2,machine - 100.3 / calibrator - 100.3,100.3,n/a,N/A,3:40pm
"1208019561836592",2024-08-09,,2024-08-09,INCUBATOR TEMPERATURE CALIBRATION submission,Untitled section,,,,,,"Hatcheryman:
Bernardo Tiamzon 

Date:
Aug 9, 2024

Shift:
2nd

Time started:
3pm

Incubator 1 Machine Temp. reading / Calibrator Temp. reading:
99.7/99.7 

Incubator 1 Humidity reading:
99.7

Incubator 2 Machine Temp. reading / Calibrator Temp. reading:
99.6/99.6

Incubator 2 Humidity reading:
99.6

Incubator 3 Machine Temp. reading / Calibrator Temp. reading:
100/100

Incubator 3 Humidity reading:
100

Incubator 4 Machine Temp. reading / Calibrator Temp. reading:
00

Incubator 4 Humidity reading:
00

Incubator 5 Machine Temp. reading / Calibrator Temp. reading:
99.8/99.8

Incubator 5 Humidity reading:
99.8

Incubator 6 Machine Temp. reading / Calibrator Temp. reading:
00 

Incubator 6 Humidity reading:
00

Incubator 7 Machine Temp. reading / Calibrator Temp. reading:
99.5/99.4

Incubator 7 Humidity reading:
100

Incubator 8 Machine Temp. reading / Calibrator Temp. reading:
100 6/100.9

Incubator 8 Humidity reading:
100

Incubator 9 Machine Temp. reading / Calibrator Temp. reading:
100.4/100.4

Incubator 9 Humidity reading:
100.4

Incubator 10 Machine Temp. reading / Calibrator Temp. reading:
00

Incubator 10 Humidity reading:
00

Corrective action taken for un-match machine and calibrator temperature reading after 30 minutes of checking:
NA

Approver on machine temperature adjustment:
N/A

Time finished:
3:50pm

———————————————
This task was submitted through INCUBATOR TEMPERATURE CALIBRATION
https://form.asana.com/?k=-OgqMf660KEFQdcn3Wkysw&d=1186399537984407",INCUBATOR TEMPERATURE CALIBRATION,,,,Bernardo Tiamzon ,"Aug 9, 2024",2nd,3pm,99.7/99.7 ,99.7,99.6/99.6,99.6,100/100,100,00,00,99.8/99.8,99.8,00 ,00,99.5/99.4,100,100 6/100.9,100,100.4/100.4,100.4,00,00,NA,N/A,3:50pm
"1207987997423808",2024-08-06,,2024-08-06,INCUBATOR TEMPERATURE CALIBRATION submission,Untitled section,,,,,,"Hatcheryman:
Bernardo Tiamzon 

Date:
Aug 6, 2024

Shift:
2nd

Time started:
3pm

Incubator 1 Machine Temp. reading / Calibrator Temp. reading:
99.6/99.6

Incubator 1 Humidity reading:
99.6

Incubator 2 Machine Temp. reading / Calibrator Temp. reading:
99.5/99.5 

Incubator 2 Humidity reading:
99.5

Incubator 3 Machine Temp. reading / Calibrator Temp. reading:
100.1/100.1 

Incubator 3 Humidity reading:
100

Incubator 4 Machine Temp. reading / Calibrator Temp. reading:
00

Incubator 4 Humidity reading:
00

Incubator 5 Machine Temp. reading / Calibrator Temp. reading:
100.1/100.1

Incubator 5 Humidity reading:
100.2

Incubator 6 Machine Temp. reading / Calibrator Temp. reading:
00 

Incubator 6 Humidity reading:
00

Incubator 7 Machine Temp. reading / Calibrator Temp. reading:
100.14/100.2

Incubator 7 Humidity reading:
100.15

Incubator 8 Machine Temp. reading / Calibrator Temp. reading:
100.10/100.1 

Incubator 8 Humidity reading:
100.11

Incubator 9 Machine Temp. reading / Calibrator Temp. reading:
100.4/100.4

Incubator 9 Humidity reading:
100.5

Incubator 10 Machine Temp. reading / Calibrator Temp. reading:
00

Incubator 10 Humidity reading:
00

Corrective action taken for un-match machine and calibrator temperature reading after 30 minutes of checking:
NA

Approver on machine temperature adjustment:
N/A

Time finished:
3:50pm

———————————————
This task was submitted through INCUBATOR TEMPERATURE CALIBRATION
https://form.asana.com/?k=-OgqMf660KEFQdcn3Wkysw&d=1186399537984407",INCUBATOR TEMPERATURE CALIBRATION,,,,Bernardo Tiamzon ,"Aug 6, 2024",2nd,3pm,99.6/99.6,99.6,99.5/99.5 ,99.5,100.1/100.1 ,100,00,00,100.1/100.1,100.2,00 ,00,100.14/100.2,100.15,100.10/100.1 ,100.11,100.4/100.4,100.5,00,00,NA,N/A,3:50pm
"1207931372825263",2024-07-30,,2024-07-30,INCUBATOR TEMPERATURE CALIBRATION submission,Untitled section,,,,,,"Hatcheryman:
Bernardo Tiamzon 

Date:
Jul 30, 2024

Shift:
2nd

Time started:
3pm

Incubator 1 Machine Temp. reading / Calibrator Temp. reading:
99.6/99.6

Incubator 1 Humidity reading:
99.6

Incubator 2 Machine Temp. reading / Calibrator Temp. reading:
99.6/99.6

Incubator 2 Humidity reading:
99.6

Incubator 3 Machine Temp. reading / Calibrator Temp. reading:
100.6/100.6

Incubator 3 Humidity reading:
100.5

Incubator 4 Machine Temp. reading / Calibrator Temp. reading:
00

Incubator 4 Humidity reading:
00

Incubator 5 Machine Temp. reading / Calibrator Temp. reading:
100.5/100.5

Incubator 5 Humidity reading:
100.6

Incubator 6 Machine Temp. reading / Calibrator Temp. reading:
00 

Incubator 6 Humidity reading:
00

Incubator 7 Machine Temp. reading / Calibrator Temp. reading:
100.15/100.1 

Incubator 7 Humidity reading:
100.11

Incubator 8 Machine Temp. reading / Calibrator Temp. reading:
00

Incubator 8 Humidity reading:
00

Incubator 9 Machine Temp. reading / Calibrator Temp. reading:
00

Incubator 9 Humidity reading:
00

Incubator 10 Machine Temp. reading / Calibrator Temp. reading:
00

Incubator 10 Humidity reading:
00

Corrective action taken for un-match machine and calibrator temperature reading after 30 minutes of checking:
NA

Approver on machine temperature adjustment:
N/A

Time finished:
3:50pm

———————————————
This task was submitted through INCUBATOR TEMPERATURE CALIBRATION
https://form.asana.com/?k=-OgqMf660KEFQdcn3Wkysw&d=1186399537984407",INCUBATOR TEMPERATURE CALIBRATION,,,,Bernardo Tiamzon ,"Jul 30, 2024",2nd,3pm,99.6/99.6,99.6,99.6/99.6,99.6,100.6/100.6,100.5,00,00,100.5/100.5,100.6,00 ,00,100.15/100.1 ,100.11,00,00,00,00,00,00,NA,N/A,3:50pm
"1207905165617084",2024-07-26,,2024-07-26,INCUBATOR TEMPERATURE CALIBRATION submission,Untitled section,,,,,,"Hatcheryman:
Bernardo Tiamzon 

Date:
Jul 26, 2024

Shift:
2nd

Time started:
3pm

Incubator 1 Machine Temp. reading / Calibrator Temp. reading:
99.5/99.5

Incubator 1 Humidity reading:
99.5

Incubator 2 Machine Temp. reading / Calibrator Temp. reading:
99.5/99.5 

Incubator 2 Humidity reading:
99.5

Incubator 3 Machine Temp. reading / Calibrator Temp. reading:
00 

Incubator 3 Humidity reading:
00

Incubator 4 Machine Temp. reading / Calibrator Temp. reading:
99.5/99.5 

Incubator 4 Humidity reading:
99.5

Incubator 5 Machine Temp. reading / Calibrator Temp. reading:
00

Incubator 5 Humidity reading:
00

Incubator 6 Machine Temp. reading / Calibrator Temp. reading:
00 

Incubator 6 Humidity reading:
00

Incubator 7 Machine Temp. reading / Calibrator Temp. reading:
00 

Incubator 7 Humidity reading:
00

Incubator 8 Machine Temp. reading / Calibrator Temp. reading:
00

Incubator 8 Humidity reading:
00

Incubator 9 Machine Temp. reading / Calibrator Temp. reading:
00

Incubator 9 Humidity reading:
00

Incubator 10 Machine Temp. reading / Calibrator Temp. reading:
00

Incubator 10 Humidity reading:
00

Corrective action taken for un-match machine and calibrator temperature reading after 30 minutes of checking:
N/A

Approver on machine temperature adjustment:
N/A

Time finished:
3:50pm

———————————————
This task was submitted through INCUBATOR TEMPERATURE CALIBRATION
https://form.asana.com/?k=-OgqMf660KEFQdcn3Wkysw&d=1186399537984407",INCUBATOR TEMPERATURE CALIBRATION,,,,Bernardo Tiamzon ,"Jul 26, 2024",2nd,3pm,99.5/99.5,99.5,99.5/99.5 ,99.5,00 ,00,99.5/99.5 ,99.5,00,00,00 ,00,00 ,00,00,00,00,00,00,00,N/A,N/A,3:50pm
"1207883502632096",2024-07-24,,2024-07-24,INCUBATOR TEMPERATURE CALIBRATION submission,Untitled section,,,,,,"Hatcheryman:
Peter Paul alap-ap 

Date:
Jul 23, 2024

Shift:
2nd

Time started:
3:00 pm

Incubator 1 Machine Temp. reading / Calibrator Temp. reading:
Reading 99.5 F/ calibrator 99.6 F

Incubator 1 Humidity reading:
99.5

Incubator 2 Machine Temp. reading / Calibrator Temp. reading:
Machine - 99.4 F / calibrator 99.4 F

Incubator 2 Humidity reading:
99.3

Incubator 3 Machine Temp. reading / Calibrator Temp. reading:
00

Incubator 3 Humidity reading:
00

Incubator 4 Machine Temp. reading / Calibrator Temp. reading:
Machine - 99.8 F / calibrator 99.8F

Incubator 4 Humidity reading:
99.8

Incubator 5 Machine Temp. reading / Calibrator Temp. reading:
00

Incubator 5 Humidity reading:
00

Incubator 6 Machine Temp. reading / Calibrator Temp. reading:
00

Incubator 6 Humidity reading:
00

Incubator 7 Machine Temp. reading / Calibrator Temp. reading:
00

Incubator 7 Humidity reading:
00

Incubator 8 Machine Temp. reading / Calibrator Temp. reading:
00

Incubator 8 Humidity reading:
00

Incubator 9 Machine Temp. reading / Calibrator Temp. reading:
00

Incubator 9 Humidity reading:
00

Incubator 10 Machine Temp. reading / Calibrator Temp. reading:
00

Incubator 10 Humidity reading:
00

Corrective action taken for un-match machine and calibrator temperature reading after 30 minutes of checking:
N/A

Approver on machine temperature adjustment:
Jimmy Tungol and Sir Tony

Time finished:
3:30 pm

———————————————
This task was submitted through INCUBATOR TEMPERATURE CALIBRATION
https://form.asana.com/?k=-OgqMf660KEFQdcn3Wkysw&d=1186399537984407",INCUBATOR TEMPERATURE CALIBRATION,,,,Peter Paul alap-ap ,"Jul 23, 2024",2nd,3:00 pm,Reading 99.5 F/ calibrator 99.6 F,99.5,Machine - 99.4 F / calibrator 99.4 F,99.3,00,00,Machine - 99.8 F / calibrator 99.8F,99.8,00,00,00,00,00,00,00,00,00,00,00,00,N/A,Jimmy Tungol and Sir Tony,3:30 pm
"1207858951241840",2024-07-20,,2024-07-20,INCUBATOR TEMPERATURE CALIBRATION submission,Untitled section,,,,,,"Hatcheryman:
Peter Paul alap-ap 

Date:
Jul 19, 2024

Shift:
2nd

Time started:
3:00 pm

Incubator 1 Machine Temp. reading / Calibrator Temp. reading:
Reading 99.7 F/ calibrator 99.8 F

Incubator 1 Humidity reading:
99.8

Incubator 2 Machine Temp. reading / Calibrator Temp. reading:
Machine - 99.6F / calibrator 99.6 F

Incubator 2 Humidity reading:
99.4

Incubator 3 Machine Temp. reading / Calibrator Temp. reading:
00

Incubator 3 Humidity reading:
00

Incubator 4 Machine Temp. reading / Calibrator Temp. reading:
Machine - 99.9 F / calibrator 99.9 F

Incubator 4 Humidity reading:
99.9

Incubator 5 Machine Temp. reading / Calibrator Temp. reading:
00

Incubator 5 Humidity reading:
00

Incubator 6 Machine Temp. reading / Calibrator Temp. reading:
00

Incubator 6 Humidity reading:
00

Incubator 7 Machine Temp. reading / Calibrator Temp. reading:
00

Incubator 7 Humidity reading:
00

Incubator 8 Machine Temp. reading / Calibrator Temp. reading:
00

Incubator 8 Humidity reading:
00

Incubator 9 Machine Temp. reading / Calibrator Temp. reading:
00

Incubator 9 Humidity reading:
00

Incubator 10 Machine Temp. reading / Calibrator Temp. reading:
00

Incubator 10 Humidity reading:
00

Corrective action taken for un-match machine and calibrator temperature reading after 30 minutes of checking:
N/A

Approver on machine temperature adjustment:
Jimmy Tungol and Sir Tony

Time finished:
3:30 pm

———————————————
This task was submitted through INCUBATOR TEMPERATURE CALIBRATION
https://form.asana.com/?k=-OgqMf660KEFQdcn3Wkysw&d=1186399537984407",INCUBATOR TEMPERATURE CALIBRATION,,,,Peter Paul alap-ap ,"Jul 19, 2024",2nd,3:00 pm,Reading 99.7 F/ calibrator 99.8 F,99.8,Machine - 99.6F / calibrator 99.6 F,99.4,00,00,Machine - 99.9 F / calibrator 99.9 F,99.9,00,00,00,00,00,00,00,00,00,00,00,00,N/A,Jimmy Tungol and Sir Tony,3:30 pm
"1207823147553282",2024-07-16,,2024-07-16,INCUBATOR TEMPERATURE CALIBRATION submission,Untitled section,,,,,,"Hatcheryman:
Peter Paul alap-ap 

Date:
Jul 16, 2024

Shift:
2nd

Time started:
3:00 pm

Incubator 1 Machine Temp. reading / Calibrator Temp. reading:
Reading 99.7 F/ calibrator 99.7 F

Incubator 1 Humidity reading:
99.7

Incubator 2 Machine Temp. reading / Calibrator Temp. reading:
Machine - 100.0 F / calibrator 99.9 F

Incubator 2 Humidity reading:
99.8

Incubator 3 Machine Temp. reading / Calibrator Temp. reading:
Machine - 99.6 F / calibrator 99.7 F

Incubator 3 Humidity reading:
99.7

Incubator 4 Machine Temp. reading / Calibrator Temp. reading:
Machine - 100.2 F / calibrator 100.2 F

Incubator 4 Humidity reading:
00.2

Incubator 5 Machine Temp. reading / Calibrator Temp. reading:
Machine - 99.5 F / calibrator 99.5 F

Incubator 5 Humidity reading:
99.6

Incubator 6 Machine Temp. reading / Calibrator Temp. reading:
00

Incubator 6 Humidity reading:
00

Incubator 7 Machine Temp. reading / Calibrator Temp. reading:
00

Incubator 7 Humidity reading:
00

Incubator 8 Machine Temp. reading / Calibrator Temp. reading:
00

Incubator 8 Humidity reading:
00

Incubator 9 Machine Temp. reading / Calibrator Temp. reading:
00

Incubator 9 Humidity reading:
00

Incubator 10 Machine Temp. reading / Calibrator Temp. reading:
00

Incubator 10 Humidity reading:
00

Corrective action taken for un-match machine and calibrator temperature reading after 30 minutes of checking:
N/A

Approver on machine temperature adjustment:
Jimmy Tungol and Sir Tony

Time finished:
3:30 pm

———————————————
This task was submitted through INCUBATOR TEMPERATURE CALIBRATION
https://form.asana.com/?k=-OgqMf660KEFQdcn3Wkysw&d=1186399537984407",INCUBATOR TEMPERATURE CALIBRATION,,,,Peter Paul alap-ap ,"Jul 16, 2024",2nd,3:00 pm,Reading 99.7 F/ calibrator 99.7 F,99.7,Machine - 100.0 F / calibrator 99.9 F,99.8,Machine - 99.6 F / calibrator 99.7 F,99.7,Machine - 100.2 F / calibrator 100.2 F,00.2,Machine - 99.5 F / calibrator 99.5 F,99.6,00,00,00,00,00,00,00,00,00,00,N/A,Jimmy Tungol and Sir Tony,3:30 pm
"1207796740264036",2024-07-12,,2024-07-12,INCUBATOR TEMPERATURE CALIBRATION submission,Untitled section,,,,,,"Hatcheryman:
Peter Paul alap-ap 

Date:
Jul 12, 2024

Shift:
2nd

Time started:
3:00 pm

Incubator 1 Machine Temp. reading / Calibrator Temp. reading:
Incubator 1 - 100.0 /calibrator 100.1

Incubator 1 Humidity reading:
00.1

Incubator 2 Machine Temp. reading / Calibrator Temp. reading:
Machine - 99.9 F / calibrator 99.8 F

Incubator 2 Humidity reading:
99.7

Incubator 3 Machine Temp. reading / Calibrator Temp. reading:
Machine - 100.1 F / calibrator 100.2 F

Incubator 3 Humidity reading:
00.1

Incubator 4 Machine Temp. reading / Calibrator Temp. reading:
Machine - 100.5 F / calibrator 100.5 F

Incubator 4 Humidity reading:
00.5

Incubator 5 Machine Temp. reading / Calibrator Temp. reading:
Machine - 99.8 F / calibrator 99.9 F

Incubator 5 Humidity reading:
99.9

Incubator 6 Machine Temp. reading / Calibrator Temp. reading:
00

Incubator 6 Humidity reading:
00

Incubator 7 Machine Temp. reading / Calibrator Temp. reading:
00

Incubator 7 Humidity reading:
00

Incubator 8 Machine Temp. reading / Calibrator Temp. reading:
00

Incubator 8 Humidity reading:
00

Incubator 9 Machine Temp. reading / Calibrator Temp. reading:
00

Incubator 9 Humidity reading:
00

Incubator 10 Machine Temp. reading / Calibrator Temp. reading:
00

Incubator 10 Humidity reading:
00

Corrective action taken for un-match machine and calibrator temperature reading after 30 minutes of checking:
N/A

Approver on machine temperature adjustment:
Jimmy Tungol and Sir Tony

Time finished:
3:30 pm

———————————————
This task was submitted through INCUBATOR TEMPERATURE CALIBRATION
https://form.asana.com/?k=-OgqMf660KEFQdcn3Wkysw&d=1186399537984407",INCUBATOR TEMPERATURE CALIBRATION,,,,Peter Paul alap-ap ,"Jul 12, 2024",2nd,3:00 pm,Incubator 1 - 100.0 /calibrator 100.1,00.1,Machine - 99.9 F / calibrator 99.8 F,99.7,Machine - 100.1 F / calibrator 100.2 F,00.1,Machine - 100.5 F / calibrator 100.5 F,00.5,Machine - 99.8 F / calibrator 99.9 F,99.9,00,00,00,00,00,00,00,00,00,00,N/A,Jimmy Tungol and Sir Tony,3:30 pm
"1207767549913644",2024-07-09,,2024-07-09,INCUBATOR TEMPERATURE CALIBRATION submission,Untitled section,,,,,,"Hatcheryman:
Rodel Marimla

Date:
Jul 9, 2024

Shift:
2nd

Time started:
3pm

Incubator 1 Machine Temp. reading / Calibrator Temp. reading:
machine - 100.1 / calibrator - 100.1

Incubator 1 Humidity reading:
100.2

Incubator 2 Machine Temp. reading / Calibrator Temp. reading:
machine - 100.1 / calibrator - 100.1

Incubator 2 Humidity reading:
100.0

Incubator 3 Machine Temp. reading / Calibrator Temp. reading:
machine - 99.9 / calibrator - 99.9

Incubator 3 Humidity reading:
99.9

Incubator 4 Machine Temp. reading / Calibrator Temp. reading:
0

Incubator 4 Humidity reading:
0

Incubator 5 Machine Temp. reading / Calibrator Temp. reading:
0

Incubator 5 Humidity reading:
0

Incubator 6 Machine Temp. reading / Calibrator Temp. reading:
machine - 99.93 / calibrator - 99.9

Incubator 6 Humidity reading:
99.89

Incubator 7 Machine Temp. reading / Calibrator Temp. reading:
0

Incubator 7 Humidity reading:
0

Incubator 8 Machine Temp. reading / Calibrator Temp. reading:
machine - 99.99 / calibrator - 99.9

Incubator 8 Humidity reading:
100.03

Incubator 9 Machine Temp. reading / Calibrator Temp. reading:
machine - 100.0 / calibrator - 100.0

Incubator 9 Humidity reading:
100.1

Incubator 10 Machine Temp. reading / Calibrator Temp. reading:
machine - 100.4 / calibrator - 100.4

Incubator 10 Humidity reading:
100.4

Corrective action taken for un-match machine and calibrator temperature reading after 30 minutes of checking:
n/a

Approver on machine temperature adjustment:
N/A

Time finished:
3:30pm

———————————————
This task was submitted through INCUBATOR TEMPERATURE CALIBRATION
https://form.asana.com/?k=-OgqMf660KEFQdcn3Wkysw&d=1186399537984407",INCUBATOR TEMPERATURE CALIBRATION,,,,Rodel Marimla,"Jul 9, 2024",2nd,3pm,machine - 100.1 / calibrator - 100.1,100.2,machine - 100.1 / calibrator - 100.1,100.0,machine - 99.9 / calibrator - 99.9,99.9,0,0,0,0,machine - 99.93 / calibrator - 99.9,99.89,0,0,machine - 99.99 / calibrator - 99.9,100.03,machine - 100.0 / calibrator - 100.0,100.1,machine - 100.4 / calibrator - 100.4,100.4,n/a,N/A,3:30pm
"1207743943156986",2024-07-05,,2024-07-05,INCUBATOR TEMPERATURE CALIBRATION submission,Untitled section,,,,,,"Hatcheryman:
Bernardo Tiamzon 

Date:
Jul 5, 2024

Shift:
2nd

Time started:
3pm

Incubator 1 Machine Temp. reading / Calibrator Temp. reading:
100.2/100.2

Incubator 1 Humidity reading:
100.2

Incubator 2 Machine Temp. reading / Calibrator Temp. reading:
100.3/100.3 

Incubator 2 Humidity reading:
100.2

Incubator 3 Machine Temp. reading / Calibrator Temp. reading:
100.2/100.2

Incubator 3 Humidity reading:
100.1

Incubator 4 Machine Temp. reading / Calibrator Temp. reading:
00

Incubator 4 Humidity reading:
00

Incubator 5 Machine Temp. reading / Calibrator Temp. reading:
00

Incubator 5 Humidity reading:
00

Incubator 6 Machine Temp. reading / Calibrator Temp. reading:
100.17/100.1

Incubator 6 Humidity reading:
100.11

Incubator 7 Machine Temp. reading / Calibrator Temp. reading:
00 

Incubator 7 Humidity reading:
00

Incubator 8 Machine Temp. reading / Calibrator Temp. reading:
99.56/99.5

Incubator 8 Humidity reading:
99.57

Incubator 9 Machine Temp. reading / Calibrator Temp. reading:
99.5/99.5

Incubator 9 Humidity reading:
99.5

Incubator 10 Machine Temp. reading / Calibrator Temp. reading:
99.4/99.4

Incubator 10 Humidity reading:
99.4

Corrective action taken for un-match machine and calibrator temperature reading after 30 minutes of checking:
Na

Approver on machine temperature adjustment:
N/A

Time finished:
3:50pm

———————————————
This task was submitted through INCUBATOR TEMPERATURE CALIBRATION
https://form.asana.com/?k=-OgqMf660KEFQdcn3Wkysw&d=1186399537984407",INCUBATOR TEMPERATURE CALIBRATION,,,,Bernardo Tiamzon ,"Jul 5, 2024",2nd,3pm,100.2/100.2,100.2,100.3/100.3 ,100.2,100.2/100.2,100.1,00,00,00,00,100.17/100.1,100.11,00 ,00,99.56/99.5,99.57,99.5/99.5,99.5,99.4/99.4,99.4,Na,N/A,3:50pm
"1207717446275698",2024-07-02,,2024-07-02,INCUBATOR TEMPERATURE CALIBRATION submission,Untitled section,,,,,,"Hatcheryman:
Rodel Marimla

Date:
Jul 2, 2024

Shift:
2nd

Time started:
3pm

Incubator 1 Machine Temp. reading / Calibrator Temp. reading:
machine - 100.4 / calibrator - 100.4

Incubator 1 Humidity reading:
100.4

Incubator 2 Machine Temp. reading / Calibrator Temp. reading:
machine - 100.3 / calibrator - 100.3

Incubator 2 Humidity reading:
100.3

Incubator 3 Machine Temp. reading / Calibrator Temp. reading:
machine - 100.3 / calibrator - 100.3

Incubator 3 Humidity reading:
100.3

Incubator 4 Machine Temp. reading / Calibrator Temp. reading:
machine - 99.3 / calibrator - 99.3

Incubator 4 Humidity reading:
99.3

Incubator 5 Machine Temp. reading / Calibrator Temp. reading:
machine - 99.3 / calibrator - 99.3

Incubator 5 Humidity reading:
99.3

Incubator 6 Machine Temp. reading / Calibrator Temp. reading:
machine - 100.17 / calibrator - 100.1

Incubator 6 Humidity reading:
100.11

Incubator 7 Machine Temp. reading / Calibrator Temp. reading:
machine -  99.82  / calibrator - 99.8

Incubator 7 Humidity reading:
99.85

Incubator 8 Machine Temp. reading / Calibrator Temp. reading:
machine - 99.79 / calibrator - 99.7

Incubator 8 Humidity reading:
99.81

Incubator 9 Machine Temp. reading / Calibrator Temp. reading:
machine - 99.7 / calibrator - 99.7

Incubator 9 Humidity reading:
99.7

Incubator 10 Machine Temp. reading / Calibrator Temp. reading:
machine -  99.8 / calibrator - 99.8

Incubator 10 Humidity reading:
99.8

Corrective action taken for un-match machine and calibrator temperature reading after 30 minutes of checking:
n/a

Approver on machine temperature adjustment:
N/A

Time finished:
3:40pm

———————————————
This task was submitted through INCUBATOR TEMPERATURE CALIBRATION
https://form.asana.com/?k=-OgqMf660KEFQdcn3Wkysw&d=1186399537984407",INCUBATOR TEMPERATURE CALIBRATION,,,,Rodel Marimla,"Jul 2, 2024",2nd,3pm,machine - 100.4 / calibrator - 100.4,100.4,machine - 100.3 / calibrator - 100.3,100.3,machine - 100.3 / calibrator - 100.3,100.3,machine - 99.3 / calibrator - 99.3,99.3,machine - 99.3 / calibrator - 99.3,99.3,machine - 100.17 / calibrator - 100.1,100.11,machine -  99.82  / calibrator - 99.8,99.85,machine - 99.79 / calibrator - 99.7,99.81,machine - 99.7 / calibrator - 99.7,99.7,machine -  99.8 / calibrator - 99.8,99.8,n/a,N/A,3:40pm
"1207686847574438",2024-06-28,,2024-06-28,INCUBATOR TEMPERATURE CALIBRATION submission,Untitled section,,,,,,"Hatcheryman:
Rodel Marimla

Date:
Jun 28, 2024

Shift:
2nd

Time started:
3pm

Incubator 1 Machine Temp. reading / Calibrator Temp. reading:
machine - 100.4 / calibrator - 100.4

Incubator 1 Humidity reading:
100.5

Incubator 2 Machine Temp. reading / Calibrator Temp. reading:
machine - 100.4 / calibrator - 100.4

Incubator 2 Humidity reading:
100.4

Incubator 3 Machine Temp. reading / Calibrator Temp. reading:
machine - 100.4 / calibrator - 100.4

Incubator 3 Humidity reading:
100.4

Incubator 4 Machine Temp. reading / Calibrator Temp. reading:
machine - 99.3 / calibrator - 99.3

Incubator 4 Humidity reading:
99.3

Incubator 5 Machine Temp. reading / Calibrator Temp. reading:
machine - 99.5 / calibrator - 99.5

Incubator 5 Humidity reading:
99.5

Incubator 6 Machine Temp. reading / Calibrator Temp. reading:
machine - 100.13 / calibrator - 100.1

Incubator 6 Humidity reading:
100.10

Incubator 7 Machine Temp. reading / Calibrator Temp. reading:
machine -  99.63  / calibrator - 99.6

Incubator 7 Humidity reading:
99.66

Incubator 8 Machine Temp. reading / Calibrator Temp. reading:
machine - 100.08 / calibrator - 100.0

Incubator 8 Humidity reading:
100.12

Incubator 9 Machine Temp. reading / Calibrator Temp. reading:
machine - 100.1 / calibrator - 100.1

Incubator 9 Humidity reading:
100.2

Incubator 10 Machine Temp. reading / Calibrator Temp. reading:
machine - 100.1 / calibrator - 100.1

Incubator 10 Humidity reading:
100.1

Corrective action taken for un-match machine and calibrator temperature reading after 30 minutes of checking:
n/a

Approver on machine temperature adjustment:
N/A

Time finished:
3:40pm

———————————————
This task was submitted through INCUBATOR TEMPERATURE CALIBRATION
https://form.asana.com/?k=-OgqMf660KEFQdcn3Wkysw&d=1186399537984407",INCUBATOR TEMPERATURE CALIBRATION,,,,Rodel Marimla,"Jun 28, 2024",2nd,3pm,machine - 100.4 / calibrator - 100.4,100.5,machine - 100.4 / calibrator - 100.4,100.4,machine - 100.4 / calibrator - 100.4,100.4,machine - 99.3 / calibrator - 99.3,99.3,machine - 99.5 / calibrator - 99.5,99.5,machine - 100.13 / calibrator - 100.1,100.10,machine -  99.63  / calibrator - 99.6,99.66,machine - 100.08 / calibrator - 100.0,100.12,machine - 100.1 / calibrator - 100.1,100.2,machine - 100.1 / calibrator - 100.1,100.1,n/a,N/A,3:40pm
"1207656769234965",2024-06-25,,2024-06-25,INCUBATOR TEMPERATURE CALIBRATION submission,Untitled section,,,,,,"Hatcheryman:
Rodel Marimla

Date:
Jun 25, 2024

Shift:
2nd

Time started:
3pm

Incubator 1 Machine Temp. reading / Calibrator Temp. reading:
machine - 99.3 / calibrator - 99.3

Incubator 1 Humidity reading:
99.3

Incubator 2 Machine Temp. reading / Calibrator Temp. reading:
machine - 99.3 / calibrator - 99.3

Incubator 2 Humidity reading:
99.3

Incubator 3 Machine Temp. reading / Calibrator Temp. reading:
machine - 99.1 / calibrator - 99.1

Incubator 3 Humidity reading:
99.1

Incubator 4 Machine Temp. reading / Calibrator Temp. reading:
machine - 99.8 / calibrator - 99.8

Incubator 4 Humidity reading:
99.8

Incubator 5 Machine Temp. reading / Calibrator Temp. reading:
machine - 99.7 / calibrator - 99.7

Incubator 5 Humidity reading:
99.7

Incubator 6 Machine Temp. reading / Calibrator Temp. reading:
0

Incubator 6 Humidity reading:
0

Incubator 7 Machine Temp. reading / Calibrator Temp. reading:
machine -  99.69  / calibrator - 99.7

Incubator 7 Humidity reading:
99.71

Incubator 8 Machine Temp. reading / Calibrator Temp. reading:
machine - 100.17 / calibrator - 100.1

Incubator 8 Humidity reading:
100.20

Incubator 9 Machine Temp. reading / Calibrator Temp. reading:
machine - 100.3 / calibrator - 100.3

Incubator 9 Humidity reading:
100.4

Incubator 10 Machine Temp. reading / Calibrator Temp. reading:
machine - 100.4 / calibrator - 100.4

Incubator 10 Humidity reading:
100.4

Corrective action taken for un-match machine and calibrator temperature reading after 30 minutes of checking:
n/a

Approver on machine temperature adjustment:
N/A

Time finished:
3:40pm

———————————————
This task was submitted through INCUBATOR TEMPERATURE CALIBRATION
https://form.asana.com/?k=-OgqMf660KEFQdcn3Wkysw&d=1186399537984407",INCUBATOR TEMPERATURE CALIBRATION,,,,Rodel Marimla,"Jun 25, 2024",2nd,3pm,machine - 99.3 / calibrator - 99.3,99.3,machine - 99.3 / calibrator - 99.3,99.3,machine - 99.1 / calibrator - 99.1,99.1,machine - 99.8 / calibrator - 99.8,99.8,machine - 99.7 / calibrator - 99.7,99.7,0,0,machine -  99.69  / calibrator - 99.7,99.71,machine - 100.17 / calibrator - 100.1,100.20,machine - 100.3 / calibrator - 100.3,100.4,machine - 100.4 / calibrator - 100.4,100.4,n/a,N/A,3:40pm
"1207631063739640",2024-06-21,,2024-06-21,INCUBATOR TEMPERATURE CALIBRATION submission,Untitled section,,,,,,"Hatcheryman:
Bernardo Tiamzon 

Date:
Jun 21, 2024

Shift:
2nd

Time started:
3pm

Incubator 1 Machine Temp. reading / Calibrator Temp. reading:
99.3/99.3

Incubator 1 Humidity reading:
99.3

Incubator 2 Machine Temp. reading / Calibrator Temp. reading:
99.3/993

Incubator 2 Humidity reading:
99.3

Incubator 3 Machine Temp. reading / Calibrator Temp. reading:
99.4/99.4

Incubator 3 Humidity reading:
99.5

Incubator 4 Machine Temp. reading / Calibrator Temp. reading:
100.2/100.2

Incubator 4 Humidity reading:
100.1

Incubator 5 Machine Temp. reading / Calibrator Temp. reading:
100.2/100.2

Incubator 5 Humidity reading:
100.1

Incubator 6 Machine Temp. reading / Calibrator Temp. reading:
00 

Incubator 6 Humidity reading:
00

Incubator 7 Machine Temp. reading / Calibrator Temp. reading:
100/100

Incubator 7 Humidity reading:
99.99

Incubator 8 Machine Temp. reading / Calibrator Temp. reading:
100/100.10

Incubator 8 Humidity reading:
100.11

Incubator 9 Machine Temp. reading / Calibrator Temp. reading:
100.4/100.4

Incubator 9 Humidity reading:
100.4

Incubator 10 Machine Temp. reading / Calibrator Temp. reading:
100.4/100.4

Incubator 10 Humidity reading:
100.4

Corrective action taken for un-match machine and calibrator temperature reading after 30 minutes of checking:
na

Approver on machine temperature adjustment:
N/A

Time finished:
3:50pm

———————————————
This task was submitted through INCUBATOR TEMPERATURE CALIBRATION
https://form.asana.com/?k=-OgqMf660KEFQdcn3Wkysw&d=1186399537984407",INCUBATOR TEMPERATURE CALIBRATION,,,,Bernardo Tiamzon ,"Jun 21, 2024",2nd,3pm,99.3/99.3,99.3,99.3/993,99.3,99.4/99.4,99.5,100.2/100.2,100.1,100.2/100.2,100.1,00 ,00,100/100,99.99,100/100.10,100.11,100.4/100.4,100.4,100.4/100.4,100.4,na,N/A,3:50pm
"1207599294921816",2024-06-18,,2024-06-18,INCUBATOR TEMPERATURE CALIBRATION submission,Untitled section,,,,,,"Hatcheryman:
Bernardo Tiamzon 

Date:
Jun 18, 2024

Shift:
2nd

Time started:
3pm

Incubator 1 Machine Temp. reading / Calibrator Temp. reading:
99.9/99.9

Incubator 1 Humidity reading:
99.9

Incubator 2 Machine Temp. reading / Calibrator Temp. reading:
100/100

Incubator 2 Humidity reading:
99.9

Incubator 3 Machine Temp. reading / Calibrator Temp. reading:
100/100

Incubator 3 Humidity reading:
99.9

Incubator 4 Machine Temp. reading / Calibrator Temp. reading:
100.5/100.5

Incubator 4 Humidity reading:
100.4

Incubator 5 Machine Temp. reading / Calibrator Temp. reading:
100.3 /100.3 

Incubator 5 Humidity reading:
100.2

Incubator 6 Machine Temp. reading / Calibrator Temp. reading:
00 

Incubator 6 Humidity reading:
00

Incubator 7 Machine Temp. reading / Calibrator Temp. reading:
99.12/99.14

Incubator 7 Humidity reading:
99.2

Incubator 8 Machine Temp. reading / Calibrator Temp. reading:
00

Incubator 8 Humidity reading:
00

Incubator 9 Machine Temp. reading / Calibrator Temp. reading:
00

Incubator 9 Humidity reading:
00

Incubator 10 Machine Temp. reading / Calibrator Temp. reading:
00

Incubator 10 Humidity reading:
00

Corrective action taken for un-match machine and calibrator temperature reading after 30 minutes of checking:
na

Approver on machine temperature adjustment:
N/A

Time finished:
3:50pm

———————————————
This task was submitted through INCUBATOR TEMPERATURE CALIBRATION
https://form.asana.com/?k=-OgqMf660KEFQdcn3Wkysw&d=1186399537984407",INCUBATOR TEMPERATURE CALIBRATION,,,,Bernardo Tiamzon ,"Jun 18, 2024",2nd,3pm,99.9/99.9,99.9,100/100,99.9,100/100,99.9,100.5/100.5,100.4,100.3 /100.3 ,100.2,00 ,00,99.12/99.14,99.2,00,00,00,00,00,00,na,N/A,3:50pm
"1207572085466001",2024-06-14,,2024-06-14,INCUBATOR TEMPERATURE CALIBRATION submission,Untitled section,,,,,,"Hatcheryman:
Bernardo Tiamzon 

Date:
Jun 14, 2024

Shift:
2nd

Time started:
3pm

Incubator 1 Machine Temp. reading / Calibrator Temp. reading:
100.3 /100.3 

Incubator 1 Humidity reading:
100.3

Incubator 2 Machine Temp. reading / Calibrator Temp. reading:
100.1 /100.1 

Incubator 2 Humidity reading:
100.1

Incubator 3 Machine Temp. reading / Calibrator Temp. reading:
100.2/100.2

Incubator 3 Humidity reading:
100.2

Incubator 4 Machine Temp. reading / Calibrator Temp. reading:
100.3 /100.3 

Incubator 4 Humidity reading:
100.2

Incubator 5 Machine Temp. reading / Calibrator Temp. reading:
100.4/100.4

Incubator 5 Humidity reading:
100.3

Incubator 6 Machine Temp. reading / Calibrator Temp. reading:
00 

Incubator 6 Humidity reading:
00

Incubator 7 Machine Temp. reading / Calibrator Temp. reading:
100.12/100.1

Incubator 7 Humidity reading:
100.11

Incubator 8 Machine Temp. reading / Calibrator Temp. reading:
99.58/99.5

Incubator 8 Humidity reading:
99.54

Incubator 9 Machine Temp. reading / Calibrator Temp. reading:
99.7/99.7

Incubator 9 Humidity reading:
99.7

Incubator 10 Machine Temp. reading / Calibrator Temp. reading:
99.7 /99.7 

Incubator 10 Humidity reading:
99.7

Corrective action taken for un-match machine and calibrator temperature reading after 30 minutes of checking:
na

Approver on machine temperature adjustment:
N/A

Time finished:
3:50pm

———————————————
This task was submitted through INCUBATOR TEMPERATURE CALIBRATION
https://form.asana.com/?k=-OgqMf660KEFQdcn3Wkysw&d=1186399537984407",INCUBATOR TEMPERATURE CALIBRATION,,,,Bernardo Tiamzon ,"Jun 14, 2024",2nd,3pm,100.3 /100.3 ,100.3,100.1 /100.1 ,100.1,100.2/100.2,100.2,100.3 /100.3 ,100.2,100.4/100.4,100.3,00 ,00,100.12/100.1,100.11,99.58/99.5,99.54,99.7/99.7,99.7,99.7 /99.7 ,99.7,na,N/A,3:50pm
"1207538553790119",2024-06-11,,2024-06-11,INCUBATOR TEMPERATURE CALIBRATION submission,Untitled section,,,,,,"Hatcheryman:
Bernardo Tiamzon 

Date:
Jun 11, 2024

Shift:
2nd

Time started:
3pm

Incubator 1 Machine Temp. reading / Calibrator Temp. reading:
100.4/100.4

Incubator 1 Humidity reading:
100.4

Incubator 2 Machine Temp. reading / Calibrator Temp. reading:
100.4/100.4

Incubator 2 Humidity reading:
100.3

Incubator 3 Machine Temp. reading / Calibrator Temp. reading:
100.3 /100.3 

Incubator 3 Humidity reading:
100.3

Incubator 4 Machine Temp. reading / Calibrator Temp. reading:
00

Incubator 4 Humidity reading:
00

Incubator 5 Machine Temp. reading / Calibrator Temp. reading:
00

Incubator 5 Humidity reading:
00

Incubator 6 Machine Temp. reading / Calibrator Temp. reading:
00 

Incubator 6 Humidity reading:
00

Incubator 7 Machine Temp. reading / Calibrator Temp. reading:
00 

Incubator 7 Humidity reading:
00

Incubator 8 Machine Temp. reading / Calibrator Temp. reading:
99.86/99.8

Incubator 8 Humidity reading:
99.86

Incubator 9 Machine Temp. reading / Calibrator Temp. reading:
99.9/99.9

Incubator 9 Humidity reading:
99.9

Incubator 10 Machine Temp. reading / Calibrator Temp. reading:
100/100

Incubator 10 Humidity reading:
100

Corrective action taken for un-match machine and calibrator temperature reading after 30 minutes of checking:
na

Approver on machine temperature adjustment:
N/A

Time finished:
3.30pn

———————————————
This task was submitted through INCUBATOR TEMPERATURE CALIBRATION
https://form.asana.com/?k=-OgqMf660KEFQdcn3Wkysw&d=1186399537984407",INCUBATOR TEMPERATURE CALIBRATION,,,,Bernardo Tiamzon ,"Jun 11, 2024",2nd,3pm,100.4/100.4,100.4,100.4/100.4,100.3,100.3 /100.3 ,100.3,00,00,00,00,00 ,00,00 ,00,99.86/99.8,99.86,99.9/99.9,99.9,100/100,100,na,N/A,3.30pn
"1207518855874030",2024-06-08,,2024-06-08,INCUBATOR TEMPERATURE CALIBRATION submission,Untitled section,,,,,,"Hatcheryman:
Peter Paul alap-ap 

Date:
Jun 7, 2024

Shift:
2nd

Time started:
3:00 pm

Incubator 1 Machine Temp. reading / Calibrator Temp. reading:
Reading 100.6 F/ calibrator 100.6 F

Incubator 1 Humidity reading:
00.4

Incubator 2 Machine Temp. reading / Calibrator Temp. reading:
Machine - 100.4  F / calibrator 100.6 F

Incubator 2 Humidity reading:
00.3

Incubator 3 Machine Temp. reading / Calibrator Temp. reading:
Machine - 99.5 F / calibrator 99.6 F

Incubator 3 Humidity reading:
99.4

Incubator 4 Machine Temp. reading / Calibrator Temp. reading:
Machine - 99.4 F / calibrator 99.5 F

Incubator 4 Humidity reading:
99.4

Incubator 5 Machine Temp. reading / Calibrator Temp. reading:
Machine - 99.3 F / calibrator 99.4 F

Incubator 5 Humidity reading:
99.2

Incubator 6 Machine Temp. reading / Calibrator Temp. reading:
00

Incubator 6 Humidity reading:
00

Incubator 7 Machine Temp. reading / Calibrator Temp. reading:
00

Incubator 7 Humidity reading:
00

Incubator 8 Machine Temp. reading / Calibrator Temp. reading:
Machine 100.0 F / calibrator 100.0 F

Incubator 8 Humidity reading:
99.9

Incubator 9 Machine Temp. reading / Calibrator Temp. reading:
Machine - 99.9 F / calibrator 99.9 F

Incubator 9 Humidity reading:
99.8

Incubator 10 Machine Temp. reading / Calibrator Temp. reading:
Machine - 100.0 F / calibrator 100.0 F

Incubator 10 Humidity reading:
99.9

Corrective action taken for un-match machine and calibrator temperature reading after 30 minutes of checking:
None 

Approver on machine temperature adjustment:
Jimmy Tungol and Sir Tony

Time finished:
3:30 pm

———————————————
This task was submitted through INCUBATOR TEMPERATURE CALIBRATION
https://form.asana.com/?k=-OgqMf660KEFQdcn3Wkysw&d=1186399537984407",INCUBATOR TEMPERATURE CALIBRATION,,,,Peter Paul alap-ap ,"Jun 7, 2024",2nd,3:00 pm,Reading 100.6 F/ calibrator 100.6 F,00.4,Machine - 100.4  F / calibrator 100.6 F,00.3,Machine - 99.5 F / calibrator 99.6 F,99.4,Machine - 99.4 F / calibrator 99.5 F,99.4,Machine - 99.3 F / calibrator 99.4 F,99.2,00,00,00,00,Machine 100.0 F / calibrator 100.0 F,99.9,Machine - 99.9 F / calibrator 99.9 F,99.8,Machine - 100.0 F / calibrator 100.0 F,99.9,None ,Jimmy Tungol and Sir Tony,3:30 pm
"1207453749075895",2024-05-31,,2024-05-31,INCUBATOR TEMPERATURE CALIBRATION submission,Untitled section,,,,,,"Hatcheryman:
Peter Paul alap-ap 

Date:
May 31, 2024

Shift:
2nd

Time started:
3:00 pm

Incubator 1 Machine Temp. reading / Calibrator Temp. reading:
00

Incubator 1 Humidity reading:
00

Incubator 2 Machine Temp. reading / Calibrator Temp. reading:
00

Incubator 2 Humidity reading:
00

Incubator 3 Machine Temp. reading / Calibrator Temp. reading:
Machine - 99.6 F / calibrator 99.6 F

Incubator 3 Humidity reading:
99.4

Incubator 4 Machine Temp. reading / Calibrator Temp. reading:
Machine - 100.0 F / calibrator 100.0 F

Incubator 4 Humidity reading:
99.9

Incubator 5 Machine Temp. reading / Calibrator Temp. reading:
Machine - 99.9 F / calibrator 99.9 F

Incubator 5 Humidity reading:
99.7

Incubator 6 Machine Temp. reading / Calibrator Temp. reading:
00

Incubator 6 Humidity reading:
00

Incubator 7 Machine Temp. reading / Calibrator Temp. reading:
00

Incubator 7 Humidity reading:
00

Incubator 8 Machine Temp. reading / Calibrator Temp. reading:
Machine 100.1 F / calibrator 100.1 F

Incubator 8 Humidity reading:
00.5

Incubator 9 Machine Temp. reading / Calibrator Temp. reading:
Machine - 100.4 F / calibrator 100.4 F

Incubator 9 Humidity reading:
00.3

Incubator 10 Machine Temp. reading / Calibrator Temp. reading:
Machine - 100.5 F / calibrator 100.5 F

Incubator 10 Humidity reading:
00.3

Corrective action taken for un-match machine and calibrator temperature reading after 30 minutes of checking:
N/A

Approver on machine temperature adjustment:
Jimmy Tungol and Sir Tony

Time finished:
3:40 pm

———————————————
This task was submitted through INCUBATOR TEMPERATURE CALIBRATION
https://form.asana.com/?k=-OgqMf660KEFQdcn3Wkysw&d=1186399537984407",INCUBATOR TEMPERATURE CALIBRATION,,,,Peter Paul alap-ap ,"May 31, 2024",2nd,3:00 pm,00,00,00,00,Machine - 99.6 F / calibrator 99.6 F,99.4,Machine - 100.0 F / calibrator 100.0 F,99.9,Machine - 99.9 F / calibrator 99.9 F,99.7,00,00,00,00,Machine 100.1 F / calibrator 100.1 F,00.5,Machine - 100.4 F / calibrator 100.4 F,00.3,Machine - 100.5 F / calibrator 100.5 F,00.3,N/A,Jimmy Tungol and Sir Tony,3:40 pm
"1207423648656997",2024-05-28,,2024-05-28,INCUBATOR TEMPERATURE CALIBRATION submission,Untitled section,,,,,,"Hatcheryman:
Peter Paul alap-ap 

Date:
May 28, 2024

Shift:
2nd

Time started:
3:00 pm

Incubator 1 Machine Temp. reading / Calibrator Temp. reading:
Reading 99.8 F/ calibrator 99.8 F

Incubator 1 Humidity reading:
99.8

Incubator 2 Machine Temp. reading / Calibrator Temp. reading:
Machine - 99.6 F / calibrator 99.6 F

Incubator 2 Humidity reading:
99.6

Incubator 3 Machine Temp. reading / Calibrator Temp. reading:
Machine - 100.1 F / calibrator 100.1F

Incubator 3 Humidity reading:
99.9

Incubator 4 Machine Temp. reading / Calibrator Temp. reading:
Machine - 100.2 F / calibrator 100.2 F

Incubator 4 Humidity reading:
00.1

Incubator 5 Machine Temp. reading / Calibrator Temp. reading:
Machine - 100.3 F / calibrator 100.3 F

Incubator 5 Humidity reading:
00.1

Incubator 6 Machine Temp. reading / Calibrator Temp. reading:
00

Incubator 6 Humidity reading:
00

Incubator 7 Machine Temp. reading / Calibrator Temp. reading:
00

Incubator 7 Humidity reading:
00

Incubator 8 Machine Temp. reading / Calibrator Temp. reading:
Machine 100.1 F / calibrator 100.1 F

Incubator 8 Humidity reading:
00.0

Incubator 9 Machine Temp. reading / Calibrator Temp. reading:
Machine - 100.3 F / calibrator 100.3 F

Incubator 9 Humidity reading:
00.2

Incubator 10 Machine Temp. reading / Calibrator Temp. reading:
Machine - 100.3 F / calibrator 100.3 F

Incubator 10 Humidity reading:
00.1

Corrective action taken for un-match machine and calibrator temperature reading after 30 minutes of checking:
None 

Approver on machine temperature adjustment:
Jimmy Tungol and Sir Tony

Time finished:
3:40 pm

———————————————
This task was submitted through INCUBATOR TEMPERATURE CALIBRATION
https://form.asana.com/?k=-OgqMf660KEFQdcn3Wkysw&d=1186399537984407",INCUBATOR TEMPERATURE CALIBRATION,,,,Peter Paul alap-ap ,"May 28, 2024",2nd,3:00 pm,Reading 99.8 F/ calibrator 99.8 F,99.8,Machine - 99.6 F / calibrator 99.6 F,99.6,Machine - 100.1 F / calibrator 100.1F,99.9,Machine - 100.2 F / calibrator 100.2 F,00.1,Machine - 100.3 F / calibrator 100.3 F,00.1,00,00,00,00,Machine 100.1 F / calibrator 100.1 F,00.0,Machine - 100.3 F / calibrator 100.3 F,00.2,Machine - 100.3 F / calibrator 100.3 F,00.1,None ,Jimmy Tungol and Sir Tony,3:40 pm
"1207401238914948",2024-05-24,,2024-05-24,INCUBATOR TEMPERATURE CALIBRATION submission,Untitled section,,,,,,"Hatcheryman:
Rodel Marimla

Date:
May 24, 2024

Shift:
2nd

Time started:
3:30pm

Incubator 1 Machine Temp. reading / Calibrator Temp. reading:
machine - 99.7 / calibrator - 99.7

Incubator 1 Humidity reading:
99.7

Incubator 2 Machine Temp. reading / Calibrator Temp. reading:
machine - 99.6 / calibrator - 99.6

Incubator 2 Humidity reading:
99.6

Incubator 3 Machine Temp. reading / Calibrator Temp. reading:
machine - 100.2 / calibrator - 100.2

Incubator 3 Humidity reading:
100.1

Incubator 4 Machine Temp. reading / Calibrator Temp. reading:
machine - 100.4 / calibrator - 100.4

Incubator 4 Humidity reading:
100.3

Incubator 5 Machine Temp. reading / Calibrator Temp. reading:
machine - 100.3 / calibrator - 100.3

Incubator 5 Humidity reading:
100.3

Incubator 6 Machine Temp. reading / Calibrator Temp. reading:
0

Incubator 6 Humidity reading:
0

Incubator 7 Machine Temp. reading / Calibrator Temp. reading:
0

Incubator 7 Humidity reading:
0

Incubator 8 Machine Temp. reading / Calibrator Temp. reading:
0

Incubator 8 Humidity reading:
0

Incubator 9 Machine Temp. reading / Calibrator Temp. reading:
0

Incubator 9 Humidity reading:
0

Incubator 10 Machine Temp. reading / Calibrator Temp. reading:
0

Incubator 10 Humidity reading:
0

Corrective action taken for un-match machine and calibrator temperature reading after 30 minutes of checking:
n/a

Approver on machine temperature adjustment:
N/A

Time finished:
4pm

———————————————
This task was submitted through INCUBATOR TEMPERATURE CALIBRATION
https://form.asana.com/?k=-OgqMf660KEFQdcn3Wkysw&d=1186399537984407",INCUBATOR TEMPERATURE CALIBRATION,,,,Rodel Marimla,"May 24, 2024",2nd,3:30pm,machine - 99.7 / calibrator - 99.7,99.7,machine - 99.6 / calibrator - 99.6,99.6,machine - 100.2 / calibrator - 100.2,100.1,machine - 100.4 / calibrator - 100.4,100.3,machine - 100.3 / calibrator - 100.3,100.3,0,0,0,0,0,0,0,0,0,0,n/a,N/A,4pm
"1207369246424458",2024-05-21,,2024-05-21,INCUBATOR TEMPERATURE CALIBRATION submission,Untitled section,,,,,,"Hatcheryman:
Rodel Marimla

Date:
May 21, 2024

Shift:
2nd

Time started:
3pm

Incubator 1 Machine Temp. reading / Calibrator Temp. reading:
machine - 99.7 / calibrator - 99.7

Incubator 1 Humidity reading:
99.7

Incubator 2 Machine Temp. reading / Calibrator Temp. reading:
machine - 99.4 / calibrator - 99.4

Incubator 2 Humidity reading:
99.4

Incubator 3 Machine Temp. reading / Calibrator Temp. reading:
machine - 100.1 / calibrator - 100.1

Incubator 3 Humidity reading:
100.0

Incubator 4 Machine Temp. reading / Calibrator Temp. reading:
machine - 100.3 / calibrator - 100.3

Incubator 4 Humidity reading:
100.3

Incubator 5 Machine Temp. reading / Calibrator Temp. reading:
machine - 100.2 / calibrator - 100.2

Incubator 5 Humidity reading:
100.2

Incubator 6 Machine Temp. reading / Calibrator Temp. reading:
0

Incubator 6 Humidity reading:
0

Incubator 7 Machine Temp. reading / Calibrator Temp. reading:
0

Incubator 7 Humidity reading:
0

Incubator 8 Machine Temp. reading / Calibrator Temp. reading:
0

Incubator 8 Humidity reading:
0

Incubator 9 Machine Temp. reading / Calibrator Temp. reading:
0

Incubator 9 Humidity reading:
0

Incubator 10 Machine Temp. reading / Calibrator Temp. reading:
0

Incubator 10 Humidity reading:
0

Corrective action taken for un-match machine and calibrator temperature reading after 30 minutes of checking:
n/a

Approver on machine temperature adjustment:
N/A

Time finished:
3:20pm

———————————————
This task was submitted through INCUBATOR TEMPERATURE CALIBRATION
https://form.asana.com/?k=-OgqMf660KEFQdcn3Wkysw&d=1186399537984407",INCUBATOR TEMPERATURE CALIBRATION,,,,Rodel Marimla,"May 21, 2024",2nd,3pm,machine - 99.7 / calibrator - 99.7,99.7,machine - 99.4 / calibrator - 99.4,99.4,machine - 100.1 / calibrator - 100.1,100.0,machine - 100.3 / calibrator - 100.3,100.3,machine - 100.2 / calibrator - 100.2,100.2,0,0,0,0,0,0,0,0,0,0,n/a,N/A,3:20pm
"1207343135112555",2024-05-17,,2024-05-17,INCUBATOR TEMPERATURE CALIBRATION submission,Untitled section,,,,,,"Hatcheryman:
Rodel Marimla

Date:
May 17, 2024

Shift:
2nd

Time started:
3pm

Incubator 1 Machine Temp. reading / Calibrator Temp. reading:
machine - 99.8 / calibrator - 99.8

Incubator 1 Humidity reading:
99.8

Incubator 2 Machine Temp. reading / Calibrator Temp. reading:
machine - 99.7 / calibrator - 99.7

Incubator 2 Humidity reading:
99.7

Incubator 3 Machine Temp. reading / Calibrator Temp. reading:
machine - 100.2 / calibrator - 100.2

Incubator 3 Humidity reading:
100.2

Incubator 4 Machine Temp. reading / Calibrator Temp. reading:
machine - 100.4 / calibrator - 100.4

Incubator 4 Humidity reading:
100.4

Incubator 5 Machine Temp. reading / Calibrator Temp. reading:
machine - 100.5 / calibrator - 100.5

Incubator 5 Humidity reading:
100.5

Incubator 6 Machine Temp. reading / Calibrator Temp. reading:
0

Incubator 6 Humidity reading:
0

Incubator 7 Machine Temp. reading / Calibrator Temp. reading:
machine -  100.03  / calibrator - 100.0

Incubator 7 Humidity reading:
100.09

Incubator 8 Machine Temp. reading / Calibrator Temp. reading:
machine - 100.23 / calibrator - 100.2

Incubator 8 Humidity reading:
100.26

Incubator 9 Machine Temp. reading / Calibrator Temp. reading:
machine - 99.7 / calibrator - 99.7

Incubator 9 Humidity reading:
99.7

Incubator 10 Machine Temp. reading / Calibrator Temp. reading:
machine -  99.5 / calibrator - 99.5

Incubator 10 Humidity reading:
99.5

Corrective action taken for un-match machine and calibrator temperature reading after 30 minutes of checking:
n/a

Approver on machine temperature adjustment:
N/A

Time finished:
3:40pm

———————————————
This task was submitted through INCUBATOR TEMPERATURE CALIBRATION
https://form.asana.com/?k=-OgqMf660KEFQdcn3Wkysw&d=1186399537984407",INCUBATOR TEMPERATURE CALIBRATION,,,,Rodel Marimla,"May 17, 2024",2nd,3pm,machine - 99.8 / calibrator - 99.8,99.8,machine - 99.7 / calibrator - 99.7,99.7,machine - 100.2 / calibrator - 100.2,100.2,machine - 100.4 / calibrator - 100.4,100.4,machine - 100.5 / calibrator - 100.5,100.5,0,0,machine -  100.03  / calibrator - 100.0,100.09,machine - 100.23 / calibrator - 100.2,100.26,machine - 99.7 / calibrator - 99.7,99.7,machine -  99.5 / calibrator - 99.5,99.5,n/a,N/A,3:40pm
"1207314403276857",2024-05-14,,2024-05-14,INCUBATOR TEMPERATURE CALIBRATION submission,Untitled section,,,,,,"Hatcheryman:
Rodel Marimla

Date:
May 14, 2024

Shift:
2nd

Time started:
3pm

Incubator 1 Machine Temp. reading / Calibrator Temp. reading:
machine - 99.9 / calibrator - 99.9

Incubator 1 Humidity reading:
99.9

Incubator 2 Machine Temp. reading / Calibrator Temp. reading:
machine - 99.8 / calibrator - 99.8

Incubator 2 Humidity reading:
99.8

Incubator 3 Machine Temp. reading / Calibrator Temp. reading:
machine - 100.2 / calibrator - 100.2

Incubator 3 Humidity reading:
100.2

Incubator 4 Machine Temp. reading / Calibrator Temp. reading:
0

Incubator 4 Humidity reading:
0

Incubator 5 Machine Temp. reading / Calibrator Temp. reading:
0

Incubator 5 Humidity reading:
0

Incubator 6 Machine Temp. reading / Calibrator Temp. reading:
0

Incubator 6 Humidity reading:
0

Incubator 7 Machine Temp. reading / Calibrator Temp. reading:
machine -  100.28  / calibrator - 100.2

Incubator 7 Humidity reading:
100.34

Incubator 8 Machine Temp. reading / Calibrator Temp. reading:
machine - 100.18 / calibrator - 100.1

Incubator 8 Humidity reading:
100.27

Incubator 9 Machine Temp. reading / Calibrator Temp. reading:
machine - 100.1 / calibrator - 100.1

Incubator 9 Humidity reading:
100.0

Incubator 10 Machine Temp. reading / Calibrator Temp. reading:
machine - 100.0 / calibrator - 100.0

Incubator 10 Humidity reading:
100.0

Corrective action taken for un-match machine and calibrator temperature reading after 30 minutes of checking:
n/a

Approver on machine temperature adjustment:
N/A

Time finished:
3:45pm

———————————————
This task was submitted through INCUBATOR TEMPERATURE CALIBRATION
https://form.asana.com/?k=-OgqMf660KEFQdcn3Wkysw&d=1186399537984407",INCUBATOR TEMPERATURE CALIBRATION,,,,Rodel Marimla,"May 14, 2024",2nd,3pm,machine - 99.9 / calibrator - 99.9,99.9,machine - 99.8 / calibrator - 99.8,99.8,machine - 100.2 / calibrator - 100.2,100.2,0,0,0,0,0,0,machine -  100.28  / calibrator - 100.2,100.34,machine - 100.18 / calibrator - 100.1,100.27,machine - 100.1 / calibrator - 100.1,100.0,machine - 100.0 / calibrator - 100.0,100.0,n/a,N/A,3:45pm
"1207285728055198",2024-05-10,,2024-05-10,INCUBATOR TEMPERATURE CALIBRATION submission,Untitled section,,,,,,"Hatcheryman:
Rodel Marimla

Date:
May 10, 2024

Shift:
2nd

Time started:
3pm

Incubator 1 Machine Temp. reading / Calibrator Temp. reading:
machine - 99.9 / calibrator - 99.9

Incubator 1 Humidity reading:
99.9

Incubator 2 Machine Temp. reading / Calibrator Temp. reading:
machine - 99.9 / calibrator - 99.9

Incubator 2 Humidity reading:
99.9

Incubator 3 Machine Temp. reading / Calibrator Temp. reading:
machine - 100.3 / calibrator - 100.3

Incubator 3 Humidity reading:
100.3

Incubator 4 Machine Temp. reading / Calibrator Temp. reading:
0

Incubator 4 Humidity reading:
0

Incubator 5 Machine Temp. reading / Calibrator Temp. reading:
0

Incubator 5 Humidity reading:
0

Incubator 6 Machine Temp. reading / Calibrator Temp. reading:
0

Incubator 6 Humidity reading:
0

Incubator 7 Machine Temp. reading / Calibrator Temp. reading:
machine -  100.05  / calibrator - 100.0

Incubator 7 Humidity reading:
100.11

Incubator 8 Machine Temp. reading / Calibrator Temp. reading:
machine - 100.19 / calibrator - 100.1

Incubator 8 Humidity reading:
100.21

Incubator 9 Machine Temp. reading / Calibrator Temp. reading:
machine - 100.1 / calibrator - 100.1

Incubator 9 Humidity reading:
100.1

Incubator 10 Machine Temp. reading / Calibrator Temp. reading:
machine - 100.2 / calibrator - 100.2

Incubator 10 Humidity reading:
100.2

Corrective action taken for un-match machine and calibrator temperature reading after 30 minutes of checking:
n/a

Approver on machine temperature adjustment:
N/A

Time finished:
3:30pm

———————————————
This task was submitted through INCUBATOR TEMPERATURE CALIBRATION
https://form.asana.com/?k=-OgqMf660KEFQdcn3Wkysw&d=1186399537984407",INCUBATOR TEMPERATURE CALIBRATION,,,,Rodel Marimla,"May 10, 2024",2nd,3pm,machine - 99.9 / calibrator - 99.9,99.9,machine - 99.9 / calibrator - 99.9,99.9,machine - 100.3 / calibrator - 100.3,100.3,0,0,0,0,0,0,machine -  100.05  / calibrator - 100.0,100.11,machine - 100.19 / calibrator - 100.1,100.21,machine - 100.1 / calibrator - 100.1,100.1,machine - 100.2 / calibrator - 100.2,100.2,n/a,N/A,3:30pm
"1207256558888125",2024-05-07,,2024-05-07,INCUBATOR TEMPERATURE CALIBRATION submission,Untitled section,,,,,,"Hatcheryman:
Bernardo tiamzon

Date:
May 7, 2024

Shift:
2nd

Time started:
3pm

Incubator 1 Machine Temp. reading / Calibrator Temp. reading:
100.3/100.3

Incubator 1 Humidity reading:
100.2

Incubator 2 Machine Temp. reading / Calibrator Temp. reading:
100.1/100.1

Incubator 2 Humidity reading:
100.2

Incubator 3 Machine Temp. reading / Calibrator Temp. reading:
00

Incubator 3 Humidity reading:
00

Incubator 4 Machine Temp. reading / Calibrator Temp. reading:
00

Incubator 4 Humidity reading:
00

Incubator 5 Machine Temp. reading / Calibrator Temp. reading:
00

Incubator 5 Humidity reading:
00

Incubator 6 Machine Temp. reading / Calibrator Temp. reading:
00

Incubator 6 Humidity reading:
00

Incubator 7 Machine Temp. reading / Calibrator Temp. reading:
100.27/100.2

Incubator 7 Humidity reading:
100.24

Incubator 8 Machine Temp. reading / Calibrator Temp. reading:
100.08/100

Incubator 8 Humidity reading:
100.9

Incubator 9 Machine Temp. reading / Calibrator Temp. reading:
100.2/100.2

Incubator 9 Humidity reading:
100.2

Incubator 10 Machine Temp. reading / Calibrator Temp. reading:
100.3/100.3

Incubator 10 Humidity reading:
100.3

Corrective action taken for un-match machine and calibrator temperature reading after 30 minutes of checking:
Na

Approver on machine temperature adjustment:
N/A

Time finished:
3:45pm

———————————————
This task was submitted through INCUBATOR TEMPERATURE CALIBRATION
https://form.asana.com/?k=-OgqMf660KEFQdcn3Wkysw&d=1186399537984407",INCUBATOR TEMPERATURE CALIBRATION,,,,Bernardo tiamzon,"May 7, 2024",2nd,3pm,100.3/100.3,100.2,100.1/100.1,100.2,00,00,00,00,00,00,00,00,100.27/100.2,100.24,100.08/100,100.9,100.2/100.2,100.2,100.3/100.3,100.3,Na,N/A,3:45pm
"1207230197265812",2024-05-03,,2024-05-03,INCUBATOR TEMPERATURE CALIBRATION submission,Untitled section,,,,,,"Hatcheryman:
Bernardo tiamzon

Date:
May 3, 2024

Shift:
2nd

Time started:
3pm

Incubator 1 Machine Temp. reading / Calibrator Temp. reading:
100.5/100.5

Incubator 1 Humidity reading:
100.4

Incubator 2 Machine Temp. reading / Calibrator Temp. reading:
100.4/100.4

Incubator 2 Humidity reading:
100.4

Incubator 3 Machine Temp. reading / Calibrator Temp. reading:
00

Incubator 3 Humidity reading:
00

Incubator 4 Machine Temp. reading / Calibrator Temp. reading:
00

Incubator 4 Humidity reading:
00

Incubator 5 Machine Temp. reading / Calibrator Temp. reading:
00

Incubator 5 Humidity reading:
00

Incubator 6 Machine Temp. reading / Calibrator Temp. reading:
00

Incubator 6 Humidity reading:
00

Incubator 7 Machine Temp. reading / Calibrator Temp. reading:
100.15/100.1

Incubator 7 Humidity reading:
100.18

Incubator 8 Machine Temp. reading / Calibrator Temp. reading:
100.33/100.3

Incubator 8 Humidity reading:
100.33

Incubator 9 Machine Temp. reading / Calibrator Temp. reading:
100.4/100.4

Incubator 9 Humidity reading:
100.3

Incubator 10 Machine Temp. reading / Calibrator Temp. reading:
100.4/100.4

Incubator 10 Humidity reading:
100.3

Corrective action taken for un-match machine and calibrator temperature reading after 30 minutes of checking:
Na

Approver on machine temperature adjustment:
N/A

Time finished:
3:45pm

———————————————
This task was submitted through INCUBATOR TEMPERATURE CALIBRATION
https://form.asana.com/?k=-OgqMf660KEFQdcn3Wkysw&d=1186399537984407",INCUBATOR TEMPERATURE CALIBRATION,,,,Bernardo tiamzon,"May 3, 2024",2nd,3pm,100.5/100.5,100.4,100.4/100.4,100.4,00,00,00,00,00,00,00,00,100.15/100.1,100.18,100.33/100.3,100.33,100.4/100.4,100.3,100.4/100.4,100.3,Na,N/A,3:45pm
"1207204064767057",2024-04-30,,2024-04-30,INCUBATOR TEMPERATURE CALIBRATION submission,Untitled section,,,,,,"Hatcheryman:
Bernardo tiamzon

Date:
Apr 30, 2024

Shift:
2nd

Time started:
3pm

Incubator 1 Machine Temp. reading / Calibrator Temp. reading:
100.5/100.5

Incubator 1 Humidity reading:
100.3

Incubator 2 Machine Temp. reading / Calibrator Temp. reading:
100.4/100.4

Incubator 2 Humidity reading:
100.5

Incubator 3 Machine Temp. reading / Calibrator Temp. reading:
99.8/99.8

Incubator 3 Humidity reading:
99.8

Incubator 4 Machine Temp. reading / Calibrator Temp. reading:
99.6/99.6

Incubator 4 Humidity reading:
99.6

Incubator 5 Machine Temp. reading / Calibrator Temp. reading:
99.7/99.7

Incubator 5 Humidity reading:
99.7

Incubator 6 Machine Temp. reading / Calibrator Temp. reading:
00

Incubator 6 Humidity reading:
00

Incubator 7 Machine Temp. reading / Calibrator Temp. reading:
100.09/100.09

Incubator 7 Humidity reading:
100

Incubator 8 Machine Temp. reading / Calibrator Temp. reading:
100.15/100.16

Incubator 8 Humidity reading:
100.1

Incubator 9 Machine Temp. reading / Calibrator Temp. reading:
100.5/100.5

Incubator 9 Humidity reading:
100.5

Incubator 10 Machine Temp. reading / Calibrator Temp. reading:
100.4/100.4

Incubator 10 Humidity reading:
100.4

Corrective action taken for un-match machine and calibrator temperature reading after 30 minutes of checking:
Na

Approver on machine temperature adjustment:
N/A

Time finished:
3:45pm

———————————————
This task was submitted through INCUBATOR TEMPERATURE CALIBRATION
https://form.asana.com/?k=-OgqMf660KEFQdcn3Wkysw&d=1186399537984407",INCUBATOR TEMPERATURE CALIBRATION,,,,Bernardo tiamzon,"Apr 30, 2024",2nd,3pm,100.5/100.5,100.3,100.4/100.4,100.5,99.8/99.8,99.8,99.6/99.6,99.6,99.7/99.7,99.7,00,00,100.09/100.09,100,100.15/100.16,100.1,100.5/100.5,100.5,100.4/100.4,100.4,Na,N/A,3:45pm
"1207180110173282",2024-04-26,,2024-04-26,INCUBATOR TEMPERATURE CALIBRATION submission,Untitled section,,,,,,"Hatcheryman:
Bernardo tiamzon

Date:
Apr 26, 2024

Shift:
2nd

Time started:
3pm

Incubator 1 Machine Temp. reading / Calibrator Temp. reading:
100.7/100.7

Incubator 1 Humidity reading:
100.5

Incubator 2 Machine Temp. reading / Calibrator Temp. reading:
100.4/100.4

Incubator 2 Humidity reading:
100.4

Incubator 3 Machine Temp. reading / Calibrator Temp. reading:
100.3/100.3

Incubator 3 Humidity reading:
100.1

Incubator 4 Machine Temp. reading / Calibrator Temp. reading:
100.2/100.2

Incubator 4 Humidity reading:
100.2

Incubator 5 Machine Temp. reading / Calibrator Temp. reading:
100.5/100.5

Incubator 5 Humidity reading:
100.6

Incubator 6 Machine Temp. reading / Calibrator Temp. reading:
00

Incubator 6 Humidity reading:
00

Incubator 7 Machine Temp. reading / Calibrator Temp. reading:
100.18/100.18

Incubator 7 Humidity reading:
100.1

Incubator 8 Machine Temp. reading / Calibrator Temp. reading:
100.17/100.17

Incubator 8 Humidity reading:
100.1

Incubator 9 Machine Temp. reading / Calibrator Temp. reading:
100.4/100.4

Incubator 9 Humidity reading:
100.4

Incubator 10 Machine Temp. reading / Calibrator Temp. reading:
100.4/100.4

Incubator 10 Humidity reading:
100.3

Corrective action taken for un-match machine and calibrator temperature reading after 30 minutes of checking:
Na

Approver on machine temperature adjustment:
N/A

Time finished:
3:45pm

———————————————
This task was submitted through INCUBATOR TEMPERATURE CALIBRATION
https://form.asana.com/?k=-OgqMf660KEFQdcn3Wkysw&d=1186399537984407",INCUBATOR TEMPERATURE CALIBRATION,,,,Bernardo tiamzon,"Apr 26, 2024",2nd,3pm,100.7/100.7,100.5,100.4/100.4,100.4,100.3/100.3,100.1,100.2/100.2,100.2,100.5/100.5,100.6,00,00,100.18/100.18,100.1,100.17/100.17,100.1,100.4/100.4,100.4,100.4/100.4,100.3,Na,N/A,3:45pm
"1207149134999144",2024-04-23,,2024-04-23,INCUBATOR TEMPERATURE CALIBRATION submission,Untitled section,,,,,,"Hatcheryman:
Peter Paul alap-ap 

Date:
Apr 23, 2024

Shift:
2nd

Time started:
3:00 pm

Incubator 1 Machine Temp. reading / Calibrator Temp. reading:
Reading 100.7 F/ calibrator  100.7 F

Incubator 1 Humidity reading:
00.4

Incubator 2 Machine Temp. reading / Calibrator Temp. reading:
Machine - 100.7 F / calibrator 100.7 F

Incubator 2 Humidity reading:
00.6

Incubator 3 Machine Temp. reading / Calibrator Temp. reading:
Machine - 100.8 F / calibrator 100.8 F

Incubator 3 Humidity reading:
00.5

Incubator 4 Machine Temp. reading / Calibrator Temp. reading:
Machine - 100.1 F / calibrator 100.1 F

Incubator 4 Humidity reading:
00.1

Incubator 5 Machine Temp. reading / Calibrator Temp. reading:
Machine - 100.2 F / calibrator 100.3 F

Incubator 5 Humidity reading:
00.2

Incubator 6 Machine Temp. reading / Calibrator Temp. reading:
00

Incubator 6 Humidity reading:
00

Incubator 7 Machine Temp. reading / Calibrator Temp. reading:
00

Incubator 7 Humidity reading:
00

Incubator 8 Machine Temp. reading / Calibrator Temp. reading:
00

Incubator 8 Humidity reading:
00

Incubator 9 Machine Temp. reading / Calibrator Temp. reading:
00

Incubator 9 Humidity reading:
00

Incubator 10 Machine Temp. reading / Calibrator Temp. reading:
00

Incubator 10 Humidity reading:
00

Corrective action taken for un-match machine and calibrator temperature reading after 30 minutes of checking:
N/A

Approver on machine temperature adjustment:
Jimmy Tungol and Sir Tony

Time finished:
3:30 pm

———————————————
This task was submitted through INCUBATOR TEMPERATURE CALIBRATION
https://form.asana.com/?k=-OgqMf660KEFQdcn3Wkysw&d=1186399537984407",INCUBATOR TEMPERATURE CALIBRATION,,,,Peter Paul alap-ap ,"Apr 23, 2024",2nd,3:00 pm,Reading 100.7 F/ calibrator  100.7 F,00.4,Machine - 100.7 F / calibrator 100.7 F,00.6,Machine - 100.8 F / calibrator 100.8 F,00.5,Machine - 100.1 F / calibrator 100.1 F,00.1,Machine - 100.2 F / calibrator 100.3 F,00.2,00,00,00,00,00,00,00,00,00,00,N/A,Jimmy Tungol and Sir Tony,3:30 pm
"1207123086183086",2024-04-19,,2024-04-19,INCUBATOR TEMPERATURE CALIBRATION submission,Untitled section,,,,,,"Hatcheryman:
Peter Paul alap-ap 

Date:
Apr 19, 2024

Shift:
2nd

Time started:
3:00 pm

Incubator 1 Machine Temp. reading / Calibrator Temp. reading:
00

Incubator 1 Humidity reading:
00

Incubator 2 Machine Temp. reading / Calibrator Temp. reading:
00

Incubator 2 Humidity reading:
00

Incubator 3 Machine Temp. reading / Calibrator Temp. reading:
Machine - 100.2 F / calibrator 100.2 F

Incubator 3 Humidity reading:
100.2

Incubator 4 Machine Temp. reading / Calibrator Temp. reading:
Machine - 99.6 F / calibrator 99.5F

Incubator 4 Humidity reading:
99.6

Incubator 5 Machine Temp. reading / Calibrator Temp. reading:
Machine - 100.0 F / calibrator 100.0 F

Incubator 5 Humidity reading:
00.0

Incubator 6 Machine Temp. reading / Calibrator Temp. reading:
00

Incubator 6 Humidity reading:
00

Incubator 7 Machine Temp. reading / Calibrator Temp. reading:
Machine - 99.5 F / calibrator 99.5 F

Incubator 7 Humidity reading:
99.4

Incubator 8 Machine Temp. reading / Calibrator Temp. reading:
00

Incubator 8 Humidity reading:
00

Incubator 9 Machine Temp. reading / Calibrator Temp. reading:
00

Incubator 9 Humidity reading:
00

Incubator 10 Machine Temp. reading / Calibrator Temp. reading:
00

Incubator 10 Humidity reading:
00

Corrective action taken for un-match machine and calibrator temperature reading after 30 minutes of checking:
N/A

Approver on machine temperature adjustment:
Jimmy Tungol and Sir Tony

Time finished:
3:30 pm

———————————————
This task was submitted through INCUBATOR TEMPERATURE CALIBRATION
https://form.asana.com/?k=-OgqMf660KEFQdcn3Wkysw&d=1186399537984407",INCUBATOR TEMPERATURE CALIBRATION,,,,Peter Paul alap-ap ,"Apr 19, 2024",2nd,3:00 pm,00,00,00,00,Machine - 100.2 F / calibrator 100.2 F,100.2,Machine - 99.6 F / calibrator 99.5F,99.6,Machine - 100.0 F / calibrator 100.0 F,00.0,00,00,Machine - 99.5 F / calibrator 99.5 F,99.4,00,00,00,00,00,00,N/A,Jimmy Tungol and Sir Tony,3:30 pm
"1207089373463211",2024-04-16,,2024-04-16,INCUBATOR TEMPERATURE CALIBRATION submission,Untitled section,,,,,,"Hatcheryman:
Peter Paul alap-ap 

Date:
Apr 16, 2024

Shift:
2nd

Time started:
3:00 pm

Incubator 1 Machine Temp. reading / Calibrator Temp. reading:
Reading 100.4 F/ calibrator 100.4 F

Incubator 1 Humidity reading:
00.0

Incubator 2 Machine Temp. reading / Calibrator Temp. reading:
00

Incubator 2 Humidity reading:
00

Incubator 3 Machine Temp. reading / Calibrator Temp. reading:
Machine - 101.2 F / calibrator 101.3 F

Incubator 3 Humidity reading:
00.9

Incubator 4 Machine Temp. reading / Calibrator Temp. reading:
Machine - 100.8 F / calibrator 100.8 F

Incubator 4 Humidity reading:
00.9

Incubator 5 Machine Temp. reading / Calibrator Temp. reading:
Machine - 100.5 F / calibrator 100.5 F

Incubator 5 Humidity reading:
00.5

Incubator 6 Machine Temp. reading / Calibrator Temp. reading:
00

Incubator 6 Humidity reading:
00

Incubator 7 Machine Temp. reading / Calibrator Temp. reading:
Machine - 99.6 F / calibrator 99.6 F

Incubator 7 Humidity reading:
99.5

Incubator 8 Machine Temp. reading / Calibrator Temp. reading:
00

Incubator 8 Humidity reading:
00

Incubator 9 Machine Temp. reading / Calibrator Temp. reading:
00

Incubator 9 Humidity reading:
00

Incubator 10 Machine Temp. reading / Calibrator Temp. reading:
00

Incubator 10 Humidity reading:
00

Corrective action taken for un-match machine and calibrator temperature reading after 30 minutes of checking:
N/A

Approver on machine temperature adjustment:
Jimmy Tungol and Sir Tony

Time finished:
3:40 pm

———————————————
This task was submitted through INCUBATOR TEMPERATURE CALIBRATION
https://form.asana.com/?k=-OgqMf660KEFQdcn3Wkysw&d=1186399537984407",INCUBATOR TEMPERATURE CALIBRATION,,,,Peter Paul alap-ap ,"Apr 16, 2024",2nd,3:00 pm,Reading 100.4 F/ calibrator 100.4 F,00.0,00,00,Machine - 101.2 F / calibrator 101.3 F,00.9,Machine - 100.8 F / calibrator 100.8 F,00.9,Machine - 100.5 F / calibrator 100.5 F,00.5,00,00,Machine - 99.6 F / calibrator 99.6 F,99.5,00,00,00,00,00,00,N/A,Jimmy Tungol and Sir Tony,3:40 pm
"1207064563982672",2024-04-12,,2024-04-12,INCUBATOR TEMPERATURE CALIBRATION submission,Untitled section,,,,,,"Hatcheryman:
Peter Paul alap-ap 

Date:
Apr 12, 2024

Shift:
2nd

Time started:
3:00 pm

Incubator 1 Machine Temp. reading / Calibrator Temp. reading:
Reading 100.1 F/ calibrator 100.1 F

Incubator 1 Humidity reading:
99.9

Incubator 2 Machine Temp. reading / Calibrator Temp. reading:
Machine - 99.5 F / calibrator 99.5 F

Incubator 2 Humidity reading:
99.4

Incubator 3 Machine Temp. reading / Calibrator Temp. reading:
Machine - 100.5 F / calibrator 100.6 F

Incubator 3 Humidity reading:
00.3

Incubator 4 Machine Temp. reading / Calibrator Temp. reading:
Machine - 99.7 F / calibrator 99.7 F

Incubator 4 Humidity reading:
99.7

Incubator 5 Machine Temp. reading / Calibrator Temp. reading:
Machine - 99.7 F / calibrator 99.7 F

Incubator 5 Humidity reading:
99.7

Incubator 6 Machine Temp. reading / Calibrator Temp. reading:
00

Incubator 6 Humidity reading:
00

Incubator 7 Machine Temp. reading / Calibrator Temp. reading:
Machine - 100.0 F / calibrator 100.0 F

Incubator 7 Humidity reading:
99.9

Incubator 8 Machine Temp. reading / Calibrator Temp. reading:
00

Incubator 8 Humidity reading:
00

Incubator 9 Machine Temp. reading / Calibrator Temp. reading:
00

Incubator 9 Humidity reading:
00

Incubator 10 Machine Temp. reading / Calibrator Temp. reading:
00

Incubator 10 Humidity reading:
00

Corrective action taken for un-match machine and calibrator temperature reading after 30 minutes of checking:
None 

Approver on machine temperature adjustment:
Jimmy Tungol and Sir Tony

Time finished:
3:40 pm

———————————————
This task was submitted through INCUBATOR TEMPERATURE CALIBRATION
https://form.asana.com/?k=-OgqMf660KEFQdcn3Wkysw&d=1186399537984407",INCUBATOR TEMPERATURE CALIBRATION,,,,Peter Paul alap-ap ,"Apr 12, 2024",2nd,3:00 pm,Reading 100.1 F/ calibrator 100.1 F,99.9,Machine - 99.5 F / calibrator 99.5 F,99.4,Machine - 100.5 F / calibrator 100.6 F,00.3,Machine - 99.7 F / calibrator 99.7 F,99.7,Machine - 99.7 F / calibrator 99.7 F,99.7,00,00,Machine - 100.0 F / calibrator 100.0 F,99.9,00,00,00,00,00,00,None ,Jimmy Tungol and Sir Tony,3:40 pm
"1207036413447259",2024-04-09,,2024-04-09,INCUBATOR TEMPERATURE CALIBRATION submission,Untitled section,,,,,,"Hatcheryman:
Rodel Marimla

Date:
Apr 9, 2024

Shift:
2nd

Time started:
3pm

Incubator 1 Machine Temp. reading / Calibrator Temp. reading:
machine - 100.1 / calibrator - 100.1

Incubator 1 Humidity reading:
100.0

Incubator 2 Machine Temp. reading / Calibrator Temp. reading:
machine - 99.5 / calibrator - 99.5

Incubator 2 Humidity reading:
99.5

Incubator 3 Machine Temp. reading / Calibrator Temp. reading:
machine - 99.8 / calibrator - 99.8

Incubator 3 Humidity reading:
99.8

Incubator 4 Machine Temp. reading / Calibrator Temp. reading:
machine - 99.4 / calibrator - 99.4

Incubator 4 Humidity reading:
99.4

Incubator 5 Machine Temp. reading / Calibrator Temp. reading:
machine - 99.3 / calibrator - 99.3

Incubator 5 Humidity reading:
99.3

Incubator 6 Machine Temp. reading / Calibrator Temp. reading:
0

Incubator 6 Humidity reading:
0

Incubator 7 Machine Temp. reading / Calibrator Temp. reading:
machine -  100.06  / calibrator - 100.0

Incubator 7 Humidity reading:
100.06

Incubator 8 Machine Temp. reading / Calibrator Temp. reading:
0

Incubator 8 Humidity reading:
0

Incubator 9 Machine Temp. reading / Calibrator Temp. reading:
0

Incubator 9 Humidity reading:
0

Incubator 10 Machine Temp. reading / Calibrator Temp. reading:
0

Incubator 10 Humidity reading:
0

Corrective action taken for un-match machine and calibrator temperature reading after 30 minutes of checking:
n/a

Approver on machine temperature adjustment:
N/A

Time finished:
3:45pm

———————————————
This task was submitted through INCUBATOR TEMPERATURE CALIBRATION
https://form.asana.com/?k=-OgqMf660KEFQdcn3Wkysw&d=1186399537984407",INCUBATOR TEMPERATURE CALIBRATION,,,,Rodel Marimla,"Apr 9, 2024",2nd,3pm,machine - 100.1 / calibrator - 100.1,100.0,machine - 99.5 / calibrator - 99.5,99.5,machine - 99.8 / calibrator - 99.8,99.8,machine - 99.4 / calibrator - 99.4,99.4,machine - 99.3 / calibrator - 99.3,99.3,0,0,machine -  100.06  / calibrator - 100.0,100.06,0,0,0,0,0,0,n/a,N/A,3:45pm
"1207009598748957",2024-04-05,,2024-04-05,INCUBATOR TEMPERATURE CALIBRATION submission,Untitled section,,,,,,"Hatcheryman:
Rodel Marimla

Date:
Apr 5, 2024

Shift:
2nd

Time started:
4pm

Incubator 1 Machine Temp. reading / Calibrator Temp. reading:
machine - 100.4 / calibrator - 100.4

Incubator 1 Humidity reading:
100.3

Incubator 2 Machine Temp. reading / Calibrator Temp. reading:
machine - 99.9 / calibrator - 99.9

Incubator 2 Humidity reading:
99.9

Incubator 3 Machine Temp. reading / Calibrator Temp. reading:
machine - 99.8 / calibrator - 99.8

Incubator 3 Humidity reading:
99.8

Incubator 4 Machine Temp. reading / Calibrator Temp. reading:
machine - 99.6 / calibrator - 99.6

Incubator 4 Humidity reading:
99.6

Incubator 5 Machine Temp. reading / Calibrator Temp. reading:
machine - 99.7 / calibrator - 99.7

Incubator 5 Humidity reading:
99.7

Incubator 6 Machine Temp. reading / Calibrator Temp. reading:
0

Incubator 6 Humidity reading:
0

Incubator 7 Machine Temp. reading / Calibrator Temp. reading:
machine -  100.09  / calibrator - 100.0

Incubator 7 Humidity reading:
100.08

Incubator 8 Machine Temp. reading / Calibrator Temp. reading:
0

Incubator 8 Humidity reading:
0

Incubator 9 Machine Temp. reading / Calibrator Temp. reading:
0

Incubator 9 Humidity reading:
0

Incubator 10 Machine Temp. reading / Calibrator Temp. reading:
0

Incubator 10 Humidity reading:
0

Corrective action taken for un-match machine and calibrator temperature reading after 30 minutes of checking:
n/a

Approver on machine temperature adjustment:
N/A

Time finished:
3:45pm

———————————————
This task was submitted through INCUBATOR TEMPERATURE CALIBRATION
https://form.asana.com/?k=-OgqMf660KEFQdcn3Wkysw&d=1186399537984407",INCUBATOR TEMPERATURE CALIBRATION,,,,Rodel Marimla,"Apr 5, 2024",2nd,4pm,machine - 100.4 / calibrator - 100.4,100.3,machine - 99.9 / calibrator - 99.9,99.9,machine - 99.8 / calibrator - 99.8,99.8,machine - 99.6 / calibrator - 99.6,99.6,machine - 99.7 / calibrator - 99.7,99.7,0,0,machine -  100.09  / calibrator - 100.0,100.08,0,0,0,0,0,0,n/a,N/A,3:45pm
"1206980470650544",2024-04-02,,2024-04-02,INCUBATOR TEMPERATURE CALIBRATION submission,Untitled section,,,,,,"Hatcheryman:
Rodel Marimla

Date:
Apr 2, 2024

Shift:
2nd

Time started:
3pm

Incubator 1 Machine Temp. reading / Calibrator Temp. reading:
machine - 100.3 / calibrator - 100.3

Incubator 1 Humidity reading:
100.4

Incubator 2 Machine Temp. reading / Calibrator Temp. reading:
machine - 100.2 / calibrator - 100.2

Incubator 2 Humidity reading:
100.2

Incubator 3 Machine Temp. reading / Calibrator Temp. reading:
machine - 99.9 / calibrator - 99.9

Incubator 3 Humidity reading:
99.9

Incubator 4 Machine Temp. reading / Calibrator Temp. reading:
machine - 99.5 / calibrator - 99.5

Incubator 4 Humidity reading:
99.5

Incubator 5 Machine Temp. reading / Calibrator Temp. reading:
machine - 99.7 / calibrator - 99.7

Incubator 5 Humidity reading:
99.7

Incubator 6 Machine Temp. reading / Calibrator Temp. reading:
0

Incubator 6 Humidity reading:
0

Incubator 7 Machine Temp. reading / Calibrator Temp. reading:
machine -  100.31  / calibrator - 100.3

Incubator 7 Humidity reading:
100.31

Incubator 8 Machine Temp. reading / Calibrator Temp. reading:
0

Incubator 8 Humidity reading:
0

Incubator 9 Machine Temp. reading / Calibrator Temp. reading:
0

Incubator 9 Humidity reading:
0

Incubator 10 Machine Temp. reading / Calibrator Temp. reading:
0

Incubator 10 Humidity reading:
0

Corrective action taken for un-match machine and calibrator temperature reading after 30 minutes of checking:
n/a

Approver on machine temperature adjustment:
N/A

Time finished:
3:45pm

———————————————
This task was submitted through INCUBATOR TEMPERATURE CALIBRATION
https://form.asana.com/?k=-OgqMf660KEFQdcn3Wkysw&d=1186399537984407",INCUBATOR TEMPERATURE CALIBRATION,,,,Rodel Marimla,"Apr 2, 2024",2nd,3pm,machine - 100.3 / calibrator - 100.3,100.4,machine - 100.2 / calibrator - 100.2,100.2,machine - 99.9 / calibrator - 99.9,99.9,machine - 99.5 / calibrator - 99.5,99.5,machine - 99.7 / calibrator - 99.7,99.7,0,0,machine -  100.31  / calibrator - 100.3,100.31,0,0,0,0,0,0,n/a,N/A,3:45pm
"1206929908055159",2024-03-26,,2024-03-26,INCUBATOR TEMPERATURE CALIBRATION submission,Untitled section,,,,,,"Hatcheryman:
Rodel Marimla

Date:
Mar 26, 2024

Shift:
2nd

Time started:
3pm

Incubator 1 Machine Temp. reading / Calibrator Temp. reading:
0

Incubator 1 Humidity reading:
0

Incubator 2 Machine Temp. reading / Calibrator Temp. reading:
machine - 100.4 / calibrator - 100.4

Incubator 2 Humidity reading:
100.4

Incubator 3 Machine Temp. reading / Calibrator Temp. reading:
machine - 100.4 / calibrator - 100.4

Incubator 3 Humidity reading:
100.4

Incubator 4 Machine Temp. reading / Calibrator Temp. reading:
machine - 99.6 / calibrator - 99.6

Incubator 4 Humidity reading:
99.6

Incubator 5 Machine Temp. reading / Calibrator Temp. reading:
machine - 99.7 / calibrator - 99.7

Incubator 5 Humidity reading:
99.7

Incubator 6 Machine Temp. reading / Calibrator Temp. reading:
0

Incubator 6 Humidity reading:
0

Incubator 7 Machine Temp. reading / Calibrator Temp. reading:
0

Incubator 7 Humidity reading:
0

Incubator 8 Machine Temp. reading / Calibrator Temp. reading:
0

Incubator 8 Humidity reading:
0

Incubator 9 Machine Temp. reading / Calibrator Temp. reading:
0

Incubator 9 Humidity reading:
0

Incubator 10 Machine Temp. reading / Calibrator Temp. reading:
0

Incubator 10 Humidity reading:
0

Corrective action taken for un-match machine and calibrator temperature reading after 30 minutes of checking:
n/a

Approver on machine temperature adjustment:
N/A

Time finished:
3:30pm

———————————————
This task was submitted through INCUBATOR TEMPERATURE CALIBRATION
https://form.asana.com/?k=-OgqMf660KEFQdcn3Wkysw&d=1186399537984407",INCUBATOR TEMPERATURE CALIBRATION,,,,Rodel Marimla,"Mar 26, 2024",2nd,3pm,0,0,machine - 100.4 / calibrator - 100.4,100.4,machine - 100.4 / calibrator - 100.4,100.4,machine - 99.6 / calibrator - 99.6,99.6,machine - 99.7 / calibrator - 99.7,99.7,0,0,0,0,0,0,0,0,0,0,n/a,N/A,3:30pm
"1206905688163306",2024-03-22,,2024-03-22,INCUBATOR TEMPERATURE CALIBRATION submission,Untitled section,,,,,,"Hatcheryman:
Bernardo tiamzon

Date:
Mar 22, 2024

Shift:
2nd

Time started:
3pm

Incubator 1 Machine Temp. reading / Calibrator Temp. reading:
99.8/99.8

Incubator 1 Humidity reading:
99.8

Incubator 2 Machine Temp. reading / Calibrator Temp. reading:
00

Incubator 2 Humidity reading:
00

Incubator 3 Machine Temp. reading / Calibrator Temp. reading:
100.4/100.4

Incubator 3 Humidity reading:
100.5

Incubator 4 Machine Temp. reading / Calibrator Temp. reading:
99.7/99.7

Incubator 4 Humidity reading:
99.7

Incubator 5 Machine Temp. reading / Calibrator Temp. reading:
99.7/99.7

Incubator 5 Humidity reading:
99.7

Incubator 6 Machine Temp. reading / Calibrator Temp. reading:
00

Incubator 6 Humidity reading:
00

Incubator 7 Machine Temp. reading / Calibrator Temp. reading:
00

Incubator 7 Humidity reading:
00

Incubator 8 Machine Temp. reading / Calibrator Temp. reading:
00

Incubator 8 Humidity reading:
00

Incubator 9 Machine Temp. reading / Calibrator Temp. reading:
00

Incubator 9 Humidity reading:
00

Incubator 10 Machine Temp. reading / Calibrator Temp. reading:
00

Incubator 10 Humidity reading:
00

Corrective action taken for un-match machine and calibrator temperature reading after 30 minutes of checking:
Na

Approver on machine temperature adjustment:
N/A

Time finished:
3:45pm

———————————————
This task was submitted through INCUBATOR TEMPERATURE CALIBRATION
https://form.asana.com/?k=-OgqMf660KEFQdcn3Wkysw&d=1186399537984407",INCUBATOR TEMPERATURE CALIBRATION,,,,Bernardo tiamzon,"Mar 22, 2024",2nd,3pm,99.8/99.8,99.8,00,00,100.4/100.4,100.5,99.7/99.7,99.7,99.7/99.7,99.7,00,00,00,00,00,00,00,00,00,00,Na,N/A,3:45pm
"1206877299300944",2024-03-19,,2024-03-19,INCUBATOR TEMPERATURE CALIBRATION submission,Untitled section,,,,,,"Hatcheryman:
Bernardo tiamzon

Date:
Mar 19, 2024

Shift:
2nd

Time started:
3pm

Incubator 1 Machine Temp. reading / Calibrator Temp. reading:
99.7/99.7

Incubator 1 Humidity reading:
99.7

Incubator 2 Machine Temp. reading / Calibrator Temp. reading:
00

Incubator 2 Humidity reading:
00

Incubator 3 Machine Temp. reading / Calibrator Temp. reading:
00

Incubator 3 Humidity reading:
00

Incubator 4 Machine Temp. reading / Calibrator Temp. reading:
99.5/99.5

Incubator 4 Humidity reading:
99.5

Incubator 5 Machine Temp. reading / Calibrator Temp. reading:
99.7/99.7

Incubator 5 Humidity reading:
99.7

Incubator 6 Machine Temp. reading / Calibrator Temp. reading:
00

Incubator 6 Humidity reading:
00

Incubator 7 Machine Temp. reading / Calibrator Temp. reading:
00

Incubator 7 Humidity reading:
00

Incubator 8 Machine Temp. reading / Calibrator Temp. reading:
00

Incubator 8 Humidity reading:
00

Incubator 9 Machine Temp. reading / Calibrator Temp. reading:
00

Incubator 9 Humidity reading:
00

Incubator 10 Machine Temp. reading / Calibrator Temp. reading:
00

Incubator 10 Humidity reading:
00

Corrective action taken for un-match machine and calibrator temperature reading after 30 minutes of checking:
Na

Approver on machine temperature adjustment:
N/A

Time finished:
3:45pm

———————————————
This task was submitted through INCUBATOR TEMPERATURE CALIBRATION
https://form.asana.com/?k=-OgqMf660KEFQdcn3Wkysw&d=1186399537984407",INCUBATOR TEMPERATURE CALIBRATION,,,,Bernardo tiamzon,"Mar 19, 2024",2nd,3pm,99.7/99.7,99.7,00,00,00,00,99.5/99.5,99.5,99.7/99.7,99.7,00,00,00,00,00,00,00,00,00,00,Na,N/A,3:45pm
"1206849713639653",2024-03-15,,2024-03-15,INCUBATOR TEMPERATURE CALIBRATION submission,Untitled section,,,,,,"Hatcheryman:
Bernardo tiamzon

Date:
Mar 15, 2024

Shift:
2nd

Time started:
3pm

Incubator 1 Machine Temp. reading / Calibrator Temp. reading:
99.9/99.9

Incubator 1 Humidity reading:
99.9

Incubator 2 Machine Temp. reading / Calibrator Temp. reading:
00

Incubator 2 Humidity reading:
00

Incubator 3 Machine Temp. reading / Calibrator Temp. reading:
00

Incubator 3 Humidity reading:
00

Incubator 4 Machine Temp. reading / Calibrator Temp. reading:
99.6/99.6

Incubator 4 Humidity reading:
99.6

Incubator 5 Machine Temp. reading / Calibrator Temp. reading:
99.7/99.7

Incubator 5 Humidity reading:
99.7

Incubator 6 Machine Temp. reading / Calibrator Temp. reading:
00

Incubator 6 Humidity reading:
00

Incubator 7 Machine Temp. reading / Calibrator Temp. reading:
00

Incubator 7 Humidity reading:
00

Incubator 8 Machine Temp. reading / Calibrator Temp. reading:
00

Incubator 8 Humidity reading:
00

Incubator 9 Machine Temp. reading / Calibrator Temp. reading:
00

Incubator 9 Humidity reading:
00

Incubator 10 Machine Temp. reading / Calibrator Temp. reading:
00

Incubator 10 Humidity reading:
00

Corrective action taken for un-match machine and calibrator temperature reading after 30 minutes of checking:
Na

Approver on machine temperature adjustment:
N/A

Time finished:
3:45pm

———————————————
This task was submitted through INCUBATOR TEMPERATURE CALIBRATION
https://form.asana.com/?k=-OgqMf660KEFQdcn3Wkysw&d=1186399537984407",INCUBATOR TEMPERATURE CALIBRATION,,,,Bernardo tiamzon,"Mar 15, 2024",2nd,3pm,99.9/99.9,99.9,00,00,00,00,99.6/99.6,99.6,99.7/99.7,99.7,00,00,00,00,00,00,00,00,00,00,Na,N/A,3:45pm
"1206819869626706",2024-03-12,,2024-03-12,INCUBATOR TEMPERATURE CALIBRATION submission,Untitled section,,,,,,"Hatcheryman:
Bernardo tiamzon

Date:
Mar 12, 2024

Shift:
2nd

Time started:
3pm

Incubator 1 Machine Temp. reading / Calibrator Temp. reading:
100.5/100.5

Incubator 1 Humidity reading:
100.5

Incubator 2 Machine Temp. reading / Calibrator Temp. reading:
00

Incubator 2 Humidity reading:
00

Incubator 3 Machine Temp. reading / Calibrator Temp. reading:
00

Incubator 3 Humidity reading:
00

Incubator 4 Machine Temp. reading / Calibrator Temp. reading:
99.4/99.4

Incubator 4 Humidity reading:
99.4

Incubator 5 Machine Temp. reading / Calibrator Temp. reading:
99.6/99.6

Incubator 5 Humidity reading:
99.6

Incubator 6 Machine Temp. reading / Calibrator Temp. reading:
00

Incubator 6 Humidity reading:
00

Incubator 7 Machine Temp. reading / Calibrator Temp. reading:
00

Incubator 7 Humidity reading:
00

Incubator 8 Machine Temp. reading / Calibrator Temp. reading:
00

Incubator 8 Humidity reading:
00

Incubator 9 Machine Temp. reading / Calibrator Temp. reading:
00

Incubator 9 Humidity reading:
00

Incubator 10 Machine Temp. reading / Calibrator Temp. reading:
00

Incubator 10 Humidity reading:
00

Corrective action taken for un-match machine and calibrator temperature reading after 30 minutes of checking:
Na

Approver on machine temperature adjustment:
N/A

Time finished:
3:45pm

———————————————
This task was submitted through INCUBATOR TEMPERATURE CALIBRATION
https://form.asana.com/?k=-OgqMf660KEFQdcn3Wkysw&d=1186399537984407",INCUBATOR TEMPERATURE CALIBRATION,,,,Bernardo tiamzon,"Mar 12, 2024",2nd,3pm,100.5/100.5,100.5,00,00,00,00,99.4/99.4,99.4,99.6/99.6,99.6,00,00,00,00,00,00,00,00,00,00,Na,N/A,3:45pm
"1206799868865323",2024-03-09,,2024-03-09,INCUBATOR TEMPERATURE CALIBRATION submission,Untitled section,,,,,,"Hatcheryman:
Peter Paul alap-ap 

Date:
Mar 8, 2024

Shift:
2nd

Time started:
3:00 pm

Incubator 1 Machine Temp. reading / Calibrator Temp. reading:
100.5

Incubator 1 Humidity reading:
00.4

Incubator 2 Machine Temp. reading / Calibrator Temp. reading:
99.5

Incubator 2 Humidity reading:
99.4

Incubator 3 Machine Temp. reading / Calibrator Temp. reading:
100.0

Incubator 3 Humidity reading:
00.0

Incubator 4 Machine Temp. reading / Calibrator Temp. reading:
99.5

Incubator 4 Humidity reading:
99.5

Incubator 5 Machine Temp. reading / Calibrator Temp. reading:
99.8

Incubator 5 Humidity reading:
99.8

Incubator 6 Machine Temp. reading / Calibrator Temp. reading:
00

Incubator 6 Humidity reading:
00

Incubator 7 Machine Temp. reading / Calibrator Temp. reading:
00

Incubator 7 Humidity reading:
00

Incubator 8 Machine Temp. reading / Calibrator Temp. reading:
00

Incubator 8 Humidity reading:
00

Incubator 9 Machine Temp. reading / Calibrator Temp. reading:
00

Incubator 9 Humidity reading:
00

Incubator 10 Machine Temp. reading / Calibrator Temp. reading:
00

Incubator 10 Humidity reading:
00

Corrective action taken for un-match machine and calibrator temperature reading after 30 minutes of checking:
N/A

Approver on machine temperature adjustment:
Jimmy Tungol and Sir Tony

Time finished:
3:40 pm

———————————————
This task was submitted through INCUBATOR TEMPERATURE CALIBRATION
https://form.asana.com/?k=-OgqMf660KEFQdcn3Wkysw&d=1186399537984407",INCUBATOR TEMPERATURE CALIBRATION,,,,Peter Paul alap-ap ,"Mar 8, 2024",2nd,3:00 pm,100.5,00.4,99.5,99.4,100.0,00.0,99.5,99.5,99.8,99.8,00,00,00,00,00,00,00,00,00,00,N/A,Jimmy Tungol and Sir Tony,3:40 pm
"1206766085048328",2024-03-05,,2024-03-05,INCUBATOR TEMPERATURE CALIBRATION submission,Untitled section,,,,,,"Hatcheryman:
Peter Paul alap-ap 

Date:
Mar 5, 2024

Shift:
2nd

Time started:
3:00 pm

Incubator 1 Machine Temp. reading / Calibrator Temp. reading:
Reading 100.3 F/ calibrator 100.3 F

Incubator 1 Humidity reading:
00.3

Incubator 2 Machine Temp. reading / Calibrator Temp. reading:
Machine - 99.8 F / calibrator 99.8 F

Incubator 2 Humidity reading:
99.8

Incubator 3 Machine Temp. reading / Calibrator Temp. reading:
Machine - 99.8 F / calibrator 99.8 F

Incubator 3 Humidity reading:
99.8

Incubator 4 Machine Temp. reading / Calibrator Temp. reading:
Machine - 100.0 F / calibrator 100.0 F

Incubator 4 Humidity reading:
00.0

Incubator 5 Machine Temp. reading / Calibrator Temp. reading:
Machine - 99.9 F / calibrator 100.1F

Incubator 5 Humidity reading:
99.9

Incubator 6 Machine Temp. reading / Calibrator Temp. reading:
00

Incubator 6 Humidity reading:
00

Incubator 7 Machine Temp. reading / Calibrator Temp. reading:
00

Incubator 7 Humidity reading:
00

Incubator 8 Machine Temp. reading / Calibrator Temp. reading:
00

Incubator 8 Humidity reading:
00

Incubator 9 Machine Temp. reading / Calibrator Temp. reading:
00

Incubator 9 Humidity reading:
00

Incubator 10 Machine Temp. reading / Calibrator Temp. reading:
00

Incubator 10 Humidity reading:
00

Corrective action taken for un-match machine and calibrator temperature reading after 30 minutes of checking:
N/A

Approver on machine temperature adjustment:
Jimmy Tungol and Sir Tony

Time finished:
3:40 pm

———————————————
This task was submitted through INCUBATOR TEMPERATURE CALIBRATION
https://form.asana.com/?k=-OgqMf660KEFQdcn3Wkysw&d=1186399537984407",INCUBATOR TEMPERATURE CALIBRATION,,,,Peter Paul alap-ap ,"Mar 5, 2024",2nd,3:00 pm,Reading 100.3 F/ calibrator 100.3 F,00.3,Machine - 99.8 F / calibrator 99.8 F,99.8,Machine - 99.8 F / calibrator 99.8 F,99.8,Machine - 100.0 F / calibrator 100.0 F,00.0,Machine - 99.9 F / calibrator 100.1F,99.9,00,00,00,00,00,00,00,00,00,00,N/A,Jimmy Tungol and Sir Tony,3:40 pm
"1206738161772542",2024-03-01,,2024-03-01,INCUBATOR TEMPERATURE CALIBRATION submission,Untitled section,,,,,,"Hatcheryman:
Peter Paul alap-ap 

Date:
Mar 1, 2024

Shift:
2nd

Time started:
3:00 pm

Incubator 1 Machine Temp. reading / Calibrator Temp. reading:
00

Incubator 1 Humidity reading:
00

Incubator 2 Machine Temp. reading / Calibrator Temp. reading:
Machine - 100.0 F / calibrator 100.0 F

Incubator 2 Humidity reading:
99.9

Incubator 3 Machine Temp. reading / Calibrator Temp. reading:
Machine - 100.0 F / calibrator 100.0 F

Incubator 3 Humidity reading:
00.0

Incubator 4 Machine Temp. reading / Calibrator Temp. reading:
Machine - 99.8 F / calibrator 99.8 F

Incubator 4 Humidity reading:
99.8

Incubator 5 Machine Temp. reading / Calibrator Temp. reading:
Machine - 99.9 F / calibrator 99.9 F

Incubator 5 Humidity reading:
99.9

Incubator 6 Machine Temp. reading / Calibrator Temp. reading:
00

Incubator 6 Humidity reading:
00

Incubator 7 Machine Temp. reading / Calibrator Temp. reading:
00

Incubator 7 Humidity reading:
00

Incubator 8 Machine Temp. reading / Calibrator Temp. reading:
00

Incubator 8 Humidity reading:
00

Incubator 9 Machine Temp. reading / Calibrator Temp. reading:
00

Incubator 9 Humidity reading:
00

Incubator 10 Machine Temp. reading / Calibrator Temp. reading:
00

Incubator 10 Humidity reading:
00

Corrective action taken for un-match machine and calibrator temperature reading after 30 minutes of checking:
None 

Approver on machine temperature adjustment:
Jimmy Tungol and Sir Tony

Time finished:
3:40 pm

———————————————
This task was submitted through INCUBATOR TEMPERATURE CALIBRATION
https://form.asana.com/?k=-OgqMf660KEFQdcn3Wkysw&d=1186399537984407",INCUBATOR TEMPERATURE CALIBRATION,,,,Peter Paul alap-ap ,"Mar 1, 2024",2nd,3:00 pm,00,00,Machine - 100.0 F / calibrator 100.0 F,99.9,Machine - 100.0 F / calibrator 100.0 F,00.0,Machine - 99.8 F / calibrator 99.8 F,99.8,Machine - 99.9 F / calibrator 99.9 F,99.9,00,00,00,00,00,00,00,00,00,00,None ,Jimmy Tungol and Sir Tony,3:40 pm
"1206704578862717",2024-02-27,,2024-02-27,INCUBATOR TEMPERATURE CALIBRATION submission,Untitled section,,,,,,"Hatcheryman:
Peter Paul alap-ap 

Date:
Feb 27, 2024

Shift:
2nd

Time started:
3:00 pm

Incubator 1 Machine Temp. reading / Calibrator Temp. reading:
00

Incubator 1 Humidity reading:
00

Incubator 2 Machine Temp. reading / Calibrator Temp. reading:
Machine - 100.0 F / calibrator 100.0 F

Incubator 2 Humidity reading:
99.8

Incubator 3 Machine Temp. reading / Calibrator Temp. reading:
Machine - 100.1 F / calibrator 100.1 F

Incubator 3 Humidity reading:
00.0

Incubator 4 Machine Temp. reading / Calibrator Temp. reading:
Machine - 99.6 F / calibrator 99.6 F

Incubator 4 Humidity reading:
99.4

Incubator 5 Machine Temp. reading / Calibrator Temp. reading:
Machine - 99.6 F / calibrator 99.6 F

Incubator 5 Humidity reading:
99.6

Incubator 6 Machine Temp. reading / Calibrator Temp. reading:
00

Incubator 6 Humidity reading:
00

Incubator 7 Machine Temp. reading / Calibrator Temp. reading:
00

Incubator 7 Humidity reading:
00

Incubator 8 Machine Temp. reading / Calibrator Temp. reading:
00

Incubator 8 Humidity reading:
00

Incubator 9 Machine Temp. reading / Calibrator Temp. reading:
Machine - 99.5 F / calibrator 99.5 F

Incubator 9 Humidity reading:
99.5

Incubator 10 Machine Temp. reading / Calibrator Temp. reading:
00

Incubator 10 Humidity reading:
00

Corrective action taken for un-match machine and calibrator temperature reading after 30 minutes of checking:
N/A

Approver on machine temperature adjustment:
Jimmy Tungol and Sir Tony

Time finished:
3:40 pm

———————————————
This task was submitted through INCUBATOR TEMPERATURE CALIBRATION
https://form.asana.com/?k=-OgqMf660KEFQdcn3Wkysw&d=1186399537984407",INCUBATOR TEMPERATURE CALIBRATION,,,,Peter Paul alap-ap ,"Feb 27, 2024",2nd,3:00 pm,00,00,Machine - 100.0 F / calibrator 100.0 F,99.8,Machine - 100.1 F / calibrator 100.1 F,00.0,Machine - 99.6 F / calibrator 99.6 F,99.4,Machine - 99.6 F / calibrator 99.6 F,99.6,00,00,00,00,00,00,Machine - 99.5 F / calibrator 99.5 F,99.5,00,00,N/A,Jimmy Tungol and Sir Tony,3:40 pm
"1206680631317818",2024-02-23,,2024-02-23,INCUBATOR TEMPERATURE CALIBRATION submission,Untitled section,,,,,,"Hatcheryman:
Rodel Marimla

Date:
Feb 23, 2024

Shift:
2nd

Time started:
3:30pm

Incubator 1 Machine Temp. reading / Calibrator Temp. reading:
0

Incubator 1 Humidity reading:
0

Incubator 2 Machine Temp. reading / Calibrator Temp. reading:
machine - 100.5 / calibrator - 100.5

Incubator 2 Humidity reading:
100.2

Incubator 3 Machine Temp. reading / Calibrator Temp. reading:
machine - 100.4 / calibrator - 100.4

Incubator 3 Humidity reading:
100.4

Incubator 4 Machine Temp. reading / Calibrator Temp. reading:
machine - 99.5 / calibrator - 99.5

Incubator 4 Humidity reading:
99.5

Incubator 5 Machine Temp. reading / Calibrator Temp. reading:
machine - 99.6 / calibrator - 99.6

Incubator 5 Humidity reading:
99.6

Incubator 6 Machine Temp. reading / Calibrator Temp. reading:
0

Incubator 6 Humidity reading:
0

Incubator 7 Machine Temp. reading / Calibrator Temp. reading:
0

Incubator 7 Humidity reading:
0

Incubator 8 Machine Temp. reading / Calibrator Temp. reading:
0

Incubator 8 Humidity reading:
0

Incubator 9 Machine Temp. reading / Calibrator Temp. reading:
machine - 99.5 / calibrator - 99.5

Incubator 9 Humidity reading:
99.5

Incubator 10 Machine Temp. reading / Calibrator Temp. reading:
machine -  99.5 / calibrator - 99.5

Incubator 10 Humidity reading:
99.5

Corrective action taken for un-match machine and calibrator temperature reading after 30 minutes of checking:
n/a

Approver on machine temperature adjustment:
N/A

Time finished:
4pm

———————————————
This task was submitted through INCUBATOR TEMPERATURE CALIBRATION
https://form.asana.com/?k=-OgqMf660KEFQdcn3Wkysw&d=1186399537984407",INCUBATOR TEMPERATURE CALIBRATION,,,,Rodel Marimla,"Feb 23, 2024",2nd,3:30pm,0,0,machine - 100.5 / calibrator - 100.5,100.2,machine - 100.4 / calibrator - 100.4,100.4,machine - 99.5 / calibrator - 99.5,99.5,machine - 99.6 / calibrator - 99.6,99.6,0,0,0,0,0,0,machine - 99.5 / calibrator - 99.5,99.5,machine -  99.5 / calibrator - 99.5,99.5,n/a,N/A,4pm
"1206644877658851",2024-02-20,,2024-02-20,INCUBATOR TEMPERATURE CALIBRATION submission,Untitled section,,,,,,"Hatcheryman:
Rodel Marimla

Date:
Feb 20, 2024

Shift:
2nd

Time started:
3:30pm

Incubator 1 Machine Temp. reading / Calibrator Temp. reading:
0

Incubator 1 Humidity reading:
0

Incubator 2 Machine Temp. reading / Calibrator Temp. reading:
machine - 100.3 / calibrator - 100.3

Incubator 2 Humidity reading:
100.1

Incubator 3 Machine Temp. reading / Calibrator Temp. reading:
machine - 100.4 / calibrator - 100.4

Incubator 3 Humidity reading:
100.4

Incubator 4 Machine Temp. reading / Calibrator Temp. reading:
machine - 99.7 / calibrator - 99.7

Incubator 4 Humidity reading:
99.7

Incubator 5 Machine Temp. reading / Calibrator Temp. reading:
machine - 99.8 / calibrator - 99.8

Incubator 5 Humidity reading:
99.8

Incubator 6 Machine Temp. reading / Calibrator Temp. reading:
0

Incubator 6 Humidity reading:
0

Incubator 7 Machine Temp. reading / Calibrator Temp. reading:
0

Incubator 7 Humidity reading:
0

Incubator 8 Machine Temp. reading / Calibrator Temp. reading:
0

Incubator 8 Humidity reading:
0

Incubator 9 Machine Temp. reading / Calibrator Temp. reading:
machine - 99.9 / calibrator - 99.9

Incubator 9 Humidity reading:
99.9

Incubator 10 Machine Temp. reading / Calibrator Temp. reading:
machine -  99.5  / calibrator - 99.5

Incubator 10 Humidity reading:
99.5

Corrective action taken for un-match machine and calibrator temperature reading after 30 minutes of checking:
n/a

Approver on machine temperature adjustment:
N/A

Time finished:
4pm

———————————————
This task was submitted through INCUBATOR TEMPERATURE CALIBRATION
https://form.asana.com/?k=-OgqMf660KEFQdcn3Wkysw&d=1186399537984407",INCUBATOR TEMPERATURE CALIBRATION,,,,Rodel Marimla,"Feb 20, 2024",2nd,3:30pm,0,0,machine - 100.3 / calibrator - 100.3,100.1,machine - 100.4 / calibrator - 100.4,100.4,machine - 99.7 / calibrator - 99.7,99.7,machine - 99.8 / calibrator - 99.8,99.8,0,0,0,0,0,0,machine - 99.9 / calibrator - 99.9,99.9,machine -  99.5  / calibrator - 99.5,99.5,n/a,N/A,4pm
"1206620158010379",2024-02-16,,2024-02-16,INCUBATOR TEMPERATURE CALIBRATION submission,Untitled section,,,,,,"Hatcheryman:
Bernardo tiamzon

Date:
Feb 16, 2024

Shift:
2nd

Time started:
3pm

Incubator 1 Machine Temp. reading / Calibrator Temp. reading:
00

Incubator 1 Humidity reading:
00

Incubator 2 Machine Temp. reading / Calibrator Temp. reading:
00

Incubator 2 Humidity reading:
00

Incubator 3 Machine Temp. reading / Calibrator Temp. reading:
00

Incubator 3 Humidity reading:
00

Incubator 4 Machine Temp. reading / Calibrator Temp. reading:
99.6/99.6

Incubator 4 Humidity reading:
99.6

Incubator 5 Machine Temp. reading / Calibrator Temp. reading:
99.6/99.6

Incubator 5 Humidity reading:
99.6

Incubator 6 Machine Temp. reading / Calibrator Temp. reading:
00

Incubator 6 Humidity reading:
00

Incubator 7 Machine Temp. reading / Calibrator Temp. reading:
00

Incubator 7 Humidity reading:
00

Incubator 8 Machine Temp. reading / Calibrator Temp. reading:
00

Incubator 8 Humidity reading:
00

Incubator 9 Machine Temp. reading / Calibrator Temp. reading:
100.1/100.1

Incubator 9 Humidity reading:
100.1

Incubator 10 Machine Temp. reading / Calibrator Temp. reading:
100/100

Incubator 10 Humidity reading:
99.9

Corrective action taken for un-match machine and calibrator temperature reading after 30 minutes of checking:
Na

Approver on machine temperature adjustment:
N/A

Time finished:
3:45pm

———————————————
This task was submitted through INCUBATOR TEMPERATURE CALIBRATION
https://form.asana.com/?k=-OgqMf660KEFQdcn3Wkysw&d=1186399537984407",INCUBATOR TEMPERATURE CALIBRATION,,,,Bernardo tiamzon,"Feb 16, 2024",2nd,3pm,00,00,00,00,00,00,99.6/99.6,99.6,99.6/99.6,99.6,00,00,00,00,00,00,100.1/100.1,100.1,100/100,99.9,Na,N/A,3:45pm
"1206589998155206",2024-02-13,,2024-02-13,INCUBATOR TEMPERATURE CALIBRATION submission,Untitled section,,,,,,"Hatcheryman:
Rodel Marimla

Date:
Feb 13, 2024

Shift:
2nd

Time started:
3pm

Incubator 1 Machine Temp. reading / Calibrator Temp. reading:
0

Incubator 1 Humidity reading:
0

Incubator 2 Machine Temp. reading / Calibrator Temp. reading:
0

Incubator 2 Humidity reading:
0

Incubator 3 Machine Temp. reading / Calibrator Temp. reading:
0

Incubator 3 Humidity reading:
0

Incubator 4 Machine Temp. reading / Calibrator Temp. reading:
machine - 99.8 / calibrator - 99.8

Incubator 4 Humidity reading:
99.8

Incubator 5 Machine Temp. reading / Calibrator Temp. reading:
machine - 99.4 / calibrator - 99.4

Incubator 5 Humidity reading:
99.4

Incubator 6 Machine Temp. reading / Calibrator Temp. reading:
0

Incubator 6 Humidity reading:
0

Incubator 7 Machine Temp. reading / Calibrator Temp. reading:
0

Incubator 7 Humidity reading:
0

Incubator 8 Machine Temp. reading / Calibrator Temp. reading:
0

Incubator 8 Humidity reading:
0

Incubator 9 Machine Temp. reading / Calibrator Temp. reading:
machine - 100.3 / calibrator - 100.3

Incubator 9 Humidity reading:
100.3

Incubator 10 Machine Temp. reading / Calibrator Temp. reading:
machine - 100.2 / calibrator - 100.2

Incubator 10 Humidity reading:
100.2

Corrective action taken for un-match machine and calibrator temperature reading after 30 minutes of checking:
n/a

Approver on machine temperature adjustment:
N/A

Time finished:
3:30pm

———————————————
This task was submitted through INCUBATOR TEMPERATURE CALIBRATION
https://form.asana.com/?k=-OgqMf660KEFQdcn3Wkysw&d=1186399537984407",INCUBATOR TEMPERATURE CALIBRATION,,,,Rodel Marimla,"Feb 13, 2024",2nd,3pm,0,0,0,0,0,0,machine - 99.8 / calibrator - 99.8,99.8,machine - 99.4 / calibrator - 99.4,99.4,0,0,0,0,0,0,machine - 100.3 / calibrator - 100.3,100.3,machine - 100.2 / calibrator - 100.2,100.2,n/a,N/A,3:30pm
"1206562317947718",2024-02-09,,2024-02-09,INCUBATOR TEMPERATURE CALIBRATION submission,Untitled section,,,,,,"Hatcheryman:
Bernardo tiamzon

Date:
Feb 9, 2024

Shift:
2nd

Time started:
3pm

Incubator 1 Machine Temp. reading / Calibrator Temp. reading:
99.4/99.4

Incubator 1 Humidity reading:
99.4

Incubator 2 Machine Temp. reading / Calibrator Temp. reading:
99.6/99.6

Incubator 2 Humidity reading:
99.6

Incubator 3 Machine Temp. reading / Calibrator Temp. reading:
99.8/99.8

Incubator 3 Humidity reading:
99.8

Incubator 4 Machine Temp. reading / Calibrator Temp. reading:
99.9/99.9

Incubator 4 Humidity reading:
99.9

Incubator 5 Machine Temp. reading / Calibrator Temp. reading:
99.9/99.9

Incubator 5 Humidity reading:
99.9

Incubator 6 Machine Temp. reading / Calibrator Temp. reading:
00

Incubator 6 Humidity reading:
00

Incubator 7 Machine Temp. reading / Calibrator Temp. reading:
00

Incubator 7 Humidity reading:
00

Incubator 8 Machine Temp. reading / Calibrator Temp. reading:
00

Incubator 8 Humidity reading:
00

Incubator 9 Machine Temp. reading / Calibrator Temp. reading:
100.4/100.4

Incubator 9 Humidity reading:
100.3

Incubator 10 Machine Temp. reading / Calibrator Temp. reading:
100.6/100.6

Incubator 10 Humidity reading:
100.5

Corrective action taken for un-match machine and calibrator temperature reading after 30 minutes of checking:
Na

Approver on machine temperature adjustment:
N/A

Time finished:
3:45pm

———————————————
This task was submitted through INCUBATOR TEMPERATURE CALIBRATION
https://form.asana.com/?k=-OgqMf660KEFQdcn3Wkysw&d=1186399537984407",INCUBATOR TEMPERATURE CALIBRATION,,,,Bernardo tiamzon,"Feb 9, 2024",2nd,3pm,99.4/99.4,99.4,99.6/99.6,99.6,99.8/99.8,99.8,99.9/99.9,99.9,99.9/99.9,99.9,00,00,00,00,00,00,100.4/100.4,100.3,100.6/100.6,100.5,Na,N/A,3:45pm
"1206533942458908",2024-02-06,,2024-02-06,INCUBATOR TEMPERATURE CALIBRATION submission,Untitled section,,,,,,"Hatcheryman:
Bernardo tiamzon

Date:
Feb 6, 2024

Shift:
2nd

Time started:
3pm

Incubator 1 Machine Temp. reading / Calibrator Temp. reading:
99.7/99.7

Incubator 1 Humidity reading:
99.7

Incubator 2 Machine Temp. reading / Calibrator Temp. reading:
99.4/99.4

Incubator 2 Humidity reading:
99.4

Incubator 3 Machine Temp. reading / Calibrator Temp. reading:
99.5/99.5

Incubator 3 Humidity reading:
99.5

Incubator 4 Machine Temp. reading / Calibrator Temp. reading:
100/100

Incubator 4 Humidity reading:
100

Incubator 5 Machine Temp. reading / Calibrator Temp. reading:
100.1/100.1

Incubator 5 Humidity reading:
100.1

Incubator 6 Machine Temp. reading / Calibrator Temp. reading:
00

Incubator 6 Humidity reading:
00

Incubator 7 Machine Temp. reading / Calibrator Temp. reading:
00

Incubator 7 Humidity reading:
00

Incubator 8 Machine Temp. reading / Calibrator Temp. reading:
00

Incubator 8 Humidity reading:
00

Incubator 9 Machine Temp. reading / Calibrator Temp. reading:
00

Incubator 9 Humidity reading:
00

Incubator 10 Machine Temp. reading / Calibrator Temp. reading:
100.3/100.3

Incubator 10 Humidity reading:
100.1

Corrective action taken for un-match machine and calibrator temperature reading after 30 minutes of checking:
Na

Approver on machine temperature adjustment:
N/A

Time finished:
3:40

———————————————
This task was submitted through INCUBATOR TEMPERATURE CALIBRATION
https://form.asana.com/?k=-OgqMf660KEFQdcn3Wkysw&d=1186399537984407",INCUBATOR TEMPERATURE CALIBRATION,,,,Bernardo tiamzon,"Feb 6, 2024",2nd,3pm,99.7/99.7,99.7,99.4/99.4,99.4,99.5/99.5,99.5,100/100,100,100.1/100.1,100.1,00,00,00,00,00,00,00,00,100.3/100.3,100.1,Na,N/A,3:40
"1206505564980836",2024-02-02,,2024-02-02,INCUBATOR TEMPERATURE CALIBRATION submission,Untitled section,,,,,,"Hatcheryman:
Bernardo tiamzon

Date:
Feb 2, 2024

Shift:
2nd

Time started:
3pm

Incubator 1 Machine Temp. reading / Calibrator Temp. reading:
99.9 /99.9

Incubator 1 Humidity reading:
99.9

Incubator 2 Machine Temp. reading / Calibrator Temp. reading:
99.8/99.8

Incubator 2 Humidity reading:
99.8

Incubator 3 Machine Temp. reading / Calibrator Temp. reading:
99.9/99.9

Incubator 3 Humidity reading:
99.9

Incubator 4 Machine Temp. reading / Calibrator Temp. reading:
100.4/100.4

Incubator 4 Humidity reading:
100.4

Incubator 5 Machine Temp. reading / Calibrator Temp. reading:
100.4/100.4

Incubator 5 Humidity reading:
100.4

Incubator 6 Machine Temp. reading / Calibrator Temp. reading:
99.82/99.6

Incubator 6 Humidity reading:
99.71

Incubator 7 Machine Temp. reading / Calibrator Temp. reading:
99.54/99.4

Incubator 7 Humidity reading:
99.51

Incubator 8 Machine Temp. reading / Calibrator Temp. reading:
00

Incubator 8 Humidity reading:
00

Incubator 9 Machine Temp. reading / Calibrator Temp. reading:
00

Incubator 9 Humidity reading:
00

Incubator 10 Machine Temp. reading / Calibrator Temp. reading:
00

Incubator 10 Humidity reading:
00

Corrective action taken for un-match machine and calibrator temperature reading after 30 minutes of checking:
Na

Approver on machine temperature adjustment:
N/A

Time finished:
3:40pm

———————————————
This task was submitted through INCUBATOR TEMPERATURE CALIBRATION
https://form.asana.com/?k=-OgqMf660KEFQdcn3Wkysw&d=1186399537984407",INCUBATOR TEMPERATURE CALIBRATION,,,,Bernardo tiamzon,"Feb 2, 2024",2nd,3pm,99.9 /99.9,99.9,99.8/99.8,99.8,99.9/99.9,99.9,100.4/100.4,100.4,100.4/100.4,100.4,99.82/99.6,99.71,99.54/99.4,99.51,00,00,00,00,00,00,Na,N/A,3:40pm
"1206474507402945",2024-01-30,,2024-01-30,INCUBATOR TEMPERATURE CALIBRATION submission,Untitled section,,,,,,"Hatcheryman:
Bernardo tiamzon

Date:
Jan 30, 2024

Shift:
2nd

Time started:
3pm

Incubator 1 Machine Temp. reading / Calibrator Temp. reading:
100.3/100.3

Incubator 1 Humidity reading:
100.2

Incubator 2 Machine Temp. reading / Calibrator Temp. reading:
100.1/100.1

Incubator 2 Humidity reading:
100.1

Incubator 3 Machine Temp. reading / Calibrator Temp. reading:
100.1/100.1

Incubator 3 Humidity reading:
100.2

Incubator 4 Machine Temp. reading / Calibrator Temp. reading:
100.4/100.4

Incubator 4 Humidity reading:
100.4

Incubator 5 Machine Temp. reading / Calibrator Temp. reading:
100.3/100.3

Incubator 5 Humidity reading:
100.3

Incubator 6 Machine Temp. reading / Calibrator Temp. reading:
99.76/99.6

Incubator 6 Humidity reading:
99.72

Incubator 7 Machine Temp. reading / Calibrator Temp. reading:
99.69/99.6

Incubator 7 Humidity reading:
99.72

Incubator 8 Machine Temp. reading / Calibrator Temp. reading:
99.53/99.4

Incubator 8 Humidity reading:
99.52

Incubator 9 Machine Temp. reading / Calibrator Temp. reading:
00

Incubator 9 Humidity reading:
00

Incubator 10 Machine Temp. reading / Calibrator Temp. reading:
00

Incubator 10 Humidity reading:
00

Corrective action taken for un-match machine and calibrator temperature reading after 30 minutes of checking:
Na

Approver on machine temperature adjustment:
N/A

Time finished:
3:45pm

———————————————
This task was submitted through INCUBATOR TEMPERATURE CALIBRATION
https://form.asana.com/?k=-OgqMf660KEFQdcn3Wkysw&d=1186399537984407",INCUBATOR TEMPERATURE CALIBRATION,,,,Bernardo tiamzon,"Jan 30, 2024",2nd,3pm,100.3/100.3,100.2,100.1/100.1,100.1,100.1/100.1,100.2,100.4/100.4,100.4,100.3/100.3,100.3,99.76/99.6,99.72,99.69/99.6,99.72,99.53/99.4,99.52,00,00,00,00,Na,N/A,3:45pm
"1206450099689472",2024-01-26,,2024-01-26,INCUBATOR TEMPERATURE CALIBRATION submission,Untitled section,,,,,,"Hatcheryman:
Bernardo tiamzon

Date:
Jan 26, 2024

Shift:
3rd

Time started:
3pm

Incubator 1 Machine Temp. reading / Calibrator Temp. reading:
100.3/100.3

Incubator 1 Humidity reading:
100.3

Incubator 2 Machine Temp. reading / Calibrator Temp. reading:
100.5/100.5

Incubator 2 Humidity reading:
100.5

Incubator 3 Machine Temp. reading / Calibrator Temp. reading:
100.4/100.4

Incubator 3 Humidity reading:
100.5

Incubator 4 Machine Temp. reading / Calibrator Temp. reading:
100.4/100.4

Incubator 4 Humidity reading:
100.4

Incubator 5 Machine Temp. reading / Calibrator Temp. reading:
100.3/100.3

Incubator 5 Humidity reading:
100.2

Incubator 6 Machine Temp. reading / Calibrator Temp. reading:
99.79/99.6

Incubator 6 Humidity reading:
99.72

Incubator 7 Machine Temp. reading / Calibrator Temp. reading:
99.89/99.8

Incubator 7 Humidity reading:
99.86

Incubator 8 Machine Temp. reading / Calibrator Temp. reading:
99.53/99.53

Incubator 8 Humidity reading:
99.4

Incubator 9 Machine Temp. reading / Calibrator Temp. reading:
00

Incubator 9 Humidity reading:
00

Incubator 10 Machine Temp. reading / Calibrator Temp. reading:
00

Incubator 10 Humidity reading:
00

Corrective action taken for un-match machine and calibrator temperature reading after 30 minutes of checking:
Na

Approver on machine temperature adjustment:
N/A

Time finished:
4pm

———————————————
This task was submitted through INCUBATOR TEMPERATURE CALIBRATION
https://form.asana.com/?k=-OgqMf660KEFQdcn3Wkysw&d=1186399537984407",INCUBATOR TEMPERATURE CALIBRATION,,,,Bernardo tiamzon,"Jan 26, 2024",3rd,3pm,100.3/100.3,100.3,100.5/100.5,100.5,100.4/100.4,100.5,100.4/100.4,100.4,100.3/100.3,100.2,99.79/99.6,99.72,99.89/99.8,99.86,99.53/99.53,99.4,00,00,00,00,Na,N/A,4pm
"1206425379910014",2024-01-24,,2024-01-24,INCUBATOR TEMPERATURE CALIBRATION submission,Untitled section,,,,,,"Hatcheryman:
Peter Paul alap-ap 

Date:
Jan 23, 2024

Shift:
2nd

Time started:
3:00 pm

Incubator 1 Machine Temp. reading / Calibrator Temp. reading:
Reading 100.4 F/ calibrator 100.4 F

Incubator 1 Humidity reading:
00.3

Incubator 2 Machine Temp. reading / Calibrator Temp. reading:
Machine - 100.4 F / calibrator 100.4 F

Incubator 2 Humidity reading:
00.3

Incubator 3 Machine Temp. reading / Calibrator Temp. reading:
Machine - 100.4 F / calibrator 100.4 F

Incubator 3 Humidity reading:
00.3

Incubator 4 Machine Temp. reading / Calibrator Temp. reading:
Machine - 100.4 F / calibrator 100.4F

Incubator 4 Humidity reading:
00.3

Incubator 5 Machine Temp. reading / Calibrator Temp. reading:
Machine - 100.5 F / calibrator 100.5 F

Incubator 5 Humidity reading:
00.2

Incubator 6 Machine Temp. reading / Calibrator Temp. reading:
Machine - 100.1 F / calibrator 100.1 F

Incubator 6 Humidity reading:
00.0

Incubator 7 Machine Temp. reading / Calibrator Temp. reading:
Machine - 99.9 F / calibrator 99.9 F

Incubator 7 Humidity reading:
99.8

Incubator 8 Machine Temp. reading / Calibrator Temp. reading:
Machine 99.6 F / calibrator 99.6 F

Incubator 8 Humidity reading:
99.5

Incubator 9 Machine Temp. reading / Calibrator Temp. reading:
00

Incubator 9 Humidity reading:
00

Incubator 10 Machine Temp. reading / Calibrator Temp. reading:
00

Incubator 10 Humidity reading:
00

Corrective action taken for un-match machine and calibrator temperature reading after 30 minutes of checking:
N/A

Approver on machine temperature adjustment:
Jimmy Tungol and Sir Tony

Time finished:
3:40 pm

———————————————
This task was submitted through INCUBATOR TEMPERATURE CALIBRATION
https://form.asana.com/?k=-OgqMf660KEFQdcn3Wkysw&d=1186399537984407",INCUBATOR TEMPERATURE CALIBRATION,,,,Peter Paul alap-ap ,"Jan 23, 2024",2nd,3:00 pm,Reading 100.4 F/ calibrator 100.4 F,00.3,Machine - 100.4 F / calibrator 100.4 F,00.3,Machine - 100.4 F / calibrator 100.4 F,00.3,Machine - 100.4 F / calibrator 100.4F,00.3,Machine - 100.5 F / calibrator 100.5 F,00.2,Machine - 100.1 F / calibrator 100.1 F,00.0,Machine - 99.9 F / calibrator 99.9 F,99.8,Machine 99.6 F / calibrator 99.6 F,99.5,00,00,00,00,N/A,Jimmy Tungol and Sir Tony,3:40 pm
"1206361133308512",2024-01-16,,2024-01-16,INCUBATOR TEMPERATURE CALIBRATION submission,Untitled section,,,,,,"Hatcheryman:
Peter Paul alap-ap 

Date:
Jan 16, 2024

Shift:
2nd

Time started:
3:00 pm

Incubator 1 Machine Temp. reading / Calibrator Temp. reading:
00

Incubator 1 Humidity reading:
00

Incubator 2 Machine Temp. reading / Calibrator Temp. reading:
00

Incubator 2 Humidity reading:
00

Incubator 3 Machine Temp. reading / Calibrator Temp. reading:
00

Incubator 3 Humidity reading:
00

Incubator 4 Machine Temp. reading / Calibrator Temp. reading:
00

Incubator 4 Humidity reading:
00

Incubator 5 Machine Temp. reading / Calibrator Temp. reading:
00

Incubator 5 Humidity reading:
00

Incubator 6 Machine Temp. reading / Calibrator Temp. reading:
Machine - 99.5 F / calibrator 99.5 F

Incubator 6 Humidity reading:
99.5

Incubator 7 Machine Temp. reading / Calibrator Temp. reading:
Machine - 99.6 F / calibrator 99.6 F

Incubator 7 Humidity reading:
99.6

Incubator 8 Machine Temp. reading / Calibrator Temp. reading:
Machine 99.3 F / calibrator 99.3 F

Incubator 8 Humidity reading:
99.3

Incubator 9 Machine Temp. reading / Calibrator Temp. reading:
00

Incubator 9 Humidity reading:
00

Incubator 10 Machine Temp. reading / Calibrator Temp. reading:
00

Incubator 10 Humidity reading:
00

Corrective action taken for un-match machine and calibrator temperature reading after 30 minutes of checking:
N/ A

Approver on machine temperature adjustment:
Jimmy Tungol and Sir Tony

Time finished:
3:40 pm

———————————————
This task was submitted through INCUBATOR TEMPERATURE CALIBRATION
https://form.asana.com/?k=-OgqMf660KEFQdcn3Wkysw&d=1186399537984407",INCUBATOR TEMPERATURE CALIBRATION,,,,Peter Paul alap-ap ,"Jan 16, 2024",2nd,3:00 pm,00,00,00,00,00,00,00,00,00,00,Machine - 99.5 F / calibrator 99.5 F,99.5,Machine - 99.6 F / calibrator 99.6 F,99.6,Machine 99.3 F / calibrator 99.3 F,99.3,00,00,00,00,N/ A,Jimmy Tungol and Sir Tony,3:40 pm
"1206337534460746",2024-01-12,,2024-01-12,INCUBATOR TEMPERATURE CALIBRATION submission,Untitled section,,,,,,"Hatcheryman:
Peter Paul alap-ap 

Date:
Jan 12, 2024

Shift:
2nd

Time started:
3:00 pm

Incubator 1 Machine Temp. reading / Calibrator Temp. reading:
00

Incubator 1 Humidity reading:
00

Incubator 2 Machine Temp. reading / Calibrator Temp. reading:
00

Incubator 2 Humidity reading:
00

Incubator 3 Machine Temp. reading / Calibrator Temp. reading:
00

Incubator 3 Humidity reading:
00

Incubator 4 Machine Temp. reading / Calibrator Temp. reading:
00

Incubator 4 Humidity reading:
00

Incubator 5 Machine Temp. reading / Calibrator Temp. reading:
00

Incubator 5 Humidity reading:
00

Incubator 6 Machine Temp. reading / Calibrator Temp. reading:
Machine - 99.9 F / calibrator 99.9 F

Incubator 6 Humidity reading:
99.8

Incubator 7 Machine Temp. reading / Calibrator Temp. reading:
Machine - 99.8 F / calibrator 99.8 F

Incubator 7 Humidity reading:
99.8

Incubator 8 Machine Temp. reading / Calibrator Temp. reading:
Machine 99.8 F / calibrator 99.8

Incubator 8 Humidity reading:
99.8

Incubator 9 Machine Temp. reading / Calibrator Temp. reading:
00

Incubator 9 Humidity reading:
00

Incubator 10 Machine Temp. reading / Calibrator Temp. reading:
00

Incubator 10 Humidity reading:
00

Corrective action taken for un-match machine and calibrator temperature reading after 30 minutes of checking:
N/A

Approver on machine temperature adjustment:
Jimmy Tungol and Sir Tony

Time finished:
3:40 pm

———————————————
This task was submitted through INCUBATOR TEMPERATURE CALIBRATION
https://form.asana.com/?k=-OgqMf660KEFQdcn3Wkysw&d=1186399537984407",INCUBATOR TEMPERATURE CALIBRATION,,,,Peter Paul alap-ap ,"Jan 12, 2024",2nd,3:00 pm,00,00,00,00,00,00,00,00,00,00,Machine - 99.9 F / calibrator 99.9 F,99.8,Machine - 99.8 F / calibrator 99.8 F,99.8,Machine 99.8 F / calibrator 99.8,99.8,00,00,00,00,N/A,Jimmy Tungol and Sir Tony,3:40 pm
"1206309348323288",2024-01-09,,2024-01-09,INCUBATOR TEMPERATURE CALIBRATION submission,Untitled section,,,,,,"Hatcheryman:
Rodel Marimla

Date:
Jan 9, 2024

Shift:
2nd

Time started:
3pm

Incubator 1 Machine Temp. reading / Calibrator Temp. reading:
0

Incubator 1 Humidity reading:
0

Incubator 2 Machine Temp. reading / Calibrator Temp. reading:
0

Incubator 2 Humidity reading:
0

Incubator 3 Machine Temp. reading / Calibrator Temp. reading:
0

Incubator 3 Humidity reading:
0

Incubator 4 Machine Temp. reading / Calibrator Temp. reading:
0

Incubator 4 Humidity reading:
0

Incubator 5 Machine Temp. reading / Calibrator Temp. reading:
0

Incubator 5 Humidity reading:
0

Incubator 6 Machine Temp. reading / Calibrator Temp. reading:
machine - 100.21 / calibrator - 100.2

Incubator 6 Humidity reading:
100.19

Incubator 7 Machine Temp. reading / Calibrator Temp. reading:
machine -  100.18 / calibrator - 100.1

Incubator 7 Humidity reading:
100.14

Incubator 8 Machine Temp. reading / Calibrator Temp. reading:
machine - 100.14 / calibrator - 100.1

Incubator 8 Humidity reading:
100.17

Incubator 9 Machine Temp. reading / Calibrator Temp. reading:
0

Incubator 9 Humidity reading:
0

Incubator 10 Machine Temp. reading / Calibrator Temp. reading:
0

Incubator 10 Humidity reading:
0

Corrective action taken for un-match machine and calibrator temperature reading after 30 minutes of checking:
n/a

Approver on machine temperature adjustment:
N/A

Time finished:
3:20pm

———————————————
This task was submitted through INCUBATOR TEMPERATURE CALIBRATION
https://form.asana.com/?k=-OgqMf660KEFQdcn3Wkysw&d=1186399537984407",INCUBATOR TEMPERATURE CALIBRATION,,,,Rodel Marimla,"Jan 9, 2024",2nd,3pm,0,0,0,0,0,0,0,0,0,0,machine - 100.21 / calibrator - 100.2,100.19,machine -  100.18 / calibrator - 100.1,100.14,machine - 100.14 / calibrator - 100.1,100.17,0,0,0,0,n/a,N/A,3:20pm
"1206287142235763",2024-01-05,,2024-01-05,INCUBATOR TEMPERATURE CALIBRATION submission,Untitled section,,,,,,"Hatcheryman:
Rodel Marimla

Date:
Jan 5, 2024

Shift:
2nd

Time started:
3pm

Incubator 1 Machine Temp. reading / Calibrator Temp. reading:
0

Incubator 1 Humidity reading:
0

Incubator 2 Machine Temp. reading / Calibrator Temp. reading:
0

Incubator 2 Humidity reading:
0

Incubator 3 Machine Temp. reading / Calibrator Temp. reading:
machine - 99.5 / calibrator - 99.5

Incubator 3 Humidity reading:
99.5

Incubator 4 Machine Temp. reading / Calibrator Temp. reading:
machine - 99.1 / calibrator - 99.1

Incubator 4 Humidity reading:
99.1

Incubator 5 Machine Temp. reading / Calibrator Temp. reading:
machine - 99.1 / calibrator - 99.1

Incubator 5 Humidity reading:
99.1

Incubator 6 Machine Temp. reading / Calibrator Temp. reading:
machine - 100.11 / calibrator - 100.1

Incubator 6 Humidity reading:
100.10

Incubator 7 Machine Temp. reading / Calibrator Temp. reading:
machine -  100.18  / calibrator - 100. 1

Incubator 7 Humidity reading:
100.18

Incubator 8 Machine Temp. reading / Calibrator Temp. reading:
machine - 100.16 / calibrator - 100.1

Incubator 8 Humidity reading:
100.18

Incubator 9 Machine Temp. reading / Calibrator Temp. reading:
0

Incubator 9 Humidity reading:
0

Incubator 10 Machine Temp. reading / Calibrator Temp. reading:
0

Incubator 10 Humidity reading:
0

Corrective action taken for un-match machine and calibrator temperature reading after 30 minutes of checking:
n/a

Approver on machine temperature adjustment:
N/A

Time finished:
3:40pm

———————————————
This task was submitted through INCUBATOR TEMPERATURE CALIBRATION
https://form.asana.com/?k=-OgqMf660KEFQdcn3Wkysw&d=1186399537984407",INCUBATOR TEMPERATURE CALIBRATION,,,,Rodel Marimla,"Jan 5, 2024",2nd,3pm,0,0,0,0,machine - 99.5 / calibrator - 99.5,99.5,machine - 99.1 / calibrator - 99.1,99.1,machine - 99.1 / calibrator - 99.1,99.1,machine - 100.11 / calibrator - 100.1,100.10,machine -  100.18  / calibrator - 100. 1,100.18,machine - 100.16 / calibrator - 100.1,100.18,0,0,0,0,n/a,N/A,3:40pm
"1206264828606973",2024-01-02,,2024-01-02,INCUBATOR TEMPERATURE CALIBRATION submission,Untitled section,,,,,,"Hatcheryman:
Rodel Marimla

Date:
Jan 2, 2024

Shift:
2nd

Time started:
3pm

Incubator 1 Machine Temp. reading / Calibrator Temp. reading:
0

Incubator 1 Humidity reading:
0

Incubator 2 Machine Temp. reading / Calibrator Temp. reading:
0

Incubator 2 Humidity reading:
0

Incubator 3 Machine Temp. reading / Calibrator Temp. reading:
machine - 99.3 / calibrator - 99.3

Incubator 3 Humidity reading:
99.3

Incubator 4 Machine Temp. reading / Calibrator Temp. reading:
machine - 99.4 / calibrator - 99.4

Incubator 4 Humidity reading:
99.4

Incubator 5 Machine Temp. reading / Calibrator Temp. reading:
machine - 99.3 / calibrator - 99.3

Incubator 5 Humidity reading:
99.3

Incubator 6 Machine Temp. reading / Calibrator Temp. reading:
machine - 100.15 / calibrator - 100.1

Incubator 6 Humidity reading:
100.14

Incubator 7 Machine Temp. reading / Calibrator Temp. reading:
machine -  100.09  / calibrator - 100.0

Incubator 7 Humidity reading:
100.07

Incubator 8 Machine Temp. reading / Calibrator Temp. reading:
machine - 100.13 / calibrator - 100.1

Incubator 8 Humidity reading:
100.17

Incubator 9 Machine Temp. reading / Calibrator Temp. reading:
0

Incubator 9 Humidity reading:
0

Incubator 10 Machine Temp. reading / Calibrator Temp. reading:
0

Incubator 10 Humidity reading:
0

Corrective action taken for un-match machine and calibrator temperature reading after 30 minutes of checking:
n/a

Approver on machine temperature adjustment:
N/A

Time finished:
3:45pm

———————————————
This task was submitted through INCUBATOR TEMPERATURE CALIBRATION
https://form.asana.com/?k=-OgqMf660KEFQdcn3Wkysw&d=1186399537984407",INCUBATOR TEMPERATURE CALIBRATION,,,,Rodel Marimla,"Jan 2, 2024",2nd,3pm,0,0,0,0,machine - 99.3 / calibrator - 99.3,99.3,machine - 99.4 / calibrator - 99.4,99.4,machine - 99.3 / calibrator - 99.3,99.3,machine - 100.15 / calibrator - 100.1,100.14,machine -  100.09  / calibrator - 100.0,100.07,machine - 100.13 / calibrator - 100.1,100.17,0,0,0,0,n/a,N/A,3:45pm
"1206253799123269",2023-12-29,,2023-12-29,INCUBATOR TEMPERATURE CALIBRATION submission,Untitled section,,,,,,"Hatcheryman:
Rodel Marimla

Date:
Dec 29, 2023

Shift:
2nd

Time started:
3pm

Incubator 1 Machine Temp. reading / Calibrator Temp. reading:
0

Incubator 1 Humidity reading:
0

Incubator 2 Machine Temp. reading / Calibrator Temp. reading:
0

Incubator 2 Humidity reading:
0

Incubator 3 Machine Temp. reading / Calibrator Temp. reading:
machine - 99.8 / calibrator - 99.8

Incubator 3 Humidity reading:
99.8

Incubator 4 Machine Temp. reading / Calibrator Temp. reading:
machine - 99.9 / calibrator - 99.9

Incubator 4 Humidity reading:
99.9

Incubator 5 Machine Temp. reading / Calibrator Temp. reading:
machine - 99.7 / calibrator - 99.7

Incubator 5 Humidity reading:
99.7

Incubator 6 Machine Temp. reading / Calibrator Temp. reading:
machine - 100.17 / calibrator - 100.1

Incubator 6 Humidity reading:
100.14

Incubator 7 Machine Temp. reading / Calibrator Temp. reading:
machine -  100.12  / calibrator - 100.1

Incubator 7 Humidity reading:
100.11

Incubator 8 Machine Temp. reading / Calibrator Temp. reading:
machine - 100.11 / calibrator - 100.1

Incubator 8 Humidity reading:
100.13

Incubator 9 Machine Temp. reading / Calibrator Temp. reading:
0

Incubator 9 Humidity reading:
0

Incubator 10 Machine Temp. reading / Calibrator Temp. reading:
0

Incubator 10 Humidity reading:
0

Corrective action taken for un-match machine and calibrator temperature reading after 30 minutes of checking:
n/a

Approver on machine temperature adjustment:
N/A

Time finished:
3:45pm

———————————————
This task was submitted through INCUBATOR TEMPERATURE CALIBRATION
https://form.asana.com/?k=-OgqMf660KEFQdcn3Wkysw&d=1186399537984407",INCUBATOR TEMPERATURE CALIBRATION,,,,Rodel Marimla,"Dec 29, 2023",2nd,3pm,0,0,0,0,machine - 99.8 / calibrator - 99.8,99.8,machine - 99.9 / calibrator - 99.9,99.9,machine - 99.7 / calibrator - 99.7,99.7,machine - 100.17 / calibrator - 100.1,100.14,machine -  100.12  / calibrator - 100.1,100.11,machine - 100.11 / calibrator - 100.1,100.13,0,0,0,0,n/a,N/A,3:45pm
"1206239145443495",2023-12-26,,2023-12-26,INCUBATOR TEMPERATURE CALIBRATION submission,Untitled section,,,,,,"Hatcheryman:
Rodel Marimla

Date:
Dec 26, 2023

Shift:
2nd

Time started:
4pm

Incubator 1 Machine Temp. reading / Calibrator Temp. reading:
machine - 99.3 / calibrator - 99.3

Incubator 1 Humidity reading:
99.3

Incubator 2 Machine Temp. reading / Calibrator Temp. reading:
machine - 99.1 / calibrator - 99.1

Incubator 2 Humidity reading:
99.1

Incubator 3 Machine Temp. reading / Calibrator Temp. reading:
machine - 100.2 / calibrator - 100 2

Incubator 3 Humidity reading:
100.2

Incubator 4 Machine Temp. reading / Calibrator Temp. reading:
machine - 100.2 / calibrator - 100.2

Incubator 4 Humidity reading:
100.1

Incubator 5 Machine Temp. reading / Calibrator Temp. reading:
machine - 100.1 / calibrator - 100.1

Incubator 5 Humidity reading:
100.0

Incubator 6 Machine Temp. reading / Calibrator Temp. reading:
machine - 100.19 / calibrator - 100 1

Incubator 6 Humidity reading:
100.19

Incubator 7 Machine Temp. reading / Calibrator Temp. reading:
machine -  100.26  / calibrator - 100 2

Incubator 7 Humidity reading:
100.25

Incubator 8 Machine Temp. reading / Calibrator Temp. reading:
machine - 100.29 / calibrator - 100.2

Incubator 8 Humidity reading:
100.27

Incubator 9 Machine Temp. reading / Calibrator Temp. reading:
0

Incubator 9 Humidity reading:
0

Incubator 10 Machine Temp. reading / Calibrator Temp. reading:
0

Incubator 10 Humidity reading:
0

Corrective action taken for un-match machine and calibrator temperature reading after 30 minutes of checking:
n/a

Approver on machine temperature adjustment:
N/A

Time finished:
5pm

———————————————
This task was submitted through INCUBATOR TEMPERATURE CALIBRATION
https://form.asana.com/?k=-OgqMf660KEFQdcn3Wkysw&d=1186399537984407",INCUBATOR TEMPERATURE CALIBRATION,,,,Rodel Marimla,"Dec 26, 2023",2nd,4pm,machine - 99.3 / calibrator - 99.3,99.3,machine - 99.1 / calibrator - 99.1,99.1,machine - 100.2 / calibrator - 100 2,100.2,machine - 100.2 / calibrator - 100.2,100.1,machine - 100.1 / calibrator - 100.1,100.0,machine - 100.19 / calibrator - 100 1,100.19,machine -  100.26  / calibrator - 100 2,100.25,machine - 100.29 / calibrator - 100.2,100.27,0,0,0,0,n/a,N/A,5pm
"1206228913954014",2023-12-22,,2023-12-22,INCUBATOR TEMPERATURE CALIBRATION submission,Untitled section,,,,,,"Hatcheryman:
Bernardo tiamzon

Date:
Dec 22, 2023

Shift:
2nd

Time started:
3pm

Incubator 1 Machine Temp. reading / Calibrator Temp. reading:
99.7/99.7

Incubator 1 Humidity reading:
99.7

Incubator 2 Machine Temp. reading / Calibrator Temp. reading:
99.4/99.4

Incubator 2 Humidity reading:
99.4

Incubator 3 Machine Temp. reading / Calibrator Temp. reading:
100.5/100.5

Incubator 3 Humidity reading:
100.3

Incubator 4 Machine Temp. reading / Calibrator Temp. reading:
100.5/100.5

Incubator 4 Humidity reading:
100.3

Incubator 5 Machine Temp. reading / Calibrator Temp. reading:
100.3/100.3

Incubator 5 Humidity reading:
100.1

Incubator 6 Machine Temp. reading / Calibrator Temp. reading:
00

Incubator 6 Humidity reading:
00

Incubator 7 Machine Temp. reading / Calibrator Temp. reading:
00

Incubator 7 Humidity reading:
00

Incubator 8 Machine Temp. reading / Calibrator Temp. reading:
00

Incubator 8 Humidity reading:
00

Incubator 9 Machine Temp. reading / Calibrator Temp. reading:
00

Incubator 9 Humidity reading:
00

Incubator 10 Machine Temp. reading / Calibrator Temp. reading:
00

Incubator 10 Humidity reading:
00

Corrective action taken for un-match machine and calibrator temperature reading after 30 minutes of checking:
Na

Approver on machine temperature adjustment:
N/A

Time finished:
3:25

———————————————
This task was submitted through INCUBATOR TEMPERATURE CALIBRATION
https://form.asana.com/?k=-OgqMf660KEFQdcn3Wkysw&d=1186399537984407",INCUBATOR TEMPERATURE CALIBRATION,,,,Bernardo tiamzon,"Dec 22, 2023",2nd,3pm,99.7/99.7,99.7,99.4/99.4,99.4,100.5/100.5,100.3,100.5/100.5,100.3,100.3/100.3,100.1,00,00,00,00,00,00,00,00,00,00,Na,N/A,3:25
"1206203007629479",2023-12-19,,2023-12-19,INCUBATOR TEMPERATURE CALIBRATION submission,Untitled section,,,,,,"Hatcheryman:
Bernardo tiamzon

Date:
Dec 19, 2023

Shift:
2nd

Time started:
3pm

Incubator 1 Machine Temp. reading / Calibrator Temp. reading:
99.9 /99.9

Incubator 1 Humidity reading:
99.9

Incubator 2 Machine Temp. reading / Calibrator Temp. reading:
99.8/99.8

Incubator 2 Humidity reading:
99.8

Incubator 3 Machine Temp. reading / Calibrator Temp. reading:
100.4/100.4

Incubator 3 Humidity reading:
100.3

Incubator 4 Machine Temp. reading / Calibrator Temp. reading:
100.5/100.5

Incubator 4 Humidity reading:
100.3

Incubator 5 Machine Temp. reading / Calibrator Temp. reading:
100.4/100.4

Incubator 5 Humidity reading:
100.2

Incubator 6 Machine Temp. reading / Calibrator Temp. reading:
00

Incubator 6 Humidity reading:
00

Incubator 7 Machine Temp. reading / Calibrator Temp. reading:
00

Incubator 7 Humidity reading:
00

Incubator 8 Machine Temp. reading / Calibrator Temp. reading:
00

Incubator 8 Humidity reading:
00

Incubator 9 Machine Temp. reading / Calibrator Temp. reading:
99.2/99.2

Incubator 9 Humidity reading:
99.2

Incubator 10 Machine Temp. reading / Calibrator Temp. reading:
99.2/99.2

Incubator 10 Humidity reading:
99.2

Corrective action taken for un-match machine and calibrator temperature reading after 30 minutes of checking:
Na

Approver on machine temperature adjustment:
N/A

Time finished:
3:45pm

———————————————
This task was submitted through INCUBATOR TEMPERATURE CALIBRATION
https://form.asana.com/?k=-OgqMf660KEFQdcn3Wkysw&d=1186399537984407",INCUBATOR TEMPERATURE CALIBRATION,,,,Bernardo tiamzon,"Dec 19, 2023",2nd,3pm,99.9 /99.9,99.9,99.8/99.8,99.8,100.4/100.4,100.3,100.5/100.5,100.3,100.4/100.4,100.2,00,00,00,00,00,00,99.2/99.2,99.2,99.2/99.2,99.2,Na,N/A,3:45pm
"1206179165485061",2023-12-15,,2023-12-15,INCUBATOR TEMPERATURE CALIBRATION submission,Untitled section,,,,,,"Hatcheryman:
Bernardo tiamzon

Date:
Dec 15, 2023

Shift:
2nd

Time started:
3pm

Incubator 1 Machine Temp. reading / Calibrator Temp. reading:
100/100

Incubator 1 Humidity reading:
100.2

Incubator 2 Machine Temp. reading / Calibrator Temp. reading:
100.1/100.1

Incubator 2 Humidity reading:
100

Incubator 3 Machine Temp. reading / Calibrator Temp. reading:
00

Incubator 3 Humidity reading:
00

Incubator 4 Machine Temp. reading / Calibrator Temp. reading:
00

Incubator 4 Humidity reading:
00

Incubator 5 Machine Temp. reading / Calibrator Temp. reading:
00

Incubator 5 Humidity reading:
00

Incubator 6 Machine Temp. reading / Calibrator Temp. reading:
00

Incubator 6 Humidity reading:
00

Incubator 7 Machine Temp. reading / Calibrator Temp. reading:
00

Incubator 7 Humidity reading:
00

Incubator 8 Machine Temp. reading / Calibrator Temp. reading:
00

Incubator 8 Humidity reading:
00

Incubator 9 Machine Temp. reading / Calibrator Temp. reading:
99.3/99.3

Incubator 9 Humidity reading:
99.3

Incubator 10 Machine Temp. reading / Calibrator Temp. reading:
99.6/99.6

Incubator 10 Humidity reading:
99.6

Corrective action taken for un-match machine and calibrator temperature reading after 30 minutes of checking:
Na

Approver on machine temperature adjustment:
N/A

Time finished:
3:25pm

———————————————
This task was submitted through INCUBATOR TEMPERATURE CALIBRATION
https://form.asana.com/?k=-OgqMf660KEFQdcn3Wkysw&d=1186399537984407",INCUBATOR TEMPERATURE CALIBRATION,,,,Bernardo tiamzon,"Dec 15, 2023",2nd,3pm,100/100,100.2,100.1/100.1,100,00,00,00,00,00,00,00,00,00,00,00,00,99.3/99.3,99.3,99.6/99.6,99.6,Na,N/A,3:25pm
"1206149090155613",2023-12-12,,2023-12-12,INCUBATOR TEMPERATURE CALIBRATION submission,Untitled section,,,,,,"Hatcheryman:
Bernardo tiamzon

Date:
Dec 12, 2023

Shift:
2nd

Time started:
3pm

Incubator 1 Machine Temp. reading / Calibrator Temp. reading:
100.7/100.7

Incubator 1 Humidity reading:
100.7

Incubator 2 Machine Temp. reading / Calibrator Temp. reading:
100.4/100.4

Incubator 2 Humidity reading:
100.6

Incubator 3 Machine Temp. reading / Calibrator Temp. reading:
00

Incubator 3 Humidity reading:
00

Incubator 4 Machine Temp. reading / Calibrator Temp. reading:
00

Incubator 4 Humidity reading:
00

Incubator 5 Machine Temp. reading / Calibrator Temp. reading:
00

Incubator 5 Humidity reading:
00

Incubator 6 Machine Temp. reading / Calibrator Temp. reading:
99.53/99.5

Incubator 6 Humidity reading:
99.55

Incubator 7 Machine Temp. reading / Calibrator Temp. reading:
99.68/99.7

Incubator 7 Humidity reading:
99.63

Incubator 8 Machine Temp. reading / Calibrator Temp. reading:
00

Incubator 8 Humidity reading:
00

Incubator 9 Machine Temp. reading / Calibrator Temp. reading:
99.9/99.9

Incubator 9 Humidity reading:
99.9

Incubator 10 Machine Temp. reading / Calibrator Temp. reading:
100.2/100.2

Incubator 10 Humidity reading:
100.1

Corrective action taken for un-match machine and calibrator temperature reading after 30 minutes of checking:
Na

Approver on machine temperature adjustment:
N/A

Time finished:
3:25pm

———————————————
This task was submitted through INCUBATOR TEMPERATURE CALIBRATION
https://form.asana.com/?k=-OgqMf660KEFQdcn3Wkysw&d=1186399537984407",INCUBATOR TEMPERATURE CALIBRATION,,,,Bernardo tiamzon,"Dec 12, 2023",2nd,3pm,100.7/100.7,100.7,100.4/100.4,100.6,00,00,00,00,00,00,99.53/99.5,99.55,99.68/99.7,99.63,00,00,99.9/99.9,99.9,100.2/100.2,100.1,Na,N/A,3:25pm
"1206130140984484",2023-12-08,,2023-12-08,INCUBATOR TEMPERATURE CALIBRATION submission,Untitled section,,,,,,"Hatcheryman:
Peter Paul alap-ap 

Date:
Dec 8, 2023

Shift:
2nd

Time started:
3:00 pm

Incubator 1 Machine Temp. reading / Calibrator Temp. reading:
100.6

Incubator 1 Humidity reading:
00.6

Incubator 2 Machine Temp. reading / Calibrator Temp. reading:
100.4

Incubator 2 Humidity reading:
00.6

Incubator 3 Machine Temp. reading / Calibrator Temp. reading:
00

Incubator 3 Humidity reading:
00

Incubator 4 Machine Temp. reading / Calibrator Temp. reading:
00

Incubator 4 Humidity reading:
00

Incubator 5 Machine Temp. reading / Calibrator Temp. reading:
00

Incubator 5 Humidity reading:
00

Incubator 6 Machine Temp. reading / Calibrator Temp. reading:
Machine - 99.3 F/ calibrator 99.3 F

Incubator 6 Humidity reading:
99.3

Incubator 7 Machine Temp. reading / Calibrator Temp. reading:
Machine - 99.5 F / calibrator 99.5 F

Incubator 7 Humidity reading:
99.5

Incubator 8 Machine Temp. reading / Calibrator Temp. reading:
00

Incubator 8 Humidity reading:
00

Incubator 9 Machine Temp. reading / Calibrator Temp. reading:
Machine - 100.3 F / calibrator 100.3 F

Incubator 9 Humidity reading:
00.3

Incubator 10 Machine Temp. reading / Calibrator Temp. reading:
Machine - 100.4 F / calibrator 100.4 F

Incubator 10 Humidity reading:
00.3

Corrective action taken for un-match machine and calibrator temperature reading after 30 minutes of checking:
N/A

Approver on machine temperature adjustment:
Jimmy Tungol and Sir Tony

Time finished:
3:40 pm

———————————————
This task was submitted through INCUBATOR TEMPERATURE CALIBRATION
https://form.asana.com/?k=-OgqMf660KEFQdcn3Wkysw&d=1186399537984407",INCUBATOR TEMPERATURE CALIBRATION,,,,Peter Paul alap-ap ,"Dec 8, 2023",2nd,3:00 pm,100.6,00.6,100.4,00.6,00,00,00,00,00,00,Machine - 99.3 F/ calibrator 99.3 F,99.3,Machine - 99.5 F / calibrator 99.5 F,99.5,00,00,Machine - 100.3 F / calibrator 100.3 F,00.3,Machine - 100.4 F / calibrator 100.4 F,00.3,N/A,Jimmy Tungol and Sir Tony,3:40 pm
"1206103096604234",2023-12-05,,2023-12-05,INCUBATOR TEMPERATURE CALIBRATION submission,Untitled section,,,,,,"Hatcheryman:
Peter Paul alap-ap 

Date:
Dec 5, 2023

Shift:
2nd

Time started:
3:00 pm

Incubator 1 Machine Temp. reading / Calibrator Temp. reading:
00

Incubator 1 Humidity reading:
00

Incubator 2 Machine Temp. reading / Calibrator Temp. reading:
Machine - 99.5 F / calibrator 99.5 F

Incubator 2 Humidity reading:
99.4

Incubator 3 Machine Temp. reading / Calibrator Temp. reading:
Machine - 99.7 F / calibrator 99.7 F

Incubator 3 Humidity reading:
99.7

Incubator 4 Machine Temp. reading / Calibrator Temp. reading:
00

Incubator 4 Humidity reading:
00

Incubator 5 Machine Temp. reading / Calibrator Temp. reading:
00

Incubator 5 Humidity reading:
00

Incubator 6 Machine Temp. reading / Calibrator Temp. reading:
Machine - 100.0 F / calibrator 100.0 F

Incubator 6 Humidity reading:
99.9

Incubator 7 Machine Temp. reading / Calibrator Temp. reading:
Machine - 99.9 F / calibrator 99.9 F

Incubator 7 Humidity reading:
99.7

Incubator 8 Machine Temp. reading / Calibrator Temp. reading:
00

Incubator 8 Humidity reading:
00

Incubator 9 Machine Temp. reading / Calibrator Temp. reading:
Machine - 100.4 F / calibrator 100.4 F

Incubator 9 Humidity reading:
00.3

Incubator 10 Machine Temp. reading / Calibrator Temp. reading:
Machine - 100.5 F / calibrator 100.5 F

Incubator 10 Humidity reading:
00.4

Corrective action taken for un-match machine and calibrator temperature reading after 30 minutes of checking:
N/ A

Approver on machine temperature adjustment:
Jimmy Tungol and Sir Tony

Time finished:
3:40 pm

———————————————
This task was submitted through INCUBATOR TEMPERATURE CALIBRATION
https://form.asana.com/?k=-OgqMf660KEFQdcn3Wkysw&d=1186399537984407",INCUBATOR TEMPERATURE CALIBRATION,,,,Peter Paul alap-ap ,"Dec 5, 2023",2nd,3:00 pm,00,00,Machine - 99.5 F / calibrator 99.5 F,99.4,Machine - 99.7 F / calibrator 99.7 F,99.7,00,00,00,00,Machine - 100.0 F / calibrator 100.0 F,99.9,Machine - 99.9 F / calibrator 99.9 F,99.7,00,00,Machine - 100.4 F / calibrator 100.4 F,00.3,Machine - 100.5 F / calibrator 100.5 F,00.4,N/ A,Jimmy Tungol and Sir Tony,3:40 pm
"1206047056663275",2023-11-28,,2023-11-28,INCUBATOR TEMPERATURE CALIBRATION submission,Untitled section,,,,,,"Hatcheryman:
Peter Paul alap-ap 

Date:
Nov 28, 2023

Shift:
2nd

Time started:
3:00 pm

Incubator 1 Machine Temp. reading / Calibrator Temp. reading:
00

Incubator 1 Humidity reading:
00

Incubator 2 Machine Temp. reading / Calibrator Temp. reading:
Machine - 100.1 F / calibrator 100.1 F

Incubator 2 Humidity reading:
00.2

Incubator 3 Machine Temp. reading / Calibrator Temp. reading:
Machine - 100.0 F / calibrator 100.0 F

Incubator 3 Humidity reading:
99.9

Incubator 4 Machine Temp. reading / Calibrator Temp. reading:
Machine - 99.4 F / calibrator 99.4 F

Incubator 4 Humidity reading:
99.4

Incubator 5 Machine Temp. reading / Calibrator Temp. reading:
Machine - 99.1 F / calibrator 99.1 F

Incubator 5 Humidity reading:
99.1

Incubator 6 Machine Temp. reading / Calibrator Temp. reading:
Machine - 100.1 F / calibrator 100.1 F

Incubator 6 Humidity reading:
00.2

Incubator 7 Machine Temp. reading / Calibrator Temp. reading:
Machine - 100.2 F / calibrator 100.2 F

Incubator 7 Humidity reading:
00.1

Incubator 8 Machine Temp. reading / Calibrator Temp. reading:
00

Incubator 8 Humidity reading:
00

Incubator 9 Machine Temp. reading / Calibrator Temp. reading:
00

Incubator 9 Humidity reading:
00

Incubator 10 Machine Temp. reading / Calibrator Temp. reading:
00

Incubator 10 Humidity reading:
00

Corrective action taken for un-match machine and calibrator temperature reading after 30 minutes of checking:
N/A

Approver on machine temperature adjustment:
Jimmy Tungol and Sir Tony

Time finished:
3:40 pm

———————————————
This task was submitted through INCUBATOR TEMPERATURE CALIBRATION
https://form.asana.com/?k=-OgqMf660KEFQdcn3Wkysw&d=1186399537984407",INCUBATOR TEMPERATURE CALIBRATION,,,,Peter Paul alap-ap ,"Nov 28, 2023",2nd,3:00 pm,00,00,Machine - 100.1 F / calibrator 100.1 F,00.2,Machine - 100.0 F / calibrator 100.0 F,99.9,Machine - 99.4 F / calibrator 99.4 F,99.4,Machine - 99.1 F / calibrator 99.1 F,99.1,Machine - 100.1 F / calibrator 100.1 F,00.2,Machine - 100.2 F / calibrator 100.2 F,00.1,00,00,00,00,00,00,N/A,Jimmy Tungol and Sir Tony,3:40 pm
"1206022547680676",2023-11-24,,2023-11-24,INCUBATOR TEMPERATURE CALIBRATION submission,Untitled section,,,,,,"Hatcheryman:
Rodel Marimla

Date:
Nov 24, 2023

Shift:
2nd

Time started:
3pm

Incubator 1 Machine Temp. reading / Calibrator Temp. reading:
0

Incubator 1 Humidity reading:
0

Incubator 2 Machine Temp. reading / Calibrator Temp. reading:
machine - 100.3 / calibrator - 100.3

Incubator 2 Humidity reading:
100.5

Incubator 3 Machine Temp. reading / Calibrator Temp. reading:
machine - 100.4 / calibrator - 100.4

Incubator 3 Humidity reading:
100.4

Incubator 4 Machine Temp. reading / Calibrator Temp. reading:
machine - 99.3 / calibrator - 99.3

Incubator 4 Humidity reading:
99.3

Incubator 5 Machine Temp. reading / Calibrator Temp. reading:
machine - 99.5 / calibrator - 99.5

Incubator 5 Humidity reading:
99.5

Incubator 6 Machine Temp. reading / Calibrator Temp. reading:
machine - 100.10 / calibrator - 100.1

Incubator 6 Humidity reading:
100.19

Incubator 7 Machine Temp. reading / Calibrator Temp. reading:
machine -  100.15  / calibrator - 100.1

Incubator 7 Humidity reading:
100.13

Incubator 8 Machine Temp. reading / Calibrator Temp. reading:
0

Incubator 8 Humidity reading:
0

Incubator 9 Machine Temp. reading / Calibrator Temp. reading:
0

Incubator 9 Humidity reading:
0

Incubator 10 Machine Temp. reading / Calibrator Temp. reading:
0

Incubator 10 Humidity reading:
0

Corrective action taken for un-match machine and calibrator temperature reading after 30 minutes of checking:
n/a

Approver on machine temperature adjustment:
N/A

Time finished:
3:30pm

———————————————
This task was submitted through INCUBATOR TEMPERATURE CALIBRATION
https://form.asana.com/?k=-OgqMf660KEFQdcn3Wkysw&d=1186399537984407",INCUBATOR TEMPERATURE CALIBRATION,,,,Rodel Marimla,"Nov 24, 2023",2nd,3pm,0,0,machine - 100.3 / calibrator - 100.3,100.5,machine - 100.4 / calibrator - 100.4,100.4,machine - 99.3 / calibrator - 99.3,99.3,machine - 99.5 / calibrator - 99.5,99.5,machine - 100.10 / calibrator - 100.1,100.19,machine -  100.15  / calibrator - 100.1,100.13,0,0,0,0,0,0,n/a,N/A,3:30pm
"1206002192907821",2023-11-21,,2023-11-21,INCUBATOR TEMPERATURE CALIBRATION submission,Untitled section,,,,,,"Hatcheryman:
Rodel Marimla

Date:
Nov 21, 2023

Shift:
2nd

Time started:
3pm

Incubator 1 Machine Temp. reading / Calibrator Temp. reading:
machine - 99.4 / calibrator - 99.4

Incubator 1 Humidity reading:
99.4

Incubator 2 Machine Temp. reading / Calibrator Temp. reading:
machine - 100.4 / calibrator - 100.4

Incubator 2 Humidity reading:
100.5

Incubator 3 Machine Temp. reading / Calibrator Temp. reading:
machine - 100.4 / calibrator - 100.4

Incubator 3 Humidity reading:
100.6

Incubator 4 Machine Temp. reading / Calibrator Temp. reading:
machine - 99.9 / calibrator - 99.9

Incubator 4 Humidity reading:
99.9

Incubator 5 Machine Temp. reading / Calibrator Temp. reading:
machine - 99.9 / calibrator - 99.9

Incubator 5 Humidity reading:
99.9

Incubator 6 Machine Temp. reading / Calibrator Temp. reading:
0

Incubator 6 Humidity reading:
0

Incubator 7 Machine Temp. reading / Calibrator Temp. reading:
0

Incubator 7 Humidity reading:
0

Incubator 8 Machine Temp. reading / Calibrator Temp. reading:
0

Incubator 8 Humidity reading:
0

Incubator 9 Machine Temp. reading / Calibrator Temp. reading:
machine - 99.2 / calibrator - 99.2

Incubator 9 Humidity reading:
99.2

Incubator 10 Machine Temp. reading / Calibrator Temp. reading:
machine -  99.3 / calibrator - 2

Incubator 10 Humidity reading:
99.2

Corrective action taken for un-match machine and calibrator temperature reading after 30 minutes of checking:
n/a

Approver on machine temperature adjustment:
N/A

Time finished:
3:45pm

———————————————
This task was submitted through INCUBATOR TEMPERATURE CALIBRATION
https://form.asana.com/?k=-OgqMf660KEFQdcn3Wkysw&d=1186399537984407",INCUBATOR TEMPERATURE CALIBRATION,,,,Rodel Marimla,"Nov 21, 2023",2nd,3pm,machine - 99.4 / calibrator - 99.4,99.4,machine - 100.4 / calibrator - 100.4,100.5,machine - 100.4 / calibrator - 100.4,100.6,machine - 99.9 / calibrator - 99.9,99.9,machine - 99.9 / calibrator - 99.9,99.9,0,0,0,0,0,0,machine - 99.2 / calibrator - 99.2,99.2,machine -  99.3 / calibrator - 2,99.2,n/a,N/A,3:45pm
"1205977560624925",2023-11-17,,2023-11-17,INCUBATOR TEMPERATURE CALIBRATION submission,Untitled section,,,,,,"Hatcheryman:
Rodel Marimla

Date:
Nov 17, 2023

Shift:
2nd

Time started:
3pm

Incubator 1 Machine Temp. reading / Calibrator Temp. reading:
machine - 99.3 / calibrator - 99.3

Incubator 1 Humidity reading:
99.3

Incubator 2 Machine Temp. reading / Calibrator Temp. reading:
machine - 100.3 / calibrator - 100.3

Incubator 2 Humidity reading:
100.5

Incubator 3 Machine Temp. reading / Calibrator Temp. reading:
machine - 100.2 / calibrator - 100.2

Incubator 3 Humidity reading:
100.2

Incubator 4 Machine Temp. reading / Calibrator Temp. reading:
machine - 100.0 / calibrator - 100.0

Incubator 4 Humidity reading:
99.9

Incubator 5 Machine Temp. reading / Calibrator Temp. reading:
machine - 99.9 / calibrator - 99.9

Incubator 5 Humidity reading:
99.9

Incubator 6 Machine Temp. reading / Calibrator Temp. reading:
machine - 99.24 / calibrator - 99.2

Incubator 6 Humidity reading:
99.29

Incubator 7 Machine Temp. reading / Calibrator Temp. reading:
machine -  99.19  / calibrator - 99.1

Incubator 7 Humidity reading:
99.18

Incubator 8 Machine Temp. reading / Calibrator Temp. reading:
machine - 99.10 / calibrator - 99.1

Incubator 8 Humidity reading:
99.21

Incubator 9 Machine Temp. reading / Calibrator Temp. reading:
machine - 99.4 / calibrator - 99.4

Incubator 9 Humidity reading:
99.4

Incubator 10 Machine Temp. reading / Calibrator Temp. reading:
machine -  99.3 / calibrator - 99.3

Incubator 10 Humidity reading:
99.3

Corrective action taken for un-match machine and calibrator temperature reading after 30 minutes of checking:
n/a

Approver on machine temperature adjustment:
N/A

Time finished:
4pm

———————————————
This task was submitted through INCUBATOR TEMPERATURE CALIBRATION
https://form.asana.com/?k=-OgqMf660KEFQdcn3Wkysw&d=1186399537984407",INCUBATOR TEMPERATURE CALIBRATION,,,,Rodel Marimla,"Nov 17, 2023",2nd,3pm,machine - 99.3 / calibrator - 99.3,99.3,machine - 100.3 / calibrator - 100.3,100.5,machine - 100.2 / calibrator - 100.2,100.2,machine - 100.0 / calibrator - 100.0,99.9,machine - 99.9 / calibrator - 99.9,99.9,machine - 99.24 / calibrator - 99.2,99.29,machine -  99.19  / calibrator - 99.1,99.18,machine - 99.10 / calibrator - 99.1,99.21,machine - 99.4 / calibrator - 99.4,99.4,machine -  99.3 / calibrator - 99.3,99.3,n/a,N/A,4pm
"1205949861867709",2023-11-14,,2023-11-14,INCUBATOR TEMPERATURE CALIBRATION submission,Untitled section,,,,,,"Hatcheryman:
Rodel Marimla

Date:
Nov 14, 2023

Shift:
2nd

Time started:
3pm

Incubator 1 Machine Temp. reading / Calibrator Temp. reading:
machine - 99.7 / calibrator - 99.7

Incubator 1 Humidity reading:
99.7

Incubator 2 Machine Temp. reading / Calibrator Temp. reading:
0

Incubator 2 Humidity reading:
0

Incubator 3 Machine Temp. reading / Calibrator Temp. reading:
0

Incubator 3 Humidity reading:
0

Incubator 4 Machine Temp. reading / Calibrator Temp. reading:
machine - 100.4 / calibrator - 100.4

Incubator 4 Humidity reading:
100.2

Incubator 5 Machine Temp. reading / Calibrator Temp. reading:
machine - 100.4 / calibrator - 100.4

Incubator 5 Humidity reading:
100.1

Incubator 6 Machine Temp. reading / Calibrator Temp. reading:
machine - 99.71 / calibrator - 99.7

Incubator 6 Humidity reading:
99.70

Incubator 7 Machine Temp. reading / Calibrator Temp. reading:
machine -  99.67  / calibrator - 99.6

Incubator 7 Humidity reading:
99.53

Incubator 8 Machine Temp. reading / Calibrator Temp. reading:
machine - 99.59 / calibrator - 99.5

Incubator 8 Humidity reading:
99.59

Incubator 9 Machine Temp. reading / Calibrator Temp. reading:
machine - 99.8 / calibrator - 99.8

Incubator 9 Humidity reading:
99.8

Incubator 10 Machine Temp. reading / Calibrator Temp. reading:
machine -  99.8 / calibrator - 99.8

Incubator 10 Humidity reading:
99.8

Corrective action taken for un-match machine and calibrator temperature reading after 30 minutes of checking:
n/a

Approver on machine temperature adjustment:
N/A

Time finished:
3:45pm

———————————————
This task was submitted through INCUBATOR TEMPERATURE CALIBRATION
https://form.asana.com/?k=-OgqMf660KEFQdcn3Wkysw&d=1186399537984407",INCUBATOR TEMPERATURE CALIBRATION,,,,Rodel Marimla,"Nov 14, 2023",2nd,3pm,machine - 99.7 / calibrator - 99.7,99.7,0,0,0,0,machine - 100.4 / calibrator - 100.4,100.2,machine - 100.4 / calibrator - 100.4,100.1,machine - 99.71 / calibrator - 99.7,99.70,machine -  99.67  / calibrator - 99.6,99.53,machine - 99.59 / calibrator - 99.5,99.59,machine - 99.8 / calibrator - 99.8,99.8,machine -  99.8 / calibrator - 99.8,99.8,n/a,N/A,3:45pm
"1205924854834264",2023-11-10,,2023-11-10,INCUBATOR TEMPERATURE CALIBRATION submission,Untitled section,,,,,,"Hatcheryman:
Rodel Marimla

Date:
Nov 10, 2023

Shift:
2nd

Time started:
3:30pm

Incubator 1 Machine Temp. reading / Calibrator Temp. reading:
machine - 100.1 / calibrator - 100.1

Incubator 1 Humidity reading:
100.2

Incubator 2 Machine Temp. reading / Calibrator Temp. reading:
machine - 99.0 / calibrator - 99.0

Incubator 2 Humidity reading:
99.0

Incubator 3 Machine Temp. reading / Calibrator Temp. reading:
machine - 99.1 / calibrator - 99.1

Incubator 3 Humidity reading:
99.1

Incubator 4 Machine Temp. reading / Calibrator Temp. reading:
machine - 100.4 / calibrator - 100.4

Incubator 4 Humidity reading:
100.4

Incubator 5 Machine Temp. reading / Calibrator Temp. reading:
machine - 100.3 / calibrator - 100.3

Incubator 5 Humidity reading:
100.3

Incubator 6 Machine Temp. reading / Calibrator Temp. reading:
machine - 99.99 / calibrator - 99.9

Incubator 6 Humidity reading:
97.63

Incubator 7 Machine Temp. reading / Calibrator Temp. reading:
machine -  99.93  / calibrator - 99.9

Incubator 7 Humidity reading:
99.91

Incubator 8 Machine Temp. reading / Calibrator Temp. reading:
machine - 99.98 / calibrator - 99.9

Incubator 8 Humidity reading:
99.96

Incubator 9 Machine Temp. reading / Calibrator Temp. reading:
machine - 100.1 / calibrator - 100.1

Incubator 9 Humidity reading:
100.3

Incubator 10 Machine Temp. reading / Calibrator Temp. reading:
machine - 100.1 / calibrator - 100.1

Incubator 10 Humidity reading:
100.2

Corrective action taken for un-match machine and calibrator temperature reading after 30 minutes of checking:
n/a

Approver on machine temperature adjustment:
N/A

Time finished:
4:20pm

———————————————
This task was submitted through INCUBATOR TEMPERATURE CALIBRATION
https://form.asana.com/?k=-OgqMf660KEFQdcn3Wkysw&d=1186399537984407",INCUBATOR TEMPERATURE CALIBRATION,,,,Rodel Marimla,"Nov 10, 2023",2nd,3:30pm,machine - 100.1 / calibrator - 100.1,100.2,machine - 99.0 / calibrator - 99.0,99.0,machine - 99.1 / calibrator - 99.1,99.1,machine - 100.4 / calibrator - 100.4,100.4,machine - 100.3 / calibrator - 100.3,100.3,machine - 99.99 / calibrator - 99.9,97.63,machine -  99.93  / calibrator - 99.9,99.91,machine - 99.98 / calibrator - 99.9,99.96,machine - 100.1 / calibrator - 100.1,100.3,machine - 100.1 / calibrator - 100.1,100.2,n/a,N/A,4:20pm
"1205896916449425",2023-11-07,,2023-11-07,INCUBATOR TEMPERATURE CALIBRATION submission,Untitled section,,,,,,"Hatcheryman:
Bernardo tiamzon

Date:
Nov 7, 2023

Shift:
2nd

Time started:
3pm

Incubator 1 Machine Temp. reading / Calibrator Temp. reading:
100.4/100.4

Incubator 1 Humidity reading:
100.4

Incubator 2 Machine Temp. reading / Calibrator Temp. reading:
99.6/99.6

Incubator 2 Humidity reading:
99.6

Incubator 3 Machine Temp. reading / Calibrator Temp. reading:
99.4/99.4

Incubator 3 Humidity reading:
99.4

Incubator 4 Machine Temp. reading / Calibrator Temp. reading:
00

Incubator 4 Humidity reading:
00

Incubator 5 Machine Temp. reading / Calibrator Temp. reading:
00

Incubator 5 Humidity reading:
00

Incubator 6 Machine Temp. reading / Calibrator Temp. reading:
100 46/100.3

Incubator 6 Humidity reading:
100.18

Incubator 7 Machine Temp. reading / Calibrator Temp. reading:
100.25/100.2

Incubator 7 Humidity reading:
100.48

Incubator 8 Machine Temp. reading / Calibrator Temp. reading:
100.14/100.2

Incubator 8 Humidity reading:
100.19

Incubator 9 Machine Temp. reading / Calibrator Temp. reading:
100.3/100.3

Incubator 9 Humidity reading:
100.5

Incubator 10 Machine Temp. reading / Calibrator Temp. reading:
100.3/100.3

Incubator 10 Humidity reading:
100.4

Corrective action taken for un-match machine and calibrator temperature reading after 30 minutes of checking:
Na

Approver on machine temperature adjustment:
N/A

Time finished:
3:40pm

———————————————
This task was submitted through INCUBATOR TEMPERATURE CALIBRATION
https://form.asana.com/?k=-OgqMf660KEFQdcn3Wkysw&d=1186399537984407",INCUBATOR TEMPERATURE CALIBRATION,,,,Bernardo tiamzon,"Nov 7, 2023",2nd,3pm,100.4/100.4,100.4,99.6/99.6,99.6,99.4/99.4,99.4,00,00,00,00,100 46/100.3,100.18,100.25/100.2,100.48,100.14/100.2,100.19,100.3/100.3,100.5,100.3/100.3,100.4,Na,N/A,3:40pm
"1205868468101082",2023-11-03,,2023-11-03,INCUBATOR TEMPERATURE CALIBRATION submission,Untitled section,,,,,,"Hatcheryman:
Bernardo tiamzon

Date:
Nov 3, 2023

Shift:
2nd

Time started:
3pm

Incubator 1 Machine Temp. reading / Calibrator Temp. reading:
100.3/100.3

Incubator 1 Humidity reading:
100.3

Incubator 2 Machine Temp. reading / Calibrator Temp. reading:
99.4/99.4

Incubator 2 Humidity reading:
99.4

Incubator 3 Machine Temp. reading / Calibrator Temp. reading:
99.4/99.4

Incubator 3 Humidity reading:
99.4

Incubator 4 Machine Temp. reading / Calibrator Temp. reading:
00

Incubator 4 Humidity reading:
00

Incubator 5 Machine Temp. reading / Calibrator Temp. reading:
00

Incubator 5 Humidity reading:
00

Incubator 6 Machine Temp. reading / Calibrator Temp. reading:
100.5/100.5

Incubator 6 Humidity reading:
100.43

Incubator 7 Machine Temp. reading / Calibrator Temp. reading:
100.14/100.1

Incubator 7 Humidity reading:
100.34

Incubator 8 Machine Temp. reading / Calibrator Temp. reading:
100.17/100.2

Incubator 8 Humidity reading:
100.21

Incubator 9 Machine Temp. reading / Calibrator Temp. reading:
100.4/100.4

Incubator 9 Humidity reading:
100.5

Incubator 10 Machine Temp. reading / Calibrator Temp. reading:
100.4/100.4

Incubator 10 Humidity reading:
100.4

Corrective action taken for un-match machine and calibrator temperature reading after 30 minutes of checking:
Na

Approver on machine temperature adjustment:
N/A

Time finished:
3:45

———————————————
This task was submitted through INCUBATOR TEMPERATURE CALIBRATION
https://form.asana.com/?k=-OgqMf660KEFQdcn3Wkysw&d=1186399537984407",INCUBATOR TEMPERATURE CALIBRATION,,,,Bernardo tiamzon,"Nov 3, 2023",2nd,3pm,100.3/100.3,100.3,99.4/99.4,99.4,99.4/99.4,99.4,00,00,00,00,100.5/100.5,100.43,100.14/100.1,100.34,100.17/100.2,100.21,100.4/100.4,100.5,100.4/100.4,100.4,Na,N/A,3:45
"1205843309872642",2023-10-31,,2023-10-31,INCUBATOR TEMPERATURE CALIBRATION submission,Untitled section,,,,,,"Hatcheryman:
Bernardo tiamzon

Date:
Oct 31, 2023

Shift:
2nd

Time started:
3pm

Incubator 1 Machine Temp. reading / Calibrator Temp. reading:
00

Incubator 1 Humidity reading:
00

Incubator 2 Machine Temp. reading / Calibrator Temp. reading:
99.3/99.3

Incubator 2 Humidity reading:
99.3

Incubator 3 Machine Temp. reading / Calibrator Temp. reading:
99.2/99.2

Incubator 3 Humidity reading:
99.2

Incubator 4 Machine Temp. reading / Calibrator Temp. reading:
00

Incubator 4 Humidity reading:
00

Incubator 5 Machine Temp. reading / Calibrator Temp. reading:
99.4/99.4

Incubator 5 Humidity reading:
99.4

Incubator 6 Machine Temp. reading / Calibrator Temp. reading:
100.7/100

Incubator 6 Humidity reading:
99.84

Incubator 7 Machine Temp. reading / Calibrator Temp. reading:
100.13/100

Incubator 7 Humidity reading:
100.26

Incubator 8 Machine Temp. reading / Calibrator Temp. reading:
100.18/100

Incubator 8 Humidity reading:
100.02

Incubator 9 Machine Temp. reading / Calibrator Temp. reading:
00

Incubator 9 Humidity reading:
00

Incubator 10 Machine Temp. reading / Calibrator Temp. reading:
00

Incubator 10 Humidity reading:
00

Corrective action taken for un-match machine and calibrator temperature reading after 30 minutes of checking:
Na

Approver on machine temperature adjustment:
N/A

Time finished:
3:40pm

———————————————
This task was submitted through INCUBATOR TEMPERATURE CALIBRATION
https://form.asana.com/?k=-OgqMf660KEFQdcn3Wkysw&d=1186399537984407",INCUBATOR TEMPERATURE CALIBRATION,,,,Bernardo tiamzon,"Oct 31, 2023",2nd,3pm,00,00,99.3/99.3,99.3,99.2/99.2,99.2,00,00,99.4/99.4,99.4,100.7/100,99.84,100.13/100,100.26,100.18/100,100.02,00,00,00,00,Na,N/A,3:40pm
"1205820869393612",2023-10-27,,2023-10-27,INCUBATOR TEMPERATURE CALIBRATION submission,Untitled section,,,,,,"Hatcheryman:
Bernardo tiamzon

Date:
Oct 27, 2023

Shift:
2nd

Time started:
3pm

Incubator 1 Machine Temp. reading / Calibrator Temp. reading:
00

Incubator 1 Humidity reading:
00

Incubator 2 Machine Temp. reading / Calibrator Temp. reading:
99.7/99.7

Incubator 2 Humidity reading:
99.7

Incubator 3 Machine Temp. reading / Calibrator Temp. reading:
99.7/99.7

Incubator 3 Humidity reading:
99.7

Incubator 4 Machine Temp. reading / Calibrator Temp. reading:
00

Incubator 4 Humidity reading:
00

Incubator 5 Machine Temp. reading / Calibrator Temp. reading:
99.4/99.4

Incubator 5 Humidity reading:
99.4

Incubator 6 Machine Temp. reading / Calibrator Temp. reading:
00

Incubator 6 Humidity reading:
00

Incubator 7 Machine Temp. reading / Calibrator Temp. reading:
00

Incubator 7 Humidity reading:
00

Incubator 8 Machine Temp. reading / Calibrator Temp. reading:
00

Incubator 8 Humidity reading:
00

Incubator 9 Machine Temp. reading / Calibrator Temp. reading:
00

Incubator 9 Humidity reading:
00

Incubator 10 Machine Temp. reading / Calibrator Temp. reading:
00

Incubator 10 Humidity reading:
00

Corrective action taken for un-match machine and calibrator temperature reading after 30 minutes of checking:
Na

Approver on machine temperature adjustment:
N/A

Time finished:
3:40pm

———————————————
This task was submitted through INCUBATOR TEMPERATURE CALIBRATION
https://form.asana.com/?k=-OgqMf660KEFQdcn3Wkysw&d=1186399537984407",INCUBATOR TEMPERATURE CALIBRATION,,,,Bernardo tiamzon,"Oct 27, 2023",2nd,3pm,00,00,99.7/99.7,99.7,99.7/99.7,99.7,00,00,99.4/99.4,99.4,00,00,00,00,00,00,00,00,00,00,Na,N/A,3:40pm
"1205796021322335",2023-10-24,,2023-10-24,INCUBATOR TEMPERATURE CALIBRATION submission,Untitled section,,,,,,"Hatcheryman:
Peter Paul alap-ap 

Date:
Oct 24, 2023

Shift:
2nd

Time started:
3:00 pm

Incubator 1 Machine Temp. reading / Calibrator Temp. reading:
00

Incubator 1 Humidity reading:
00

Incubator 2 Machine Temp. reading / Calibrator Temp. reading:
99.1

Incubator 2 Humidity reading:
99.1

Incubator 3 Machine Temp. reading / Calibrator Temp. reading:
99.7

Incubator 3 Humidity reading:
99.7

Incubator 4 Machine Temp. reading / Calibrator Temp. reading:
00

Incubator 4 Humidity reading:
00

Incubator 5 Machine Temp. reading / Calibrator Temp. reading:
99.6

Incubator 5 Humidity reading:
99.6

Incubator 6 Machine Temp. reading / Calibrator Temp. reading:
00

Incubator 6 Humidity reading:
00

Incubator 7 Machine Temp. reading / Calibrator Temp. reading:
00

Incubator 7 Humidity reading:
00

Incubator 8 Machine Temp. reading / Calibrator Temp. reading:
00

Incubator 8 Humidity reading:
00

Incubator 9 Machine Temp. reading / Calibrator Temp. reading:
00

Incubator 9 Humidity reading:
00

Incubator 10 Machine Temp. reading / Calibrator Temp. reading:
00

Incubator 10 Humidity reading:
00

Corrective action taken for un-match machine and calibrator temperature reading after 30 minutes of checking:
N/A

Approver on machine temperature adjustment:
Jimmy Tungol and Sir Tony

Time finished:
3:30 pm

———————————————
This task was submitted through INCUBATOR TEMPERATURE CALIBRATION
https://form.asana.com/?k=-OgqMf660KEFQdcn3Wkysw&d=1186399537984407",INCUBATOR TEMPERATURE CALIBRATION,,,,Peter Paul alap-ap ,"Oct 24, 2023",2nd,3:00 pm,00,00,99.1,99.1,99.7,99.7,00,00,99.6,99.6,00,00,00,00,00,00,00,00,00,00,N/A,Jimmy Tungol and Sir Tony,3:30 pm
"1205740003400017",2023-10-17,,2023-10-17,INCUBATOR TEMPERATURE CALIBRATION submission,Untitled section,,,,,,"Hatcheryman:
Peter Paul alap-ap

Date:
Oct 17, 2023

Shift:
2nd

Time started:
3:00 pm 

Incubator 1 Machine Temp. reading / Calibrator Temp. reading:
00

Incubator 1 Humidity reading:
00

Incubator 2 Machine Temp. reading / Calibrator Temp. reading:
Machine - 100.3 F / calibrator 100.3 F

Incubator 2 Humidity reading:
00.1

Incubator 3 Machine Temp. reading / Calibrator Temp. reading:
Temperature 99.9 / calibrator 99.9

Incubator 3 Humidity reading:
99.9

Incubator 4 Machine Temp. reading / Calibrator Temp. reading:
00

Incubator 4 Humidity reading:
00

Incubator 5 Machine Temp. reading / Calibrator Temp. reading:
Temperature 99.9/ calibrator 99.9

Incubator 5 Humidity reading:
99.9

Incubator 6 Machine Temp. reading / Calibrator Temp. reading:
00

Incubator 6 Humidity reading:
00

Incubator 7 Machine Temp. reading / Calibrator Temp. reading:
Machine - 99.4 F / calibrator 99.4 F

Incubator 7 Humidity reading:
99.3

Incubator 8 Machine Temp. reading / Calibrator Temp. reading:
Temperature - 99.5 / calibrator 99.5

Incubator 8 Humidity reading:
99.5

Incubator 9 Machine Temp. reading / Calibrator Temp. reading:
Temperature - 99.6 / calibrator 99.6

Incubator 9 Humidity reading:
99.5

Incubator 10 Machine Temp. reading / Calibrator Temp. reading:
00

Incubator 10 Humidity reading:
00

Corrective action taken for un-match machine and calibrator temperature reading after 30 minutes of checking:
N/A

Approver on machine temperature adjustment:
Jimmy Tungol and Sir Tony

Time finished:
3:50 pm

———————————————
This task was submitted through INCUBATOR TEMPERATURE CALIBRATION
https://form.asana.com/?k=-OgqMf660KEFQdcn3Wkysw&d=1186399537984407",INCUBATOR TEMPERATURE CALIBRATION,,,,Peter Paul alap-ap,"Oct 17, 2023",2nd,3:00 pm ,00,00,Machine - 100.3 F / calibrator 100.3 F,00.1,Temperature 99.9 / calibrator 99.9,99.9,00,00,Temperature 99.9/ calibrator 99.9,99.9,00,00,Machine - 99.4 F / calibrator 99.4 F,99.3,Temperature - 99.5 / calibrator 99.5,99.5,Temperature - 99.6 / calibrator 99.6,99.5,00,00,N/A,Jimmy Tungol and Sir Tony,3:50 pm
"1205668123643934",2023-10-06,,2023-10-06,INCUBATOR TEMPERATURE CALIBRATION submission,Untitled section,,,,,,"Hatcheryman:
Rodel Marimla

Date:
Oct 6, 2023

Shift:
2nd

Time started:
3pm

Incubator 1 Machine Temp. reading / Calibrator Temp. reading:
0

Incubator 1 Humidity reading:
0

Incubator 2 Machine Temp. reading / Calibrator Temp. reading:
machine - 100.5 / calibrator - 100.5

Incubator 2 Humidity reading:
100.3

Incubator 3 Machine Temp. reading / Calibrator Temp. reading:
machine - 100.5 / calibrator - 100.5

Incubator 3 Humidity reading:
100.4

Incubator 4 Machine Temp. reading / Calibrator Temp. reading:
machine - 98.8 / calibrator - 98.8

Incubator 4 Humidity reading:
98.8

Incubator 5 Machine Temp. reading / Calibrator Temp. reading:
machine - 99.5 / calibrator - 99.5

Incubator 5 Humidity reading:
99.5

Incubator 6 Machine Temp. reading / Calibrator Temp. reading:
0

Incubator 6 Humidity reading:
0

Incubator 7 Machine Temp. reading / Calibrator Temp. reading:
machine -  99.52  / calibrator - 99.5

Incubator 7 Humidity reading:
99.45

Incubator 8 Machine Temp. reading / Calibrator Temp. reading:
machine - 99.63 / calibrator - 99.6

Incubator 8 Humidity reading:
99.47

Incubator 9 Machine Temp. reading / Calibrator Temp. reading:
machine - 99.6 / calibrator - 99.6

Incubator 9 Humidity reading:
99.6

Incubator 10 Machine Temp. reading / Calibrator Temp. reading:
0

Incubator 10 Humidity reading:
0

Corrective action taken for un-match machine and calibrator temperature reading after 30 minutes of checking:
n/a

Approver on machine temperature adjustment:
N/A

Time finished:
3:45pm

———————————————
This task was submitted through INCUBATOR TEMPERATURE CALIBRATION
https://form.asana.com/?k=-OgqMf660KEFQdcn3Wkysw&d=1186399537984407",INCUBATOR TEMPERATURE CALIBRATION,,,,Rodel Marimla,"Oct 6, 2023",2nd,3pm,0,0,machine - 100.5 / calibrator - 100.5,100.3,machine - 100.5 / calibrator - 100.5,100.4,machine - 98.8 / calibrator - 98.8,98.8,machine - 99.5 / calibrator - 99.5,99.5,0,0,machine -  99.52  / calibrator - 99.5,99.45,machine - 99.63 / calibrator - 99.6,99.47,machine - 99.6 / calibrator - 99.6,99.6,0,0,n/a,N/A,3:45pm
"1205641588861978",2023-10-03,,2023-10-03,INCUBATOR TEMPERATURE CALIBRATION submission,Untitled section,,,,,,"Hatcheryman:
Rodel Marimla

Date:
Oct 3, 2023

Shift:
2nd

Time started:
3pm

Incubator 1 Machine Temp. reading / Calibrator Temp. reading:
0

Incubator 1 Humidity reading:
0

Incubator 2 Machine Temp. reading / Calibrator Temp. reading:
machine - 99.3 / calibrator - 99.3

Incubator 2 Humidity reading:
100.1

Incubator 3 Machine Temp. reading / Calibrator Temp. reading:
machine - 100 5 / calibrator - 100.5

Incubator 3 Humidity reading:
100.5

Incubator 4 Machine Temp. reading / Calibrator Temp. reading:
machine - 99.0 / calibrator - 99.0

Incubator 4 Humidity reading:
99.0

Incubator 5 Machine Temp. reading / Calibrator Temp. reading:
machine - 100.2 / calibrator - 100.2

Incubator 5 Humidity reading:
100.3

Incubator 6 Machine Temp. reading / Calibrator Temp. reading:
0

Incubator 6 Humidity reading:
0

Incubator 7 Machine Temp. reading / Calibrator Temp. reading:
machine -  99.54  / calibrator - 99.5

Incubator 7 Humidity reading:
99.49

Incubator 8 Machine Temp. reading / Calibrator Temp. reading:
machine - 100.17 / calibrator - 100.1

Incubator 8 Humidity reading:
100.02

Incubator 9 Machine Temp. reading / Calibrator Temp. reading:
machine - 100.3 / calibrator - 100.3

Incubator 9 Humidity reading:
100.3

Incubator 10 Machine Temp. reading / Calibrator Temp. reading:
0

Incubator 10 Humidity reading:
0

Corrective action taken for un-match machine and calibrator temperature reading after 30 minutes of checking:
n/a

Approver on machine temperature adjustment:
N/A

Time finished:
3:45pm

———————————————
This task was submitted through INCUBATOR TEMPERATURE CALIBRATION
https://form.asana.com/?k=-OgqMf660KEFQdcn3Wkysw&d=1186399537984407",INCUBATOR TEMPERATURE CALIBRATION,,,,Rodel Marimla,"Oct 3, 2023",2nd,3pm,0,0,machine - 99.3 / calibrator - 99.3,100.1,machine - 100 5 / calibrator - 100.5,100.5,machine - 99.0 / calibrator - 99.0,99.0,machine - 100.2 / calibrator - 100.2,100.3,0,0,machine -  99.54  / calibrator - 99.5,99.49,machine - 100.17 / calibrator - 100.1,100.02,machine - 100.3 / calibrator - 100.3,100.3,0,0,n/a,N/A,3:45pm
"1205614575023392",2023-09-29,,2023-09-29,INCUBATOR TEMPERATURE CALIBRATION submission,Untitled section,,,,,,"Hatcheryman:
Rodel Marimla

Date:
Sep 29, 2023

Shift:
2nd

Time started:
3pm

Incubator 1 Machine Temp. reading / Calibrator Temp. reading:
0

Incubator 1 Humidity reading:
0

Incubator 2 Machine Temp. reading / Calibrator Temp. reading:
0

Incubator 2 Humidity reading:
0

Incubator 3 Machine Temp. reading / Calibrator Temp. reading:
machine - 99.4 / calibrator - 99.4

Incubator 3 Humidity reading:
99.4

Incubator 4 Machine Temp. reading / Calibrator Temp. reading:
machine - 99.2 / calibrator - 99.2

Incubator 4 Humidity reading:
99.2

Incubator 5 Machine Temp. reading / Calibrator Temp. reading:
machine - 100.2 / calibrator - 100.2

Incubator 5 Humidity reading:
100.2

Incubator 6 Machine Temp. reading / Calibrator Temp. reading:
0

Incubator 6 Humidity reading:
0

Incubator 7 Machine Temp. reading / Calibrator Temp. reading:
machine -  99.63  / calibrator - 99.54

Incubator 7 Humidity reading:
99.6

Incubator 8 Machine Temp. reading / Calibrator Temp. reading:
machine - 100.06 / calibrator - 99.87

Incubator 8 Humidity reading:
100.0

Incubator 9 Machine Temp. reading / Calibrator Temp. reading:
machine - 100.2 / calibrator - 100.2

Incubator 9 Humidity reading:
100.3

Incubator 10 Machine Temp. reading / Calibrator Temp. reading:
0

Incubator 10 Humidity reading:
0

Corrective action taken for un-match machine and calibrator temperature reading after 30 minutes of checking:
n/a

Approver on machine temperature adjustment:
N/A

Time finished:
3:30pm

———————————————
This task was submitted through INCUBATOR TEMPERATURE CALIBRATION
https://form.asana.com/?k=-OgqMf660KEFQdcn3Wkysw&d=1186399537984407",INCUBATOR TEMPERATURE CALIBRATION,,,,Rodel Marimla,"Sep 29, 2023",2nd,3pm,0,0,0,0,machine - 99.4 / calibrator - 99.4,99.4,machine - 99.2 / calibrator - 99.2,99.2,machine - 100.2 / calibrator - 100.2,100.2,0,0,machine -  99.63  / calibrator - 99.54,99.6,machine - 100.06 / calibrator - 99.87,100.0,machine - 100.2 / calibrator - 100.2,100.3,0,0,n/a,N/A,3:30pm
"1205581869531215",2023-09-26,,2023-09-26,INCUBATOR TEMPERATURE CALIBRATION submission,Untitled section,,,,,,"Hatcheryman:
Rodel Marimla

Date:
Sep 26, 2023

Shift:
2nd

Time started:
3:30pm

Incubator 1 Machine Temp. reading / Calibrator Temp. reading:
machine - 99.0 / calibrator - 99.0

Incubator 1 Humidity reading:
99.0

Incubator 2 Machine Temp. reading / Calibrator Temp. reading:
machine - 99.0 / calibrator - 99.0

Incubator 2 Humidity reading:
99.0

Incubator 3 Machine Temp. reading / Calibrator Temp. reading:
machine - 98.9 / calibrator - 98.9

Incubator 3 Humidity reading:
98.9

Incubator 4 Machine Temp. reading / Calibrator Temp. reading:
machine - 99.5 / calibrator - 99.5

Incubator 4 Humidity reading:
99.5

Incubator 5 Machine Temp. reading / Calibrator Temp. reading:
machine - 100.3 / calibrator - 100.4

Incubator 5 Humidity reading:
100.3

Incubator 6 Machine Temp. reading / Calibrator Temp. reading:
0

Incubator 6 Humidity reading:
0

Incubator 7 Machine Temp. reading / Calibrator Temp. reading:
machine -  99.73  / calibrator - 99.60

Incubator 7 Humidity reading:
99.7

Incubator 8 Machine Temp. reading / Calibrator Temp. reading:
machine - 100.07 / calibrator - 99.87

Incubator 8 Humidity reading:
100.0

Incubator 9 Machine Temp. reading / Calibrator Temp. reading:
machine - 100.4 / calibrator - 100.4

Incubator 9 Humidity reading:
100.4

Incubator 10 Machine Temp. reading / Calibrator Temp. reading:
0

Incubator 10 Humidity reading:
0

Corrective action taken for un-match machine and calibrator temperature reading after 30 minutes of checking:
n/a

Approver on machine temperature adjustment:
N/A

Time finished:
4pm

———————————————
This task was submitted through INCUBATOR TEMPERATURE CALIBRATION
https://form.asana.com/?k=-OgqMf660KEFQdcn3Wkysw&d=1186399537984407",INCUBATOR TEMPERATURE CALIBRATION,,,,Rodel Marimla,"Sep 26, 2023",2nd,3:30pm,machine - 99.0 / calibrator - 99.0,99.0,machine - 99.0 / calibrator - 99.0,99.0,machine - 98.9 / calibrator - 98.9,98.9,machine - 99.5 / calibrator - 99.5,99.5,machine - 100.3 / calibrator - 100.4,100.3,0,0,machine -  99.73  / calibrator - 99.60,99.7,machine - 100.07 / calibrator - 99.87,100.0,machine - 100.4 / calibrator - 100.4,100.4,0,0,n/a,N/A,4pm
"1205555770460760",2023-09-22,,2023-09-22,INCUBATOR TEMPERATURE CALIBRATION submission,Untitled section,,,,,,"Hatcheryman:
Bernardo tiamzon

Date:
Sep 22, 2023

Shift:
2nd

Time started:
3pm

Incubator 1 Machine Temp. reading / Calibrator Temp. reading:
99.1/99.1

Incubator 1 Humidity reading:
99.1

Incubator 2 Machine Temp. reading / Calibrator Temp. reading:
99.3/99.3

Incubator 2 Humidity reading:
99.3

Incubator 3 Machine Temp. reading / Calibrator Temp. reading:
99.2/99.2

Incubator 3 Humidity reading:
99.2

Incubator 4 Machine Temp. reading / Calibrator Temp. reading:
99.4/99.4

Incubator 4 Humidity reading:
99.4

Incubator 5 Machine Temp. reading / Calibrator Temp. reading:
100.3/100.5

Incubator 5 Humidity reading:
100.3

Incubator 6 Machine Temp. reading / Calibrator Temp. reading:
00

Incubator 6 Humidity reading:
00

Incubator 7 Machine Temp. reading / Calibrator Temp. reading:
100.15/100.08

Incubator 7 Humidity reading:
100.1

Incubator 8 Machine Temp. reading / Calibrator Temp. reading:
100.15/100.3

Incubator 8 Humidity reading:
100.1

Incubator 9 Machine Temp. reading / Calibrator Temp. reading:
100.3/100.4

Incubator 9 Humidity reading:
100.3

Incubator 10 Machine Temp. reading / Calibrator Temp. reading:
00

Incubator 10 Humidity reading:
00

Corrective action taken for un-match machine and calibrator temperature reading after 30 minutes of checking:
Na

Approver on machine temperature adjustment:
N/A

Time finished:
3:40pm

———————————————
This task was submitted through INCUBATOR TEMPERATURE CALIBRATION
https://form.asana.com/?k=-OgqMf660KEFQdcn3Wkysw&d=1186399537984407",INCUBATOR TEMPERATURE CALIBRATION,,,,Bernardo tiamzon,"Sep 22, 2023",2nd,3pm,99.1/99.1,99.1,99.3/99.3,99.3,99.2/99.2,99.2,99.4/99.4,99.4,100.3/100.5,100.3,00,00,100.15/100.08,100.1,100.15/100.3,100.1,100.3/100.4,100.3,00,00,Na,N/A,3:40pm
"1205528952000872",2023-09-19,,2023-09-19,INCUBATOR TEMPERATURE CALIBRATION submission,Untitled section,,,,,,"Hatcheryman:
Bernardo tiamzon

Date:
Sep 19, 2023

Shift:
2nd

Time started:
3pm

Incubator 1 Machine Temp. reading / Calibrator Temp. reading:
99.5/99.5

Incubator 1 Humidity reading:
99.5

Incubator 2 Machine Temp. reading / Calibrator Temp. reading:
99.3/99.3

Incubator 2 Humidity reading:
99.3

Incubator 3 Machine Temp. reading / Calibrator Temp. reading:
99.4/99.4

Incubator 3 Humidity reading:
99.4

Incubator 4 Machine Temp. reading / Calibrator Temp. reading:
99.4/99.4

Incubator 4 Humidity reading:
99.4

Incubator 5 Machine Temp. reading / Calibrator Temp. reading:
100.4/100.4

Incubator 5 Humidity reading:
100.4

Incubator 6 Machine Temp. reading / Calibrator Temp. reading:
00

Incubator 6 Humidity reading:
00

Incubator 7 Machine Temp. reading / Calibrator Temp. reading:
100.22/100.18

Incubator 7 Humidity reading:
100.1

Incubator 8 Machine Temp. reading / Calibrator Temp. reading:
100.23/100.09

Incubator 8 Humidity reading:
100.1

Incubator 9 Machine Temp. reading / Calibrator Temp. reading:
100.4/100.2

Incubator 9 Humidity reading:
100.4

Incubator 10 Machine Temp. reading / Calibrator Temp. reading:
00

Incubator 10 Humidity reading:
00

Corrective action taken for un-match machine and calibrator temperature reading after 30 minutes of checking:
Na

Approver on machine temperature adjustment:
N/A

Time finished:
3:40pm

———————————————
This task was submitted through INCUBATOR TEMPERATURE CALIBRATION
https://form.asana.com/?k=-OgqMf660KEFQdcn3Wkysw&d=1186399537984407",INCUBATOR TEMPERATURE CALIBRATION,,,,Bernardo tiamzon,"Sep 19, 2023",2nd,3pm,99.5/99.5,99.5,99.3/99.3,99.3,99.4/99.4,99.4,99.4/99.4,99.4,100.4/100.4,100.4,00,00,100.22/100.18,100.1,100.23/100.09,100.1,100.4/100.2,100.4,00,00,Na,N/A,3:40pm
"1205507220582370",2023-09-15,,2023-09-15,INCUBATOR TEMPERATURE CALIBRATION submission,Untitled section,,,,,,"Hatcheryman:
Bernardo tiamzon

Date:
Sep 15, 2023

Shift:
2nd

Time started:
3pm

Incubator 1 Machine Temp. reading / Calibrator Temp. reading:
99.5/99.5

Incubator 1 Humidity reading:
99.5

Incubator 2 Machine Temp. reading / Calibrator Temp. reading:
99.3/99.3

Incubator 2 Humidity reading:
99.3

Incubator 3 Machine Temp. reading / Calibrator Temp. reading:
99.5/99.5

Incubator 3 Humidity reading:
99.5

Incubator 4 Machine Temp. reading / Calibrator Temp. reading:
99.5/99.5

Incubator 4 Humidity reading:
99.5

Incubator 5 Machine Temp. reading / Calibrator Temp. reading:
99.1/99.1

Incubator 5 Humidity reading:
99.1

Incubator 6 Machine Temp. reading / Calibrator Temp. reading:
00

Incubator 6 Humidity reading:
00

Incubator 7 Machine Temp. reading / Calibrator Temp. reading:
100.19/100.17

Incubator 7 Humidity reading:
100.1

Incubator 8 Machine Temp. reading / Calibrator Temp. reading:
00

Incubator 8 Humidity reading:
00

Incubator 9 Machine Temp. reading / Calibrator Temp. reading:
00

Incubator 9 Humidity reading:
00

Incubator 10 Machine Temp. reading / Calibrator Temp. reading:
00

Incubator 10 Humidity reading:
00

Corrective action taken for un-match machine and calibrator temperature reading after 30 minutes of checking:
Na

Approver on machine temperature adjustment:
N/A

Time finished:
3:40pm

———————————————
This task was submitted through INCUBATOR TEMPERATURE CALIBRATION
https://form.asana.com/?k=-OgqMf660KEFQdcn3Wkysw&d=1186399537984407",INCUBATOR TEMPERATURE CALIBRATION,,,,Bernardo tiamzon,"Sep 15, 2023",2nd,3pm,99.5/99.5,99.5,99.3/99.3,99.3,99.5/99.5,99.5,99.5/99.5,99.5,99.1/99.1,99.1,00,00,100.19/100.17,100.1,00,00,00,00,00,00,Na,N/A,3:40pm
"1205476150034670",2023-09-12,,2023-09-12,INCUBATOR TEMPERATURE CALIBRATION submission,Untitled section,,,,,,"Hatcheryman:
Bernardo tiamzon

Date:
Sep 12, 2023

Shift:
2nd

Time started:
3pm

Incubator 1 Machine Temp. reading / Calibrator Temp. reading:
99.6/99.6

Incubator 1 Humidity reading:
99.6

Incubator 2 Machine Temp. reading / Calibrator Temp. reading:
99.4/99.4

Incubator 2 Humidity reading:
99.4

Incubator 3 Machine Temp. reading / Calibrator Temp. reading:
99.0/99.0

Incubator 3 Humidity reading:
99.0

Incubator 4 Machine Temp. reading / Calibrator Temp. reading:
99.9/99.9

Incubator 4 Humidity reading:
99.9

Incubator 5 Machine Temp. reading / Calibrator Temp. reading:
99.7/99.7

Incubator 5 Humidity reading:
99.7

Incubator 6 Machine Temp. reading / Calibrator Temp. reading:
00

Incubator 6 Humidity reading:
00

Incubator 7 Machine Temp. reading / Calibrator Temp. reading:
100.18/100.1

Incubator 7 Humidity reading:
100.9

Incubator 8 Machine Temp. reading / Calibrator Temp. reading:
00

Incubator 8 Humidity reading:
00

Incubator 9 Machine Temp. reading / Calibrator Temp. reading:
00

Incubator 9 Humidity reading:
00

Incubator 10 Machine Temp. reading / Calibrator Temp. reading:
00

Incubator 10 Humidity reading:
00

Corrective action taken for un-match machine and calibrator temperature reading after 30 minutes of checking:
Na

Approver on machine temperature adjustment:
N/A

Time finished:
3:25pm

———————————————
This task was submitted through INCUBATOR TEMPERATURE CALIBRATION
https://form.asana.com/?k=-OgqMf660KEFQdcn3Wkysw&d=1186399537984407",INCUBATOR TEMPERATURE CALIBRATION,,,,Bernardo tiamzon,"Sep 12, 2023",2nd,3pm,99.6/99.6,99.6,99.4/99.4,99.4,99.0/99.0,99.0,99.9/99.9,99.9,99.7/99.7,99.7,00,00,100.18/100.1,100.9,00,00,00,00,00,00,Na,N/A,3:25pm
"1205424716916316",2023-09-05,,2023-09-05,INCUBATOR TEMPERATURE CALIBRATION submission,Untitled section,,,,,,"Hatcheryman:
Peter Paul alap-ap

Date:
Sep 5, 2023

Shift:
2nd

Time started:
3:00 pm 

Incubator 1 Machine Temp. reading / Calibrator Temp. reading:
Machine - 99.3 F/ calibrator 99.3 F

Incubator 1 Humidity reading:
99.3

Incubator 2 Machine Temp. reading / Calibrator Temp. reading:
Machine - 99.4 F / calibrator 99.4 F

Incubator 2 Humidity reading:
99.4

Incubator 3 Machine Temp. reading / Calibrator Temp. reading:
Temperature 99.2 / calibrator 99.2

Incubator 3 Humidity reading:
99.2

Incubator 4 Machine Temp. reading / Calibrator Temp. reading:
Temperature 100.2 /calibrator 100.2

Incubator 4 Humidity reading:
00.4

Incubator 5 Machine Temp. reading / Calibrator Temp. reading:
Temperature 99.5 / calibrator 99.5

Incubator 5 Humidity reading:
99.5

Incubator 6 Machine Temp. reading / Calibrator Temp. reading:
00

Incubator 6 Humidity reading:
00

Incubator 7 Machine Temp. reading / Calibrator Temp. reading:
00

Incubator 7 Humidity reading:
00

Incubator 8 Machine Temp. reading / Calibrator Temp. reading:
OO

Incubator 8 Humidity reading:
00

Incubator 9 Machine Temp. reading / Calibrator Temp. reading:
00

Incubator 9 Humidity reading:
00

Incubator 10 Machine Temp. reading / Calibrator Temp. reading:
00

Incubator 10 Humidity reading:
00

Corrective action taken for un-match machine and calibrator temperature reading after 30 minutes of checking:
N/A

Approver on machine temperature adjustment:
Jimmy Tungol and Sir Tony

Time finished:
3:50 pm

———————————————
This task was submitted through INCUBATOR TEMPERATURE CALIBRATION
https://form.asana.com/?k=-OgqMf660KEFQdcn3Wkysw&d=1186399537984407",INCUBATOR TEMPERATURE CALIBRATION,,,,Peter Paul alap-ap,"Sep 5, 2023",2nd,3:00 pm ,Machine - 99.3 F/ calibrator 99.3 F,99.3,Machine - 99.4 F / calibrator 99.4 F,99.4,Temperature 99.2 / calibrator 99.2,99.2,Temperature 100.2 /calibrator 100.2,00.4,Temperature 99.5 / calibrator 99.5,99.5,00,00,00,00,OO,00,00,00,00,00,N/A,Jimmy Tungol and Sir Tony,3:50 pm
"1205404526619346",2023-09-01,,2023-09-01,INCUBATOR TEMPERATURE CALIBRATION submission,Untitled section,,,,,,"Hatcheryman:
Peter Paul alap-ap

Date:
Sep 1, 2023

Shift:
2nd

Time started:
3:00 pm 

Incubator 1 Machine Temp. reading / Calibrator Temp. reading:
Machine - 99.6 F/ calibrator 99.6 F

Incubator 1 Humidity reading:
99.6

Incubator 2 Machine Temp. reading / Calibrator Temp. reading:
Machine - 99.5 F / calibrator 99.5 F

Incubator 2 Humidity reading:
99.5

Incubator 3 Machine Temp. reading / Calibrator Temp. reading:
Temperature 99.2 / calibrator 99.2

Incubator 3 Humidity reading:
99.2

Incubator 4 Machine Temp. reading / Calibrator Temp. reading:
00

Incubator 4 Humidity reading:
00

Incubator 5 Machine Temp. reading / Calibrator Temp. reading:
Temperature 99.6/ calibrator 99.6

Incubator 5 Humidity reading:
99.6

Incubator 6 Machine Temp. reading / Calibrator Temp. reading:
00

Incubator 6 Humidity reading:
00

Incubator 7 Machine Temp. reading / Calibrator Temp. reading:
Machine - 100.3 F / calibrator 100.3 F

Incubator 7 Humidity reading:
00.0

Incubator 8 Machine Temp. reading / Calibrator Temp. reading:
OO

Incubator 8 Humidity reading:
00

Incubator 9 Machine Temp. reading / Calibrator Temp. reading:
00

Incubator 9 Humidity reading:
00

Incubator 10 Machine Temp. reading / Calibrator Temp. reading:
00

Incubator 10 Humidity reading:
00

Corrective action taken for un-match machine and calibrator temperature reading after 30 minutes of checking:
N/A

Approver on machine temperature adjustment:
Jimmy Tungol and Sir Tony

Time finished:
3:50 pm

———————————————
This task was submitted through INCUBATOR TEMPERATURE CALIBRATION
https://form.asana.com/?k=-OgqMf660KEFQdcn3Wkysw&d=1186399537984407",INCUBATOR TEMPERATURE CALIBRATION,,,,Peter Paul alap-ap,"Sep 1, 2023",2nd,3:00 pm ,Machine - 99.6 F/ calibrator 99.6 F,99.6,Machine - 99.5 F / calibrator 99.5 F,99.5,Temperature 99.2 / calibrator 99.2,99.2,00,00,Temperature 99.6/ calibrator 99.6,99.6,00,00,Machine - 100.3 F / calibrator 100.3 F,00.0,OO,00,00,00,00,00,N/A,Jimmy Tungol and Sir Tony,3:50 pm
"1205376995840866",2023-08-29,,2023-08-29,INCUBATOR TEMPERATURE CALIBRATION submission,Untitled section,,,,,,"Hatcheryman:
Peter Paul alap-ap

Date:
Aug 29, 2023

Shift:
2nd

Time started:
3:00 pm 

Incubator 1 Machine Temp. reading / Calibrator Temp. reading:
Machine - 99.2 F/ calibrator 99.2 F

Incubator 1 Humidity reading:
99.2

Incubator 2 Machine Temp. reading / Calibrator Temp. reading:
Machine - 99.4 F / calibrator 99.4 F

Incubator 2 Humidity reading:
99.4

Incubator 3 Machine Temp. reading / Calibrator Temp. reading:
Temperature 99.6 / calibrator 99.6

Incubator 3 Humidity reading:
99.6

Incubator 4 Machine Temp. reading / Calibrator Temp. reading:
Temperature 99.6 /calibrator 99.6

Incubator 4 Humidity reading:
99.6

Incubator 5 Machine Temp. reading / Calibrator Temp. reading:
Temperature 99.4 / calibrator 99.4

Incubator 5 Humidity reading:
99.4

Incubator 6 Machine Temp. reading / Calibrator Temp. reading:
00

Incubator 6 Humidity reading:
00

Incubator 7 Machine Temp. reading / Calibrator Temp. reading:
Machine - 100.0 F / calibrator 100.0 F

Incubator 7 Humidity reading:
99.8

Incubator 8 Machine Temp. reading / Calibrator Temp. reading:
OO

Incubator 8 Humidity reading:
00

Incubator 9 Machine Temp. reading / Calibrator Temp. reading:
00

Incubator 9 Humidity reading:
00

Incubator 10 Machine Temp. reading / Calibrator Temp. reading:
00

Incubator 10 Humidity reading:
00

Corrective action taken for un-match machine and calibrator temperature reading after 30 minutes of checking:
N/A

Approver on machine temperature adjustment:
Jimmy Tungol and Sir Tony

Time finished:
3:50 pm

———————————————
This task was submitted through INCUBATOR TEMPERATURE CALIBRATION
https://form.asana.com/?k=-OgqMf660KEFQdcn3Wkysw&d=1186399537984407",INCUBATOR TEMPERATURE CALIBRATION,,,,Peter Paul alap-ap,"Aug 29, 2023",2nd,3:00 pm ,Machine - 99.2 F/ calibrator 99.2 F,99.2,Machine - 99.4 F / calibrator 99.4 F,99.4,Temperature 99.6 / calibrator 99.6,99.6,Temperature 99.6 /calibrator 99.6,99.6,Temperature 99.4 / calibrator 99.4,99.4,00,00,Machine - 100.0 F / calibrator 100.0 F,99.8,OO,00,00,00,00,00,N/A,Jimmy Tungol and Sir Tony,3:50 pm
"1205352793460250",2023-08-25,,2023-08-25,INCUBATOR TEMPERATURE CALIBRATION submission,Untitled section,,,,,,"Hatcheryman:
Peter Paul alap-ap

Date:
Aug 25, 2023

Shift:
2nd

Time started:
3:00 pm 

Incubator 1 Machine Temp. reading / Calibrator Temp. reading:
Machine - 99.5  F/ calibrator 99.5. F

Incubator 1 Humidity reading:
99.5

Incubator 2 Machine Temp. reading / Calibrator Temp. reading:
Machine - 100.3 F / calibrator 100.3 F

Incubator 2 Humidity reading:
00.0

Incubator 3 Machine Temp. reading / Calibrator Temp. reading:
Temperature 100.2 / calibrator 100.2

Incubator 3 Humidity reading:
99.9

Incubator 4 Machine Temp. reading / Calibrator Temp. reading:
Temperature 99.4 /calibrator 99.4

Incubator 4 Humidity reading:
99.4

Incubator 5 Machine Temp. reading / Calibrator Temp. reading:
Temperature 99.5 / calibrator 99.5

Incubator 5 Humidity reading:
99.5

Incubator 6 Machine Temp. reading / Calibrator Temp. reading:
00

Incubator 6 Humidity reading:
00

Incubator 7 Machine Temp. reading / Calibrator Temp. reading:
00

Incubator 7 Humidity reading:
00

Incubator 8 Machine Temp. reading / Calibrator Temp. reading:
OO

Incubator 8 Humidity reading:
00

Incubator 9 Machine Temp. reading / Calibrator Temp. reading:
00

Incubator 9 Humidity reading:
00

Incubator 10 Machine Temp. reading / Calibrator Temp. reading:
00

Incubator 10 Humidity reading:
00

Corrective action taken for un-match machine and calibrator temperature reading after 30 minutes of checking:
N/A

Approver on machine temperature adjustment:
Jimmy Tungol and Sir Tony

Time finished:
3:35pm

———————————————
This task was submitted through INCUBATOR TEMPERATURE CALIBRATION
https://form.asana.com/?k=-OgqMf660KEFQdcn3Wkysw&d=1186399537984407",INCUBATOR TEMPERATURE CALIBRATION,,,,Peter Paul alap-ap,"Aug 25, 2023",2nd,3:00 pm ,Machine - 99.5  F/ calibrator 99.5. F,99.5,Machine - 100.3 F / calibrator 100.3 F,00.0,Temperature 100.2 / calibrator 100.2,99.9,Temperature 99.4 /calibrator 99.4,99.4,Temperature 99.5 / calibrator 99.5,99.5,00,00,00,00,OO,00,00,00,00,00,N/A,Jimmy Tungol and Sir Tony,3:35pm
"1205325594833197",2023-08-22,,2023-08-22,INCUBATOR TEMPERATURE CALIBRATION submission,Untitled section,,,,,,"Hatcheryman:
Rodel Marimla

Date:
Aug 22, 2023

Shift:
2nd

Time started:
3pm

Incubator 1 Machine Temp. reading / Calibrator Temp. reading:
machine - 99.7 / calibrator - 99.7

Incubator 1 Humidity reading:
99.7

Incubator 2 Machine Temp. reading / Calibrator Temp. reading:
machine - 99.6 / calibrator - 99.6

Incubator 2 Humidity reading:
99.6

Incubator 3 Machine Temp. reading / Calibrator Temp. reading:
machine - 100.1 / calibrator - 100 1

Incubator 3 Humidity reading:
100.2

Incubator 4 Machine Temp. reading / Calibrator Temp. reading:
machine - 99.5 / calibrator - 99.5

Incubator 4 Humidity reading:
99.5

Incubator 5 Machine Temp. reading / Calibrator Temp. reading:
machine - 99.7 / calibrator - 99.7

Incubator 5 Humidity reading:
99.7

Incubator 6 Machine Temp. reading / Calibrator Temp. reading:
0

Incubator 6 Humidity reading:
0

Incubator 7 Machine Temp. reading / Calibrator Temp. reading:
0

Incubator 7 Humidity reading:
0

Incubator 8 Machine Temp. reading / Calibrator Temp. reading:
0

Incubator 8 Humidity reading:
0

Incubator 9 Machine Temp. reading / Calibrator Temp. reading:
 0

Incubator 9 Humidity reading:
0

Incubator 10 Machine Temp. reading / Calibrator Temp. reading:
0

Incubator 10 Humidity reading:
0

Corrective action taken for un-match machine and calibrator temperature reading after 30 minutes of checking:
n/a

Approver on machine temperature adjustment:
N/A

Time finished:
3:45pm

———————————————
This task was submitted through INCUBATOR TEMPERATURE CALIBRATION
https://form.asana.com/?k=-OgqMf660KEFQdcn3Wkysw&d=1186399537984407",INCUBATOR TEMPERATURE CALIBRATION,,,,Rodel Marimla,"Aug 22, 2023",2nd,3pm,machine - 99.7 / calibrator - 99.7,99.7,machine - 99.6 / calibrator - 99.6,99.6,machine - 100.1 / calibrator - 100 1,100.2,machine - 99.5 / calibrator - 99.5,99.5,machine - 99.7 / calibrator - 99.7,99.7,0,0,0,0,0,0, 0,0,0,0,n/a,N/A,3:45pm
"1205300882919844",2023-08-18,,2023-08-18,INCUBATOR TEMPERATURE CALIBRATION submission,Untitled section,,,,,,"Hatcheryman:
Rodel Marimla

Date:
Aug 18, 2023

Shift:
2nd

Time started:
3pm

Incubator 1 Machine Temp. reading / Calibrator Temp. reading:
0

Incubator 1 Humidity reading:
0

Incubator 2 Machine Temp. reading / Calibrator Temp. reading:
machine - 99.7 / calibrator - 99.7

Incubator 2 Humidity reading:
99.7

Incubator 3 Machine Temp. reading / Calibrator Temp. reading:
0

Incubator 3 Humidity reading:
0

Incubator 4 Machine Temp. reading / Calibrator Temp. reading:
machine - 99.5 / calibrator - 99.5

Incubator 4 Humidity reading:
99.5

Incubator 5 Machine Temp. reading / Calibrator Temp. reading:
machine - 99.6 / calibrator - 99.6

Incubator 5 Humidity reading:
99.9

Incubator 6 Machine Temp. reading / Calibrator Temp. reading:
0

Incubator 6 Humidity reading:
0

Incubator 7 Machine Temp. reading / Calibrator Temp. reading:
0

Incubator 7 Humidity reading:
0

Incubator 8 Machine Temp. reading / Calibrator Temp. reading:
machine - 99.70 / calibrator - 99.6

Incubator 8 Humidity reading:
99.37

Incubator 9 Machine Temp. reading / Calibrator Temp. reading:
machine - 100.4 / calibrator - 100.4

Incubator 9 Humidity reading:
100.2

Incubator 10 Machine Temp. reading / Calibrator Temp. reading:
0

Incubator 10 Humidity reading:
0

Corrective action taken for un-match machine and calibrator temperature reading after 30 minutes of checking:
n/a

Approver on machine temperature adjustment:
N/A

Time finished:
3:30pm

———————————————
This task was submitted through INCUBATOR TEMPERATURE CALIBRATION
https://form.asana.com/?k=-OgqMf660KEFQdcn3Wkysw&d=1186399537984407",INCUBATOR TEMPERATURE CALIBRATION,,,,Rodel Marimla,"Aug 18, 2023",2nd,3pm,0,0,machine - 99.7 / calibrator - 99.7,99.7,0,0,machine - 99.5 / calibrator - 99.5,99.5,machine - 99.6 / calibrator - 99.6,99.9,0,0,0,0,machine - 99.70 / calibrator - 99.6,99.37,machine - 100.4 / calibrator - 100.4,100.2,0,0,n/a,N/A,3:30pm
"1205283001876465",2023-08-16,,2023-08-16,INCUBATOR TEMPERATURE CALIBRATION submission,Untitled section,,,,,,"Hatcheryman:
Rodel Marimla

Date:
Aug 15, 2023

Shift:
2nd

Time started:
3pm

Incubator 1 Machine Temp. reading / Calibrator Temp. reading:
machine - 99.8 / calibrator - 99.8

Incubator 1 Humidity reading:
99.8

Incubator 2 Machine Temp. reading / Calibrator Temp. reading:
machine - 100.3 / calibrator - 100.3

Incubator 2 Humidity reading:
100.3

Incubator 3 Machine Temp. reading / Calibrator Temp. reading:
0

Incubator 3 Humidity reading:
0

Incubator 4 Machine Temp. reading / Calibrator Temp. reading:
machine - 99.5 / calibrator - 99.5

Incubator 4 Humidity reading:
99.5

Incubator 5 Machine Temp. reading / Calibrator Temp. reading:
machine - 99.5 / calibrator - 99.5

Incubator 5 Humidity reading:
99.5

Incubator 6 Machine Temp. reading / Calibrator Temp. reading:
0

Incubator 6 Humidity reading:
0

Incubator 7 Machine Temp. reading / Calibrator Temp. reading:
0

Incubator 7 Humidity reading:
0

Incubator 8 Machine Temp. reading / Calibrator Temp. reading:
machine - 99.75 / calibrator - 99.7

Incubator 8 Humidity reading:
99.44

Incubator 9 Machine Temp. reading / Calibrator Temp. reading:
machine - 100.3 / calibrator - 100.3

Incubator 9 Humidity reading:
100.1

Incubator 10 Machine Temp. reading / Calibrator Temp. reading:
0

Incubator 10 Humidity reading:
0

Corrective action taken for un-match machine and calibrator temperature reading after 30 minutes of checking:
n/a

Approver on machine temperature adjustment:
N/A

Time finished:
3:45pm

———————————————
This task was submitted through INCUBATOR TEMPERATURE CALIBRATION
https://form.asana.com/?k=-OgqMf660KEFQdcn3Wkysw&d=1186399537984407",INCUBATOR TEMPERATURE CALIBRATION,,,,Rodel Marimla,"Aug 15, 2023",2nd,3pm,machine - 99.8 / calibrator - 99.8,99.8,machine - 100.3 / calibrator - 100.3,100.3,0,0,machine - 99.5 / calibrator - 99.5,99.5,machine - 99.5 / calibrator - 99.5,99.5,0,0,0,0,machine - 99.75 / calibrator - 99.7,99.44,machine - 100.3 / calibrator - 100.3,100.1,0,0,n/a,N/A,3:45pm
"1205256964955309",2023-08-11,,2023-08-11,INCUBATOR TEMPERATURE CALIBRATION submission,Untitled section,,,,,,"Hatcheryman:
Rodel Marimla

Date:
Aug 11, 2023

Shift:
2nd

Time started:
3pm

Incubator 1 Machine Temp. reading / Calibrator Temp. reading:
machine - 99.5 / calibrator - 99.5

Incubator 1 Humidity reading:
99.5

Incubator 2 Machine Temp. reading / Calibrator Temp. reading:
machine - 100.5 / calibrator - 100.5

Incubator 2 Humidity reading:
100.4

Incubator 3 Machine Temp. reading / Calibrator Temp. reading:
machine - 100.1 / calibrator - 100.1

Incubator 3 Humidity reading:
100.2

Incubator 4 Machine Temp. reading / Calibrator Temp. reading:
machine - 99.5 / calibrator - 99.5

Incubator 4 Humidity reading:
99.5

Incubator 5 Machine Temp. reading / Calibrator Temp. reading:
machine - 99.4 / calibrator - 99.4

Incubator 5 Humidity reading:
99.4

Incubator 6 Machine Temp. reading / Calibrator Temp. reading:
0

Incubator 6 Humidity reading:
0

Incubator 7 Machine Temp. reading / Calibrator Temp. reading:
0

Incubator 7 Humidity reading:
0

Incubator 8 Machine Temp. reading / Calibrator Temp. reading:
machine - 99.79 / calibrator - 99.7

Incubator 8 Humidity reading:
99.51

Incubator 9 Machine Temp. reading / Calibrator Temp. reading:
machine - 100.9 / calibrator - 100.9

Incubator 9 Humidity reading:
100.7

Incubator 10 Machine Temp. reading / Calibrator Temp. reading:
0

Incubator 10 Humidity reading:
0

Corrective action taken for un-match machine and calibrator temperature reading after 30 minutes of checking:
n/a

Approver on machine temperature adjustment:
N/A

Time finished:
3:45pm

———————————————
This task was submitted through INCUBATOR TEMPERATURE CALIBRATION
https://form.asana.com/?k=-OgqMf660KEFQdcn3Wkysw&d=1186399537984407",INCUBATOR TEMPERATURE CALIBRATION,,,,Rodel Marimla,"Aug 11, 2023",2nd,3pm,machine - 99.5 / calibrator - 99.5,99.5,machine - 100.5 / calibrator - 100.5,100.4,machine - 100.1 / calibrator - 100.1,100.2,machine - 99.5 / calibrator - 99.5,99.5,machine - 99.4 / calibrator - 99.4,99.4,0,0,0,0,machine - 99.79 / calibrator - 99.7,99.51,machine - 100.9 / calibrator - 100.9,100.7,0,0,n/a,N/A,3:45pm
"1205230637370820",2023-08-08,,2023-08-08,INCUBATOR TEMPERATURE CALIBRATION submission,Untitled section,,,,,,"Hatcheryman:
Bernardo tiamzon

Date:
Aug 8, 2023

Shift:
2nd

Time started:
3pm,

Incubator 1 Machine Temp. reading / Calibrator Temp. reading:
99.5/99.5

Incubator 1 Humidity reading:
99.5

Incubator 2 Machine Temp. reading / Calibrator Temp. reading:
00

Incubator 2 Humidity reading:
00

Incubator 3 Machine Temp. reading / Calibrator Temp. reading:
100/100

Incubator 3 Humidity reading:
100

Incubator 4 Machine Temp. reading / Calibrator Temp. reading:
99.4/99.4

Incubator 4 Humidity reading:
99.4

Incubator 5 Machine Temp. reading / Calibrator Temp. reading:
99.3/99.3

Incubator 5 Humidity reading:
99.3

Incubator 6 Machine Temp. reading / Calibrator Temp. reading:
00

Incubator 6 Humidity reading:
00

Incubator 7 Machine Temp. reading / Calibrator Temp. reading:
00

Incubator 7 Humidity reading:
00

Incubator 8 Machine Temp. reading / Calibrator Temp. reading:
99.74

Incubator 8 Humidity reading:
99.6

Incubator 9 Machine Temp. reading / Calibrator Temp. reading:
00

Incubator 9 Humidity reading:
00

Incubator 10 Machine Temp. reading / Calibrator Temp. reading:
00

Incubator 10 Humidity reading:
00

Corrective action taken for un-match machine and calibrator temperature reading after 30 minutes of checking:
Na

Approver on machine temperature adjustment:
N/A

Time finished:
3:45

———————————————
This task was submitted through INCUBATOR TEMPERATURE CALIBRATION
https://form.asana.com/?k=-OgqMf660KEFQdcn3Wkysw&d=1186399537984407",INCUBATOR TEMPERATURE CALIBRATION,,,,Bernardo tiamzon,"Aug 8, 2023",2nd,"3pm,",99.5/99.5,99.5,00,00,100/100,100,99.4/99.4,99.4,99.3/99.3,99.3,00,00,00,00,99.74,99.6,00,00,00,00,Na,N/A,3:45
"1205210184062738",2023-08-04,,2023-08-04,INCUBATOR TEMPERATURE CALIBRATION submission,Untitled section,,,,,,"Hatcheryman:
Bernardo tiamzon

Date:
Aug 4, 2023

Shift:
2nd

Time started:
3pm

Incubator 1 Machine Temp. reading / Calibrator Temp. reading:
99.7/99.7

Incubator 1 Humidity reading:
99.7

Incubator 2 Machine Temp. reading / Calibrator Temp. reading:
99.3/99.3

Incubator 2 Humidity reading:
99.3

Incubator 3 Machine Temp. reading / Calibrator Temp. reading:
99.9/99.9

Incubator 3 Humidity reading:
99.9

Incubator 4 Machine Temp. reading / Calibrator Temp. reading:
99.6/99.6

Incubator 4 Humidity reading:
99.6

Incubator 5 Machine Temp. reading / Calibrator Temp. reading:
99.7/99.7

Incubator 5 Humidity reading:
99.7

Incubator 6 Machine Temp. reading / Calibrator Temp. reading:
00

Incubator 6 Humidity reading:
00

Incubator 7 Machine Temp. reading / Calibrator Temp. reading:
00

Incubator 7 Humidity reading:
00

Incubator 8 Machine Temp. reading / Calibrator Temp. reading:
99.71

Incubator 8 Humidity reading:
99.6

Incubator 9 Machine Temp. reading / Calibrator Temp. reading:
00

Incubator 9 Humidity reading:
00

Incubator 10 Machine Temp. reading / Calibrator Temp. reading:
00

Incubator 10 Humidity reading:
00

Corrective action taken for un-match machine and calibrator temperature reading after 30 minutes of checking:
Na

Approver on machine temperature adjustment:
N/A

Time finished:
3:40pm

———————————————
This task was submitted through INCUBATOR TEMPERATURE CALIBRATION
https://form.asana.com/?k=-OgqMf660KEFQdcn3Wkysw&d=1186399537984407",INCUBATOR TEMPERATURE CALIBRATION,,,,Bernardo tiamzon,"Aug 4, 2023",2nd,3pm,99.7/99.7,99.7,99.3/99.3,99.3,99.9/99.9,99.9,99.6/99.6,99.6,99.7/99.7,99.7,00,00,00,00,99.71,99.6,00,00,00,00,Na,N/A,3:40pm
"1205182352374885",2023-08-01,,2023-08-01,INCUBATOR TEMPERATURE CALIBRATION submission,Untitled section,,,,,,"Hatcheryman:
Bernardo tiamzon

Date:
Aug 1, 2023

Shift:
2nd

Time started:
3pm

Incubator 1 Machine Temp. reading / Calibrator Temp. reading:
99.1/99.1

Incubator 1 Humidity reading:
99.1

Incubator 2 Machine Temp. reading / Calibrator Temp. reading:
99.5/99.5

Incubator 2 Humidity reading:
99.5

Incubator 3 Machine Temp. reading / Calibrator Temp. reading:
99.8/99.8

Incubator 3 Humidity reading:
99.8

Incubator 4 Machine Temp. reading / Calibrator Temp. reading:
99.3/99.3

Incubator 4 Humidity reading:
99.3

Incubator 5 Machine Temp. reading / Calibrator Temp. reading:
99.6/99.6

Incubator 5 Humidity reading:
99.6

Incubator 6 Machine Temp. reading / Calibrator Temp. reading:
00

Incubator 6 Humidity reading:
00

Incubator 7 Machine Temp. reading / Calibrator Temp. reading:
00

Incubator 7 Humidity reading:
00

Incubator 8 Machine Temp. reading / Calibrator Temp. reading:
99.70

Incubator 8 Humidity reading:
99.6

Incubator 9 Machine Temp. reading / Calibrator Temp. reading:
00

Incubator 9 Humidity reading:
00

Incubator 10 Machine Temp. reading / Calibrator Temp. reading:
00

Incubator 10 Humidity reading:
00

Corrective action taken for un-match machine and calibrator temperature reading after 30 minutes of checking:
Na

Approver on machine temperature adjustment:
N/A

Time finished:
3:45

———————————————
This task was submitted through INCUBATOR TEMPERATURE CALIBRATION
https://form.asana.com/?k=-OgqMf660KEFQdcn3Wkysw&d=1186399537984407",INCUBATOR TEMPERATURE CALIBRATION,,,,Bernardo tiamzon,"Aug 1, 2023",2nd,3pm,99.1/99.1,99.1,99.5/99.5,99.5,99.8/99.8,99.8,99.3/99.3,99.3,99.6/99.6,99.6,00,00,00,00,99.70,99.6,00,00,00,00,Na,N/A,3:45
"1205159398156173",2023-07-28,,2023-07-28,INCUBATOR TEMPERATURE CALIBRATION submission,Untitled section,,,,,,"Hatcheryman:
Bernardo tiamzon

Date:
Jul 28, 2023

Shift:
2nd

Time started:
3pm

Incubator 1 Machine Temp. reading / Calibrator Temp. reading:
99.9 /99.9

Incubator 1 Humidity reading:
99.9

Incubator 2 Machine Temp. reading / Calibrator Temp. reading:
99.8/99.8

Incubator 2 Humidity reading:
99.8

Incubator 3 Machine Temp. reading / Calibrator Temp. reading:
99.5/99.5

Incubator 3 Humidity reading:
99.5

Incubator 4 Machine Temp. reading / Calibrator Temp. reading:
99.7/99.7

Incubator 4 Humidity reading:
99.7

Incubator 5 Machine Temp. reading / Calibrator Temp. reading:
99.6/99.6

Incubator 5 Humidity reading:
99.6

Incubator 6 Machine Temp. reading / Calibrator Temp. reading:
00

Incubator 6 Humidity reading:
00

Incubator 7 Machine Temp. reading / Calibrator Temp. reading:
00

Incubator 7 Humidity reading:
00

Incubator 8 Machine Temp. reading / Calibrator Temp. reading:
99.69

Incubator 8 Humidity reading:
99.6

Incubator 9 Machine Temp. reading / Calibrator Temp. reading:
00

Incubator 9 Humidity reading:
00

Incubator 10 Machine Temp. reading / Calibrator Temp. reading:
00

Incubator 10 Humidity reading:
00

Corrective action taken for un-match machine and calibrator temperature reading after 30 minutes of checking:
Na

Approver on machine temperature adjustment:
N/A

Time finished:
3:40pm

———————————————
This task was submitted through INCUBATOR TEMPERATURE CALIBRATION
https://form.asana.com/?k=-OgqMf660KEFQdcn3Wkysw&d=1186399537984407",INCUBATOR TEMPERATURE CALIBRATION,,,,Bernardo tiamzon,"Jul 28, 2023",2nd,3pm,99.9 /99.9,99.9,99.8/99.8,99.8,99.5/99.5,99.5,99.7/99.7,99.7,99.6/99.6,99.6,00,00,00,00,99.69,99.6,00,00,00,00,Na,N/A,3:40pm
"1205134017735854",2023-07-25,,2023-07-25,INCUBATOR TEMPERATURE CALIBRATION submission,Untitled section,,,,,,"Hatcheryman:
Bernardo tiamzon

Date:
Jul 25, 2023

Shift:
2nd

Time started:
3pm

Incubator 1 Machine Temp. reading / Calibrator Temp. reading:
99.7/99.7

Incubator 1 Humidity reading:
99.8

Incubator 2 Machine Temp. reading / Calibrator Temp. reading:
99.7/99.7

Incubator 2 Humidity reading:
99.7

Incubator 3 Machine Temp. reading / Calibrator Temp. reading:
99.8/99.8

Incubator 3 Humidity reading:
99.8

Incubator 4 Machine Temp. reading / Calibrator Temp. reading:
99.7/99.7

Incubator 4 Humidity reading:
99.7

Incubator 5 Machine Temp. reading / Calibrator Temp. reading:
99.7/99.7

Incubator 5 Humidity reading:
99.7

Incubator 6 Machine Temp. reading / Calibrator Temp. reading:
00

Incubator 6 Humidity reading:
00

Incubator 7 Machine Temp. reading / Calibrator Temp. reading:
00

Incubator 7 Humidity reading:
00

Incubator 8 Machine Temp. reading / Calibrator Temp. reading:
99.57

Incubator 8 Humidity reading:
99.5

Incubator 9 Machine Temp. reading / Calibrator Temp. reading:
00

Incubator 9 Humidity reading:
00

Incubator 10 Machine Temp. reading / Calibrator Temp. reading:
00

Incubator 10 Humidity reading:
00

Corrective action taken for un-match machine and calibrator temperature reading after 30 minutes of checking:
Na

Approver on machine temperature adjustment:
N/A

Time finished:
3:40pm

———————————————
This task was submitted through INCUBATOR TEMPERATURE CALIBRATION
https://form.asana.com/?k=-OgqMf660KEFQdcn3Wkysw&d=1186399537984407",INCUBATOR TEMPERATURE CALIBRATION,,,,Bernardo tiamzon,"Jul 25, 2023",2nd,3pm,99.7/99.7,99.8,99.7/99.7,99.7,99.8/99.8,99.8,99.7/99.7,99.7,99.7/99.7,99.7,00,00,00,00,99.57,99.5,00,00,00,00,Na,N/A,3:40pm
"1204988121004759",2023-07-07,,2023-07-07,INCUBATOR TEMPERATURE CALIBRATION submission,Untitled section,,,,,,"Hatcheryman:
Rodel Marimla

Date:
Jul 7, 2023

Shift:
2nd

Time started:
3pm

Incubator 1 Machine Temp. reading / Calibrator Temp. reading:
machine - 99.6 / calibrator - 99.6

Incubator 1 Humidity reading:
99.6

Incubator 2 Machine Temp. reading / Calibrator Temp. reading:
machine - 99.5 / calibrator - 99.5

Incubator 2 Humidity reading:
99.5

Incubator 3 Machine Temp. reading / Calibrator Temp. reading:
machine - 99.5 / calibrator - 99.5

Incubator 3 Humidity reading:
99.5

Incubator 4 Machine Temp. reading / Calibrator Temp. reading:
machine - 99.6 / calibrator - 99.6

Incubator 4 Humidity reading:
99.6

Incubator 5 Machine Temp. reading / Calibrator Temp. reading:
machine - 99.6 / calibrator - 99.6

Incubator 5 Humidity reading:
99.6

Incubator 6 Machine Temp. reading / Calibrator Temp. reading:
0

Incubator 6 Humidity reading:
0

Incubator 7 Machine Temp. reading / Calibrator Temp. reading:
0

Incubator 7 Humidity reading:
0

Incubator 8 Machine Temp. reading / Calibrator Temp. reading:
machine - 99.89 / calibrator - 99.52

Incubator 8 Humidity reading:
99.8

Incubator 9 Machine Temp. reading / Calibrator Temp. reading:
0

Incubator 9 Humidity reading:
0

Incubator 10 Machine Temp. reading / Calibrator Temp. reading:
0

Incubator 10 Humidity reading:
0

Corrective action taken for un-match machine and calibrator temperature reading after 30 minutes of checking:
n/a

Approver on machine temperature adjustment:
N/A

Time finished:
3:30pm

———————————————
This task was submitted through INCUBATOR TEMPERATURE CALIBRATION
https://form.asana.com/?k=-OgqMf660KEFQdcn3Wkysw&d=1186399537984407",INCUBATOR TEMPERATURE CALIBRATION,,,,Rodel Marimla,"Jul 7, 2023",2nd,3pm,machine - 99.6 / calibrator - 99.6,99.6,machine - 99.5 / calibrator - 99.5,99.5,machine - 99.5 / calibrator - 99.5,99.5,machine - 99.6 / calibrator - 99.6,99.6,machine - 99.6 / calibrator - 99.6,99.6,0,0,0,0,machine - 99.89 / calibrator - 99.52,99.8,0,0,0,0,n/a,N/A,3:30pm
"1204963434729350",2023-07-04,,2023-07-04,INCUBATOR TEMPERATURE CALIBRATION submission,Untitled section,,,,,,"Hatcheryman:
Bernardo tiamzon

Date:
Jul 4, 2023

Shift:
1st

Time started:
3pm

Incubator 1 Machine Temp. reading / Calibrator Temp. reading:
99.7/99.7

Incubator 1 Humidity reading:
99.7

Incubator 2 Machine Temp. reading / Calibrator Temp. reading:
99.5/99.5

Incubator 2 Humidity reading:
99.5

Incubator 3 Machine Temp. reading / Calibrator Temp. reading:
99.3/99.3

Incubator 3 Humidity reading:
99.3

Incubator 4 Machine Temp. reading / Calibrator Temp. reading:
99.7/99.7

Incubator 4 Humidity reading:
99.7

Incubator 5 Machine Temp. reading / Calibrator Temp. reading:
99.6/99.6

Incubator 5 Humidity reading:
99.6

Incubator 6 Machine Temp. reading / Calibrator Temp. reading:
00

Incubator 6 Humidity reading:
00

Incubator 7 Machine Temp. reading / Calibrator Temp. reading:
00

Incubator 7 Humidity reading:
00

Incubator 8 Machine Temp. reading / Calibrator Temp. reading:
100.2

Incubator 8 Humidity reading:
100

Incubator 9 Machine Temp. reading / Calibrator Temp. reading:
00

Incubator 9 Humidity reading:
00

Incubator 10 Machine Temp. reading / Calibrator Temp. reading:
00

Incubator 10 Humidity reading:
00

Corrective action taken for un-match machine and calibrator temperature reading after 30 minutes of checking:
Na

Approver on machine temperature adjustment:
N/A

Time finished:
3:45

———————————————
This task was submitted through INCUBATOR TEMPERATURE CALIBRATION
https://form.asana.com/?k=-OgqMf660KEFQdcn3Wkysw&d=1186399537984407",INCUBATOR TEMPERATURE CALIBRATION,,,,Bernardo tiamzon,"Jul 4, 2023",1st,3pm,99.7/99.7,99.7,99.5/99.5,99.5,99.3/99.3,99.3,99.7/99.7,99.7,99.6/99.6,99.6,00,00,00,00,100.2,100,00,00,00,00,Na,N/A,3:45
"1204943978938870",2023-06-30,,2023-06-30,INCUBATOR TEMPERATURE CALIBRATION submission,Untitled section,,,,,,"Hatcheryman:
Rodel Marimla

Date:
Jun 30, 2023

Shift:
2nd

Time started:
3pm

Incubator 1 Machine Temp. reading / Calibrator Temp. reading:
machine - 99.5 / calibrator - 99.5

Incubator 1 Humidity reading:
99.5

Incubator 2 Machine Temp. reading / Calibrator Temp. reading:
machine - 99.7 / calibrator - 99.7

Incubator 2 Humidity reading:
99.7

Incubator 3 Machine Temp. reading / Calibrator Temp. reading:
machine - 99.4 / calibrator - 99.4

Incubator 3 Humidity reading:
99.4

Incubator 4 Machine Temp. reading / Calibrator Temp. reading:
machine - 99.7 / calibrator - 99.7

Incubator 4 Humidity reading:
99.7

Incubator 5 Machine Temp. reading / Calibrator Temp. reading:
machine - 99.5 / calibrator - 99.5

Incubator 5 Humidity reading:
99.5

Incubator 6 Machine Temp. reading / Calibrator Temp. reading:
0

Incubator 6 Humidity reading:
0

Incubator 7 Machine Temp. reading / Calibrator Temp. reading:
0

Incubator 7 Humidity reading:
0

Incubator 8 Machine Temp. reading / Calibrator Temp. reading:
machine - 100.09 / calibrator - 100.0

Incubator 8 Humidity reading:
99.73

Incubator 9 Machine Temp. reading / Calibrator Temp. reading:
0

Incubator 9 Humidity reading:
0

Incubator 10 Machine Temp. reading / Calibrator Temp. reading:
0

Incubator 10 Humidity reading:
0

Corrective action taken for un-match machine and calibrator temperature reading after 30 minutes of checking:
n/a

Approver on machine temperature adjustment:
N/A

Time finished:
3:30pm

———————————————
This task was submitted through INCUBATOR TEMPERATURE CALIBRATION
https://form.asana.com/?k=-OgqMf660KEFQdcn3Wkysw&d=1186399537984407",INCUBATOR TEMPERATURE CALIBRATION,,,,Rodel Marimla,"Jun 30, 2023",2nd,3pm,machine - 99.5 / calibrator - 99.5,99.5,machine - 99.7 / calibrator - 99.7,99.7,machine - 99.4 / calibrator - 99.4,99.4,machine - 99.7 / calibrator - 99.7,99.7,machine - 99.5 / calibrator - 99.5,99.5,0,0,0,0,machine - 100.09 / calibrator - 100.0,99.73,0,0,0,0,n/a,N/A,3:30pm
"1204916008302981",2023-06-27,,2023-06-27,INCUBATOR TEMPERATURE CALIBRATION submission,Untitled section,,,,,,"Hatcheryman:
Rodel Marimla

Date:
Jun 27, 2023

Shift:
2nd

Time started:
3pm

Incubator 1 Machine Temp. reading / Calibrator Temp. reading:
machine - 99.6 / calibrator - 99.6

Incubator 1 Humidity reading:
99.6

Incubator 2 Machine Temp. reading / Calibrator Temp. reading:
machine - 99.7 / calibrator - 99.7

Incubator 2 Humidity reading:
99.7

Incubator 3 Machine Temp. reading / Calibrator Temp. reading:
machine - 99.5 / calibrator - 99.5

Incubator 3 Humidity reading:
99.5

Incubator 4 Machine Temp. reading / Calibrator Temp. reading:
machine - 99.6 / calibrator - 99.6

Incubator 4 Humidity reading:
99.6

Incubator 5 Machine Temp. reading / Calibrator Temp. reading:
machine - 99.6 / calibrator - 99.6

Incubator 5 Humidity reading:
99.6

Incubator 6 Machine Temp. reading / Calibrator Temp. reading:
0

Incubator 6 Humidity reading:
0

Incubator 7 Machine Temp. reading / Calibrator Temp. reading:
0

Incubator 7 Humidity reading:
0

Incubator 8 Machine Temp. reading / Calibrator Temp. reading:
machine - 100.34 / calibrator - 100.3

Incubator 8 Humidity reading:
99.92

Incubator 9 Machine Temp. reading / Calibrator Temp. reading:
0

Incubator 9 Humidity reading:
0

Incubator 10 Machine Temp. reading / Calibrator Temp. reading:
0

Incubator 10 Humidity reading:
0

Corrective action taken for un-match machine and calibrator temperature reading after 30 minutes of checking:
n/a

Approver on machine temperature adjustment:
N/A

Time finished:
3:30pm

———————————————
This task was submitted through INCUBATOR TEMPERATURE CALIBRATION
https://form.asana.com/?k=-OgqMf660KEFQdcn3Wkysw&d=1186399537984407",INCUBATOR TEMPERATURE CALIBRATION,,,,Rodel Marimla,"Jun 27, 2023",2nd,3pm,machine - 99.6 / calibrator - 99.6,99.6,machine - 99.7 / calibrator - 99.7,99.7,machine - 99.5 / calibrator - 99.5,99.5,machine - 99.6 / calibrator - 99.6,99.6,machine - 99.6 / calibrator - 99.6,99.6,0,0,0,0,machine - 100.34 / calibrator - 100.3,99.92,0,0,0,0,n/a,N/A,3:30pm
"1204890214103569",2023-06-23,,2023-06-23,INCUBATOR TEMPERATURE CALIBRATION submission,Untitled section,,,,,,"Hatcheryman:
Bernardo tiamzon

Date:
Jun 23, 2023

Shift:
2nd

Time started:
3pm

Incubator 1 Machine Temp. reading / Calibrator Temp. reading:
99.5/99.5

Incubator 1 Humidity reading:
99.5

Incubator 2 Machine Temp. reading / Calibrator Temp. reading:
99.8/99.8

Incubator 2 Humidity reading:
99.8

Incubator 3 Machine Temp. reading / Calibrator Temp. reading:
99.5/99.5

Incubator 3 Humidity reading:
99.5

Incubator 4 Machine Temp. reading / Calibrator Temp. reading:
99.5/99.5

Incubator 4 Humidity reading:
99.5

Incubator 5 Machine Temp. reading / Calibrator Temp. reading:
99.8/99.8

Incubator 5 Humidity reading:
99.8

Incubator 6 Machine Temp. reading / Calibrator Temp. reading:
00

Incubator 6 Humidity reading:
00

Incubator 7 Machine Temp. reading / Calibrator Temp. reading:
00

Incubator 7 Humidity reading:
00

Incubator 8 Machine Temp. reading / Calibrator Temp. reading:
00

Incubator 8 Humidity reading:
00

Incubator 9 Machine Temp. reading / Calibrator Temp. reading:
00

Incubator 9 Humidity reading:
00

Incubator 10 Machine Temp. reading / Calibrator Temp. reading:
00

Incubator 10 Humidity reading:
00

Corrective action taken for un-match machine and calibrator temperature reading after 30 minutes of checking:
Na

Approver on machine temperature adjustment:
N/A

Time finished:
3:45

———————————————
This task was submitted through INCUBATOR TEMPERATURE CALIBRATION
https://form.asana.com/?k=-OgqMf660KEFQdcn3Wkysw&d=1186399537984407",INCUBATOR TEMPERATURE CALIBRATION,,,,Bernardo tiamzon,"Jun 23, 2023",2nd,3pm,99.5/99.5,99.5,99.8/99.8,99.8,99.5/99.5,99.5,99.5/99.5,99.5,99.8/99.8,99.8,00,00,00,00,00,00,00,00,00,00,Na,N/A,3:45
"1204862215804355",2023-06-20,,2023-06-20,INCUBATOR TEMPERATURE CALIBRATION submission,Untitled section,,,,,,"Hatcheryman:
Bernardo tiamzon

Date:
Jun 20, 2023

Shift:
2nd

Time started:
3pm

Incubator 1 Machine Temp. reading / Calibrator Temp. reading:
99.4/99.4

Incubator 1 Humidity reading:
99.4

Incubator 2 Machine Temp. reading / Calibrator Temp. reading:
99.4/99.4

Incubator 2 Humidity reading:
99.4

Incubator 3 Machine Temp. reading / Calibrator Temp. reading:
99.6/99.6

Incubator 3 Humidity reading:
99.6

Incubator 4 Machine Temp. reading / Calibrator Temp. reading:
99.6/99.6

Incubator 4 Humidity reading:
99.6

Incubator 5 Machine Temp. reading / Calibrator Temp. reading:
99.6/99.6

Incubator 5 Humidity reading:
99.6

Incubator 6 Machine Temp. reading / Calibrator Temp. reading:
00

Incubator 6 Humidity reading:
00

Incubator 7 Machine Temp. reading / Calibrator Temp. reading:
00

Incubator 7 Humidity reading:
00

Incubator 8 Machine Temp. reading / Calibrator Temp. reading:
00

Incubator 8 Humidity reading:
00

Incubator 9 Machine Temp. reading / Calibrator Temp. reading:
00

Incubator 9 Humidity reading:
00

Incubator 10 Machine Temp. reading / Calibrator Temp. reading:
00

Incubator 10 Humidity reading:
00

Corrective action taken for un-match machine and calibrator temperature reading after 30 minutes of checking:
Na

Approver on machine temperature adjustment:
N/A

Time finished:
3:25

———————————————
This task was submitted through INCUBATOR TEMPERATURE CALIBRATION
https://form.asana.com/?k=-OgqMf660KEFQdcn3Wkysw&d=1186399537984407",INCUBATOR TEMPERATURE CALIBRATION,,,,Bernardo tiamzon,"Jun 20, 2023",2nd,3pm,99.4/99.4,99.4,99.4/99.4,99.4,99.6/99.6,99.6,99.6/99.6,99.6,99.6/99.6,99.6,00,00,00,00,00,00,00,00,00,00,Na,N/A,3:25
"1204841621837679",2023-06-16,,2023-06-16,INCUBATOR TEMPERATURE CALIBRATION submission,Untitled section,,,,,,"Hatcheryman:
Peter Paul alap-ap

Date:
Jun 16, 2023

Shift:
2nd

Time started:
3:00 pm 

Incubator 1 Machine Temp. reading / Calibrator Temp. reading:
Machine - 99.5 F/ calibrator 99.6 F

Incubator 1 Humidity reading:
99.5

Incubator 2 Machine Temp. reading / Calibrator Temp. reading:
Machine - 99.8 F / calibrator 99.8 F

Incubator 2 Humidity reading:
99.8

Incubator 3 Machine Temp. reading / Calibrator Temp. reading:
Temperature 99.9/ calibrator 99.9

Incubator 3 Humidity reading:
99.9

Incubator 4 Machine Temp. reading / Calibrator Temp. reading:
Temperature 99.5/calibrator 99.5

Incubator 4 Humidity reading:
99.5

Incubator 5 Machine Temp. reading / Calibrator Temp. reading:
Temperature 99.8 / calibrator 99.8

Incubator 5 Humidity reading:
99.8

Incubator 6 Machine Temp. reading / Calibrator Temp. reading:
00

Incubator 6 Humidity reading:
00

Incubator 7 Machine Temp. reading / Calibrator Temp. reading:
00

Incubator 7 Humidity reading:
00

Incubator 8 Machine Temp. reading / Calibrator Temp. reading:
00

Incubator 8 Humidity reading:
00

Incubator 9 Machine Temp. reading / Calibrator Temp. reading:
00

Incubator 9 Humidity reading:
00

Incubator 10 Machine Temp. reading / Calibrator Temp. reading:
00

Incubator 10 Humidity reading:
00

Corrective action taken for un-match machine and calibrator temperature reading after 30 minutes of checking:
N/A

Approver on machine temperature adjustment:
Jimmy Tungol and Sir Tony

Time finished:
3:50 pm

———————————————
This task was submitted through INCUBATOR TEMPERATURE CALIBRATION
https://form.asana.com/?k=-OgqMf660KEFQdcn3Wkysw&d=1186399537984407",INCUBATOR TEMPERATURE CALIBRATION,,,,Peter Paul alap-ap,"Jun 16, 2023",2nd,3:00 pm ,Machine - 99.5 F/ calibrator 99.6 F,99.5,Machine - 99.8 F / calibrator 99.8 F,99.8,Temperature 99.9/ calibrator 99.9,99.9,Temperature 99.5/calibrator 99.5,99.5,Temperature 99.8 / calibrator 99.8,99.8,00,00,00,00,00,00,00,00,00,00,N/A,Jimmy Tungol and Sir Tony,3:50 pm
"1204814865286199",2023-06-13,,2023-06-13,INCUBATOR TEMPERATURE CALIBRATION submission,Untitled section,,,,,,"Hatcheryman:
Bernardo tiamzon

Date:
Jun 13, 2023

Shift:
2nd

Time started:
3pm

Incubator 1 Machine Temp. reading / Calibrator Temp. reading:
99.6/996

Incubator 1 Humidity reading:
99.6

Incubator 2 Machine Temp. reading / Calibrator Temp. reading:
99.6/99.6

Incubator 2 Humidity reading:
99.6

Incubator 3 Machine Temp. reading / Calibrator Temp. reading:
100.2/100.2

Incubator 3 Humidity reading:
99.9

Incubator 4 Machine Temp. reading / Calibrator Temp. reading:
99.6/99.6

Incubator 4 Humidity reading:
99.6

Incubator 5 Machine Temp. reading / Calibrator Temp. reading:
99.8/99.8

Incubator 5 Humidity reading:
99.8

Incubator 6 Machine Temp. reading / Calibrator Temp. reading:
00

Incubator 6 Humidity reading:
00

Incubator 7 Machine Temp. reading / Calibrator Temp. reading:
00

Incubator 7 Humidity reading:
00

Incubator 8 Machine Temp. reading / Calibrator Temp. reading:
00

Incubator 8 Humidity reading:
00

Incubator 9 Machine Temp. reading / Calibrator Temp. reading:
00

Incubator 9 Humidity reading:
00

Incubator 10 Machine Temp. reading / Calibrator Temp. reading:
00

Incubator 10 Humidity reading:
00

Corrective action taken for un-match machine and calibrator temperature reading after 30 minutes of checking:
Na

Approver on machine temperature adjustment:
N/A

Time finished:
3:45

———————————————
This task was submitted through INCUBATOR TEMPERATURE CALIBRATION
https://form.asana.com/?k=-OgqMf660KEFQdcn3Wkysw&d=1186399537984407",INCUBATOR TEMPERATURE CALIBRATION,,,,Bernardo tiamzon,"Jun 13, 2023",2nd,3pm,99.6/996,99.6,99.6/99.6,99.6,100.2/100.2,99.9,99.6/99.6,99.6,99.8/99.8,99.8,00,00,00,00,00,00,00,00,00,00,Na,N/A,3:45
"1204793841876236",2023-06-09,,2023-06-09,INCUBATOR TEMPERATURE CALIBRATION submission,Untitled section,,,,,,"Hatcheryman:
Peter Paul alap-ap

Date:
Jun 9, 2023

Shift:
2nd

Time started:
3:00 pm 

Incubator 1 Machine Temp. reading / Calibrator Temp. reading:
Machine - 99.5 F/ calibrator 99.5 F

Incubator 1 Humidity reading:
99.5

Incubator 2 Machine Temp. reading / Calibrator Temp. reading:
Temp.99.9 F / calibrator 99.9

Incubator 2 Humidity reading:
99.9

Incubator 3 Machine Temp. reading / Calibrator Temp. reading:
Temperature 100.5 / calibrator 100.5

Incubator 3 Humidity reading:
00.2

Incubator 4 Machine Temp. reading / Calibrator Temp. reading:
Temperature 99.7 /calibrator 99.7

Incubator 4 Humidity reading:
99.7

Incubator 5 Machine Temp. reading / Calibrator Temp. reading:
Temperature 99.7/ calibrator 99.7

Incubator 5 Humidity reading:
99.7

Incubator 6 Machine Temp. reading / Calibrator Temp. reading:
00

Incubator 6 Humidity reading:
00

Incubator 7 Machine Temp. reading / Calibrator Temp. reading:
00

Incubator 7 Humidity reading:
00

Incubator 8 Machine Temp. reading / Calibrator Temp. reading:
00

Incubator 8 Humidity reading:
00

Incubator 9 Machine Temp. reading / Calibrator Temp. reading:
00

Incubator 9 Humidity reading:
00

Incubator 10 Machine Temp. reading / Calibrator Temp. reading:
00

Incubator 10 Humidity reading:
00

Corrective action taken for un-match machine and calibrator temperature reading after 30 minutes of checking:
N/A

Approver on machine temperature adjustment:
Jimmy Tungol and Sir Tony

Time finished:
3:50 pm

———————————————
This task was submitted through INCUBATOR TEMPERATURE CALIBRATION
https://form.asana.com/?k=-OgqMf660KEFQdcn3Wkysw&d=1186399537984407",INCUBATOR TEMPERATURE CALIBRATION,,,,Peter Paul alap-ap,"Jun 9, 2023",2nd,3:00 pm ,Machine - 99.5 F/ calibrator 99.5 F,99.5,Temp.99.9 F / calibrator 99.9,99.9,Temperature 100.5 / calibrator 100.5,00.2,Temperature 99.7 /calibrator 99.7,99.7,Temperature 99.7/ calibrator 99.7,99.7,00,00,00,00,00,00,00,00,00,00,N/A,Jimmy Tungol and Sir Tony,3:50 pm
"1204702512026386",2023-05-30,,2023-05-30,INCUBATOR TEMPERATURE CALIBRATION submission,Untitled section,,,,,,"Hatcheryman:
Peter Paul alap-ap

Date:
May 30, 2023

Shift:
2nd

Time started:
3:00 pm 

Incubator 1 Machine Temp. reading / Calibrator Temp. reading:
Machine - 99.8 F/ calibrator 99.8 F

Incubator 1 Humidity reading:
99.8

Incubator 2 Machine Temp. reading / Calibrator Temp. reading:
Temp.99.5 F / calibrator 99.5 F

Incubator 2 Humidity reading:
99.5

Incubator 3 Machine Temp. reading / Calibrator Temp. reading:
Temperature 100.5 / calibrator 100.5

Incubator 3 Humidity reading:
100.5

Incubator 4 Machine Temp. reading / Calibrator Temp. reading:
Temperature 99.8 /calibrator 99.8

Incubator 4 Humidity reading:
99.8

Incubator 5 Machine Temp. reading / Calibrator Temp. reading:
Temperature 99.7 / calibrator 99.7

Incubator 5 Humidity reading:
99.7

Incubator 6 Machine Temp. reading / Calibrator Temp. reading:
00

Incubator 6 Humidity reading:
00

Incubator 7 Machine Temp. reading / Calibrator Temp. reading:
00

Incubator 7 Humidity reading:
00

Incubator 8 Machine Temp. reading / Calibrator Temp. reading:
00

Incubator 8 Humidity reading:
00

Incubator 9 Machine Temp. reading / Calibrator Temp. reading:
00

Incubator 9 Humidity reading:
00

Incubator 10 Machine Temp. reading / Calibrator Temp. reading:
00

Incubator 10 Humidity reading:
00

Corrective action taken for un-match machine and calibrator temperature reading after 30 minutes of checking:
N/A

Approver on machine temperature adjustment:
Jimmy Tungol and Sir Tony

Time finished:
3:50 pm

———————————————
This task was submitted through INCUBATOR TEMPERATURE CALIBRATION
https://form.asana.com/?k=-OgqMf660KEFQdcn3Wkysw&d=1186399537984407",INCUBATOR TEMPERATURE CALIBRATION,,,,Peter Paul alap-ap,"May 30, 2023",2nd,3:00 pm ,Machine - 99.8 F/ calibrator 99.8 F,99.8,Temp.99.5 F / calibrator 99.5 F,99.5,Temperature 100.5 / calibrator 100.5,100.5,Temperature 99.8 /calibrator 99.8,99.8,Temperature 99.7 / calibrator 99.7,99.7,00,00,00,00,00,00,00,00,00,00,N/A,Jimmy Tungol and Sir Tony,3:50 pm
"1204685016322371",2023-05-26,2023-05-27,2023-05-27,INCUBATOR TEMPERATURE CALIBRATION submission,Untitled section,,,,,,"Hatcheryman:
Peter Paul alap-ap

Date:
May 26, 2023

Shift:
2nd

Time started:
3:00 pm 

Incubator 1 Machine Temp. reading / Calibrator Temp. reading:
Machine - 99.8 F/ calibrator 99.8 F

Incubator 1 Humidity reading:
99.8

Incubator 2 Machine Temp. reading / Calibrator Temp. reading:
Machine - 99.7 F / calibrator 99.7 F

Incubator 2 Humidity reading:
99.7

Incubator 3 Machine Temp. reading / Calibrator Temp. reading:
00

Incubator 3 Humidity reading:
00

Incubator 4 Machine Temp. reading / Calibrator Temp. reading:
Machine - 99.4 F / calibrator 99.4

Incubator 4 Humidity reading:
99.4

Incubator 5 Machine Temp. reading / Calibrator Temp. reading:
Machine - 99.9 F / calibrator 99.9 F

Incubator 5 Humidity reading:
99.9

Incubator 6 Machine Temp. reading / Calibrator Temp. reading:
00

Incubator 6 Humidity reading:
00

Incubator 7 Machine Temp. reading / Calibrator Temp. reading:
00

Incubator 7 Humidity reading:
00

Incubator 8 Machine Temp. reading / Calibrator Temp. reading:
00

Incubator 8 Humidity reading:
00

Incubator 9 Machine Temp. reading / Calibrator Temp. reading:
00

Incubator 9 Humidity reading:
00

Incubator 10 Machine Temp. reading / Calibrator Temp. reading:
00

Incubator 10 Humidity reading:
00

Corrective action taken for un-match machine and calibrator temperature reading after 30 minutes of checking:
N/A

Approver on machine temperature adjustment:
Jimmy Tungol and Sir Tony

Time finished:
3:50 pm

———————————————
This task was submitted through INCUBATOR TEMPERATURE CALIBRATION
https://form.asana.com/?k=-OgqMf660KEFQdcn3Wkysw&d=1186399537984407",INCUBATOR TEMPERATURE CALIBRATION,,,,Peter Paul alap-ap,"May 26, 2023",2nd,3:00 pm ,Machine - 99.8 F/ calibrator 99.8 F,99.8,Machine - 99.7 F / calibrator 99.7 F,99.7,00,00,Machine - 99.4 F / calibrator 99.4,99.4,Machine - 99.9 F / calibrator 99.9 F,99.9,00,00,00,00,00,00,00,00,00,00,N/A,Jimmy Tungol and Sir Tony,3:50 pm
"1204657726082309",2023-05-23,2023-05-27,2023-05-27,INCUBATOR TEMPERATURE CALIBRATION submission,Untitled section,,,,,,"Hatcheryman:
Rodel Marimla

Date:
May 23, 2023

Shift:
2nd

Time started:
3pm

Incubator 1 Machine Temp. reading / Calibrator Temp. reading:
machine - 99.8 / calibrator - 99.8

Incubator 1 Humidity reading:
99.8

Incubator 2 Machine Temp. reading / Calibrator Temp. reading:
machine - 99.6 / calibrator - 99.6

Incubator 2 Humidity reading:
99.6

Incubator 3 Machine Temp. reading / Calibrator Temp. reading:
0

Incubator 3 Humidity reading:
0

Incubator 4 Machine Temp. reading / Calibrator Temp. reading:
machine - 99.6 / calibrator - 99.6

Incubator 4 Humidity reading:
99.6

Incubator 5 Machine Temp. reading / Calibrator Temp. reading:
machine - 99.5 / calibrator - 99.5

Incubator 5 Humidity reading:
99.5

Incubator 6 Machine Temp. reading / Calibrator Temp. reading:
0

Incubator 6 Humidity reading:
0

Incubator 7 Machine Temp. reading / Calibrator Temp. reading:
0

Incubator 7 Humidity reading:
0

Incubator 8 Machine Temp. reading / Calibrator Temp. reading:
0

Incubator 8 Humidity reading:
0

Incubator 9 Machine Temp. reading / Calibrator Temp. reading:
0

Incubator 9 Humidity reading:
0

Incubator 10 Machine Temp. reading / Calibrator Temp. reading:
0

Incubator 10 Humidity reading:
0

Corrective action taken for un-match machine and calibrator temperature reading after 30 minutes of checking:
n/a

Approver on machine temperature adjustment:
N/A

Time finished:
3:30pm

———————————————
This task was submitted through INCUBATOR TEMPERATURE CALIBRATION
https://form.asana.com/?k=-OgqMf660KEFQdcn3Wkysw&d=1186399537984407",INCUBATOR TEMPERATURE CALIBRATION,,,,Rodel Marimla,"May 23, 2023",2nd,3pm,machine - 99.8 / calibrator - 99.8,99.8,machine - 99.6 / calibrator - 99.6,99.6,0,0,machine - 99.6 / calibrator - 99.6,99.6,machine - 99.5 / calibrator - 99.5,99.5,0,0,0,0,0,0,0,0,0,0,n/a,N/A,3:30pm
"1204636534834411",2023-05-19,2023-05-27,2023-05-27,INCUBATOR TEMPERATURE CALIBRATION submission,Untitled section,,,,,,"Hatcheryman:
Rodel Marimla

Date:
May 19, 2023

Shift:
2nd

Time started:
3pm

Incubator 1 Machine Temp. reading / Calibrator Temp. reading:
machine - 99.8 / calibrator - 99.8

Incubator 1 Humidity reading:
99.8

Incubator 2 Machine Temp. reading / Calibrator Temp. reading:
machine - 99.5 / calibrator - 99.5

Incubator 2 Humidity reading:
99.5

Incubator 3 Machine Temp. reading / Calibrator Temp. reading:
0

Incubator 3 Humidity reading:
0

Incubator 4 Machine Temp. reading / Calibrator Temp. reading:
machine - 99.5 / calibrator - 99.5

Incubator 4 Humidity reading:
99.5

Incubator 5 Machine Temp. reading / Calibrator Temp. reading:
machine - 99.6 / calibrator - 99.6

Incubator 5 Humidity reading:
99.6

Incubator 6 Machine Temp. reading / Calibrator Temp. reading:
0

Incubator 6 Humidity reading:
0

Incubator 7 Machine Temp. reading / Calibrator Temp. reading:
0

Incubator 7 Humidity reading:
0

Incubator 8 Machine Temp. reading / Calibrator Temp. reading:
0

Incubator 8 Humidity reading:
0

Incubator 9 Machine Temp. reading / Calibrator Temp. reading:
0

Incubator 9 Humidity reading:
0

Incubator 10 Machine Temp. reading / Calibrator Temp. reading:
0

Incubator 10 Humidity reading:
0

Corrective action taken for un-match machine and calibrator temperature reading after 30 minutes of checking:
n/a

Approver on machine temperature adjustment:
N/A

Time finished:
3:30pm

———————————————
This task was submitted through INCUBATOR TEMPERATURE CALIBRATION
https://form.asana.com/?k=-OgqMf660KEFQdcn3Wkysw&d=1186399537984407",INCUBATOR TEMPERATURE CALIBRATION,,,,Rodel Marimla,"May 19, 2023",2nd,3pm,machine - 99.8 / calibrator - 99.8,99.8,machine - 99.5 / calibrator - 99.5,99.5,0,0,machine - 99.5 / calibrator - 99.5,99.5,machine - 99.6 / calibrator - 99.6,99.6,0,0,0,0,0,0,0,0,0,0,n/a,N/A,3:30pm
"1204611000595501",2023-05-16,2023-05-27,2023-05-27,INCUBATOR TEMPERATURE CALIBRATION submission,Untitled section,,,,,,"Hatcheryman:
Rodel Marimla

Date:
May 16, 2023

Shift:
2nd

Time started:
3pm

Incubator 1 Machine Temp. reading / Calibrator Temp. reading:
machine - 99.5 / calibrator - 99.5

Incubator 1 Humidity reading:
99.5

Incubator 2 Machine Temp. reading / Calibrator Temp. reading:
machine - 99.7 / calibrator - 99.7

Incubator 2 Humidity reading:
99.7

Incubator 3 Machine Temp. reading / Calibrator Temp. reading:
0

Incubator 3 Humidity reading:
0

Incubator 4 Machine Temp. reading / Calibrator Temp. reading:
machine - 99.7 / calibrator - 99.7

Incubator 4 Humidity reading:
99.7

Incubator 5 Machine Temp. reading / Calibrator Temp. reading:
machine - 99.5 / calibrator - 99.5

Incubator 5 Humidity reading:
99.5

Incubator 6 Machine Temp. reading / Calibrator Temp. reading:
0

Incubator 6 Humidity reading:
0

Incubator 7 Machine Temp. reading / Calibrator Temp. reading:
0

Incubator 7 Humidity reading:
0

Incubator 8 Machine Temp. reading / Calibrator Temp. reading:
0

Incubator 8 Humidity reading:
0

Incubator 9 Machine Temp. reading / Calibrator Temp. reading:
0

Incubator 9 Humidity reading:
0

Incubator 10 Machine Temp. reading / Calibrator Temp. reading:
0

Incubator 10 Humidity reading:
0

Corrective action taken for un-match machine and calibrator temperature reading after 30 minutes of checking:
n/a

Approver on machine temperature adjustment:
N/A

Time finished:
3:30pm

———————————————
This task was submitted through INCUBATOR TEMPERATURE CALIBRATION
https://form.asana.com/?k=-OgqMf660KEFQdcn3Wkysw&d=1186399537984407",INCUBATOR TEMPERATURE CALIBRATION,,,,Rodel Marimla,"May 16, 2023",2nd,3pm,machine - 99.5 / calibrator - 99.5,99.5,machine - 99.7 / calibrator - 99.7,99.7,0,0,machine - 99.7 / calibrator - 99.7,99.7,machine - 99.5 / calibrator - 99.5,99.5,0,0,0,0,0,0,0,0,0,0,n/a,N/A,3:30pm
"1204595719624575",2023-05-14,2023-05-27,2023-05-27,INCUBATOR TEMPERATURE CALIBRATION submission,Untitled section,,,,,,"Hatcheryman:
Bernardo tiamzon

Date:
May 14, 2023

Shift:
1st

Time started:
8am

Incubator 1 Machine Temp. reading / Calibrator Temp. reading:
99.2/99.2

Incubator 1 Humidity reading:
99.2

Incubator 2 Machine Temp. reading / Calibrator Temp. reading:
99.3/99.3

Incubator 2 Humidity reading:
99.3

Incubator 3 Machine Temp. reading / Calibrator Temp. reading:
99.2/99.2

Incubator 3 Humidity reading:
99.2

Incubator 4 Machine Temp. reading / Calibrator Temp. reading:
00

Incubator 4 Humidity reading:
00

Incubator 5 Machine Temp. reading / Calibrator Temp. reading:
00

Incubator 5 Humidity reading:
00

Incubator 6 Machine Temp. reading / Calibrator Temp. reading:
00

Incubator 6 Humidity reading:
00

Incubator 7 Machine Temp. reading / Calibrator Temp. reading:
00

Incubator 7 Humidity reading:
00

Incubator 8 Machine Temp. reading / Calibrator Temp. reading:
00

Incubator 8 Humidity reading:
00

Incubator 9 Machine Temp. reading / Calibrator Temp. reading:
00

Incubator 9 Humidity reading:
00

Incubator 10 Machine Temp. reading / Calibrator Temp. reading:
00

Incubator 10 Humidity reading:
00

Corrective action taken for un-match machine and calibrator temperature reading after 30 minutes of checking:
Na

Approver on machine temperature adjustment:
N/A

Time finished:
2:15pm

———————————————
This task was submitted through INCUBATOR TEMPERATURE CALIBRATION
https://form.asana.com/?k=-OgqMf660KEFQdcn3Wkysw&d=1186399537984407",INCUBATOR TEMPERATURE CALIBRATION,,,,Bernardo tiamzon,"May 14, 2023",1st,8am,99.2/99.2,99.2,99.3/99.3,99.3,99.2/99.2,99.2,00,00,00,00,00,00,00,00,00,00,00,00,00,00,Na,N/A,2:15pm
"1204590178561216",2023-05-12,2023-05-27,2023-05-27,INCUBATOR TEMPERATURE CALIBRATION submission,Untitled section,,,,,,"Hatcheryman:
Rodel Marimla

Date:
May 12, 2023

Shift:
2nd

Time started:
3pm

Incubator 1 Machine Temp. reading / Calibrator Temp. reading:
machine - 99.7 / calibrator - 99.7

Incubator 1 Humidity reading:
99.7

Incubator 2 Machine Temp. reading / Calibrator Temp. reading:
machine - 99.9 / calibrator - 99.9

Incubator 2 Humidity reading:
99.9

Incubator 3 Machine Temp. reading / Calibrator Temp. reading:
0

Incubator 3 Humidity reading:
0

Incubator 4 Machine Temp. reading / Calibrator Temp. reading:
machine - 99.5 / calibrator - 99.5

Incubator 4 Humidity reading:
99.5

Incubator 5 Machine Temp. reading / Calibrator Temp. reading:
machine - 99.6 / calibrator - 99.6

Incubator 5 Humidity reading:
99.6

Incubator 6 Machine Temp. reading / Calibrator Temp. reading:
0

Incubator 6 Humidity reading:
0

Incubator 7 Machine Temp. reading / Calibrator Temp. reading:
0

Incubator 7 Humidity reading:
0

Incubator 8 Machine Temp. reading / Calibrator Temp. reading:
0

Incubator 8 Humidity reading:
0

Incubator 9 Machine Temp. reading / Calibrator Temp. reading:
0

Incubator 9 Humidity reading:
0

Incubator 10 Machine Temp. reading / Calibrator Temp. reading:
0

Incubator 10 Humidity reading:
0

Corrective action taken for un-match machine and calibrator temperature reading after 30 minutes of checking:
n/a

Approver on machine temperature adjustment:
N/A

Time finished:
3:30pm

———————————————
This task was submitted through INCUBATOR TEMPERATURE CALIBRATION
https://form.asana.com/?k=-OgqMf660KEFQdcn3Wkysw&d=1186399537984407",INCUBATOR TEMPERATURE CALIBRATION,,,,Rodel Marimla,"May 12, 2023",2nd,3pm,machine - 99.7 / calibrator - 99.7,99.7,machine - 99.9 / calibrator - 99.9,99.9,0,0,machine - 99.5 / calibrator - 99.5,99.5,machine - 99.6 / calibrator - 99.6,99.6,0,0,0,0,0,0,0,0,0,0,n/a,N/A,3:30pm
"1204559437954320",2023-05-09,2023-05-27,2023-05-27,INCUBATOR TEMPERATURE CALIBRATION submission,Untitled section,,,,,,"Hatcheryman:
Bernardo tiamzon

Date:
May 9, 2023

Shift:
2nd

Time started:
3pm

Incubator 1 Machine Temp. reading / Calibrator Temp. reading:
99.6/996

Incubator 1 Humidity reading:
99.6

Incubator 2 Machine Temp. reading / Calibrator Temp. reading:
100./100.3

Incubator 2 Humidity reading:
100.2

Incubator 3 Machine Temp. reading / Calibrator Temp. reading:
00

Incubator 3 Humidity reading:
00

Incubator 4 Machine Temp. reading / Calibrator Temp. reading:
99.4/99.4

Incubator 4 Humidity reading:
99.4

Incubator 5 Machine Temp. reading / Calibrator Temp. reading:
99.8/99.8

Incubator 5 Humidity reading:
99.8

Incubator 6 Machine Temp. reading / Calibrator Temp. reading:
00

Incubator 6 Humidity reading:
00

Incubator 7 Machine Temp. reading / Calibrator Temp. reading:
00

Incubator 7 Humidity reading:
00

Incubator 8 Machine Temp. reading / Calibrator Temp. reading:
00

Incubator 8 Humidity reading:
00

Incubator 9 Machine Temp. reading / Calibrator Temp. reading:
00

Incubator 9 Humidity reading:
00

Incubator 10 Machine Temp. reading / Calibrator Temp. reading:
00

Incubator 10 Humidity reading:
00

Corrective action taken for un-match machine and calibrator temperature reading after 30 minutes of checking:
Na

Approver on machine temperature adjustment:
N/A

Time finished:
3:45

———————————————
This task was submitted through INCUBATOR TEMPERATURE CALIBRATION
https://form.asana.com/?k=-OgqMf660KEFQdcn3Wkysw&d=1186399537984407",INCUBATOR TEMPERATURE CALIBRATION,,,,Bernardo tiamzon,"May 9, 2023",2nd,3pm,99.6/996,99.6,100./100.3,100.2,00,00,99.4/99.4,99.4,99.8/99.8,99.8,00,00,00,00,00,00,00,00,00,00,Na,N/A,3:45
"1204538148640910",2023-05-05,2023-05-27,2023-05-27,INCUBATOR TEMPERATURE CALIBRATION submission,Untitled section,,,,,,"Hatcheryman:
Peter Paul alap-ap

Date:
May 5, 2023

Shift:
2nd

Time started:
3:00 pm 

Incubator 1 Machine Temp. reading / Calibrator Temp. reading:
Machine - 99.7 F/ calibrator 99.7 F

Incubator 1 Humidity reading:
99.7

Incubator 2 Machine Temp. reading / Calibrator Temp. reading:
Temp. 100.5 F / calibrator 100.5

Incubator 2 Humidity reading:
00.2

Incubator 3 Machine Temp. reading / Calibrator Temp. reading:
00

Incubator 3 Humidity reading:
00

Incubator 4 Machine Temp. reading / Calibrator Temp. reading:
Temperature 99.6 F/calibrator 99.6 F

Incubator 4 Humidity reading:
99.6

Incubator 5 Machine Temp. reading / Calibrator Temp. reading:
Temperature 99.9 F/ calibrator 99.9 F

Incubator 5 Humidity reading:
99.9

Incubator 6 Machine Temp. reading / Calibrator Temp. reading:
00

Incubator 6 Humidity reading:
00

Incubator 7 Machine Temp. reading / Calibrator Temp. reading:
00

Incubator 7 Humidity reading:
00

Incubator 8 Machine Temp. reading / Calibrator Temp. reading:
00

Incubator 8 Humidity reading:
00

Incubator 9 Machine Temp. reading / Calibrator Temp. reading:
00

Incubator 9 Humidity reading:
00

Incubator 10 Machine Temp. reading / Calibrator Temp. reading:
00

Incubator 10 Humidity reading:
00

Corrective action taken for un-match machine and calibrator temperature reading after 30 minutes of checking:
N/A

Approver on machine temperature adjustment:
Jimmy Tungol and Sir Tony

Time finished:
4:32 pm

———————————————
This task was submitted through INCUBATOR TEMPERATURE CALIBRATION
https://form.asana.com/?k=-OgqMf660KEFQdcn3Wkysw&d=1186399537984407",INCUBATOR TEMPERATURE CALIBRATION,,,,Peter Paul alap-ap,"May 5, 2023",2nd,3:00 pm ,Machine - 99.7 F/ calibrator 99.7 F,99.7,Temp. 100.5 F / calibrator 100.5,00.2,00,00,Temperature 99.6 F/calibrator 99.6 F,99.6,Temperature 99.9 F/ calibrator 99.9 F,99.9,00,00,00,00,00,00,00,00,00,00,N/A,Jimmy Tungol and Sir Tony,4:32 pm
"1204495508162571",2023-04-28,2023-05-27,2023-05-27,INCUBATOR TEMPERATURE CALIBRATION submission,Untitled section,,,,,,"Hatcheryman:
Bernardo tiamzon

Date:
Apr 28, 2023

Shift:
2nd

Time started:
3pm

Incubator 1 Machine Temp. reading / Calibrator Temp. reading:
99.9 /99.9

Incubator 1 Humidity reading:
99.9

Incubator 2 Machine Temp. reading / Calibrator Temp. reading:
100.5/100.5

Incubator 2 Humidity reading:
100.4

Incubator 3 Machine Temp. reading / Calibrator Temp. reading:
00

Incubator 3 Humidity reading:
00

Incubator 4 Machine Temp. reading / Calibrator Temp. reading:
99.4/99.4

Incubator 4 Humidity reading:
99.4

Incubator 5 Machine Temp. reading / Calibrator Temp. reading:
99.4/99.4

Incubator 5 Humidity reading:
99.4

Incubator 6 Machine Temp. reading / Calibrator Temp. reading:
00

Incubator 6 Humidity reading:
00

Incubator 7 Machine Temp. reading / Calibrator Temp. reading:
00

Incubator 7 Humidity reading:
00

Incubator 8 Machine Temp. reading / Calibrator Temp. reading:
00

Incubator 8 Humidity reading:
00

Incubator 9 Machine Temp. reading / Calibrator Temp. reading:
00

Incubator 9 Humidity reading:
00

Incubator 10 Machine Temp. reading / Calibrator Temp. reading:
00

Incubator 10 Humidity reading:
00

Corrective action taken for un-match machine and calibrator temperature reading after 30 minutes of checking:
Na

Approver on machine temperature adjustment:
N/A

Time finished:
3:45

———————————————
This task was submitted through INCUBATOR TEMPERATURE CALIBRATION
https://form.asana.com/?k=-OgqMf660KEFQdcn3Wkysw&d=1186399537984407",INCUBATOR TEMPERATURE CALIBRATION,,,,Bernardo tiamzon,"Apr 28, 2023",2nd,3pm,99.9 /99.9,99.9,100.5/100.5,100.4,00,00,99.4/99.4,99.4,99.4/99.4,99.4,00,00,00,00,00,00,00,00,00,00,Na,N/A,3:45
"1204470356019952",2023-04-25,2023-05-27,2023-05-27,INCUBATOR TEMPERATURE CALIBRATION submission,Untitled section,,,,,,"Hatcheryman:
Peter Paul alap-ap

Date:
Apr 25, 2023

Shift:
2nd

Time started:
3:00 pm 

Incubator 1 Machine Temp. reading / Calibrator Temp. reading:
Machine - 100.1 F/ calibrator 100.1 F

Incubator 1 Humidity reading:
00.4

Incubator 2 Machine Temp. reading / Calibrator Temp. reading:
Machine - 100.3 F / calibrator 100.3 F

Incubator 2 Humidity reading:
00.1

Incubator 3 Machine Temp. reading / Calibrator Temp. reading:
00

Incubator 3 Humidity reading:
00

Incubator 4 Machine Temp. reading / Calibrator Temp. reading:
Temperature 99.9 F/calibrator 99.9 F

Incubator 4 Humidity reading:
99.9

Incubator 5 Machine Temp. reading / Calibrator Temp. reading:
Temperature 99.8 F/ calibrator 99.8 F

Incubator 5 Humidity reading:
99.8

Incubator 6 Machine Temp. reading / Calibrator Temp. reading:
00

Incubator 6 Humidity reading:
00

Incubator 7 Machine Temp. reading / Calibrator Temp. reading:
00

Incubator 7 Humidity reading:
00

Incubator 8 Machine Temp. reading / Calibrator Temp. reading:
00

Incubator 8 Humidity reading:
00

Incubator 9 Machine Temp. reading / Calibrator Temp. reading:
00

Incubator 9 Humidity reading:
00

Incubator 10 Machine Temp. reading / Calibrator Temp. reading:
00

Incubator 10 Humidity reading:
00

Corrective action taken for un-match machine and calibrator temperature reading after 30 minutes of checking:
N/A

Approver on machine temperature adjustment:
Jimmy Tungol and Sir Tony

Time finished:
3:50 pm

———————————————
This task was submitted through INCUBATOR TEMPERATURE CALIBRATION
https://form.asana.com/?k=-OgqMf660KEFQdcn3Wkysw&d=1186399537984407",INCUBATOR TEMPERATURE CALIBRATION,,,,Peter Paul alap-ap,"Apr 25, 2023",2nd,3:00 pm ,Machine - 100.1 F/ calibrator 100.1 F,00.4,Machine - 100.3 F / calibrator 100.3 F,00.1,00,00,Temperature 99.9 F/calibrator 99.9 F,99.9,Temperature 99.8 F/ calibrator 99.8 F,99.8,00,00,00,00,00,00,00,00,00,00,N/A,Jimmy Tungol and Sir Tony,3:50 pm
"1204448840056982",2023-04-21,2023-05-27,2023-05-27,INCUBATOR TEMPERATURE CALIBRATION submission,Untitled section,,,,,,"Hatcheryman:
Peter Paul alap-ap

Date:
Apr 21, 2023

Shift:
2nd

Time started:
3:00 pm 

Incubator 1 Machine Temp. reading / Calibrator Temp. reading:
Machine - 100.1 F/ calibrator 100.1 F

Incubator 1 Humidity reading:
00.2

Incubator 2 Machine Temp. reading / Calibrator Temp. reading:
00

Incubator 2 Humidity reading:
00

Incubator 3 Machine Temp. reading / Calibrator Temp. reading:
00

Incubator 3 Humidity reading:
00

Incubator 4 Machine Temp. reading / Calibrator Temp. reading:
Machine - 99.8F / calibrator 99.8 F

Incubator 4 Humidity reading:
99.8

Incubator 5 Machine Temp. reading / Calibrator Temp. reading:
Machine - 99.8 F / calibrator 99.8 F

Incubator 5 Humidity reading:
99.8

Incubator 6 Machine Temp. reading / Calibrator Temp. reading:
00

Incubator 6 Humidity reading:
00

Incubator 7 Machine Temp. reading / Calibrator Temp. reading:
00

Incubator 7 Humidity reading:
00

Incubator 8 Machine Temp. reading / Calibrator Temp. reading:
00

Incubator 8 Humidity reading:
00

Incubator 9 Machine Temp. reading / Calibrator Temp. reading:
00

Incubator 9 Humidity reading:
00

Incubator 10 Machine Temp. reading / Calibrator Temp. reading:
00

Incubator 10 Humidity reading:
00

Corrective action taken for un-match machine and calibrator temperature reading after 30 minutes of checking:
N/A

Approver on machine temperature adjustment:
Jimmy Tungol and Sir Tony

Time finished:
3:35pm

———————————————
This task was submitted through INCUBATOR TEMPERATURE CALIBRATION
https://form.asana.com/?k=-OgqMf660KEFQdcn3Wkysw&d=1186399537984407",INCUBATOR TEMPERATURE CALIBRATION,,,,Peter Paul alap-ap,"Apr 21, 2023",2nd,3:00 pm ,Machine - 100.1 F/ calibrator 100.1 F,00.2,00,00,00,00,Machine - 99.8F / calibrator 99.8 F,99.8,Machine - 99.8 F / calibrator 99.8 F,99.8,00,00,00,00,00,00,00,00,00,00,N/A,Jimmy Tungol and Sir Tony,3:35pm
"1204423525512505",2023-04-18,2023-05-27,2023-05-27,INCUBATOR TEMPERATURE CALIBRATION submission,Untitled section,,,,,,"Hatcheryman:
Peter Paul alap-ap

Date:
Apr 18, 2023

Shift:
2nd

Time started:
3:00 pm 

Incubator 1 Machine Temp. reading / Calibrator Temp. reading:
Machine - 99.9 F / calibrator 99.9

Incubator 1 Humidity reading:
99.9

Incubator 2 Machine Temp. reading / Calibrator Temp. reading:
00

Incubator 2 Humidity reading:
00

Incubator 3 Machine Temp. reading / Calibrator Temp. reading:
00

Incubator 3 Humidity reading:
00

Incubator 4 Machine Temp. reading / Calibrator Temp. reading:
Temperature 99.6/calibrator 99.6

Incubator 4 Humidity reading:
99.6

Incubator 5 Machine Temp. reading / Calibrator Temp. reading:
Temperature 99.7/ calibrator 99.7

Incubator 5 Humidity reading:
99.7

Incubator 6 Machine Temp. reading / Calibrator Temp. reading:
00

Incubator 6 Humidity reading:
00

Incubator 7 Machine Temp. reading / Calibrator Temp. reading:
00

Incubator 7 Humidity reading:
00

Incubator 8 Machine Temp. reading / Calibrator Temp. reading:
OO

Incubator 8 Humidity reading:
00

Incubator 9 Machine Temp. reading / Calibrator Temp. reading:
00

Incubator 9 Humidity reading:
00

Incubator 10 Machine Temp. reading / Calibrator Temp. reading:
00

Incubator 10 Humidity reading:
00

Corrective action taken for un-match machine and calibrator temperature reading after 30 minutes of checking:
N/A

Approver on machine temperature adjustment:
Jimmy Tungol and Sir Tony

Time finished:
3:50 pm

———————————————
This task was submitted through INCUBATOR TEMPERATURE CALIBRATION
https://form.asana.com/?k=-OgqMf660KEFQdcn3Wkysw&d=1186399537984407",INCUBATOR TEMPERATURE CALIBRATION,,,,Peter Paul alap-ap,"Apr 18, 2023",2nd,3:00 pm ,Machine - 99.9 F / calibrator 99.9,99.9,00,00,00,00,Temperature 99.6/calibrator 99.6,99.6,Temperature 99.7/ calibrator 99.7,99.7,00,00,00,00,OO,00,00,00,00,00,N/A,Jimmy Tungol and Sir Tony,3:50 pm
"1204397982568495",2023-04-14,2023-05-27,2023-05-27,INCUBATOR TEMPERATURE CALIBRATION submission,Untitled section,,,,,,"Hatcheryman:
Peter Paul alap-ap

Date:
Apr 14, 2023

Shift:
2nd

Time started:
4:00 pm

Incubator 1 Machine Temp. reading / Calibrator Temp. reading:
Machine - 99.7 F/ calibrator 99.7 F

Incubator 1 Humidity reading:
99.7

Incubator 2 Machine Temp. reading / Calibrator Temp. reading:
00

Incubator 2 Humidity reading:
00

Incubator 3 Machine Temp. reading / Calibrator Temp. reading:
00

Incubator 3 Humidity reading:
00

Incubator 4 Machine Temp. reading / Calibrator Temp. reading:
Machine - 99.5 F / calibrator 99.5

Incubator 4 Humidity reading:
99.5

Incubator 5 Machine Temp. reading / Calibrator Temp. reading:
Machine - 99.4 F / calibrator 99.4 F

Incubator 5 Humidity reading:
99.4

Incubator 6 Machine Temp. reading / Calibrator Temp. reading:
00

Incubator 6 Humidity reading:
00

Incubator 7 Machine Temp. reading / Calibrator Temp. reading:
00

Incubator 7 Humidity reading:
00

Incubator 8 Machine Temp. reading / Calibrator Temp. reading:
OO

Incubator 8 Humidity reading:
00

Incubator 9 Machine Temp. reading / Calibrator Temp. reading:
00

Incubator 9 Humidity reading:
00

Incubator 10 Machine Temp. reading / Calibrator Temp. reading:
00

Incubator 10 Humidity reading:
00

Corrective action taken for un-match machine and calibrator temperature reading after 30 minutes of checking:
N/A

Approver on machine temperature adjustment:
Jimmy Tungol and Sir Tony

Time finished:
4:32 pm

———————————————
This task was submitted through INCUBATOR TEMPERATURE CALIBRATION
https://form.asana.com/?k=-OgqMf660KEFQdcn3Wkysw&d=1186399537984407",INCUBATOR TEMPERATURE CALIBRATION,,,,Peter Paul alap-ap,"Apr 14, 2023",2nd,4:00 pm,Machine - 99.7 F/ calibrator 99.7 F,99.7,00,00,00,00,Machine - 99.5 F / calibrator 99.5,99.5,Machine - 99.4 F / calibrator 99.4 F,99.4,00,00,00,00,OO,00,00,00,00,00,N/A,Jimmy Tungol and Sir Tony,4:32 pm
"1204372124454924",2023-04-11,2023-05-27,2023-05-27,INCUBATOR TEMPERATURE CALIBRATION submission,Untitled section,,,,,,"Hatcheryman:
Peter Paul alap-ap

Date:
Apr 11, 2023

Shift:
2nd

Time started:
3:00 pm 

Incubator 1 Machine Temp. reading / Calibrator Temp. reading:
Machine - 100.0 F/ calibrator 100.0 F

Incubator 1 Humidity reading:
00

Incubator 2 Machine Temp. reading / Calibrator Temp. reading:
00

Incubator 2 Humidity reading:
00

Incubator 3 Machine Temp. reading / Calibrator Temp. reading:
00

Incubator 3 Humidity reading:
00

Incubator 4 Machine Temp. reading / Calibrator Temp. reading:
Machine - 99.5 F / calibrator 99.5 F

Incubator 4 Humidity reading:
99.5

Incubator 5 Machine Temp. reading / Calibrator Temp. reading:
Machine - 99.5 F / calibrator 99.5 F

Incubator 5 Humidity reading:
99.5

Incubator 6 Machine Temp. reading / Calibrator Temp. reading:
00

Incubator 6 Humidity reading:
00

Incubator 7 Machine Temp. reading / Calibrator Temp. reading:
00

Incubator 7 Humidity reading:
00

Incubator 8 Machine Temp. reading / Calibrator Temp. reading:
OO

Incubator 8 Humidity reading:
00

Incubator 9 Machine Temp. reading / Calibrator Temp. reading:
00

Incubator 9 Humidity reading:
00

Incubator 10 Machine Temp. reading / Calibrator Temp. reading:
00

Incubator 10 Humidity reading:
00

Corrective action taken for un-match machine and calibrator temperature reading after 30 minutes of checking:
N/A

Approver on machine temperature adjustment:
Jimmy Tungol and Sir Tony

Time finished:
3:50 pm

———————————————
This task was submitted through INCUBATOR TEMPERATURE CALIBRATION
https://form.asana.com/?k=-OgqMf660KEFQdcn3Wkysw&d=1186399537984407",INCUBATOR TEMPERATURE CALIBRATION,,,,Peter Paul alap-ap,"Apr 11, 2023",2nd,3:00 pm ,Machine - 100.0 F/ calibrator 100.0 F,00,00,00,00,00,Machine - 99.5 F / calibrator 99.5 F,99.5,Machine - 99.5 F / calibrator 99.5 F,99.5,00,00,00,00,OO,00,00,00,00,00,N/A,Jimmy Tungol and Sir Tony,3:50 pm
"1204359115282783",2023-04-09,,2023-04-09,INCUBATOR TEMPERATURE CALIBRATION submission,Untitled section,,,,,,"Hatcheryman:
Bernardo tiamzon

Date:
Apr 9, 2023

Shift:
1st

Time started:
8am

Incubator 1 Machine Temp. reading / Calibrator Temp. reading:
00

Incubator 1 Humidity reading:
00

Incubator 2 Machine Temp. reading / Calibrator Temp. reading:
99.7/99.7

Incubator 2 Humidity reading:
99.7

Incubator 3 Machine Temp. reading / Calibrator Temp. reading:
99.2/99.2

Incubator 3 Humidity reading:
99.2

Incubator 4 Machine Temp. reading / Calibrator Temp. reading:
00

Incubator 4 Humidity reading:
00

Incubator 5 Machine Temp. reading / Calibrator Temp. reading:
00

Incubator 5 Humidity reading:
00

Incubator 6 Machine Temp. reading / Calibrator Temp. reading:
00

Incubator 6 Humidity reading:
00

Incubator 7 Machine Temp. reading / Calibrator Temp. reading:
00

Incubator 7 Humidity reading:
00

Incubator 8 Machine Temp. reading / Calibrator Temp. reading:
00

Incubator 8 Humidity reading:
00

Incubator 9 Machine Temp. reading / Calibrator Temp. reading:
00

Incubator 9 Humidity reading:
00

Incubator 10 Machine Temp. reading / Calibrator Temp. reading:
00

Incubator 10 Humidity reading:
00

Corrective action taken for un-match machine and calibrator temperature reading after 30 minutes of checking:
Na

Approver on machine temperature adjustment:
N/A

Time finished:
10am

———————————————
This task was submitted through INCUBATOR TEMPERATURE CALIBRATION
https://form.asana.com/?k=-OgqMf660KEFQdcn3Wkysw&d=1186399537984407",INCUBATOR TEMPERATURE CALIBRATION,,,,Bernardo tiamzon,"Apr 9, 2023",1st,8am,00,00,99.7/99.7,99.7,99.2/99.2,99.2,00,00,00,00,00,00,00,00,00,00,00,00,00,00,Na,N/A,10am
"1204354730302533",2023-04-07,,2023-04-07,INCUBATOR TEMPERATURE CALIBRATION submission,Untitled section,,,,,,"Hatcheryman:
Rodel Marimla

Date:
Apr 7, 2023

Shift:
2nd

Time started:
3pm

Incubator 1 Machine Temp. reading / Calibrator Temp. reading:
machine - 99.6 / calibrator - 99.6

Incubator 1 Humidity reading:
99.6

Incubator 2 Machine Temp. reading / Calibrator Temp. reading:
0

Incubator 2 Humidity reading:
0

Incubator 3 Machine Temp. reading / Calibrator Temp. reading:
machine - 99.4 / calibrator - 99.4

Incubator 3 Humidity reading:
99.4

Incubator 4 Machine Temp. reading / Calibrator Temp. reading:
machine - 99.5 / calibrator - 99.5

Incubator 4 Humidity reading:
99.5

Incubator 5 Machine Temp. reading / Calibrator Temp. reading:
machine - 99.5 / calibrator - 99.5

Incubator 5 Humidity reading:
99.5

Incubator 6 Machine Temp. reading / Calibrator Temp. reading:
0

Incubator 6 Humidity reading:
0

Incubator 7 Machine Temp. reading / Calibrator Temp. reading:
0

Incubator 7 Humidity reading:
0

Incubator 8 Machine Temp. reading / Calibrator Temp. reading:
0

Incubator 8 Humidity reading:
0

Incubator 9 Machine Temp. reading / Calibrator Temp. reading:
0

Incubator 9 Humidity reading:
0

Incubator 10 Machine Temp. reading / Calibrator Temp. reading:
0

Incubator 10 Humidity reading:
0

Corrective action taken for un-match machine and calibrator temperature reading after 30 minutes of checking:
n/a

Approver on machine temperature adjustment:
N/A

Time finished:
3:30pm

———————————————
This task was submitted through INCUBATOR TEMPERATURE CALIBRATION
https://form.asana.com/?k=-OgqMf660KEFQdcn3Wkysw&d=1186399537984407",INCUBATOR TEMPERATURE CALIBRATION,,,,Rodel Marimla,"Apr 7, 2023",2nd,3pm,machine - 99.6 / calibrator - 99.6,99.6,0,0,machine - 99.4 / calibrator - 99.4,99.4,machine - 99.5 / calibrator - 99.5,99.5,machine - 99.5 / calibrator - 99.5,99.5,0,0,0,0,0,0,0,0,0,0,n/a,N/A,3:30pm
"1204330493152379",2023-04-04,,2023-04-04,INCUBATOR TEMPERATURE CALIBRATION submission,Untitled section,,,,,,"Hatcheryman:
Rodel Marimla

Date:
Apr 4, 2023

Shift:
2nd

Time started:
3pm

Incubator 1 Machine Temp. reading / Calibrator Temp. reading:
machine - 99.7 / calibrator - 99.7

Incubator 1 Humidity reading:
99.7

Incubator 2 Machine Temp. reading / Calibrator Temp. reading:
0

Incubator 2 Humidity reading:
0

Incubator 3 Machine Temp. reading / Calibrator Temp. reading:
machine - 99.6 / calibrator - 99.6

Incubator 3 Humidity reading:
99.6

Incubator 4 Machine Temp. reading / Calibrator Temp. reading:
machine - 99.5 / calibrator - 99.5

Incubator 4 Humidity reading:
99.5

Incubator 5 Machine Temp. reading / Calibrator Temp. reading:
machine - 99.7 / calibrator - 99.7

Incubator 5 Humidity reading:
99.7

Incubator 6 Machine Temp. reading / Calibrator Temp. reading:
0

Incubator 6 Humidity reading:
0

Incubator 7 Machine Temp. reading / Calibrator Temp. reading:
0

Incubator 7 Humidity reading:
0

Incubator 8 Machine Temp. reading / Calibrator Temp. reading:
0

Incubator 8 Humidity reading:
0

Incubator 9 Machine Temp. reading / Calibrator Temp. reading:
0

Incubator 9 Humidity reading:
0

Incubator 10 Machine Temp. reading / Calibrator Temp. reading:
0

Incubator 10 Humidity reading:
0

Corrective action taken for un-match machine and calibrator temperature reading after 30 minutes of checking:
n/a

Approver on machine temperature adjustment:
N/A

Time finished:
3:30pm

———————————————
This task was submitted through INCUBATOR TEMPERATURE CALIBRATION
https://form.asana.com/?k=-OgqMf660KEFQdcn3Wkysw&d=1186399537984407",INCUBATOR TEMPERATURE CALIBRATION,,,,Rodel Marimla,"Apr 4, 2023",2nd,3pm,machine - 99.7 / calibrator - 99.7,99.7,0,0,machine - 99.6 / calibrator - 99.6,99.6,machine - 99.5 / calibrator - 99.5,99.5,machine - 99.7 / calibrator - 99.7,99.7,0,0,0,0,0,0,0,0,0,0,n/a,N/A,3:30pm
"1204307917399003",2023-03-31,,2023-03-31,INCUBATOR TEMPERATURE CALIBRATION submission,Untitled section,,,,,,"Hatcheryman:
Rodel Marimla

Date:
Mar 31, 2023

Shift:
2nd

Time started:
3pm

Incubator 1 Machine Temp. reading / Calibrator Temp. reading:
machine - 99.6 / calibrator - 99.6

Incubator 1 Humidity reading:
99.6

Incubator 2 Machine Temp. reading / Calibrator Temp. reading:
machine - 99.1 / calibrator - 99.1

Incubator 2 Humidity reading:
99.1

Incubator 3 Machine Temp. reading / Calibrator Temp. reading:
machine - 99.6 / calibrator - 99.6

Incubator 3 Humidity reading:
99.6

Incubator 4 Machine Temp. reading / Calibrator Temp. reading:
machine - 99.4 / calibrator - 99.4

Incubator 4 Humidity reading:
99.4

Incubator 5 Machine Temp. reading / Calibrator Temp. reading:
machine - 99.5 / calibrator - 99.5

Incubator 5 Humidity reading:
99.5

Incubator 6 Machine Temp. reading / Calibrator Temp. reading:
0

Incubator 6 Humidity reading:
0

Incubator 7 Machine Temp. reading / Calibrator Temp. reading:
0

Incubator 7 Humidity reading:
0

Incubator 8 Machine Temp. reading / Calibrator Temp. reading:
0

Incubator 8 Humidity reading:
0

Incubator 9 Machine Temp. reading / Calibrator Temp. reading:
0

Incubator 9 Humidity reading:
0

Incubator 10 Machine Temp. reading / Calibrator Temp. reading:
0

Incubator 10 Humidity reading:
0

Corrective action taken for un-match machine and calibrator temperature reading after 30 minutes of checking:
n/a

Approver on machine temperature adjustment:
N/A

Time finished:
3:30pm

———————————————
This task was submitted through INCUBATOR TEMPERATURE CALIBRATION
https://form.asana.com/?k=-OgqMf660KEFQdcn3Wkysw&d=1186399537984407",INCUBATOR TEMPERATURE CALIBRATION,,,,Rodel Marimla,"Mar 31, 2023",2nd,3pm,machine - 99.6 / calibrator - 99.6,99.6,machine - 99.1 / calibrator - 99.1,99.1,machine - 99.6 / calibrator - 99.6,99.6,machine - 99.4 / calibrator - 99.4,99.4,machine - 99.5 / calibrator - 99.5,99.5,0,0,0,0,0,0,0,0,0,0,n/a,N/A,3:30pm
"1204281206292391",2023-03-28,,2023-03-28,INCUBATOR TEMPERATURE CALIBRATION submission,Untitled section,,,,,,"Hatcheryman:
Rodel Marimla

Date:
Mar 28, 2023

Shift:
2nd

Time started:
3pm

Incubator 1 Machine Temp. reading / Calibrator Temp. reading:
machine - 99.3 / calibrator - 99.3

Incubator 1 Humidity reading:
99.3

Incubator 2 Machine Temp. reading / Calibrator Temp. reading:
machine - 99.3 / calibrator - 99.3

Incubator 2 Humidity reading:
99.3

Incubator 3 Machine Temp. reading / Calibrator Temp. reading:
machine - 99.2 / calibrator - 99.2

Incubator 3 Humidity reading:
99.2

Incubator 4 Machine Temp. reading / Calibrator Temp. reading:
machine - 99.7 / calibrator - 99.7

Incubator 4 Humidity reading:
99.7

Incubator 5 Machine Temp. reading / Calibrator Temp. reading:
machine - 99.4 / calibrator - 99.4

Incubator 5 Humidity reading:
99.4

Incubator 6 Machine Temp. reading / Calibrator Temp. reading:
0

Incubator 6 Humidity reading:
0

Incubator 7 Machine Temp. reading / Calibrator Temp. reading:
0

Incubator 7 Humidity reading:
0

Incubator 8 Machine Temp. reading / Calibrator Temp. reading:
0

Incubator 8 Humidity reading:
0

Incubator 9 Machine Temp. reading / Calibrator Temp. reading:
0

Incubator 9 Humidity reading:
0

Incubator 10 Machine Temp. reading / Calibrator Temp. reading:
0

Incubator 10 Humidity reading:
0

Corrective action taken for un-match machine and calibrator temperature reading after 30 minutes of checking:
n/a

Approver on machine temperature adjustment:
N/A

Time finished:
3:30pm

———————————————
This task was submitted through INCUBATOR TEMPERATURE CALIBRATION
https://form.asana.com/?k=-OgqMf660KEFQdcn3Wkysw&d=1186399537984407",INCUBATOR TEMPERATURE CALIBRATION,,,,Rodel Marimla,"Mar 28, 2023",2nd,3pm,machine - 99.3 / calibrator - 99.3,99.3,machine - 99.3 / calibrator - 99.3,99.3,machine - 99.2 / calibrator - 99.2,99.2,machine - 99.7 / calibrator - 99.7,99.7,machine - 99.4 / calibrator - 99.4,99.4,0,0,0,0,0,0,0,0,0,0,n/a,N/A,3:30pm
"1204258717476689",2023-03-24,,2023-03-24,INCUBATOR TEMPERATURE CALIBRATION submission,Untitled section,,,,,,"Hatcheryman:
Bernardo tiamzon

Date:
Mar 24, 2023

Shift:
2nd

Time started:
3pm

Incubator 1 Machine Temp. reading / Calibrator Temp. reading:
99.9 /99.9

Incubator 1 Humidity reading:
99.9

Incubator 2 Machine Temp. reading / Calibrator Temp. reading:
99.1/99.1

Incubator 2 Humidity reading:
99.1

Incubator 3 Machine Temp. reading / Calibrator Temp. reading:
99.3/99.3

Incubator 3 Humidity reading:
99.3

Incubator 4 Machine Temp. reading / Calibrator Temp. reading:
99.3/99.3

Incubator 4 Humidity reading:
99.3

Incubator 5 Machine Temp. reading / Calibrator Temp. reading:
99.4/99.4

Incubator 5 Humidity reading:
99.4

Incubator 6 Machine Temp. reading / Calibrator Temp. reading:
00

Incubator 6 Humidity reading:
00

Incubator 7 Machine Temp. reading / Calibrator Temp. reading:
00

Incubator 7 Humidity reading:
00

Incubator 8 Machine Temp. reading / Calibrator Temp. reading:
00

Incubator 8 Humidity reading:
00

Incubator 9 Machine Temp. reading / Calibrator Temp. reading:
00

Incubator 9 Humidity reading:
00

Incubator 10 Machine Temp. reading / Calibrator Temp. reading:
00

Incubator 10 Humidity reading:
00

Corrective action taken for un-match machine and calibrator temperature reading after 30 minutes of checking:
Na

Approver on machine temperature adjustment:
N/A

Time finished:
3:40

———————————————
This task was submitted through INCUBATOR TEMPERATURE CALIBRATION
https://form.asana.com/?k=-OgqMf660KEFQdcn3Wkysw&d=1186399537984407",INCUBATOR TEMPERATURE CALIBRATION,,,,Bernardo tiamzon,"Mar 24, 2023",2nd,3pm,99.9 /99.9,99.9,99.1/99.1,99.1,99.3/99.3,99.3,99.3/99.3,99.3,99.4/99.4,99.4,00,00,00,00,00,00,00,00,00,00,Na,N/A,3:40
"1204224962466936",2023-03-21,,2023-03-21,INCUBATOR TEMPERATURE CALIBRATION submission,Untitled section,,,,,,"Hatcheryman:
Bernardo tiamzon

Date:
Mar 21, 2023

Shift:
2nd

Time started:
3pm

Incubator 1 Machine Temp. reading / Calibrator Temp. reading:
100.2/100.2

Incubator 1 Humidity reading:
100.3

Incubator 2 Machine Temp. reading / Calibrator Temp. reading:
99.0/99.0

Incubator 2 Humidity reading:
99.0

Incubator 3 Machine Temp. reading / Calibrator Temp. reading:
99.5/99.5

Incubator 3 Humidity reading:
99.5

Incubator 4 Machine Temp. reading / Calibrator Temp. reading:
99.4/99.4

Incubator 4 Humidity reading:
99.4

Incubator 5 Machine Temp. reading / Calibrator Temp. reading:
99.5/99.5

Incubator 5 Humidity reading:
99.5

Incubator 6 Machine Temp. reading / Calibrator Temp. reading:
00

Incubator 6 Humidity reading:
00

Incubator 7 Machine Temp. reading / Calibrator Temp. reading:
00

Incubator 7 Humidity reading:
00

Incubator 8 Machine Temp. reading / Calibrator Temp. reading:
00

Incubator 8 Humidity reading:
00

Incubator 9 Machine Temp. reading / Calibrator Temp. reading:
00

Incubator 9 Humidity reading:
00

Incubator 10 Machine Temp. reading / Calibrator Temp. reading:
00

Incubator 10 Humidity reading:
00

Corrective action taken for un-match machine and calibrator temperature reading after 30 minutes of checking:
Na

Approver on machine temperature adjustment:
N/A

Time finished:
3:45

———————————————
This task was submitted through INCUBATOR TEMPERATURE CALIBRATION
https://form.asana.com/?k=-OgqMf660KEFQdcn3Wkysw&d=1186399537984407",INCUBATOR TEMPERATURE CALIBRATION,,,,Bernardo tiamzon,"Mar 21, 2023",2nd,3pm,100.2/100.2,100.3,99.0/99.0,99.0,99.5/99.5,99.5,99.4/99.4,99.4,99.5/99.5,99.5,00,00,00,00,00,00,00,00,00,00,Na,N/A,3:45
"1204203256561180",2023-03-17,,2023-03-17,INCUBATOR TEMPERATURE CALIBRATION submission,Untitled section,,,,,,"Hatcheryman:
Bernardo tiamzon

Date:
Mar 17, 2023

Shift:
2nd

Time started:
3pm

Incubator 1 Machine Temp. reading / Calibrator Temp. reading:
100.1/100.1

Incubator 1 Humidity reading:
100.2

Incubator 2 Machine Temp. reading / Calibrator Temp. reading:
99.2/99.2

Incubator 2 Humidity reading:
99.2

Incubator 3 Machine Temp. reading / Calibrator Temp. reading:
99.1/99.1

Incubator 3 Humidity reading:
99.1

Incubator 4 Machine Temp. reading / Calibrator Temp. reading:
99.7/99.7

Incubator 4 Humidity reading:
99.7

Incubator 5 Machine Temp. reading / Calibrator Temp. reading:
99.5/99.5

Incubator 5 Humidity reading:
99.5

Incubator 6 Machine Temp. reading / Calibrator Temp. reading:
00

Incubator 6 Humidity reading:
00

Incubator 7 Machine Temp. reading / Calibrator Temp. reading:
00

Incubator 7 Humidity reading:
00

Incubator 8 Machine Temp. reading / Calibrator Temp. reading:
00

Incubator 8 Humidity reading:
00

Incubator 9 Machine Temp. reading / Calibrator Temp. reading:
00

Incubator 9 Humidity reading:
00

Incubator 10 Machine Temp. reading / Calibrator Temp. reading:
00

Incubator 10 Humidity reading:
00

Corrective action taken for un-match machine and calibrator temperature reading after 30 minutes of checking:
Na

Approver on machine temperature adjustment:
N/A

Time finished:
3:45

———————————————
This task was submitted through INCUBATOR TEMPERATURE CALIBRATION
https://form.asana.com/?k=-OgqMf660KEFQdcn3Wkysw&d=1186399537984407",INCUBATOR TEMPERATURE CALIBRATION,,,,Bernardo tiamzon,"Mar 17, 2023",2nd,3pm,100.1/100.1,100.2,99.2/99.2,99.2,99.1/99.1,99.1,99.7/99.7,99.7,99.5/99.5,99.5,00,00,00,00,00,00,00,00,00,00,Na,N/A,3:45
"1204174295145401",2023-03-14,,2023-03-14,INCUBATOR TEMPERATURE CALIBRATION submission,Untitled section,,,,,,"Hatcheryman:
Bernardo tiamzon

Date:
Mar 14, 2023

Shift:
2nd

Time started:
3pm

Incubator 1 Machine Temp. reading / Calibrator Temp. reading:
100.2/100.2

Incubator 1 Humidity reading:
100.2

Incubator 2 Machine Temp. reading / Calibrator Temp. reading:
99.4/99.4

Incubator 2 Humidity reading:
99.4

Incubator 3 Machine Temp. reading / Calibrator Temp. reading:
99.0/99.0

Incubator 3 Humidity reading:
99.0

Incubator 4 Machine Temp. reading / Calibrator Temp. reading:
99.5/99.5

Incubator 4 Humidity reading:
99.5

Incubator 5 Machine Temp. reading / Calibrator Temp. reading:
99.3/99.3

Incubator 5 Humidity reading:
99.3

Incubator 6 Machine Temp. reading / Calibrator Temp. reading:
00

Incubator 6 Humidity reading:
00

Incubator 7 Machine Temp. reading / Calibrator Temp. reading:
00

Incubator 7 Humidity reading:
00

Incubator 8 Machine Temp. reading / Calibrator Temp. reading:
00

Incubator 8 Humidity reading:
00

Incubator 9 Machine Temp. reading / Calibrator Temp. reading:
00

Incubator 9 Humidity reading:
00

Incubator 10 Machine Temp. reading / Calibrator Temp. reading:
00

Incubator 10 Humidity reading:
00

Corrective action taken for un-match machine and calibrator temperature reading after 30 minutes of checking:
Na

Approver on machine temperature adjustment:
N/A

Time finished:
3:45

———————————————
This task was submitted through INCUBATOR TEMPERATURE CALIBRATION
https://form.asana.com/?k=-OgqMf660KEFQdcn3Wkysw&d=1186399537984407",INCUBATOR TEMPERATURE CALIBRATION,,,,Bernardo tiamzon,"Mar 14, 2023",2nd,3pm,100.2/100.2,100.2,99.4/99.4,99.4,99.0/99.0,99.0,99.5/99.5,99.5,99.3/99.3,99.3,00,00,00,00,00,00,00,00,00,00,Na,N/A,3:45
"1204153023636831",2023-03-10,,2023-03-10,INCUBATOR TEMPERATURE CALIBRATION submission,Untitled section,,,,,,"Hatcheryman:
Bernardo tiamzon

Date:
Mar 10, 2023

Shift:
2nd

Time started:
3pm

Incubator 1 Machine Temp. reading / Calibrator Temp. reading:
100.3/100.3

Incubator 1 Humidity reading:
100.3

Incubator 2 Machine Temp. reading / Calibrator Temp. reading:
99.0/99.0

Incubator 2 Humidity reading:
99.0

Incubator 3 Machine Temp. reading / Calibrator Temp. reading:
99.0/99.0

Incubator 3 Humidity reading:
99.0

Incubator 4 Machine Temp. reading / Calibrator Temp. reading:
100/100

Incubator 4 Humidity reading:
100

Incubator 5 Machine Temp. reading / Calibrator Temp. reading:
100'100

Incubator 5 Humidity reading:
99.9

Incubator 6 Machine Temp. reading / Calibrator Temp. reading:
00

Incubator 6 Humidity reading:
00

Incubator 7 Machine Temp. reading / Calibrator Temp. reading:
00

Incubator 7 Humidity reading:
00

Incubator 8 Machine Temp. reading / Calibrator Temp. reading:
00

Incubator 8 Humidity reading:
00

Incubator 9 Machine Temp. reading / Calibrator Temp. reading:
00

Incubator 9 Humidity reading:
00

Incubator 10 Machine Temp. reading / Calibrator Temp. reading:
00

Incubator 10 Humidity reading:
00

Corrective action taken for un-match machine and calibrator temperature reading after 30 minutes of checking:
Na

Approver on machine temperature adjustment:
N/A

Time finished:
3:45

———————————————
This task was submitted through INCUBATOR TEMPERATURE CALIBRATION
https://form.asana.com/?k=-OgqMf660KEFQdcn3Wkysw&d=1186399537984407",INCUBATOR TEMPERATURE CALIBRATION,,,,Bernardo tiamzon,"Mar 10, 2023",2nd,3pm,100.3/100.3,100.3,99.0/99.0,99.0,99.0/99.0,99.0,100/100,100,100'100,99.9,00,00,00,00,00,00,00,00,00,00,Na,N/A,3:45
"1204128335082196",2023-03-07,,2023-03-07,INCUBATOR TEMPERATURE CALIBRATION submission,Untitled section,,,,,,"Hatcheryman:
Peter Paul alap-ap

Date:
Mar 7, 2023

Shift:
2nd

Time started:
6:00 pm 

Incubator 1 Machine Temp. reading / Calibrator Temp. reading:
00

Incubator 1 Humidity reading:
00

Incubator 2 Machine Temp. reading / Calibrator Temp. reading:
Temp.99.4F / calibrator 99.4

Incubator 2 Humidity reading:
99.4

Incubator 3 Machine Temp. reading / Calibrator Temp. reading:
Temp. 99.4 F / calibrator 99.4 F

Incubator 3 Humidity reading:
99.4

Incubator 4 Machine Temp. reading / Calibrator Temp. reading:
Temp.100.2 F / calibrator 100.2 F

Incubator 4 Humidity reading:
00.2

Incubator 5 Machine Temp. reading / Calibrator Temp. reading:
Temp. 100.3 F / calibrator 100.3

Incubator 5 Humidity reading:
00.1

Incubator 6 Machine Temp. reading / Calibrator Temp. reading:
00

Incubator 6 Humidity reading:
00

Incubator 7 Machine Temp. reading / Calibrator Temp. reading:
00

Incubator 7 Humidity reading:
00

Incubator 8 Machine Temp. reading / Calibrator Temp. reading:
00

Incubator 8 Humidity reading:
00

Incubator 9 Machine Temp. reading / Calibrator Temp. reading:
00

Incubator 9 Humidity reading:
00

Incubator 10 Machine Temp. reading / Calibrator Temp. reading:
00

Incubator 10 Humidity reading:
00

Corrective action taken for un-match machine and calibrator temperature reading after 30 minutes of checking:
N/A

Approver on machine temperature adjustment:
Jimmy Tungol

Time finished:
7:30 am

———————————————
This task was submitted through INCUBATOR TEMPERATURE CALIBRATION
https://form.asana.com/?k=-OgqMf660KEFQdcn3Wkysw&d=1186399537984407",INCUBATOR TEMPERATURE CALIBRATION,,,,Peter Paul alap-ap,"Mar 7, 2023",2nd,6:00 pm ,00,00,Temp.99.4F / calibrator 99.4,99.4,Temp. 99.4 F / calibrator 99.4 F,99.4,Temp.100.2 F / calibrator 100.2 F,00.2,Temp. 100.3 F / calibrator 100.3,00.1,00,00,00,00,00,00,00,00,00,00,N/A,Jimmy Tungol,7:30 am
"1204106256396103",2023-03-03,,2023-03-03,INCUBATOR TEMPERATURE CALIBRATION submission,Untitled section,,,,,,"Hatcheryman:
Peter Paul alap-ap

Date:
Mar 3, 2023

Shift:
2nd

Time started:
4:00 pm

Incubator 1 Machine Temp. reading / Calibrator Temp. reading:
00

Incubator 1 Humidity reading:
00

Incubator 2 Machine Temp. reading / Calibrator Temp. reading:
99.0 F /calibrator 99.0

Incubator 2 Humidity reading:
99.0

Incubator 3 Machine Temp. reading / Calibrator Temp. reading:
99.0

Incubator 3 Humidity reading:
99.0

Incubator 4 Machine Temp. reading / Calibrator Temp. reading:
100.3 F / calibrator 100.3

Incubator 4 Humidity reading:
100.3

Incubator 5 Machine Temp. reading / Calibrator Temp. reading:
100.2 F / calibrator 100.2 F 

Incubator 5 Humidity reading:
00.1

Incubator 6 Machine Temp. reading / Calibrator Temp. reading:
00

Incubator 6 Humidity reading:
00

Incubator 7 Machine Temp. reading / Calibrator Temp. reading:
00

Incubator 7 Humidity reading:
00

Incubator 8 Machine Temp. reading / Calibrator Temp. reading:
00

Incubator 8 Humidity reading:
00

Incubator 9 Machine Temp. reading / Calibrator Temp. reading:
00

Incubator 9 Humidity reading:
00

Incubator 10 Machine Temp. reading / Calibrator Temp. reading:
00

Incubator 10 Humidity reading:
00

Corrective action taken for un-match machine and calibrator temperature reading after 30 minutes of checking:
N/A

Approver on machine temperature adjustment:
Sir Tony

Time finished:
4:32 pm

———————————————
This task was submitted through INCUBATOR TEMPERATURE CALIBRATION
https://form.asana.com/?k=-OgqMf660KEFQdcn3Wkysw&d=1186399537984407",INCUBATOR TEMPERATURE CALIBRATION,,,,Peter Paul alap-ap,"Mar 3, 2023",2nd,4:00 pm,00,00,99.0 F /calibrator 99.0,99.0,99.0,99.0,100.3 F / calibrator 100.3,100.3,100.2 F / calibrator 100.2 F ,00.1,00,00,00,00,00,00,00,00,00,00,N/A,Sir Tony,4:32 pm
"1204038907077424",2023-02-24,,2023-02-24,INCUBATOR TEMPERATURE CALIBRATION submission,Untitled section,,,,,,"Hatcheryman:
Rodel Marimla

Date:
Feb 24, 2023

Shift:
2nd

Time started:
3pm

Incubator 1 Machine Temp. reading / Calibrator Temp. reading:
0

Incubator 1 Humidity reading:
0

Incubator 2 Machine Temp. reading / Calibrator Temp. reading:
machine - 99.2 / calibrator - 99.2

Incubator 2 Humidity reading:
99.2

Incubator 3 Machine Temp. reading / Calibrator Temp. reading:
machine - 99.1 / calibrator - 99.1

Incubator 3 Humidity reading:
99.1

Incubator 4 Machine Temp. reading / Calibrator Temp. reading:
machine - 100.1 / calibrator - 100.1

Incubator 4 Humidity reading:
100.2

Incubator 5 Machine Temp. reading / Calibrator Temp. reading:
machine - 100.2 / calibrator - 100.2

Incubator 5 Humidity reading:
100.2

Incubator 6 Machine Temp. reading / Calibrator Temp. reading:
0

Incubator 6 Humidity reading:
0

Incubator 7 Machine Temp. reading / Calibrator Temp. reading:
0

Incubator 7 Humidity reading:
0

Incubator 8 Machine Temp. reading / Calibrator Temp. reading:
0

Incubator 8 Humidity reading:
0

Incubator 9 Machine Temp. reading / Calibrator Temp. reading:
0

Incubator 9 Humidity reading:
0

Incubator 10 Machine Temp. reading / Calibrator Temp. reading:
0

Incubator 10 Humidity reading:
0

Corrective action taken for un-match machine and calibrator temperature reading after 30 minutes of checking:
n/a

Approver on machine temperature adjustment:
N/A

Time finished:
3:45pm

———————————————
This task was submitted through INCUBATOR TEMPERATURE CALIBRATION
https://form.asana.com/?k=-OgqMf660KEFQdcn3Wkysw&d=1186399537984407",INCUBATOR TEMPERATURE CALIBRATION,,,,Rodel Marimla,"Feb 24, 2023",2nd,3pm,0,0,machine - 99.2 / calibrator - 99.2,99.2,machine - 99.1 / calibrator - 99.1,99.1,machine - 100.1 / calibrator - 100.1,100.2,machine - 100.2 / calibrator - 100.2,100.2,0,0,0,0,0,0,0,0,0,0,n/a,N/A,3:45pm
"1204013296740415",2023-02-21,,2023-02-21,INCUBATOR TEMPERATURE CALIBRATION submission,Untitled section,,,,,,"Hatcheryman:
Rodel Marimla

Date:
Feb 21, 2023

Shift:
2nd

Time started:
3pm

Incubator 1 Machine Temp. reading / Calibrator Temp. reading:
0

Incubator 1 Humidity reading:
0

Incubator 2 Machine Temp. reading / Calibrator Temp. reading:
machine - 99.3 / calibrator - 99.3

Incubator 2 Humidity reading:
99.3

Incubator 3 Machine Temp. reading / Calibrator Temp. reading:
machine - 99.2 / calibrator - 99.2

Incubator 3 Humidity reading:
99.2

Incubator 4 Machine Temp. reading / Calibrator Temp. reading:
0

Incubator 4 Humidity reading:
0

Incubator 5 Machine Temp. reading / Calibrator Temp. reading:
0

Incubator 5 Humidity reading:
0

Incubator 6 Machine Temp. reading / Calibrator Temp. reading:
0

Incubator 6 Humidity reading:
0

Incubator 7 Machine Temp. reading / Calibrator Temp. reading:
0

Incubator 7 Humidity reading:
0

Incubator 8 Machine Temp. reading / Calibrator Temp. reading:
0

Incubator 8 Humidity reading:
0

Incubator 9 Machine Temp. reading / Calibrator Temp. reading:
0

Incubator 9 Humidity reading:
0

Incubator 10 Machine Temp. reading / Calibrator Temp. reading:
0

Incubator 10 Humidity reading:
0

Corrective action taken for un-match machine and calibrator temperature reading after 30 minutes of checking:
n/a

Approver on machine temperature adjustment:
N/A

Time finished:
3:30pm

———————————————
This task was submitted through INCUBATOR TEMPERATURE CALIBRATION
https://form.asana.com/?k=-OgqMf660KEFQdcn3Wkysw&d=1186399537984407",INCUBATOR TEMPERATURE CALIBRATION,,,,Rodel Marimla,"Feb 21, 2023",2nd,3pm,0,0,machine - 99.3 / calibrator - 99.3,99.3,machine - 99.2 / calibrator - 99.2,99.2,0,0,0,0,0,0,0,0,0,0,0,0,0,0,n/a,N/A,3:30pm
"1203992962024051",2023-02-17,,2023-02-17,INCUBATOR TEMPERATURE CALIBRATION submission,Untitled section,,,,,,"Hatcheryman:
Rodel Marimla

Date:
Feb 17, 2023

Shift:
2nd

Time started:
3pm

Incubator 1 Machine Temp. reading / Calibrator Temp. reading:
0

Incubator 1 Humidity reading:
0

Incubator 2 Machine Temp. reading / Calibrator Temp. reading:
machine - 99.5 / calibrator - 99.5

Incubator 2 Humidity reading:
99.5

Incubator 3 Machine Temp. reading / Calibrator Temp. reading:
machine - 99.3  / calibrator - 99.3

Incubator 3 Humidity reading:
99.3

Incubator 4 Machine Temp. reading / Calibrator Temp. reading:
0

Incubator 4 Humidity reading:
0

Incubator 5 Machine Temp. reading / Calibrator Temp. reading:
0

Incubator 5 Humidity reading:
0

Incubator 6 Machine Temp. reading / Calibrator Temp. reading:
0

Incubator 6 Humidity reading:
0

Incubator 7 Machine Temp. reading / Calibrator Temp. reading:
0

Incubator 7 Humidity reading:
0

Incubator 8 Machine Temp. reading / Calibrator Temp. reading:
0

Incubator 8 Humidity reading:
0

Incubator 9 Machine Temp. reading / Calibrator Temp. reading:
0

Incubator 9 Humidity reading:
0

Incubator 10 Machine Temp. reading / Calibrator Temp. reading:
0

Incubator 10 Humidity reading:
0

Corrective action taken for un-match machine and calibrator temperature reading after 30 minutes of checking:
n/a

Approver on machine temperature adjustment:
N/A

Time finished:
3:30pm

———————————————
This task was submitted through INCUBATOR TEMPERATURE CALIBRATION
https://form.asana.com/?k=-OgqMf660KEFQdcn3Wkysw&d=1186399537984407",INCUBATOR TEMPERATURE CALIBRATION,,,,Rodel Marimla,"Feb 17, 2023",2nd,3pm,0,0,machine - 99.5 / calibrator - 99.5,99.5,machine - 99.3  / calibrator - 99.3,99.3,0,0,0,0,0,0,0,0,0,0,0,0,0,0,n/a,N/A,3:30pm
"1203967912136610",2023-02-14,,2023-02-14,INCUBATOR TEMPERATURE CALIBRATION submission,Untitled section,,,,,,"Hatcheryman:
Rodel Marimla

Date:
Feb 14, 2023

Shift:
2nd

Time started:
3pm

Incubator 1 Machine Temp. reading / Calibrator Temp. reading:
0

Incubator 1 Humidity reading:
0

Incubator 2 Machine Temp. reading / Calibrator Temp. reading:
machine - 99.3 / calibrator - 99.3

Incubator 2 Humidity reading:
99.3

Incubator 3 Machine Temp. reading / Calibrator Temp. reading:
machine - 99.3 / calibrator - 99.3

Incubator 3 Humidity reading:
99.3

Incubator 4 Machine Temp. reading / Calibrator Temp. reading:
0

Incubator 4 Humidity reading:
0

Incubator 5 Machine Temp. reading / Calibrator Temp. reading:
0

Incubator 5 Humidity reading:
0

Incubator 6 Machine Temp. reading / Calibrator Temp. reading:
0

Incubator 6 Humidity reading:
0

Incubator 7 Machine Temp. reading / Calibrator Temp. reading:
0

Incubator 7 Humidity reading:
0

Incubator 8 Machine Temp. reading / Calibrator Temp. reading:
0

Incubator 8 Humidity reading:
0

Incubator 9 Machine Temp. reading / Calibrator Temp. reading:
0

Incubator 9 Humidity reading:
0

Incubator 10 Machine Temp. reading / Calibrator Temp. reading:
0

Incubator 10 Humidity reading:
0

Corrective action taken for un-match machine and calibrator temperature reading after 30 minutes of checking:
n/a

Approver on machine temperature adjustment:
N/A

Time finished:
3:30pm

———————————————
This task was submitted through INCUBATOR TEMPERATURE CALIBRATION
https://form.asana.com/?k=-OgqMf660KEFQdcn3Wkysw&d=1186399537984407",INCUBATOR TEMPERATURE CALIBRATION,,,,Rodel Marimla,"Feb 14, 2023",2nd,3pm,0,0,machine - 99.3 / calibrator - 99.3,99.3,machine - 99.3 / calibrator - 99.3,99.3,0,0,0,0,0,0,0,0,0,0,0,0,0,0,n/a,N/A,3:30pm
"1203945524191702",2023-02-10,,2023-02-10,INCUBATOR TEMPERATURE CALIBRATION submission,Untitled section,,,,,,"Hatcheryman:
Rodel Marimla

Date:
Feb 10, 2023

Shift:
2nd

Time started:
3pm

Incubator 1 Machine Temp. reading / Calibrator Temp. reading:
0

Incubator 1 Humidity reading:
0

Incubator 2 Machine Temp. reading / Calibrator Temp. reading:
machine - 99.5 / calibrator - 99.5

Incubator 2 Humidity reading:
99.5

Incubator 3 Machine Temp. reading / Calibrator Temp. reading:
machine - 99.4 / calibrator - 99.4

Incubator 3 Humidity reading:
99.4

Incubator 4 Machine Temp. reading / Calibrator Temp. reading:
0

Incubator 4 Humidity reading:
0

Incubator 5 Machine Temp. reading / Calibrator Temp. reading:
0

Incubator 5 Humidity reading:
0

Incubator 6 Machine Temp. reading / Calibrator Temp. reading:
0

Incubator 6 Humidity reading:
0

Incubator 7 Machine Temp. reading / Calibrator Temp. reading:
0

Incubator 7 Humidity reading:
0

Incubator 8 Machine Temp. reading / Calibrator Temp. reading:
0

Incubator 8 Humidity reading:
0

Incubator 9 Machine Temp. reading / Calibrator Temp. reading:
0

Incubator 9 Humidity reading:
0

Incubator 10 Machine Temp. reading / Calibrator Temp. reading:
0

Incubator 10 Humidity reading:
0

Corrective action taken for un-match machine and calibrator temperature reading after 30 minutes of checking:
n/a

Approver on machine temperature adjustment:
N/A

Time finished:
3:30pm

———————————————
This task was submitted through INCUBATOR TEMPERATURE CALIBRATION
https://form.asana.com/?k=-OgqMf660KEFQdcn3Wkysw&d=1186399537984407",INCUBATOR TEMPERATURE CALIBRATION,,,,Rodel Marimla,"Feb 10, 2023",2nd,3pm,0,0,machine - 99.5 / calibrator - 99.5,99.5,machine - 99.4 / calibrator - 99.4,99.4,0,0,0,0,0,0,0,0,0,0,0,0,0,0,n/a,N/A,3:30pm
"1203919728752217",2023-02-07,,2023-02-07,INCUBATOR TEMPERATURE CALIBRATION submission,Untitled section,,,,,,"Hatcheryman:
Bernardo tiamzon

Date:
Feb 7, 2023

Shift:
2nd

Time started:
3pm

Incubator 1 Machine Temp. reading / Calibrator Temp. reading:
00

Incubator 1 Humidity reading:
00

Incubator 2 Machine Temp. reading / Calibrator Temp. reading:
99.4/99.4

Incubator 2 Humidity reading:
99.4

Incubator 3 Machine Temp. reading / Calibrator Temp. reading:
99.7/99.7

Incubator 3 Humidity reading:
99.7

Incubator 4 Machine Temp. reading / Calibrator Temp. reading:
00

Incubator 4 Humidity reading:
00

Incubator 5 Machine Temp. reading / Calibrator Temp. reading:
00

Incubator 5 Humidity reading:
00

Incubator 6 Machine Temp. reading / Calibrator Temp. reading:
00

Incubator 6 Humidity reading:
00

Incubator 7 Machine Temp. reading / Calibrator Temp. reading:
00

Incubator 7 Humidity reading:
00

Incubator 8 Machine Temp. reading / Calibrator Temp. reading:
00

Incubator 8 Humidity reading:
00

Incubator 9 Machine Temp. reading / Calibrator Temp. reading:
00

Incubator 9 Humidity reading:
00

Incubator 10 Machine Temp. reading / Calibrator Temp. reading:
00

Incubator 10 Humidity reading:
00

Corrective action taken for un-match machine and calibrator temperature reading after 30 minutes of checking:
Na

Approver on machine temperature adjustment:
N/A

Time finished:
3:45

———————————————
This task was submitted through INCUBATOR TEMPERATURE CALIBRATION
https://form.asana.com/?k=-OgqMf660KEFQdcn3Wkysw&d=1186399537984407",INCUBATOR TEMPERATURE CALIBRATION,,,,Bernardo tiamzon,"Feb 7, 2023",2nd,3pm,00,00,99.4/99.4,99.4,99.7/99.7,99.7,00,00,00,00,00,00,00,00,00,00,00,00,00,00,Na,N/A,3:45
"1203891803984584",2023-02-03,,2023-02-03,INCUBATOR TEMPERATURE CALIBRATION submission,Untitled section,,,,,,"Hatcheryman:
Bernardo tiamzon

Date:
Feb 3, 2023

Shift:
2nd

Time started:
3pm

Incubator 1 Machine Temp. reading / Calibrator Temp. reading:
00

Incubator 1 Humidity reading:
00

Incubator 2 Machine Temp. reading / Calibrator Temp. reading:
99.4/99.4

Incubator 2 Humidity reading:
99.4

Incubator 3 Machine Temp. reading / Calibrator Temp. reading:
99.5/99.5

Incubator 3 Humidity reading:
99.5

Incubator 4 Machine Temp. reading / Calibrator Temp. reading:
00

Incubator 4 Humidity reading:
00

Incubator 5 Machine Temp. reading / Calibrator Temp. reading:
00

Incubator 5 Humidity reading:
00

Incubator 6 Machine Temp. reading / Calibrator Temp. reading:
00

Incubator 6 Humidity reading:
00

Incubator 7 Machine Temp. reading / Calibrator Temp. reading:
00

Incubator 7 Humidity reading:
00

Incubator 8 Machine Temp. reading / Calibrator Temp. reading:
00

Incubator 8 Humidity reading:
00

Incubator 9 Machine Temp. reading / Calibrator Temp. reading:
00

Incubator 9 Humidity reading:
00

Incubator 10 Machine Temp. reading / Calibrator Temp. reading:
00

Incubator 10 Humidity reading:
00

Corrective action taken for un-match machine and calibrator temperature reading after 30 minutes of checking:
Na

Approver on machine temperature adjustment:
N/A

Time finished:
3:20pm

———————————————
This task was submitted through INCUBATOR TEMPERATURE CALIBRATION
https://form.asana.com/?k=-OgqMf660KEFQdcn3Wkysw&d=1186399537984407",INCUBATOR TEMPERATURE CALIBRATION,,,,Bernardo tiamzon,"Feb 3, 2023",2nd,3pm,00,00,99.4/99.4,99.4,99.5/99.5,99.5,00,00,00,00,00,00,00,00,00,00,00,00,00,00,Na,N/A,3:20pm
"1203865955971187",2023-01-31,,2023-01-31,INCUBATOR TEMPERATURE CALIBRATION submission,Untitled section,,,,,,"Hatcheryman:
Bernardo tiamzon

Date:
Jan 31, 2023

Shift:
2nd

Time started:
3pm

Incubator 1 Machine Temp. reading / Calibrator Temp. reading:
00

Incubator 1 Humidity reading:
00

Incubator 2 Machine Temp. reading / Calibrator Temp. reading:
99.5/99.5

Incubator 2 Humidity reading:
99.5

Incubator 3 Machine Temp. reading / Calibrator Temp. reading:
99.5/99.5

Incubator 3 Humidity reading:
99.5

Incubator 4 Machine Temp. reading / Calibrator Temp. reading:
00

Incubator 4 Humidity reading:
00

Incubator 5 Machine Temp. reading / Calibrator Temp. reading:
00

Incubator 5 Humidity reading:
00

Incubator 6 Machine Temp. reading / Calibrator Temp. reading:
00

Incubator 6 Humidity reading:
00

Incubator 7 Machine Temp. reading / Calibrator Temp. reading:
00

Incubator 7 Humidity reading:
00

Incubator 8 Machine Temp. reading / Calibrator Temp. reading:
00

Incubator 8 Humidity reading:
00

Incubator 9 Machine Temp. reading / Calibrator Temp. reading:
00

Incubator 9 Humidity reading:
00

Incubator 10 Machine Temp. reading / Calibrator Temp. reading:
00

Incubator 10 Humidity reading:
00

Corrective action taken for un-match machine and calibrator temperature reading after 30 minutes of checking:
Na

Approver on machine temperature adjustment:
N/A

Time finished:
3:20pm

———————————————
This task was submitted through INCUBATOR TEMPERATURE CALIBRATION
https://form.asana.com/?k=-OgqMf660KEFQdcn3Wkysw&d=1186399537984407",INCUBATOR TEMPERATURE CALIBRATION,,,,Bernardo tiamzon,"Jan 31, 2023",2nd,3pm,00,00,99.5/99.5,99.5,99.5/99.5,99.5,00,00,00,00,00,00,00,00,00,00,00,00,00,00,Na,N/A,3:20pm
"1203842856243329",2023-01-27,,2023-01-27,INCUBATOR TEMPERATURE CALIBRATION submission,Untitled section,,,,,,"Hatcheryman:
Bernardo tiamzon

Date:
Jan 27, 2023

Shift:
2nd

Time started:
3:20pm

Incubator 1 Machine Temp. reading / Calibrator Temp. reading:
00

Incubator 1 Humidity reading:
00

Incubator 2 Machine Temp. reading / Calibrator Temp. reading:
100.0/100.0

Incubator 2 Humidity reading:
100

Incubator 3 Machine Temp. reading / Calibrator Temp. reading:
99.5/99.5

Incubator 3 Humidity reading:
99.5

Incubator 4 Machine Temp. reading / Calibrator Temp. reading:
99.4/99.4

Incubator 4 Humidity reading:
99.4

Incubator 5 Machine Temp. reading / Calibrator Temp. reading:
00

Incubator 5 Humidity reading:
00

Incubator 6 Machine Temp. reading / Calibrator Temp. reading:
00

Incubator 6 Humidity reading:
00

Incubator 7 Machine Temp. reading / Calibrator Temp. reading:
00

Incubator 7 Humidity reading:
00

Incubator 8 Machine Temp. reading / Calibrator Temp. reading:
00

Incubator 8 Humidity reading:
00

Incubator 9 Machine Temp. reading / Calibrator Temp. reading:
00

Incubator 9 Humidity reading:
00

Incubator 10 Machine Temp. reading / Calibrator Temp. reading:
00

Incubator 10 Humidity reading:
00

Corrective action taken for un-match machine and calibrator temperature reading after 30 minutes of checking:
Na

Approver on machine temperature adjustment:
N/A

Time finished:
3:45

———————————————
This task was submitted through INCUBATOR TEMPERATURE CALIBRATION
https://form.asana.com/?k=-OgqMf660KEFQdcn3Wkysw&d=1186399537984407",INCUBATOR TEMPERATURE CALIBRATION,,,,Bernardo tiamzon,"Jan 27, 2023",2nd,3:20pm,00,00,100.0/100.0,100,99.5/99.5,99.5,99.4/99.4,99.4,00,00,00,00,00,00,00,00,00,00,00,00,Na,N/A,3:45
"1203661717388537",2023-01-06,,2023-01-06,INCUBATOR TEMPERATURE CALIBRATION submission,Untitled section,,,,,,"Hatcheryman:
Rodel Marimla

Date:
Jan 6, 2023

Shift:
2nd

Time started:
4pm

Incubator 1 Machine Temp. reading / Calibrator Temp. reading:
0

Incubator 1 Humidity reading:
0

Incubator 2 Machine Temp. reading / Calibrator Temp. reading:
machine - 100.2 / calibrator - 100.2

Incubator 2 Humidity reading:
100.2

Incubator 3 Machine Temp. reading / Calibrator Temp. reading:
machine - 99.8 / calibrator - 99.8

Incubator 3 Humidity reading:
99.8

Incubator 4 Machine Temp. reading / Calibrator Temp. reading:
machine - 99.5 / calibrator - 99.5

Incubator 4 Humidity reading:
99.5

Incubator 5 Machine Temp. reading / Calibrator Temp. reading:
0

Incubator 5 Humidity reading:
0

Incubator 6 Machine Temp. reading / Calibrator Temp. reading:
0

Incubator 6 Humidity reading:
0

Incubator 7 Machine Temp. reading / Calibrator Temp. reading:
0

Incubator 7 Humidity reading:
0

Incubator 8 Machine Temp. reading / Calibrator Temp. reading:
0

Incubator 8 Humidity reading:
0

Incubator 9 Machine Temp. reading / Calibrator Temp. reading:
0

Incubator 9 Humidity reading:
0

Incubator 10 Machine Temp. reading / Calibrator Temp. reading:
0

Incubator 10 Humidity reading:
0

Corrective action taken for un-match machine and calibrator temperature reading after 30 minutes of checking:
n/a

Approver on machine temperature adjustment:
N/A

Time finished:
4:20pm

———————————————
This task was submitted through INCUBATOR TEMPERATURE CALIBRATION
https://form.asana.com/?k=-OgqMf660KEFQdcn3Wkysw&d=1186399537984407",INCUBATOR TEMPERATURE CALIBRATION,,,,Rodel Marimla,"Jan 6, 2023",2nd,4pm,0,0,machine - 100.2 / calibrator - 100.2,100.2,machine - 99.8 / calibrator - 99.8,99.8,machine - 99.5 / calibrator - 99.5,99.5,0,0,0,0,0,0,0,0,0,0,0,0,n/a,N/A,4:20pm
"1203639772088115",2023-01-03,,2023-01-03,INCUBATOR TEMPERATURE CALIBRATION submission,Untitled section,,,,,,"Hatcheryman:
Rodel Marimla

Date:
Jan 3, 2023

Shift:
2nd

Time started:
3pm

Incubator 1 Machine Temp. reading / Calibrator Temp. reading:
0

Incubator 1 Humidity reading:
0

Incubator 2 Machine Temp. reading / Calibrator Temp. reading:
0

Incubator 2 Humidity reading:
0

Incubator 3 Machine Temp. reading / Calibrator Temp. reading:
machine - 99.6 / calibrator - 99.6

Incubator 3 Humidity reading:
99.6

Incubator 4 Machine Temp. reading / Calibrator Temp. reading:
machine - 99.5 / calibrator - 99.5

Incubator 4 Humidity reading:
99.5

Incubator 5 Machine Temp. reading / Calibrator Temp. reading:
machine - 99.6 / calibrator - 99.6

Incubator 5 Humidity reading:
99.6

Incubator 6 Machine Temp. reading / Calibrator Temp. reading:
0

Incubator 6 Humidity reading:
0

Incubator 7 Machine Temp. reading / Calibrator Temp. reading:
0

Incubator 7 Humidity reading:
0

Incubator 8 Machine Temp. reading / Calibrator Temp. reading:
0

Incubator 8 Humidity reading:
0

Incubator 9 Machine Temp. reading / Calibrator Temp. reading:
0

Incubator 9 Humidity reading:
0

Incubator 10 Machine Temp. reading / Calibrator Temp. reading:
0

Incubator 10 Humidity reading:
0

Corrective action taken for un-match machine and calibrator temperature reading after 30 minutes of checking:
n/a

Approver on machine temperature adjustment:
N/A

Time finished:
3:30pm

———————————————
This task was submitted through INCUBATOR TEMPERATURE CALIBRATION
https://form.asana.com/?k=-OgqMf660KEFQdcn3Wkysw&d=1186399537984407",INCUBATOR TEMPERATURE CALIBRATION,,,,Rodel Marimla,"Jan 3, 2023",2nd,3pm,0,0,0,0,machine - 99.6 / calibrator - 99.6,99.6,machine - 99.5 / calibrator - 99.5,99.5,machine - 99.6 / calibrator - 99.6,99.6,0,0,0,0,0,0,0,0,0,0,n/a,N/A,3:30pm
"1203628927340880",2022-12-30,,2022-12-30,INCUBATOR TEMPERATURE CALIBRATION submission,Untitled section,,,,,,"Hatcheryman:
Rodel Marimla

Date:
Dec 30, 2022

Shift:
2nd

Time started:
3pm

Incubator 1 Machine Temp. reading / Calibrator Temp. reading:
0

Incubator 1 Humidity reading:
0

Incubator 2 Machine Temp. reading / Calibrator Temp. reading:
0

Incubator 2 Humidity reading:
0

Incubator 3 Machine Temp. reading / Calibrator Temp. reading:
machine - 99.5 / calibrator - 99.5

Incubator 3 Humidity reading:
99.5

Incubator 4 Machine Temp. reading / Calibrator Temp. reading:
machine - 99.5 / calibrator - 99.5

Incubator 4 Humidity reading:
99.5

Incubator 5 Machine Temp. reading / Calibrator Temp. reading:
machine - 99.5 / calibrator - 99.5

Incubator 5 Humidity reading:
99.5

Incubator 6 Machine Temp. reading / Calibrator Temp. reading:
0

Incubator 6 Humidity reading:
0

Incubator 7 Machine Temp. reading / Calibrator Temp. reading:
0

Incubator 7 Humidity reading:
0

Incubator 8 Machine Temp. reading / Calibrator Temp. reading:
0

Incubator 8 Humidity reading:
0

Incubator 9 Machine Temp. reading / Calibrator Temp. reading:
0

Incubator 9 Humidity reading:
0

Incubator 10 Machine Temp. reading / Calibrator Temp. reading:
0

Incubator 10 Humidity reading:
0

Corrective action taken for un-match machine and calibrator temperature reading after 30 minutes of checking:
n/a

Approver on machine temperature adjustment:
N/A

Time finished:
3:30pm

———————————————
This task was submitted through INCUBATOR TEMPERATURE CALIBRATION
https://form.asana.com/?k=-OgqMf660KEFQdcn3Wkysw&d=1186399537984407",INCUBATOR TEMPERATURE CALIBRATION,,,,Rodel Marimla,"Dec 30, 2022",2nd,3pm,0,0,0,0,machine - 99.5 / calibrator - 99.5,99.5,machine - 99.5 / calibrator - 99.5,99.5,machine - 99.5 / calibrator - 99.5,99.5,0,0,0,0,0,0,0,0,0,0,n/a,N/A,3:30pm
"1203617174533439",2022-12-27,,2022-12-27,INCUBATOR TEMPERATURE CALIBRATION submission,Untitled section,,,,,,"Hatcheryman:
Rodel Marimla

Date:
Dec 27, 2022

Shift:
2nd

Time started:
4pm

Incubator 1 Machine Temp. reading / Calibrator Temp. reading:
0

Incubator 1 Humidity reading:
0

Incubator 2 Machine Temp. reading / Calibrator Temp. reading:
0

Incubator 2 Humidity reading:
0

Incubator 3 Machine Temp. reading / Calibrator Temp. reading:
machine - 99.7 / calibrator - 99.7

Incubator 3 Humidity reading:
99.7

Incubator 4 Machine Temp. reading / Calibrator Temp. reading:
machine - 99.5 / calibrator - 99.5

Incubator 4 Humidity reading:
99.5

Incubator 5 Machine Temp. reading / Calibrator Temp. reading:
machine - 99.5 / calibrator - 99.5

Incubator 5 Humidity reading:
99.5

Incubator 6 Machine Temp. reading / Calibrator Temp. reading:
0

Incubator 6 Humidity reading:
0

Incubator 7 Machine Temp. reading / Calibrator Temp. reading:
0

Incubator 7 Humidity reading:
0

Incubator 8 Machine Temp. reading / Calibrator Temp. reading:
0

Incubator 8 Humidity reading:
0

Incubator 9 Machine Temp. reading / Calibrator Temp. reading:
0

Incubator 9 Humidity reading:
0

Incubator 10 Machine Temp. reading / Calibrator Temp. reading:
0

Incubator 10 Humidity reading:
0

Corrective action taken for un-match machine and calibrator temperature reading after 30 minutes of checking:
n/a

Approver on machine temperature adjustment:
N/A

Time finished:
4:20pm

———————————————
This task was submitted through INCUBATOR TEMPERATURE CALIBRATION
https://form.asana.com/?k=-OgqMf660KEFQdcn3Wkysw&d=1186399537984407",INCUBATOR TEMPERATURE CALIBRATION,,,,Rodel Marimla,"Dec 27, 2022",2nd,4pm,0,0,0,0,machine - 99.7 / calibrator - 99.7,99.7,machine - 99.5 / calibrator - 99.5,99.5,machine - 99.5 / calibrator - 99.5,99.5,0,0,0,0,0,0,0,0,0,0,n/a,N/A,4:20pm
"1203609679446802",2022-12-24,,2022-12-24,INCUBATOR TEMPERATURE CALIBRATION submission,Untitled section,,,,,,"Hatcheryman:
Peter Paul alap-ap

Date:
Dec 24, 2022

Shift:
1st

Time started:
7:00 am

Incubator 1 Machine Temp. reading / Calibrator Temp. reading:
00

Incubator 1 Humidity reading:
00

Incubator 2 Machine Temp. reading / Calibrator Temp. reading:
00

Incubator 2 Humidity reading:
00

Incubator 3 Machine Temp. reading / Calibrator Temp. reading:
Temperature 100.0 F/ calibrator 100.0

Incubator 3 Humidity reading:
00.0

Incubator 4 Machine Temp. reading / Calibrator Temp. reading:
Temperature 99.6 F / calibrator 99.6

Incubator 4 Humidity reading:
99.6

Incubator 5 Machine Temp. reading / Calibrator Temp. reading:
Temperature 99.8 F / calibrator 99.8

Incubator 5 Humidity reading:
99.8

Incubator 6 Machine Temp. reading / Calibrator Temp. reading:
00

Incubator 6 Humidity reading:
00

Incubator 7 Machine Temp. reading / Calibrator Temp. reading:
00

Incubator 7 Humidity reading:
00

Incubator 8 Machine Temp. reading / Calibrator Temp. reading:
OO

Incubator 8 Humidity reading:
00

Incubator 9 Machine Temp. reading / Calibrator Temp. reading:
00

Incubator 9 Humidity reading:
00

Incubator 10 Machine Temp. reading / Calibrator Temp. reading:
00

Incubator 10 Humidity reading:
00

Corrective action taken for un-match machine and calibrator temperature reading after 30 minutes of checking:
N/A 

Approver on machine temperature adjustment:
Sir Tony

Time finished:
7:30 am

———————————————
This task was submitted through INCUBATOR TEMPERATURE CALIBRATION
https://form.asana.com/?k=-OgqMf660KEFQdcn3Wkysw&d=1186399537984407",INCUBATOR TEMPERATURE CALIBRATION,,,,Peter Paul alap-ap,"Dec 24, 2022",1st,7:00 am,00,00,00,00,Temperature 100.0 F/ calibrator 100.0,00.0,Temperature 99.6 F / calibrator 99.6,99.6,Temperature 99.8 F / calibrator 99.8,99.8,00,00,00,00,OO,00,00,00,00,00,N/A ,Sir Tony,7:30 am
"1203586396398430",2022-12-20,,2022-12-20,INCUBATOR TEMPERATURE CALIBRATION submission,Untitled section,,,,,,"Hatcheryman:
Bernardo tiamzon

Date:
Dec 20, 2022

Shift:
2nd

Time started:
3pm

Incubator 1 Machine Temp. reading / Calibrator Temp. reading:
00

Incubator 1 Humidity reading:
00

Incubator 2 Machine Temp. reading / Calibrator Temp. reading:
00

Incubator 2 Humidity reading:
00

Incubator 3 Machine Temp. reading / Calibrator Temp. reading:
100.2/100.2

Incubator 3 Humidity reading:
100.2

Incubator 4 Machine Temp. reading / Calibrator Temp. reading:
99.6/99.6

Incubator 4 Humidity reading:
99.6

Incubator 5 Machine Temp. reading / Calibrator Temp. reading:
99.8/99.8

Incubator 5 Humidity reading:
99.8

Incubator 6 Machine Temp. reading / Calibrator Temp. reading:
00

Incubator 6 Humidity reading:
00

Incubator 7 Machine Temp. reading / Calibrator Temp. reading:
00

Incubator 7 Humidity reading:
00

Incubator 8 Machine Temp. reading / Calibrator Temp. reading:
00

Incubator 8 Humidity reading:
00

Incubator 9 Machine Temp. reading / Calibrator Temp. reading:
00

Incubator 9 Humidity reading:
00

Incubator 10 Machine Temp. reading / Calibrator Temp. reading:
00

Incubator 10 Humidity reading:
00

Corrective action taken for un-match machine and calibrator temperature reading after 30 minutes of checking:
Na

Approver on machine temperature adjustment:
N/A

Time finished:
3:25

———————————————
This task was submitted through INCUBATOR TEMPERATURE CALIBRATION
https://form.asana.com/?k=-OgqMf660KEFQdcn3Wkysw&d=1186399537984407",INCUBATOR TEMPERATURE CALIBRATION,,,,Bernardo tiamzon,"Dec 20, 2022",2nd,3pm,00,00,00,00,100.2/100.2,100.2,99.6/99.6,99.6,99.8/99.8,99.8,00,00,00,00,00,00,00,00,00,00,Na,N/A,3:25
"1203585214596591",2022-12-20,,2022-12-20,INCUBATOR TEMPERATURE CALIBRATION submission,Untitled section,,,,,,"Hatcheryman:
Peter Paul alap-ap

Date:
Dec 20, 2022

Shift:
1st

Time started:
7:00 am

Incubator 1 Machine Temp. reading / Calibrator Temp. reading:
00

Incubator 1 Humidity reading:
00

Incubator 2 Machine Temp. reading / Calibrator Temp. reading:
00

Incubator 2 Humidity reading:
00

Incubator 3 Machine Temp. reading / Calibrator Temp. reading:
Temperature 100.2 / calibrator 100.2

Incubator 3 Humidity reading:
00.2

Incubator 4 Machine Temp. reading / Calibrator Temp. reading:
Temperature 99.9/ calibrator 99.9

Incubator 4 Humidity reading:
99.9

Incubator 5 Machine Temp. reading / Calibrator Temp. reading:
Temperature 99.8/ calibrator 99.8

Incubator 5 Humidity reading:
99.8

Incubator 6 Machine Temp. reading / Calibrator Temp. reading:
00

Incubator 6 Humidity reading:
00

Incubator 7 Machine Temp. reading / Calibrator Temp. reading:
00

Incubator 7 Humidity reading:
00

Incubator 8 Machine Temp. reading / Calibrator Temp. reading:
00

Incubator 8 Humidity reading:
00

Incubator 9 Machine Temp. reading / Calibrator Temp. reading:
00

Incubator 9 Humidity reading:
00

Incubator 10 Machine Temp. reading / Calibrator Temp. reading:
00

Incubator 10 Humidity reading:
00

Corrective action taken for un-match machine and calibrator temperature reading after 30 minutes of checking:
N/A

Approver on machine temperature adjustment:
Sir Tony

Time finished:
7:30 am

———————————————
This task was submitted through INCUBATOR TEMPERATURE CALIBRATION
https://form.asana.com/?k=-OgqMf660KEFQdcn3Wkysw&d=1186399537984407",INCUBATOR TEMPERATURE CALIBRATION,,,,Peter Paul alap-ap,"Dec 20, 2022",1st,7:00 am,00,00,00,00,Temperature 100.2 / calibrator 100.2,00.2,Temperature 99.9/ calibrator 99.9,99.9,Temperature 99.8/ calibrator 99.8,99.8,00,00,00,00,00,00,00,00,00,00,N/A,Sir Tony,7:30 am
"1203567603447549",2022-12-16,,2022-12-16,INCUBATOR TEMPERATURE CALIBRATION submission,Untitled section,,,,,,"Hatcheryman:
Bernardo tiamzon

Date:
Dec 16, 2022

Shift:
2nd

Time started:
3:20pm

Incubator 1 Machine Temp. reading / Calibrator Temp. reading:
00

Incubator 1 Humidity reading:
00

Incubator 2 Machine Temp. reading / Calibrator Temp. reading:
00

Incubator 2 Humidity reading:
00

Incubator 3 Machine Temp. reading / Calibrator Temp. reading:
100/100

Incubator 3 Humidity reading:
100.1

Incubator 4 Machine Temp. reading / Calibrator Temp. reading:
99.3/99.3

Incubator 4 Humidity reading:
99.3

Incubator 5 Machine Temp. reading / Calibrator Temp. reading:
99.2/99.2

Incubator 5 Humidity reading:
99.2

Incubator 6 Machine Temp. reading / Calibrator Temp. reading:
00

Incubator 6 Humidity reading:
00

Incubator 7 Machine Temp. reading / Calibrator Temp. reading:
00

Incubator 7 Humidity reading:
00

Incubator 8 Machine Temp. reading / Calibrator Temp. reading:
00

Incubator 8 Humidity reading:
00

Incubator 9 Machine Temp. reading / Calibrator Temp. reading:
00

Incubator 9 Humidity reading:
00

Incubator 10 Machine Temp. reading / Calibrator Temp. reading:
00

Incubator 10 Humidity reading:
00

Corrective action taken for un-match machine and calibrator temperature reading after 30 minutes of checking:
Na

Approver on machine temperature adjustment:
N/A

Time finished:
3:45

———————————————
This task was submitted through INCUBATOR TEMPERATURE CALIBRATION
https://form.asana.com/?k=-OgqMf660KEFQdcn3Wkysw&d=1186399537984407",INCUBATOR TEMPERATURE CALIBRATION,,,,Bernardo tiamzon,"Dec 16, 2022",2nd,3:20pm,00,00,00,00,100/100,100.1,99.3/99.3,99.3,99.2/99.2,99.2,00,00,00,00,00,00,00,00,00,00,Na,N/A,3:45
"1203566904255060",2022-12-16,,2022-12-16,INCUBATOR TEMPERATURE CALIBRATION submission,Untitled section,,,,,,"Hatcheryman:
Peter Paul alap-ap

Date:
Dec 16, 2022

Shift:
1st

Time started:
7:00 am

Incubator 1 Machine Temp. reading / Calibrator Temp. reading:
00

Incubator 1 Humidity reading:
00

Incubator 2 Machine Temp. reading / Calibrator Temp. reading:
00

Incubator 2 Humidity reading:
00

Incubator 3 Machine Temp. reading / Calibrator Temp. reading:
Temperature 100.1/ calibrator 100.1

Incubator 3 Humidity reading:
00.1

Incubator 4 Machine Temp. reading / Calibrator Temp. reading:
Temperature 99.3

Incubator 4 Humidity reading:
99.3

Incubator 5 Machine Temp. reading / Calibrator Temp. reading:
Temperature 99.3/ calibrator 99.3

Incubator 5 Humidity reading:
99.3

Incubator 6 Machine Temp. reading / Calibrator Temp. reading:
00

Incubator 6 Humidity reading:
00

Incubator 7 Machine Temp. reading / Calibrator Temp. reading:
00

Incubator 7 Humidity reading:
00

Incubator 8 Machine Temp. reading / Calibrator Temp. reading:
OO

Incubator 8 Humidity reading:
00

Incubator 9 Machine Temp. reading / Calibrator Temp. reading:
00

Incubator 9 Humidity reading:
00.0

Incubator 10 Machine Temp. reading / Calibrator Temp. reading:
00

Incubator 10 Humidity reading:
00

Corrective action taken for un-match machine and calibrator temperature reading after 30 minutes of checking:
N/A

Approver on machine temperature adjustment:
Sir Tony

Time finished:
7:30 am

———————————————
This task was submitted through INCUBATOR TEMPERATURE CALIBRATION
https://form.asana.com/?k=-OgqMf660KEFQdcn3Wkysw&d=1186399537984407",INCUBATOR TEMPERATURE CALIBRATION,,,,Peter Paul alap-ap,"Dec 16, 2022",1st,7:00 am,00,00,00,00,Temperature 100.1/ calibrator 100.1,00.1,Temperature 99.3,99.3,Temperature 99.3/ calibrator 99.3,99.3,00,00,00,00,OO,00,00,00.0,00,00,N/A,Sir Tony,7:30 am
"1203542338698578",2022-12-13,,2022-12-13,INCUBATOR TEMPERATURE CALIBRATION submission,Untitled section,,,,,,"Hatcheryman:
Bernardo tiamzon

Date:
Dec 13, 2022

Shift:
2nd

Time started:
3pm

Incubator 1 Machine Temp. reading / Calibrator Temp. reading:
00

Incubator 1 Humidity reading:
00

Incubator 2 Machine Temp. reading / Calibrator Temp. reading:
00

Incubator 2 Humidity reading:
00

Incubator 3 Machine Temp. reading / Calibrator Temp. reading:
100.2/100.2

Incubator 3 Humidity reading:
100.2

Incubator 4 Machine Temp. reading / Calibrator Temp. reading:
99.3/99.3

Incubator 4 Humidity reading:
99.3

Incubator 5 Machine Temp. reading / Calibrator Temp. reading:
99.2/99.2

Incubator 5 Humidity reading:
99.2

Incubator 6 Machine Temp. reading / Calibrator Temp. reading:
00

Incubator 6 Humidity reading:
00

Incubator 7 Machine Temp. reading / Calibrator Temp. reading:
00

Incubator 7 Humidity reading:
00

Incubator 8 Machine Temp. reading / Calibrator Temp. reading:
00

Incubator 8 Humidity reading:
00

Incubator 9 Machine Temp. reading / Calibrator Temp. reading:
00

Incubator 9 Humidity reading:
00

Incubator 10 Machine Temp. reading / Calibrator Temp. reading:
00

Incubator 10 Humidity reading:
00

Corrective action taken for un-match machine and calibrator temperature reading after 30 minutes of checking:
Na

Approver on machine temperature adjustment:
N/A

Time finished:
3:45

———————————————
This task was submitted through INCUBATOR TEMPERATURE CALIBRATION
https://form.asana.com/?k=-OgqMf660KEFQdcn3Wkysw&d=1186399537984407",INCUBATOR TEMPERATURE CALIBRATION,,,,Bernardo tiamzon,"Dec 13, 2022",2nd,3pm,00,00,00,00,100.2/100.2,100.2,99.3/99.3,99.3,99.2/99.2,99.2,00,00,00,00,00,00,00,00,00,00,Na,N/A,3:45
"1203541012491913",2022-12-13,,2022-12-13,INCUBATOR TEMPERATURE CALIBRATION submission,Untitled section,,,,,,"Hatcheryman:
Peter Paul alap-ap

Date:
Dec 13, 2022

Shift:
1st

Time started:
7:00 am

Incubator 1 Machine Temp. reading / Calibrator Temp. reading:
00

Incubator 1 Humidity reading:
00

Incubator 2 Machine Temp. reading / Calibrator Temp. reading:
00

Incubator 2 Humidity reading:
00

Incubator 3 Machine Temp. reading / Calibrator Temp. reading:
Temperature 100.2 / calibrator 100.2

Incubator 3 Humidity reading:
00.1

Incubator 4 Machine Temp. reading / Calibrator Temp. reading:
Temperature 99.7 / calibrator 99.7

Incubator 4 Humidity reading:
99.7

Incubator 5 Machine Temp. reading / Calibrator Temp. reading:
Temperature 99.2 / calibrator 99.2

Incubator 5 Humidity reading:
99.2

Incubator 6 Machine Temp. reading / Calibrator Temp. reading:
00

Incubator 6 Humidity reading:
00

Incubator 7 Machine Temp. reading / Calibrator Temp. reading:
00

Incubator 7 Humidity reading:
00

Incubator 8 Machine Temp. reading / Calibrator Temp. reading:
00

Incubator 8 Humidity reading:
00

Incubator 9 Machine Temp. reading / Calibrator Temp. reading:
00

Incubator 9 Humidity reading:
00

Incubator 10 Machine Temp. reading / Calibrator Temp. reading:
00

Incubator 10 Humidity reading:
00

Corrective action taken for un-match machine and calibrator temperature reading after 30 minutes of checking:
N/A

Approver on machine temperature adjustment:
Sir Tony

Time finished:
7:30 am

———————————————
This task was submitted through INCUBATOR TEMPERATURE CALIBRATION
https://form.asana.com/?k=-OgqMf660KEFQdcn3Wkysw&d=1186399537984407",INCUBATOR TEMPERATURE CALIBRATION,,,,Peter Paul alap-ap,"Dec 13, 2022",1st,7:00 am,00,00,00,00,Temperature 100.2 / calibrator 100.2,00.1,Temperature 99.7 / calibrator 99.7,99.7,Temperature 99.2 / calibrator 99.2,99.2,00,00,00,00,00,00,00,00,00,00,N/A,Sir Tony,7:30 am
"1203523001699486",2022-12-09,,2022-12-09,INCUBATOR TEMPERATURE CALIBRATION submission,Untitled section,,,,,,"Hatcheryman:
Peter Paul alap-ap

Date:
Dec 9, 2022

Shift:
2nd

Time started:
4:00 pm

Incubator 1 Machine Temp. reading / Calibrator Temp. reading:
00

Incubator 1 Humidity reading:
00

Incubator 2 Machine Temp. reading / Calibrator Temp. reading:
00

Incubator 2 Humidity reading:
00

Incubator 3 Machine Temp. reading / Calibrator Temp. reading:
Temperature 100.3 /calibrator 100.3

Incubator 3 Humidity reading:
100.2

Incubator 4 Machine Temp. reading / Calibrator Temp. reading:
Temperature 99.2/ calibrator 99.2

Incubator 4 Humidity reading:
99.2

Incubator 5 Machine Temp. reading / Calibrator Temp. reading:
Temperature 99.4/ calibrator 99.4

Incubator 5 Humidity reading:
99.4

Incubator 6 Machine Temp. reading / Calibrator Temp. reading:
00

Incubator 6 Humidity reading:
00

Incubator 7 Machine Temp. reading / Calibrator Temp. reading:
00

Incubator 7 Humidity reading:
00

Incubator 8 Machine Temp. reading / Calibrator Temp. reading:
00

Incubator 8 Humidity reading:
00

Incubator 9 Machine Temp. reading / Calibrator Temp. reading:
00

Incubator 9 Humidity reading:
00

Incubator 10 Machine Temp. reading / Calibrator Temp. reading:
00

Incubator 10 Humidity reading:
00

Corrective action taken for un-match machine and calibrator temperature reading after 30 minutes of checking:
N/A

Approver on machine temperature adjustment:
Sir Tony

Time finished:
4:32 pm

———————————————
This task was submitted through INCUBATOR TEMPERATURE CALIBRATION
https://form.asana.com/?k=-OgqMf660KEFQdcn3Wkysw&d=1186399537984407",INCUBATOR TEMPERATURE CALIBRATION,,,,Peter Paul alap-ap,"Dec 9, 2022",2nd,4:00 pm,00,00,00,00,Temperature 100.3 /calibrator 100.3,100.2,Temperature 99.2/ calibrator 99.2,99.2,Temperature 99.4/ calibrator 99.4,99.4,00,00,00,00,00,00,00,00,00,00,N/A,Sir Tony,4:32 pm
"1203499250647977",2022-12-06,,2022-12-06,INCUBATOR TEMPERATURE CALIBRATION submission,Untitled section,,,,,,"Hatcheryman:
Bernardo tiamzon

Date:
Dec 6, 2022

Shift:
2nd

Time started:
3pm

Incubator 1 Machine Temp. reading / Calibrator Temp. reading:
00

Incubator 1 Humidity reading:
00

Incubator 2 Machine Temp. reading / Calibrator Temp. reading:
00

Incubator 2 Humidity reading:
00

Incubator 3 Machine Temp. reading / Calibrator Temp. reading:
00

Incubator 3 Humidity reading:
00

Incubator 4 Machine Temp. reading / Calibrator Temp. reading:
99.5/99.5

Incubator 4 Humidity reading:
99.5

Incubator 5 Machine Temp. reading / Calibrator Temp. reading:
99.2/99.2

Incubator 5 Humidity reading:
99.2

Incubator 6 Machine Temp. reading / Calibrator Temp. reading:
00

Incubator 6 Humidity reading:
00

Incubator 7 Machine Temp. reading / Calibrator Temp. reading:
00

Incubator 7 Humidity reading:
00

Incubator 8 Machine Temp. reading / Calibrator Temp. reading:
00

Incubator 8 Humidity reading:
00

Incubator 9 Machine Temp. reading / Calibrator Temp. reading:
00

Incubator 9 Humidity reading:
00

Incubator 10 Machine Temp. reading / Calibrator Temp. reading:
00

Incubator 10 Humidity reading:
00

Corrective action taken for un-match machine and calibrator temperature reading after 30 minutes of checking:
Na

Approver on machine temperature adjustment:
N/A

Time finished:
3:20pm

———————————————
This task was submitted through INCUBATOR TEMPERATURE CALIBRATION
https://form.asana.com/?k=-OgqMf660KEFQdcn3Wkysw&d=1186399537984407",INCUBATOR TEMPERATURE CALIBRATION,,,,Bernardo tiamzon,"Dec 6, 2022",2nd,3pm,00,00,00,00,00,00,99.5/99.5,99.5,99.2/99.2,99.2,00,00,00,00,00,00,00,00,00,00,Na,N/A,3:20pm
"1203417766843749",2022-11-22,,2022-11-22,INCUBATOR TEMPERATURE CALIBRATION submission,Untitled section,,,,,,"Hatcheryman:
Rodel Marimla

Date:
Nov 22, 2022

Shift:
2nd

Time started:
4pm

Incubator 1 Machine Temp. reading / Calibrator Temp. reading:
machine - 99.5 / calibrator - 99.5

Incubator 1 Humidity reading:
99.5

Incubator 2 Machine Temp. reading / Calibrator Temp. reading:
machine - 99.3 / calibrator - 99.3

Incubator 2 Humidity reading:
99.3

Incubator 3 Machine Temp. reading / Calibrator Temp. reading:
machine - 99.7 / calibrator - 99.7

Incubator 3 Humidity reading:
99.7

Incubator 4 Machine Temp. reading / Calibrator Temp. reading:
machine - 100.0 / calibrator - 100.0

Incubator 4 Humidity reading:
100.1

Incubator 5 Machine Temp. reading / Calibrator Temp. reading:
machine - 100.1 / calibrator - 100.1

Incubator 5 Humidity reading:
100.1

Incubator 6 Machine Temp. reading / Calibrator Temp. reading:
0

Incubator 6 Humidity reading:
0

Incubator 7 Machine Temp. reading / Calibrator Temp. reading:
0

Incubator 7 Humidity reading:
0

Incubator 8 Machine Temp. reading / Calibrator Temp. reading:
0

Incubator 8 Humidity reading:
0

Incubator 9 Machine Temp. reading / Calibrator Temp. reading:
0

Incubator 9 Humidity reading:
0

Incubator 10 Machine Temp. reading / Calibrator Temp. reading:
0

Incubator 10 Humidity reading:
0

Corrective action taken for un-match machine and calibrator temperature reading after 30 minutes of checking:
n/a

Approver on machine temperature adjustment:
N/A

Time finished:
4:30pm

———————————————
This task was submitted through INCUBATOR TEMPERATURE CALIBRATION
https://form.asana.com/?k=-OgqMf660KEFQdcn3Wkysw&d=1186399537984407",INCUBATOR TEMPERATURE CALIBRATION,,,,Rodel Marimla,"Nov 22, 2022",2nd,4pm,machine - 99.5 / calibrator - 99.5,99.5,machine - 99.3 / calibrator - 99.3,99.3,machine - 99.7 / calibrator - 99.7,99.7,machine - 100.0 / calibrator - 100.0,100.1,machine - 100.1 / calibrator - 100.1,100.1,0,0,0,0,0,0,0,0,0,0,n/a,N/A,4:30pm
"1203398706188188",2022-11-18,,2022-11-18,INCUBATOR TEMPERATURE CALIBRATION submission,Untitled section,,,,,,"Hatcheryman:
Bernardo tiamzon

Date:
Nov 18, 2022

Shift:
1st

Time started:
3pm

Incubator 1 Machine Temp. reading / Calibrator Temp. reading:
99.0/99.0

Incubator 1 Humidity reading:
99.0

Incubator 2 Machine Temp. reading / Calibrator Temp. reading:
99.2/99.2

Incubator 2 Humidity reading:
99.2

Incubator 3 Machine Temp. reading / Calibrator Temp. reading:
99.3/99.3

Incubator 3 Humidity reading:
99.3

Incubator 4 Machine Temp. reading / Calibrator Temp. reading:
100.3/100.3

Incubator 4 Humidity reading:
100.3

Incubator 5 Machine Temp. reading / Calibrator Temp. reading:
100.1/100.1

Incubator 5 Humidity reading:
100.1

Incubator 6 Machine Temp. reading / Calibrator Temp. reading:
00

Incubator 6 Humidity reading:
00

Incubator 7 Machine Temp. reading / Calibrator Temp. reading:
00

Incubator 7 Humidity reading:
00

Incubator 8 Machine Temp. reading / Calibrator Temp. reading:
00

Incubator 8 Humidity reading:
00

Incubator 9 Machine Temp. reading / Calibrator Temp. reading:
00

Incubator 9 Humidity reading:
00

Incubator 10 Machine Temp. reading / Calibrator Temp. reading:
00

Incubator 10 Humidity reading:
00

Corrective action taken for un-match machine and calibrator temperature reading after 30 minutes of checking:
Na

Approver on machine temperature adjustment:
N/A

Time finished:
3:45

———————————————
This task was submitted through INCUBATOR TEMPERATURE CALIBRATION
https://form.asana.com/?k=-OgqMf660KEFQdcn3Wkysw&d=1186399537984407",INCUBATOR TEMPERATURE CALIBRATION,,,,Bernardo tiamzon,"Nov 18, 2022",1st,3pm,99.0/99.0,99.0,99.2/99.2,99.2,99.3/99.3,99.3,100.3/100.3,100.3,100.1/100.1,100.1,00,00,00,00,00,00,00,00,00,00,Na,N/A,3:45
"1203370249733718",2022-11-15,,2022-11-15,INCUBATOR TEMPERATURE CALIBRATION submission,Untitled section,,,,,,"Hatcheryman:
Rodel Marimla

Date:
Nov 15, 2022

Shift:
2nd

Time started:
4pm

Incubator 1 Machine Temp. reading / Calibrator Temp. reading:
machine - 99.4 / calibrator - 99.4

Incubator 1 Humidity reading:
99.4

Incubator 2 Machine Temp. reading / Calibrator Temp. reading:
machine - 99.3 / calibrator - 99.3

Incubator 2 Humidity reading:
99.3

Incubator 3 Machine Temp. reading / Calibrator Temp. reading:
machine - 99.4 / calibrator - 99.4

Incubator 3 Humidity reading:
99.4

Incubator 4 Machine Temp. reading / Calibrator Temp. reading:
machine - 100.0 / calibrator - 100.0

Incubator 4 Humidity reading:
100.0

Incubator 5 Machine Temp. reading / Calibrator Temp. reading:
machine - 100.0 / calibrator - 100.0

Incubator 5 Humidity reading:
100.0

Incubator 6 Machine Temp. reading / Calibrator Temp. reading:
0

Incubator 6 Humidity reading:
0

Incubator 7 Machine Temp. reading / Calibrator Temp. reading:
0

Incubator 7 Humidity reading:
0

Incubator 8 Machine Temp. reading / Calibrator Temp. reading:
0

Incubator 8 Humidity reading:
0

Incubator 9 Machine Temp. reading / Calibrator Temp. reading:
0

Incubator 9 Humidity reading:
0

Incubator 10 Machine Temp. reading / Calibrator Temp. reading:
0

Incubator 10 Humidity reading:
0

Corrective action taken for un-match machine and calibrator temperature reading after 30 minutes of checking:
n/a

Approver on machine temperature adjustment:
N/A

Time finished:
4:40pm

———————————————
This task was submitted through INCUBATOR TEMPERATURE CALIBRATION
https://form.asana.com/?k=-OgqMf660KEFQdcn3Wkysw&d=1186399537984407",INCUBATOR TEMPERATURE CALIBRATION,,,,Rodel Marimla,"Nov 15, 2022",2nd,4pm,machine - 99.4 / calibrator - 99.4,99.4,machine - 99.3 / calibrator - 99.3,99.3,machine - 99.4 / calibrator - 99.4,99.4,machine - 100.0 / calibrator - 100.0,100.0,machine - 100.0 / calibrator - 100.0,100.0,0,0,0,0,0,0,0,0,0,0,n/a,N/A,4:40pm
"1203351158941749",2022-11-11,,2022-11-11,INCUBATOR TEMPERATURE CALIBRATION submission,Untitled section,,,,,,"Hatcheryman:
Bernardo tiamzon

Date:
Nov 11, 2022

Shift:
2nd

Time started:
3pm

Incubator 1 Machine Temp. reading / Calibrator Temp. reading:
99.8/99.8

Incubator 1 Humidity reading:
99.8

Incubator 2 Machine Temp. reading / Calibrator Temp. reading:
99.4/99.4

Incubator 2 Humidity reading:
99.4

Incubator 3 Machine Temp. reading / Calibrator Temp. reading:
99.4/99.4

Incubator 3 Humidity reading:
99.4

Incubator 4 Machine Temp. reading / Calibrator Temp. reading:
00

Incubator 4 Humidity reading:
00

Incubator 5 Machine Temp. reading / Calibrator Temp. reading:
00

Incubator 5 Humidity reading:
00

Incubator 6 Machine Temp. reading / Calibrator Temp. reading:
00

Incubator 6 Humidity reading:
00

Incubator 7 Machine Temp. reading / Calibrator Temp. reading:
00

Incubator 7 Humidity reading:
00

Incubator 8 Machine Temp. reading / Calibrator Temp. reading:
00

Incubator 8 Humidity reading:
00

Incubator 9 Machine Temp. reading / Calibrator Temp. reading:
00

Incubator 9 Humidity reading:
00

Incubator 10 Machine Temp. reading / Calibrator Temp. reading:
00

Incubator 10 Humidity reading:
00

Corrective action taken for un-match machine and calibrator temperature reading after 30 minutes of checking:
Na

Approver on machine temperature adjustment:
N/A

Time finished:
3:45

———————————————
This task was submitted through INCUBATOR TEMPERATURE CALIBRATION
https://form.asana.com/?k=-OgqMf660KEFQdcn3Wkysw&d=1186399537984407",INCUBATOR TEMPERATURE CALIBRATION,,,,Bernardo tiamzon,"Nov 11, 2022",2nd,3pm,99.8/99.8,99.8,99.4/99.4,99.4,99.4/99.4,99.4,00,00,00,00,00,00,00,00,00,00,00,00,00,00,Na,N/A,3:45
"1203319691935198",2022-11-08,,2022-11-08,INCUBATOR TEMPERATURE CALIBRATION submission,Untitled section,,,,,,"Hatcheryman:
Bernardo tiamzon

Date:
Nov 8, 2022

Shift:
2nd

Time started:
3:20pm

Incubator 1 Machine Temp. reading / Calibrator Temp. reading:
99.9 /99.9

Incubator 1 Humidity reading:
99.9

Incubator 2 Machine Temp. reading / Calibrator Temp. reading:
99.6/99.6

Incubator 2 Humidity reading:
99.6

Incubator 3 Machine Temp. reading / Calibrator Temp. reading:
99.7/99.7

Incubator 3 Humidity reading:
99.7

Incubator 4 Machine Temp. reading / Calibrator Temp. reading:
00

Incubator 4 Humidity reading:
00

Incubator 5 Machine Temp. reading / Calibrator Temp. reading:
00

Incubator 5 Humidity reading:
00

Incubator 6 Machine Temp. reading / Calibrator Temp. reading:
00

Incubator 6 Humidity reading:
00

Incubator 7 Machine Temp. reading / Calibrator Temp. reading:
00

Incubator 7 Humidity reading:
00

Incubator 8 Machine Temp. reading / Calibrator Temp. reading:
00

Incubator 8 Humidity reading:
00

Incubator 9 Machine Temp. reading / Calibrator Temp. reading:
00

Incubator 9 Humidity reading:
00

Incubator 10 Machine Temp. reading / Calibrator Temp. reading:
00

Incubator 10 Humidity reading:
00

Corrective action taken for un-match machine and calibrator temperature reading after 30 minutes of checking:
Na

Approver on machine temperature adjustment:
N/A

Time finished:
3:45

———————————————
This task was submitted through INCUBATOR TEMPERATURE CALIBRATION
https://form.asana.com/?k=-OgqMf660KEFQdcn3Wkysw&d=1186399537984407",INCUBATOR TEMPERATURE CALIBRATION,,,,Bernardo tiamzon,"Nov 8, 2022",2nd,3:20pm,99.9 /99.9,99.9,99.6/99.6,99.6,99.7/99.7,99.7,00,00,00,00,00,00,00,00,00,00,00,00,00,00,Na,N/A,3:45
"1203320897261664",2022-11-04,,2022-11-04,INCUBATOR TEMPERATURE CALIBRATION submission,Untitled section,,,,,,"Hatcheryman:
Bernardo tiamzon

Date:
Nov 4, 2022

Shift:
2nd

Time started:
3pm

Incubator 1 Machine Temp. reading / Calibrator Temp. reading:
99.9 /99.9

Incubator 1 Humidity reading:
99.9

Incubator 2 Machine Temp. reading / Calibrator Temp. reading:
99.8/99.8

Incubator 2 Humidity reading:
99.8

Incubator 3 Machine Temp. reading / Calibrator Temp. reading:
100/100

Incubator 3 Humidity reading:
100

Incubator 4 Machine Temp. reading / Calibrator Temp. reading:
00

Incubator 4 Humidity reading:
00

Incubator 5 Machine Temp. reading / Calibrator Temp. reading:
00

Incubator 5 Humidity reading:
00

Incubator 6 Machine Temp. reading / Calibrator Temp. reading:
00

Incubator 6 Humidity reading:
00

Incubator 7 Machine Temp. reading / Calibrator Temp. reading:
00

Incubator 7 Humidity reading:
00

Incubator 8 Machine Temp. reading / Calibrator Temp. reading:
00

Incubator 8 Humidity reading:
00

Incubator 9 Machine Temp. reading / Calibrator Temp. reading:
00

Incubator 9 Humidity reading:
00

Incubator 10 Machine Temp. reading / Calibrator Temp. reading:
00

Incubator 10 Humidity reading:
00

Corrective action taken for un-match machine and calibrator temperature reading after 30 minutes of checking:
Na

Approver on machine temperature adjustment:
N/A

Time finished:
3:45

———————————————
This task was submitted through INCUBATOR TEMPERATURE CALIBRATION
https://form.asana.com/?k=-OgqMf660KEFQdcn3Wkysw&d=1186399537984407",INCUBATOR TEMPERATURE CALIBRATION,,,,Bernardo tiamzon,"Nov 4, 2022",2nd,3pm,99.9 /99.9,99.9,99.8/99.8,99.8,100/100,100,00,00,00,00,00,00,00,00,00,00,00,00,00,00,Na,N/A,3:45
"1203258217358212",2022-10-28,,2022-10-28,INCUBATOR TEMPERATURE CALIBRATION submission,Untitled section,,,,,,"Hatcheryman:
Bernardo tiamzon

Date:
Oct 28, 2022

Shift:
2nd

Time started:
3pm

Incubator 1 Machine Temp. reading / Calibrator Temp. reading:
99.9 /99.9

Incubator 1 Humidity reading:
99.9

Incubator 2 Machine Temp. reading / Calibrator Temp. reading:
99.9/99.9

Incubator 2 Humidity reading:
99.9

Incubator 3 Machine Temp. reading / Calibrator Temp. reading:
99.5/99.5

Incubator 3 Humidity reading:
99.5

Incubator 4 Machine Temp. reading / Calibrator Temp. reading:
99.2/99.2

Incubator 4 Humidity reading:
99.2

Incubator 5 Machine Temp. reading / Calibrator Temp. reading:
99.9/99.9

Incubator 5 Humidity reading:
99.9

Incubator 6 Machine Temp. reading / Calibrator Temp. reading:
00

Incubator 6 Humidity reading:
00

Incubator 7 Machine Temp. reading / Calibrator Temp. reading:
00

Incubator 7 Humidity reading:
00

Incubator 8 Machine Temp. reading / Calibrator Temp. reading:
00

Incubator 8 Humidity reading:
00

Incubator 9 Machine Temp. reading / Calibrator Temp. reading:
00

Incubator 9 Humidity reading:
00

Incubator 10 Machine Temp. reading / Calibrator Temp. reading:
00

Incubator 10 Humidity reading:
00

Corrective action taken for un-match machine and calibrator temperature reading after 30 minutes of checking:
Na

Approver on machine temperature adjustment:
N/A

Time finished:
3:45

———————————————
This task was submitted through INCUBATOR TEMPERATURE CALIBRATION
https://form.asana.com/?k=-OgqMf660KEFQdcn3Wkysw&d=1186399537984407",INCUBATOR TEMPERATURE CALIBRATION,,,,Bernardo tiamzon,"Oct 28, 2022",2nd,3pm,99.9 /99.9,99.9,99.9/99.9,99.9,99.5/99.5,99.5,99.2/99.2,99.2,99.9/99.9,99.9,00,00,00,00,00,00,00,00,00,00,Na,N/A,3:45
"1203234550915052",2022-10-25,,2022-10-25,INCUBATOR TEMPERATURE CALIBRATION submission,Untitled section,,,,,,"Hatcheryman:
Bernardo tiamzon

Date:
Oct 25, 2022

Shift:
2nd

Time started:
3pm

Incubator 1 Machine Temp. reading / Calibrator Temp. reading:
99.9 /99.9

Incubator 1 Humidity reading:
99.9

Incubator 2 Machine Temp. reading / Calibrator Temp. reading:
99.9/99.9

Incubator 2 Humidity reading:
99.9

Incubator 3 Machine Temp. reading / Calibrator Temp. reading:
99.6/99.6

Incubator 3 Humidity reading:
99.6

Incubator 4 Machine Temp. reading / Calibrator Temp. reading:
99.6/99.6

Incubator 4 Humidity reading:
99.6

Incubator 5 Machine Temp. reading / Calibrator Temp. reading:
100'100

Incubator 5 Humidity reading:
100

Incubator 6 Machine Temp. reading / Calibrator Temp. reading:
00

Incubator 6 Humidity reading:
00

Incubator 7 Machine Temp. reading / Calibrator Temp. reading:
00

Incubator 7 Humidity reading:
00

Incubator 8 Machine Temp. reading / Calibrator Temp. reading:
00

Incubator 8 Humidity reading:
00

Incubator 9 Machine Temp. reading / Calibrator Temp. reading:
00

Incubator 9 Humidity reading:
00

Incubator 10 Machine Temp. reading / Calibrator Temp. reading:
00

Incubator 10 Humidity reading:
00

Corrective action taken for un-match machine and calibrator temperature reading after 30 minutes of checking:
Na

Approver on machine temperature adjustment:
N/A

Time finished:
4pm

———————————————
This task was submitted through INCUBATOR TEMPERATURE CALIBRATION
https://form.asana.com/?k=-OgqMf660KEFQdcn3Wkysw&d=1186399537984407",INCUBATOR TEMPERATURE CALIBRATION,,,,Bernardo tiamzon,"Oct 25, 2022",2nd,3pm,99.9 /99.9,99.9,99.9/99.9,99.9,99.6/99.6,99.6,99.6/99.6,99.6,100'100,100,00,00,00,00,00,00,00,00,00,00,Na,N/A,4pm
"1203214227783987",2022-10-21,,2022-10-21,INCUBATOR TEMPERATURE CALIBRATION submission,Untitled section,,,,,,"Hatcheryman:
Peter Paul alap-ap

Date:
Oct 21, 2022

Shift:
2nd

Time started:
4:00 pm

Incubator 1 Machine Temp. reading / Calibrator Temp. reading:
00

Incubator 1 Humidity reading:
00

Incubator 2 Machine Temp. reading / Calibrator Temp. reading:
00

Incubator 2 Humidity reading:
00

Incubator 3 Machine Temp. reading / Calibrator Temp. reading:
Temperature 99.7/calibrator 99.7

Incubator 3 Humidity reading:
99.7

Incubator 4 Machine Temp. reading / Calibrator Temp. reading:
Temperature 99.5/calibrator 99.5

Incubator 4 Humidity reading:
99.5

Incubator 5 Machine Temp. reading / Calibrator Temp. reading:
00

Incubator 5 Humidity reading:
00

Incubator 6 Machine Temp. reading / Calibrator Temp. reading:
00

Incubator 6 Humidity reading:
00

Incubator 7 Machine Temp. reading / Calibrator Temp. reading:
00

Incubator 7 Humidity reading:
00

Incubator 8 Machine Temp. reading / Calibrator Temp. reading:
00

Incubator 8 Humidity reading:
00

Incubator 9 Machine Temp. reading / Calibrator Temp. reading:
00

Incubator 9 Humidity reading:
00

Incubator 10 Machine Temp. reading / Calibrator Temp. reading:
00

Incubator 10 Humidity reading:
00

Corrective action taken for un-match machine and calibrator temperature reading after 30 minutes of checking:
N/A

Approver on machine temperature adjustment:
Sir Tony

Time finished:
4:32 pm

———————————————
This task was submitted through INCUBATOR TEMPERATURE CALIBRATION
https://form.asana.com/?k=-OgqMf660KEFQdcn3Wkysw&d=1186399537984407",INCUBATOR TEMPERATURE CALIBRATION,,,,Peter Paul alap-ap,"Oct 21, 2022",2nd,4:00 pm,00,00,00,00,Temperature 99.7/calibrator 99.7,99.7,Temperature 99.5/calibrator 99.5,99.5,00,00,00,00,00,00,00,00,00,00,00,00,N/A,Sir Tony,4:32 pm
"1203121814216391",2022-10-07,,2022-10-07,INCUBATOR TEMPERATURE CALIBRATION submission,Untitled section,,,,,,"Hatcheryman:
Bernardo tiamzon

Date:
Oct 7, 2022

Shift:
2nd

Time started:
3pm

Incubator 1 Machine Temp. reading / Calibrator Temp. reading:
99.3/99.3

Incubator 1 Humidity reading:
99.3

Incubator 2 Machine Temp. reading / Calibrator Temp. reading:
99.4/99.4

Incubator 2 Humidity reading:
99.4

Incubator 3 Machine Temp. reading / Calibrator Temp. reading:
100/100

Incubator 3 Humidity reading:
100

Incubator 4 Machine Temp. reading / Calibrator Temp. reading:
99.9/99.9

Incubator 4 Humidity reading:
99.9

Incubator 5 Machine Temp. reading / Calibrator Temp. reading:
00

Incubator 5 Humidity reading:
00

Incubator 6 Machine Temp. reading / Calibrator Temp. reading:
00

Incubator 6 Humidity reading:
00

Incubator 7 Machine Temp. reading / Calibrator Temp. reading:
00

Incubator 7 Humidity reading:
00

Incubator 8 Machine Temp. reading / Calibrator Temp. reading:
00

Incubator 8 Humidity reading:
00

Incubator 9 Machine Temp. reading / Calibrator Temp. reading:
00

Incubator 9 Humidity reading:
00

Incubator 10 Machine Temp. reading / Calibrator Temp. reading:
00

Incubator 10 Humidity reading:
00

Corrective action taken for un-match machine and calibrator temperature reading after 30 minutes of checking:
Na

Approver on machine temperature adjustment:
N/A

Time finished:
3:40pm

———————————————
This task was submitted through INCUBATOR TEMPERATURE CALIBRATION
https://form.asana.com/?k=-OgqMf660KEFQdcn3Wkysw&d=1186399537984407",INCUBATOR TEMPERATURE CALIBRATION,,,,Bernardo tiamzon,"Oct 7, 2022",2nd,3pm,99.3/99.3,99.3,99.4/99.4,99.4,100/100,100,99.9/99.9,99.9,00,00,00,00,00,00,00,00,00,00,00,00,Na,N/A,3:40pm
"1203097992008018",2022-10-04,,2022-10-04,INCUBATOR TEMPERATURE CALIBRATION submission,Untitled section,,,,,,"Hatcheryman:
Rodel Marimla

Date:
Oct 4, 2022

Shift:
2nd

Time started:
3pm

Incubator 1 Machine Temp. reading / Calibrator Temp. reading:
machine - 99.6 / calibrator - 99.6

Incubator 1 Humidity reading:
99.6

Incubator 2 Machine Temp. reading / Calibrator Temp. reading:
machine - 99.4 / calibrator - 99.4

Incubator 2 Humidity reading:
99.4

Incubator 3 Machine Temp. reading / Calibrator Temp. reading:
machine - 100.0 / calibrator - 100.0

Incubator 3 Humidity reading:
99.9

Incubator 4 Machine Temp. reading / Calibrator Temp. reading:
machine - 99.8 / calibrator - 99.8

Incubator 4 Humidity reading:
99.8

Incubator 5 Machine Temp. reading / Calibrator Temp. reading:
0

Incubator 5 Humidity reading:
0

Incubator 6 Machine Temp. reading / Calibrator Temp. reading:
0

Incubator 6 Humidity reading:
0

Incubator 7 Machine Temp. reading / Calibrator Temp. reading:
0

Incubator 7 Humidity reading:
0

Incubator 8 Machine Temp. reading / Calibrator Temp. reading:
0

Incubator 8 Humidity reading:
0

Incubator 9 Machine Temp. reading / Calibrator Temp. reading:
0

Incubator 9 Humidity reading:
0

Incubator 10 Machine Temp. reading / Calibrator Temp. reading:
0

Incubator 10 Humidity reading:
0

Corrective action taken for un-match machine and calibrator temperature reading after 30 minutes of checking:
n/a

Approver on machine temperature adjustment:
N/A

Time finished:
3:30pm

———————————————
This task was submitted through INCUBATOR TEMPERATURE CALIBRATION
https://form.asana.com/?k=-OgqMf660KEFQdcn3Wkysw&d=1186399537984407",INCUBATOR TEMPERATURE CALIBRATION,,,,Rodel Marimla,"Oct 4, 2022",2nd,3pm,machine - 99.6 / calibrator - 99.6,99.6,machine - 99.4 / calibrator - 99.4,99.4,machine - 100.0 / calibrator - 100.0,99.9,machine - 99.8 / calibrator - 99.8,99.8,0,0,0,0,0,0,0,0,0,0,0,0,n/a,N/A,3:30pm
"1203078982837528",2022-09-30,,2022-09-30,INCUBATOR TEMPERATURE CALIBRATION submission,Untitled section,,,,,,"Hatcheryman:
Bernardo tiamzon

Date:
Sep 30, 2022

Shift:
2nd

Time started:
3pm

Incubator 1 Machine Temp. reading / Calibrator Temp. reading:
99.4/99.4

Incubator 1 Humidity reading:
99.4

Incubator 2 Machine Temp. reading / Calibrator Temp. reading:
99.5/99.5

Incubator 2 Humidity reading:
99.5

Incubator 3 Machine Temp. reading / Calibrator Temp. reading:
100/100

Incubator 3 Humidity reading:
99.9

Incubator 4 Machine Temp. reading / Calibrator Temp. reading:
100/100

Incubator 4 Humidity reading:
99.9

Incubator 5 Machine Temp. reading / Calibrator Temp. reading:
00

Incubator 5 Humidity reading:
00

Incubator 6 Machine Temp. reading / Calibrator Temp. reading:
00

Incubator 6 Humidity reading:
00

Incubator 7 Machine Temp. reading / Calibrator Temp. reading:
00

Incubator 7 Humidity reading:
00

Incubator 8 Machine Temp. reading / Calibrator Temp. reading:
00

Incubator 8 Humidity reading:
00

Incubator 9 Machine Temp. reading / Calibrator Temp. reading:
00

Incubator 9 Humidity reading:
00

Incubator 10 Machine Temp. reading / Calibrator Temp. reading:
00

Incubator 10 Humidity reading:
00

Corrective action taken for un-match machine and calibrator temperature reading after 30 minutes of checking:
Na

Approver on machine temperature adjustment:
N/A

Time finished:
3:40pm

———————————————
This task was submitted through INCUBATOR TEMPERATURE CALIBRATION
https://form.asana.com/?k=-OgqMf660KEFQdcn3Wkysw&d=1186399537984407",INCUBATOR TEMPERATURE CALIBRATION,,,,Bernardo tiamzon,"Sep 30, 2022",2nd,3pm,99.4/99.4,99.4,99.5/99.5,99.5,100/100,99.9,100/100,99.9,00,00,00,00,00,00,00,00,00,00,00,00,Na,N/A,3:40pm
"1203055039487845",2022-09-27,,2022-09-27,INCUBATOR TEMPERATURE CALIBRATION submission,Untitled section,,,,,,"Hatcheryman:
Rodel Marimla

Date:
Sep 27, 2022

Shift:
2nd

Time started:
4pm

Incubator 1 Machine Temp. reading / Calibrator Temp. reading:
machine - 99.5 / calibrator - 99.5

Incubator 1 Humidity reading:
99.5

Incubator 2 Machine Temp. reading / Calibrator Temp. reading:
machine - 99.2 / calibrator - 99.2

Incubator 2 Humidity reading:
99.2

Incubator 3 Machine Temp. reading / Calibrator Temp. reading:
0

Incubator 3 Humidity reading:
0

Incubator 4 Machine Temp. reading / Calibrator Temp. reading:
0

Incubator 4 Humidity reading:
0

Incubator 5 Machine Temp. reading / Calibrator Temp. reading:
0

Incubator 5 Humidity reading:
0

Incubator 6 Machine Temp. reading / Calibrator Temp. reading:
0

Incubator 6 Humidity reading:
0

Incubator 7 Machine Temp. reading / Calibrator Temp. reading:
0

Incubator 7 Humidity reading:
0

Incubator 8 Machine Temp. reading / Calibrator Temp. reading:
0

Incubator 8 Humidity reading:
0

Incubator 9 Machine Temp. reading / Calibrator Temp. reading:
0

Incubator 9 Humidity reading:
0

Incubator 10 Machine Temp. reading / Calibrator Temp. reading:
0

Incubator 10 Humidity reading:
0

Corrective action taken for un-match machine and calibrator temperature reading after 30 minutes of checking:
n/a

Approver on machine temperature adjustment:
N/A

Time finished:
4:20pm

———————————————
This task was submitted through INCUBATOR TEMPERATURE CALIBRATION
https://form.asana.com/?k=-OgqMf660KEFQdcn3Wkysw&d=1186399537984407",INCUBATOR TEMPERATURE CALIBRATION,,,,Rodel Marimla,"Sep 27, 2022",2nd,4pm,machine - 99.5 / calibrator - 99.5,99.5,machine - 99.2 / calibrator - 99.2,99.2,0,0,0,0,0,0,0,0,0,0,0,0,0,0,0,0,n/a,N/A,4:20pm
"1203035543600250",2022-09-23,,2022-09-23,INCUBATOR TEMPERATURE CALIBRATION submission,Untitled section,,,,,,"Hatcheryman:
Bernardo tiamzon

Date:
Sep 23, 2022

Shift:
2nd

Time started:
3:20pm

Incubator 1 Machine Temp. reading / Calibrator Temp. reading:
99.3/99.3

Incubator 1 Humidity reading:
99.3

Incubator 2 Machine Temp. reading / Calibrator Temp. reading:
99.1/99.1

Incubator 2 Humidity reading:
99.1

Incubator 3 Machine Temp. reading / Calibrator Temp. reading:
00

Incubator 3 Humidity reading:
00

Incubator 4 Machine Temp. reading / Calibrator Temp. reading:
00

Incubator 4 Humidity reading:
00

Incubator 5 Machine Temp. reading / Calibrator Temp. reading:
00

Incubator 5 Humidity reading:
00

Incubator 6 Machine Temp. reading / Calibrator Temp. reading:
00

Incubator 6 Humidity reading:
00

Incubator 7 Machine Temp. reading / Calibrator Temp. reading:
00

Incubator 7 Humidity reading:
00

Incubator 8 Machine Temp. reading / Calibrator Temp. reading:
00

Incubator 8 Humidity reading:
00

Incubator 9 Machine Temp. reading / Calibrator Temp. reading:
00

Incubator 9 Humidity reading:
00

Incubator 10 Machine Temp. reading / Calibrator Temp. reading:
00

Incubator 10 Humidity reading:
00

Corrective action taken for un-match machine and calibrator temperature reading after 30 minutes of checking:
N/A

Approver on machine temperature adjustment:
N/A

Time finished:
3:40pm

———————————————
This task was submitted through INCUBATOR TEMPERATURE CALIBRATION
https://form.asana.com/?k=-OgqMf660KEFQdcn3Wkysw&d=1186399537984407",INCUBATOR TEMPERATURE CALIBRATION,,,,Bernardo tiamzon,"Sep 23, 2022",2nd,3:20pm,99.3/99.3,99.3,99.1/99.1,99.1,00,00,00,00,00,00,00,00,00,00,00,00,00,00,00,00,N/A,N/A,3:40pm
"1203012185722703",2022-09-20,,2022-09-20,INCUBATOR TEMPERATURE CALIBRATION submission,Untitled section,,,,,,"Hatcheryman:
Bernardo tiamzon

Date:
Sep 20, 2022

Shift:
2nd

Time started:
3pm

Incubator 1 Machine Temp. reading / Calibrator Temp. reading:
99.2/99.2

Incubator 1 Humidity reading:
99.2

Incubator 2 Machine Temp. reading / Calibrator Temp. reading:
99.2/99.2

Incubator 2 Humidity reading:
99.2

Incubator 3 Machine Temp. reading / Calibrator Temp. reading:
00

Incubator 3 Humidity reading:
00

Incubator 4 Machine Temp. reading / Calibrator Temp. reading:
00

Incubator 4 Humidity reading:
00

Incubator 5 Machine Temp. reading / Calibrator Temp. reading:
00

Incubator 5 Humidity reading:
00

Incubator 6 Machine Temp. reading / Calibrator Temp. reading:
00

Incubator 6 Humidity reading:
00

Incubator 7 Machine Temp. reading / Calibrator Temp. reading:
00

Incubator 7 Humidity reading:
00

Incubator 8 Machine Temp. reading / Calibrator Temp. reading:
00

Incubator 8 Humidity reading:
00

Incubator 9 Machine Temp. reading / Calibrator Temp. reading:
00

Incubator 9 Humidity reading:
00

Incubator 10 Machine Temp. reading / Calibrator Temp. reading:
00

Incubator 10 Humidity reading:
00

Corrective action taken for un-match machine and calibrator temperature reading after 30 minutes of checking:
N/A

Approver on machine temperature adjustment:
N/A

Time finished:
3:20pm

———————————————
This task was submitted through INCUBATOR TEMPERATURE CALIBRATION
https://form.asana.com/?k=-OgqMf660KEFQdcn3Wkysw&d=1186399537984407",INCUBATOR TEMPERATURE CALIBRATION,,,,Bernardo tiamzon,"Sep 20, 2022",2nd,3pm,99.2/99.2,99.2,99.2/99.2,99.2,00,00,00,00,00,00,00,00,00,00,00,00,00,00,00,00,N/A,N/A,3:20pm
"1202994007995559",2022-09-16,,2022-09-16,INCUBATOR TEMPERATURE CALIBRATION submission,Untitled section,,,,,,"Hatcheryman:
Peter Paul alap-ap

Date:
Sep 16, 2022

Shift:
2nd

Time started:
4:00 pm

Incubator 1 Machine Temp. reading / Calibrator Temp. reading:
99.7/ calibrator 99.7

Incubator 1 Humidity reading:
86.0

Incubator 2 Machine Temp. reading / Calibrator Temp. reading:
99.6F/ calibrator 99.6

Incubator 2 Humidity reading:
86.0

Incubator 3 Machine Temp. reading / Calibrator Temp. reading:
00

Incubator 3 Humidity reading:
00

Incubator 4 Machine Temp. reading / Calibrator Temp. reading:
00

Incubator 4 Humidity reading:
00

Incubator 5 Machine Temp. reading / Calibrator Temp. reading:
00

Incubator 5 Humidity reading:
00

Incubator 6 Machine Temp. reading / Calibrator Temp. reading:
00

Incubator 6 Humidity reading:
00

Incubator 7 Machine Temp. reading / Calibrator Temp. reading:
00

Incubator 7 Humidity reading:
00

Incubator 8 Machine Temp. reading / Calibrator Temp. reading:
00

Incubator 8 Humidity reading:
00

Incubator 9 Machine Temp. reading / Calibrator Temp. reading:
00

Incubator 9 Humidity reading:
00

Incubator 10 Machine Temp. reading / Calibrator Temp. reading:
00

Incubator 10 Humidity reading:
00

Corrective action taken for un-match machine and calibrator temperature reading after 30 minutes of checking:
N/A

Approver on machine temperature adjustment:
Sir Tony

Time finished:
4:32 pm

———————————————
This task was submitted through INCUBATOR TEMPERATURE CALIBRATION
https://form.asana.com/?k=-OgqMf660KEFQdcn3Wkysw&d=1186399537984407",INCUBATOR TEMPERATURE CALIBRATION,,,,Peter Paul alap-ap,"Sep 16, 2022",2nd,4:00 pm,99.7/ calibrator 99.7,86.0,99.6F/ calibrator 99.6,86.0,00,00,00,00,00,00,00,00,00,00,00,00,00,00,00,00,N/A,Sir Tony,4:32 pm
"1202970112016064",2022-09-13,,2022-09-13,INCUBATOR TEMPERATURE CALIBRATION submission,Untitled section,,,,,,"Hatcheryman:
Bernardo tiamzon

Date:
Sep 13, 2022

Shift:
2nd

Time started:
3pm

Incubator 1 Machine Temp. reading / Calibrator Temp. reading:
99.9 /99.9

Incubator 1 Humidity reading:
99.9

Incubator 2 Machine Temp. reading / Calibrator Temp. reading:
100.0/100.0

Incubator 2 Humidity reading:
100

Incubator 3 Machine Temp. reading / Calibrator Temp. reading:
00

Incubator 3 Humidity reading:
00

Incubator 4 Machine Temp. reading / Calibrator Temp. reading:
00

Incubator 4 Humidity reading:
00

Incubator 5 Machine Temp. reading / Calibrator Temp. reading:
00

Incubator 5 Humidity reading:
00

Incubator 6 Machine Temp. reading / Calibrator Temp. reading:
00

Incubator 6 Humidity reading:
00

Incubator 7 Machine Temp. reading / Calibrator Temp. reading:
00

Incubator 7 Humidity reading:
00

Incubator 8 Machine Temp. reading / Calibrator Temp. reading:
00

Incubator 8 Humidity reading:
00

Incubator 9 Machine Temp. reading / Calibrator Temp. reading:
00

Incubator 9 Humidity reading:
00

Incubator 10 Machine Temp. reading / Calibrator Temp. reading:
00

Incubator 10 Humidity reading:
00

Corrective action taken for un-match machine and calibrator temperature reading after 30 minutes of checking:
N/A

Approver on machine temperature adjustment:
N/A

Time finished:
3:25

———————————————
This task was submitted through INCUBATOR TEMPERATURE CALIBRATION
https://form.asana.com/?k=-OgqMf660KEFQdcn3Wkysw&d=1186399537984407",INCUBATOR TEMPERATURE CALIBRATION,,,,Bernardo tiamzon,"Sep 13, 2022",2nd,3pm,99.9 /99.9,99.9,100.0/100.0,100,00,00,00,00,00,00,00,00,00,00,00,00,00,00,00,00,N/A,N/A,3:25
"1202951159264056",2022-09-09,,2022-09-09,INCUBATOR TEMPERATURE CALIBRATION submission,Untitled section,,,,,,"Hatcheryman:
Bernardo tiamzon

Date:
Sep 9, 2022

Shift:
2nd

Time started:
3pm

Incubator 1 Machine Temp. reading / Calibrator Temp. reading:
99.9 /99.9

Incubator 1 Humidity reading:
99.9

Incubator 2 Machine Temp. reading / Calibrator Temp. reading:
99.9/99.9

Incubator 2 Humidity reading:
99.9

Incubator 3 Machine Temp. reading / Calibrator Temp. reading:
00

Incubator 3 Humidity reading:
00

Incubator 4 Machine Temp. reading / Calibrator Temp. reading:
00

Incubator 4 Humidity reading:
00

Incubator 5 Machine Temp. reading / Calibrator Temp. reading:
00

Incubator 5 Humidity reading:
00

Incubator 6 Machine Temp. reading / Calibrator Temp. reading:
00

Incubator 6 Humidity reading:
00

Incubator 7 Machine Temp. reading / Calibrator Temp. reading:
00

Incubator 7 Humidity reading:
00

Incubator 8 Machine Temp. reading / Calibrator Temp. reading:
00

Incubator 8 Humidity reading:
00

Incubator 9 Machine Temp. reading / Calibrator Temp. reading:
00

Incubator 9 Humidity reading:
00

Incubator 10 Machine Temp. reading / Calibrator Temp. reading:
00

Incubator 10 Humidity reading:
00

Corrective action taken for un-match machine and calibrator temperature reading after 30 minutes of checking:
N/A

Approver on machine temperature adjustment:
N/A

Time finished:
3:25

———————————————
This task was submitted through INCUBATOR TEMPERATURE CALIBRATION
https://form.asana.com/?k=-OgqMf660KEFQdcn3Wkysw&d=1186399537984407",INCUBATOR TEMPERATURE CALIBRATION,,,,Bernardo tiamzon,"Sep 9, 2022",2nd,3pm,99.9 /99.9,99.9,99.9/99.9,99.9,00,00,00,00,00,00,00,00,00,00,00,00,00,00,00,00,N/A,N/A,3:25
"1202928664862521",2022-09-06,,2022-09-06,INCUBATOR TEMPERATURE CALIBRATION submission,Untitled section,,,,,,"Hatcheryman:
Bernardo tiamzon

Date:
Sep 6, 2022

Shift:
2nd

Time started:
3:20pm

Incubator 1 Machine Temp. reading / Calibrator Temp. reading:
99.9 /99.9

Incubator 1 Humidity reading:
99.9

Incubator 2 Machine Temp. reading / Calibrator Temp. reading:
99.8/99.8

Incubator 2 Humidity reading:
99.8

Incubator 3 Machine Temp. reading / Calibrator Temp. reading:
00

Incubator 3 Humidity reading:
00

Incubator 4 Machine Temp. reading / Calibrator Temp. reading:
00

Incubator 4 Humidity reading:
00

Incubator 5 Machine Temp. reading / Calibrator Temp. reading:
00

Incubator 5 Humidity reading:
00

Incubator 6 Machine Temp. reading / Calibrator Temp. reading:
00

Incubator 6 Humidity reading:
00

Incubator 7 Machine Temp. reading / Calibrator Temp. reading:
00

Incubator 7 Humidity reading:
00

Incubator 8 Machine Temp. reading / Calibrator Temp. reading:
00

Incubator 8 Humidity reading:
00

Incubator 9 Machine Temp. reading / Calibrator Temp. reading:
00

Incubator 9 Humidity reading:
00

Incubator 10 Machine Temp. reading / Calibrator Temp. reading:
00

Incubator 10 Humidity reading:
00

Corrective action taken for un-match machine and calibrator temperature reading after 30 minutes of checking:
NA

Approver on machine temperature adjustment:
N/A

Time finished:
3:45

———————————————
This task was submitted through INCUBATOR TEMPERATURE CALIBRATION
https://form.asana.com/?k=-OgqMf660KEFQdcn3Wkysw&d=1186399537984407",INCUBATOR TEMPERATURE CALIBRATION,,,,Bernardo tiamzon,"Sep 6, 2022",2nd,3:20pm,99.9 /99.9,99.9,99.8/99.8,99.8,00,00,00,00,00,00,00,00,00,00,00,00,00,00,00,00,NA,N/A,3:45
"1202272956300265",2022-05-13,,2022-05-13,INCUBATOR TEMPERATURE CALIBRATION submission,Untitled section,,,,,,"Hatcheryman:
Bernardo tiamzon

Date:
May 13, 2022

Shift:
2nd

Time started:
3pm

Incubator 1 Machine Temp. reading / Calibrator Temp. reading:
100.1/100.1

Incubator 1 Humidity reading:
100.1

Incubator 2 Machine Temp. reading / Calibrator Temp. reading:
100/100

Incubator 2 Humidity reading:
100

Incubator 3 Machine Temp. reading / Calibrator Temp. reading:
99.8/99.8

Incubator 3 Humidity reading:
99.9

Incubator 4 Machine Temp. reading / Calibrator Temp. reading:
00

Incubator 4 Humidity reading:
00

Incubator 5 Machine Temp. reading / Calibrator Temp. reading:
00

Incubator 5 Humidity reading:
00

Incubator 6 Machine Temp. reading / Calibrator Temp. reading:
00

Incubator 6 Humidity reading:
00

Incubator 7 Machine Temp. reading / Calibrator Temp. reading:
00

Incubator 7 Humidity reading:
00

Incubator 8 Machine Temp. reading / Calibrator Temp. reading:
00

Incubator 8 Humidity reading:
00

Incubator 9 Machine Temp. reading / Calibrator Temp. reading:
00

Incubator 9 Humidity reading:
00

Incubator 10 Machine Temp. reading / Calibrator Temp. reading:
00

Incubator 10 Humidity reading:
00

Corrective action taken for un-match machine and calibrator temperature reading after 30 minutes of checking:
NA

Approver on machine temperature adjustment:
N/A

Time finished:
3:20pm

———————————————
This task was submitted through INCUBATOR TEMPERATURE CALIBRATION
https://form.asana.com/?k=-OgqMf660KEFQdcn3Wkysw&d=1186399537984407",INCUBATOR TEMPERATURE CALIBRATION,,,,Bernardo tiamzon,"May 13, 2022",2nd,3pm,100.1/100.1,100.1,100/100,100,99.8/99.8,99.9,00,00,00,00,00,00,00,00,00,00,00,00,00,00,NA,N/A,3:20pm
"1202235633074966",2022-05-06,,2022-05-06,INCUBATOR TEMPERATURE CALIBRATION submission,Untitled section,,,,,,"Hatcheryman:
Bernardo tiamzon

Date:
May 6, 2022

Shift:
2nd

Time started:
3pm

Incubator 1 Machine Temp. reading / Calibrator Temp. reading:
99.8/99.8

Incubator 1 Humidity reading:
99.8

Incubator 2 Machine Temp. reading / Calibrator Temp. reading:
99.8/99.8

Incubator 2 Humidity reading:
99.8

Incubator 3 Machine Temp. reading / Calibrator Temp. reading:
100.1/100

Incubator 3 Humidity reading:
100.1

Incubator 4 Machine Temp. reading / Calibrator Temp. reading:
100/100

Incubator 4 Humidity reading:
100.1

Incubator 5 Machine Temp. reading / Calibrator Temp. reading:
99.8/99.8

Incubator 5 Humidity reading:
99.8

Incubator 6 Machine Temp. reading / Calibrator Temp. reading:
00

Incubator 6 Humidity reading:
00

Incubator 7 Machine Temp. reading / Calibrator Temp. reading:
00

Incubator 7 Humidity reading:
00

Incubator 8 Machine Temp. reading / Calibrator Temp. reading:
00

Incubator 8 Humidity reading:
00

Incubator 9 Machine Temp. reading / Calibrator Temp. reading:
00

Incubator 9 Humidity reading:
00

Incubator 10 Machine Temp. reading / Calibrator Temp. reading:
00

Incubator 10 Humidity reading:
00

Corrective action taken for un-match machine and calibrator temperature reading after 30 minutes of checking:
NA

Approver on machine temperature adjustment:
N/A

Time finished:
3.35

———————————————
This task was submitted through INCUBATOR TEMPERATURE CALIBRATION
https://form.asana.com/?k=-OgqMf660KEFQdcn3Wkysw&d=1186399537984407",INCUBATOR TEMPERATURE CALIBRATION,,,,Bernardo tiamzon,"May 6, 2022",2nd,3pm,99.8/99.8,99.8,99.8/99.8,99.8,100.1/100,100.1,100/100,100.1,99.8/99.8,99.8,00,00,00,00,00,00,00,00,00,00,NA,N/A,3.35
"1202216071249720",2022-05-03,,2022-05-03,INCUBATOR TEMPERATURE CALIBRATION submission,Untitled section,,,,,,"Hatcheryman:
Rodel Marimla

Date:
May 3, 2022

Shift:
2nd

Time started:
3pm

Incubator 1 Machine Temp. reading / Calibrator Temp. reading:
machine - 100.1 / calibrator - 100.1

Incubator 1 Humidity reading:
100.1

Incubator 2 Machine Temp. reading / Calibrator Temp. reading:
machine - 99.8 / calibrator - 99.8

Incubator 2 Humidity reading:
99.8

Incubator 3 Machine Temp. reading / Calibrator Temp. reading:
machine - 99.8 / calibrator - 99.8

Incubator 3 Humidity reading:
99.8

Incubator 4 Machine Temp. reading / Calibrator Temp. reading:
machine - 99.9 / calibrator - 99.9

Incubator 4 Humidity reading:
99.9

Incubator 5 Machine Temp. reading / Calibrator Temp. reading:
machine - 99.7 / calibrator - 99.7

Incubator 5 Humidity reading:
99.7

Incubator 6 Machine Temp. reading / Calibrator Temp. reading:
0

Incubator 6 Humidity reading:
0

Incubator 7 Machine Temp. reading / Calibrator Temp. reading:
0

Incubator 7 Humidity reading:
0

Incubator 8 Machine Temp. reading / Calibrator Temp. reading:
0

Incubator 8 Humidity reading:
0

Incubator 9 Machine Temp. reading / Calibrator Temp. reading:
0

Incubator 9 Humidity reading:
0

Incubator 10 Machine Temp. reading / Calibrator Temp. reading:
0

Incubator 10 Humidity reading:
0

Corrective action taken for un-match machine and calibrator temperature reading after 30 minutes of checking:
n/a

Approver on machine temperature adjustment:
N/A

Time finished:
3:30pm

———————————————
This task was submitted through INCUBATOR TEMPERATURE CALIBRATION
https://form.asana.com/?k=-OgqMf660KEFQdcn3Wkysw&d=1186399537984407",INCUBATOR TEMPERATURE CALIBRATION,,,,Rodel Marimla,"May 3, 2022",2nd,3pm,machine - 100.1 / calibrator - 100.1,100.1,machine - 99.8 / calibrator - 99.8,99.8,machine - 99.8 / calibrator - 99.8,99.8,machine - 99.9 / calibrator - 99.9,99.9,machine - 99.7 / calibrator - 99.7,99.7,0,0,0,0,0,0,0,0,0,0,n/a,N/A,3:30pm
"1202201770049243",2022-04-29,,2022-04-29,INCUBATOR TEMPERATURE CALIBRATION submission,Untitled section,,,,,,"Hatcheryman:
Bernardo tiamzon

Date:
Apr 29, 2022

Shift:
2nd

Time started:
3pm

Incubator 1 Machine Temp. reading / Calibrator Temp. reading:
100.3/100.2

Incubator 1 Humidity reading:
100.1

Incubator 2 Machine Temp. reading / Calibrator Temp. reading:
99.8/99.8

Incubator 2 Humidity reading:
99.8

Incubator 3 Machine Temp. reading / Calibrator Temp. reading:
100.2/100.2

Incubator 3 Humidity reading:
100.2

Incubator 4 Machine Temp. reading / Calibrator Temp. reading:
99.8/99.8

Incubator 4 Humidity reading:
99.8

Incubator 5 Machine Temp. reading / Calibrator Temp. reading:
99.6/99.6

Incubator 5 Humidity reading:
99.6

Incubator 6 Machine Temp. reading / Calibrator Temp. reading:
00

Incubator 6 Humidity reading:
00

Incubator 7 Machine Temp. reading / Calibrator Temp. reading:
00

Incubator 7 Humidity reading:
00

Incubator 8 Machine Temp. reading / Calibrator Temp. reading:
00

Incubator 8 Humidity reading:
00

Incubator 9 Machine Temp. reading / Calibrator Temp. reading:
00

Incubator 9 Humidity reading:
00

Incubator 10 Machine Temp. reading / Calibrator Temp. reading:
00

Incubator 10 Humidity reading:
00

Corrective action taken for un-match machine and calibrator temperature reading after 30 minutes of checking:
NA

Approver on machine temperature adjustment:
N/A

Time finished:
3:40

———————————————
This task was submitted through INCUBATOR TEMPERATURE CALIBRATION
https://form.asana.com/?k=-OgqMf660KEFQdcn3Wkysw&d=1186399537984407",INCUBATOR TEMPERATURE CALIBRATION,,,,Bernardo tiamzon,"Apr 29, 2022",2nd,3pm,100.3/100.2,100.1,99.8/99.8,99.8,100.2/100.2,100.2,99.8/99.8,99.8,99.6/99.6,99.6,00,00,00,00,00,00,00,00,00,00,NA,N/A,3:40
"1202181563835635",2022-04-26,,2022-04-26,INCUBATOR TEMPERATURE CALIBRATION submission,Untitled section,,,,,,"Hatcheryman:
Rodel Marimla

Date:
Apr 26, 2022

Shift:
2nd

Time started:
3pm

Incubator 1 Machine Temp. reading / Calibrator Temp. reading:
machine - 100.2 / calibrator - 100.2

Incubator 1 Humidity reading:
100.1

Incubator 2 Machine Temp. reading / Calibrator Temp. reading:
machine - 99.7 / calibrator - 99.7

Incubator 2 Humidity reading:
99.7

Incubator 3 Machine Temp. reading / Calibrator Temp. reading:
machine - 99.7 / calibrator - 99.7

Incubator 3 Humidity reading:
99.7

Incubator 4 Machine Temp. reading / Calibrator Temp. reading:
machine - 99.8 / calibrator - 99.8

Incubator 4 Humidity reading:
99.8

Incubator 5 Machine Temp. reading / Calibrator Temp. reading:
machine - 99.8 / calibrator - 99.8

Incubator 5 Humidity reading:
99.8

Incubator 6 Machine Temp. reading / Calibrator Temp. reading:
0

Incubator 6 Humidity reading:
0

Incubator 7 Machine Temp. reading / Calibrator Temp. reading:
0

Incubator 7 Humidity reading:
0

Incubator 8 Machine Temp. reading / Calibrator Temp. reading:
0

Incubator 8 Humidity reading:
0

Incubator 9 Machine Temp. reading / Calibrator Temp. reading:
0

Incubator 9 Humidity reading:
0

Incubator 10 Machine Temp. reading / Calibrator Temp. reading:
0

Incubator 10 Humidity reading:
0

Corrective action taken for un-match machine and calibrator temperature reading after 30 minutes of checking:
n/a

Approver on machine temperature adjustment:
N/A

Time finished:
3:28pm

———————————————
This task was submitted through INCUBATOR TEMPERATURE CALIBRATION
https://form.asana.com/?k=-OgqMf660KEFQdcn3Wkysw&d=1186399537984407",INCUBATOR TEMPERATURE CALIBRATION,,,,Rodel Marimla,"Apr 26, 2022",2nd,3pm,machine - 100.2 / calibrator - 100.2,100.1,machine - 99.7 / calibrator - 99.7,99.7,machine - 99.7 / calibrator - 99.7,99.7,machine - 99.8 / calibrator - 99.8,99.8,machine - 99.8 / calibrator - 99.8,99.8,0,0,0,0,0,0,0,0,0,0,n/a,N/A,3:28pm
"1202166017402207",2022-04-22,,2022-04-22,INCUBATOR TEMPERATURE CALIBRATION submission,Untitled section,,,,,,"Hatcheryman:
franklin medenilla jr.

Date:
Apr 22, 2022

Shift:
2nd

Time started:
1500

Incubator 1 Machine Temp. reading / Calibrator Temp. reading:
100.3 - 100.3

Incubator 1 Humidity reading:
100.2

Incubator 2 Machine Temp. reading / Calibrator Temp. reading:
99.9 - 99.9

Incubator 2 Humidity reading:
99.9

Incubator 3 Machine Temp. reading / Calibrator Temp. reading:
99.9 - 99.9

Incubator 3 Humidity reading:
99.9

Incubator 4 Machine Temp. reading / Calibrator Temp. reading:
99.9 - 99.9

Incubator 4 Humidity reading:
99.9

Incubator 5 Machine Temp. reading / Calibrator Temp. reading:
99.7 - 99.7

Incubator 5 Humidity reading:
99.7

Incubator 6 Machine Temp. reading / Calibrator Temp. reading:
off/empty

Incubator 6 Humidity reading:
0

Incubator 7 Machine Temp. reading / Calibrator Temp. reading:
99.82 - 99.7

Incubator 7 Humidity reading:
99.86

Incubator 8 Machine Temp. reading / Calibrator Temp. reading:
off/empty

Incubator 8 Humidity reading:
0

Incubator 9 Machine Temp. reading / Calibrator Temp. reading:
off/empty

Incubator 9 Humidity reading:
0

Incubator 10 Machine Temp. reading / Calibrator Temp. reading:
off/empty

Incubator 10 Humidity reading:
0

Corrective action taken for un-match machine and calibrator temperature reading after 30 minutes of checking:
n/a

Approver on machine temperature adjustment:
N/A

Time finished:
1550

———————————————
This task was submitted through INCUBATOR TEMPERATURE CALIBRATION
https://form.asana.com/?k=-OgqMf660KEFQdcn3Wkysw&d=1186399537984407",INCUBATOR TEMPERATURE CALIBRATION,,,,franklin medenilla jr.,"Apr 22, 2022",2nd,1500,100.3 - 100.3,100.2,99.9 - 99.9,99.9,99.9 - 99.9,99.9,99.9 - 99.9,99.9,99.7 - 99.7,99.7,off/empty,0,99.82 - 99.7,99.86,off/empty,0,off/empty,0,off/empty,0,n/a,N/A,1550
"1202146969843964",2022-04-19,,2022-04-19,INCUBATOR TEMPERATURE CALIBRATION submission,Untitled section,,,,,,"Hatcheryman:
franklin medenilla jr.

Date:
Apr 19, 2022

Shift:
2nd

Time started:
1500

Incubator 1 Machine Temp. reading / Calibrator Temp. reading:
100.2 - 100.2

Incubator 1 Humidity reading:
100.1

Incubator 2 Machine Temp. reading / Calibrator Temp. reading:
100.0 - 100.0

Incubator 2 Humidity reading:
100.1

Incubator 3 Machine Temp. reading / Calibrator Temp. reading:
99.9 - 99.9

Incubator 3 Humidity reading:
99.9

Incubator 4 Machine Temp. reading / Calibrator Temp. reading:
100.3 - 100.3

Incubator 4 Humidity reading:
100.4

Incubator 5 Machine Temp. reading / Calibrator Temp. reading:
99.7

Incubator 5 Humidity reading:
99.7

Incubator 6 Machine Temp. reading / Calibrator Temp. reading:
off/empty

Incubator 6 Humidity reading:
0

Incubator 7 Machine Temp. reading / Calibrator Temp. reading:
off/empty

Incubator 7 Humidity reading:
0

Incubator 8 Machine Temp. reading / Calibrator Temp. reading:
off/empty

Incubator 8 Humidity reading:
0

Incubator 9 Machine Temp. reading / Calibrator Temp. reading:
off/empty

Incubator 9 Humidity reading:
0

Incubator 10 Machine Temp. reading / Calibrator Temp. reading:
off/empty

Incubator 10 Humidity reading:
0

Corrective action taken for un-match machine and calibrator temperature reading after 30 minutes of checking:
n/a

Approver on machine temperature adjustment:
N/A

Time finished:
1530

———————————————
This task was submitted through INCUBATOR TEMPERATURE CALIBRATION
https://form.asana.com/?k=-OgqMf660KEFQdcn3Wkysw&d=1186399537984407",INCUBATOR TEMPERATURE CALIBRATION,,,,franklin medenilla jr.,"Apr 19, 2022",2nd,1500,100.2 - 100.2,100.1,100.0 - 100.0,100.1,99.9 - 99.9,99.9,100.3 - 100.3,100.4,99.7,99.7,off/empty,0,off/empty,0,off/empty,0,off/empty,0,off/empty,0,n/a,N/A,1530
"1202134462183946",2022-04-15,,2022-04-15,INCUBATOR TEMPERATURE CALIBRATION submission,Untitled section,,,,,,"Hatcheryman:
franklin medenilla jr.

Date:
Apr 15, 2022

Shift:
2nd

Time started:
1630

Incubator 1 Machine Temp. reading / Calibrator Temp. reading:
99.9 - 100.0

Incubator 1 Humidity reading:
100.0

Incubator 2 Machine Temp. reading / Calibrator Temp. reading:
100.1 - 100.1

Incubator 2 Humidity reading:
100.0

Incubator 3 Machine Temp. reading / Calibrator Temp. reading:
100.0 - 100.0

Incubator 3 Humidity reading:
99.9

Incubator 4 Machine Temp. reading / Calibrator Temp. reading:
100.3 - 100.4

Incubator 4 Humidity reading:
100.5

Incubator 5 Machine Temp. reading / Calibrator Temp. reading:
99.7 - 99.7

Incubator 5 Humidity reading:
99.7

Incubator 6 Machine Temp. reading / Calibrator Temp. reading:
99.12 - 99.2

Incubator 6 Humidity reading:
99.12

Incubator 7 Machine Temp. reading / Calibrator Temp. reading:
99.99 - 99.99

Incubator 7 Humidity reading:
99.9

Incubator 8 Machine Temp. reading / Calibrator Temp. reading:
99.22 - 99.2

Incubator 8 Humidity reading:
99.19

Incubator 9 Machine Temp. reading / Calibrator Temp. reading:
99.1 - 99.1

Incubator 9 Humidity reading:
99.1

Incubator 10 Machine Temp. reading / Calibrator Temp. reading:
0

Incubator 10 Humidity reading:
0

Corrective action taken for un-match machine and calibrator temperature reading after 30 minutes of checking:
n/a

Approver on machine temperature adjustment:
N/A

Time finished:
1805

———————————————
This task was submitted through INCUBATOR TEMPERATURE CALIBRATION
https://form.asana.com/?k=-OgqMf660KEFQdcn3Wkysw&d=1186399537984407",INCUBATOR TEMPERATURE CALIBRATION,,,,franklin medenilla jr.,"Apr 15, 2022",2nd,1630,99.9 - 100.0,100.0,100.1 - 100.1,100.0,100.0 - 100.0,99.9,100.3 - 100.4,100.5,99.7 - 99.7,99.7,99.12 - 99.2,99.12,99.99 - 99.99,99.9,99.22 - 99.2,99.19,99.1 - 99.1,99.1,0,0,n/a,N/A,1805
"1202115457778647",2022-04-12,,2022-04-12,INCUBATOR TEMPERATURE CALIBRATION submission,Untitled section,,,,,,"Hatcheryman:
franklin medenilla jr.

Date:
Apr 12, 2022

Shift:
2nd

Time started:
1500

Incubator 1 Machine Temp. reading / Calibrator Temp. reading:
0

Incubator 1 Humidity reading:
0

Incubator 2 Machine Temp. reading / Calibrator Temp. reading:
100.2 - 100.3

Incubator 2 Humidity reading:
100.3

Incubator 3 Machine Temp. reading / Calibrator Temp. reading:
100.2 - 100.2

Incubator 3 Humidity reading:
100.0

Incubator 4 Machine Temp. reading / Calibrator Temp. reading:
100.3 - 100.2

Incubator 4 Humidity reading:
100.3

Incubator 5 Machine Temp. reading / Calibrator Temp. reading:
100.2 - 100.2

Incubator 5 Humidity reading:
100.2

Incubator 6 Machine Temp. reading / Calibrator Temp. reading:
99.92 - 99.9

Incubator 6 Humidity reading:
99.99

Incubator 7 Machine Temp. reading / Calibrator Temp. reading:
99.88 - 99.8

Incubator 7 Humidity reading:
99.91

Incubator 8 Machine Temp. reading / Calibrator Temp. reading:
99.76 - 99.7

Incubator 8 Humidity reading:
99.75

Incubator 9 Machine Temp. reading / Calibrator Temp. reading:
99.8 - 99.8

Incubator 9 Humidity reading:
99.8

Incubator 10 Machine Temp. reading / Calibrator Temp. reading:
0

Incubator 10 Humidity reading:
0

Corrective action taken for un-match machine and calibrator temperature reading after 30 minutes of checking:
n/a

Approver on machine temperature adjustment:
N/A

Time finished:
1550

———————————————
This task was submitted through INCUBATOR TEMPERATURE CALIBRATION
https://form.asana.com/?k=-OgqMf660KEFQdcn3Wkysw&d=1186399537984407",INCUBATOR TEMPERATURE CALIBRATION,,,,franklin medenilla jr.,"Apr 12, 2022",2nd,1500,0,0,100.2 - 100.3,100.3,100.2 - 100.2,100.0,100.3 - 100.2,100.3,100.2 - 100.2,100.2,99.92 - 99.9,99.99,99.88 - 99.8,99.91,99.76 - 99.7,99.75,99.8 - 99.8,99.8,0,0,n/a,N/A,1550
"1202098981351512",2022-04-08,,2022-04-08,INCUBATOR TEMPERATURE CALIBRATION submission,Untitled section,,,,,,"Hatcheryman:
Bernardo tiamzon

Date:
Apr 8, 2022

Shift:
2nd

Time started:
3pm

Incubator 1 Machine Temp. reading / Calibrator Temp. reading:
00

Incubator 1 Humidity reading:
00

Incubator 2 Machine Temp. reading / Calibrator Temp. reading:
100.4/100.2

Incubator 2 Humidity reading:
1003

Incubator 3 Machine Temp. reading / Calibrator Temp. reading:
100.5/100.6

Incubator 3 Humidity reading:
100.1

Incubator 4 Machine Temp. reading / Calibrator Temp. reading:
100.4/100.3

Incubator 4 Humidity reading:
100.5

Incubator 5 Machine Temp. reading / Calibrator Temp. reading:
100.5/100.5

Incubator 5 Humidity reading:
100.5

Incubator 6 Machine Temp. reading / Calibrator Temp. reading:
99.95/99.8

Incubator 6 Humidity reading:
99.8

Incubator 7 Machine Temp. reading / Calibrator Temp. reading:
99.88/99.7

Incubator 7 Humidity reading:
99.90

Incubator 8 Machine Temp. reading / Calibrator Temp. reading:
99.97/99.9

Incubator 8 Humidity reading:
99.96

Incubator 9 Machine Temp. reading / Calibrator Temp. reading:
99.8/99.8

Incubator 9 Humidity reading:
99.8

Incubator 10 Machine Temp. reading / Calibrator Temp. reading:
00

Incubator 10 Humidity reading:
00

Corrective action taken for un-match machine and calibrator temperature reading after 30 minutes of checking:
NA

Approver on machine temperature adjustment:
N/A

Time finished:
3:45pm

———————————————
This task was submitted through INCUBATOR TEMPERATURE CALIBRATION
https://form.asana.com/?k=-OgqMf660KEFQdcn3Wkysw&d=1186399537984407",INCUBATOR TEMPERATURE CALIBRATION,,,,Bernardo tiamzon,"Apr 8, 2022",2nd,3pm,00,00,100.4/100.2,1003,100.5/100.6,100.1,100.4/100.3,100.5,100.5/100.5,100.5,99.95/99.8,99.8,99.88/99.7,99.90,99.97/99.9,99.96,99.8/99.8,99.8,00,00,NA,N/A,3:45pm
"1202078985771874",2022-04-05,,2022-04-05,INCUBATOR TEMPERATURE CALIBRATION submission,Untitled section,,,,,,"Hatcheryman:
Bernardo tiamzon

Date:
Apr 5, 2022

Shift:
2nd

Time started:
3pm

Incubator 1 Machine Temp. reading / Calibrator Temp. reading:
00

Incubator 1 Humidity reading:
00

Incubator 2 Machine Temp. reading / Calibrator Temp. reading:
100.5/100.4

Incubator 2 Humidity reading:
100.4

Incubator 3 Machine Temp. reading / Calibrator Temp. reading:
100.5/100.6

Incubator 3 Humidity reading:
100.6

Incubator 4 Machine Temp. reading / Calibrator Temp. reading:
100.6/100.6

Incubator 4 Humidity reading:
100.6

Incubator 5 Machine Temp. reading / Calibrator Temp. reading:
100.6/100.6

Incubator 5 Humidity reading:
100.6

Incubator 6 Machine Temp. reading / Calibrator Temp. reading:
99.86  99.7

Incubator 6 Humidity reading:
99.7

Incubator 7 Machine Temp. reading / Calibrator Temp. reading:
99.82/99.7

Incubator 7 Humidity reading:
99.7

Incubator 8 Machine Temp. reading / Calibrator Temp. reading:
99.83/99.8

Incubator 8 Humidity reading:
99.8

Incubator 9 Machine Temp. reading / Calibrator Temp. reading:
99.9/99.9

Incubator 9 Humidity reading:
99.9

Incubator 10 Machine Temp. reading / Calibrator Temp. reading:
00

Incubator 10 Humidity reading:
00

Corrective action taken for un-match machine and calibrator temperature reading after 30 minutes of checking:
NA

Approver on machine temperature adjustment:
N/A

Time finished:
3:45pm

———————————————
This task was submitted through INCUBATOR TEMPERATURE CALIBRATION
https://form.asana.com/?k=-OgqMf660KEFQdcn3Wkysw&d=1186399537984407",INCUBATOR TEMPERATURE CALIBRATION,,,,Bernardo tiamzon,"Apr 5, 2022",2nd,3pm,00,00,100.5/100.4,100.4,100.5/100.6,100.6,100.6/100.6,100.6,100.6/100.6,100.6,99.86  99.7,99.7,99.82/99.7,99.7,99.83/99.8,99.8,99.9/99.9,99.9,00,00,NA,N/A,3:45pm
"1202061426121301",2022-04-01,,2022-04-01,INCUBATOR TEMPERATURE CALIBRATION submission,Untitled section,,,,,,"Hatcheryman:
Bernardo tiamzon

Date:
Apr 1, 2022

Shift:
2nd

Time started:
3pm

Incubator 1 Machine Temp. reading / Calibrator Temp. reading:
00

Incubator 1 Humidity reading:
00

Incubator 2 Machine Temp. reading / Calibrator Temp. reading:
100.4/100.4

Incubator 2 Humidity reading:
100.4

Incubator 3 Machine Temp. reading / Calibrator Temp. reading:
100.5/100.4

Incubator 3 Humidity reading:
100.4

Incubator 4 Machine Temp. reading / Calibrator Temp. reading:
100.6/100.6

Incubator 4 Humidity reading:
100.6

Incubator 5 Machine Temp. reading / Calibrator Temp. reading:
100.5/100.5

Incubator 5 Humidity reading:
100.5

Incubator 6 Machine Temp. reading / Calibrator Temp. reading:
99.97/99.8

Incubator 6 Humidity reading:
99.8

Incubator 7 Machine Temp. reading / Calibrator Temp. reading:
99.96/99.8

Incubator 7 Humidity reading:
99.8

Incubator 8 Machine Temp. reading / Calibrator Temp. reading:
100.07/100

Incubator 8 Humidity reading:
100

Incubator 9 Machine Temp. reading / Calibrator Temp. reading:
99.9/99.8

Incubator 9 Humidity reading:
99.8

Incubator 10 Machine Temp. reading / Calibrator Temp. reading:
00

Incubator 10 Humidity reading:
00

Corrective action taken for un-match machine and calibrator temperature reading after 30 minutes of checking:
NA

Approver on machine temperature adjustment:
N/A

Time finished:
4pm

———————————————
This task was submitted through INCUBATOR TEMPERATURE CALIBRATION
https://form.asana.com/?k=-OgqMf660KEFQdcn3Wkysw&d=1186399537984407",INCUBATOR TEMPERATURE CALIBRATION,,,,Bernardo tiamzon,"Apr 1, 2022",2nd,3pm,00,00,100.4/100.4,100.4,100.5/100.4,100.4,100.6/100.6,100.6,100.5/100.5,100.5,99.97/99.8,99.8,99.96/99.8,99.8,100.07/100,100,99.9/99.8,99.8,00,00,NA,N/A,4pm
"1202024177725530",2022-03-25,,2022-03-25,INCUBATOR TEMPERATURE CALIBRATION submission,Untitled section,,,,,,"Hatcheryman:
Bernardo tiamzon

Date:
Mar 25, 2022

Shift:
2nd

Time started:
3pm

Incubator 1 Machine Temp. reading / Calibrator Temp. reading:
00

Incubator 1 Humidity reading:
00

Incubator 2 Machine Temp. reading / Calibrator Temp. reading:
00

Incubator 2 Humidity reading:
00

Incubator 3 Machine Temp. reading / Calibrator Temp. reading:
00

Incubator 3 Humidity reading:
00

Incubator 4 Machine Temp. reading / Calibrator Temp. reading:
00

Incubator 4 Humidity reading:
00

Incubator 5 Machine Temp. reading / Calibrator Temp. reading:
00

Incubator 5 Humidity reading:
00

Incubator 6 Machine Temp. reading / Calibrator Temp. reading:
99.98/99.8

Incubator 6 Humidity reading:
99.8

Incubator 7 Machine Temp. reading / Calibrator Temp. reading:
100.04/99.9

Incubator 7 Humidity reading:
99.8

Incubator 8 Machine Temp. reading / Calibrator Temp. reading:
100.07/100

Incubator 8 Humidity reading:
100

Incubator 9 Machine Temp. reading / Calibrator Temp. reading:
99.9/99.8

Incubator 9 Humidity reading:
99.8

Incubator 10 Machine Temp. reading / Calibrator Temp. reading:
00

Incubator 10 Humidity reading:
00

Corrective action taken for un-match machine and calibrator temperature reading after 30 minutes of checking:
Na

Approver on machine temperature adjustment:
N/A

Time finished:
3:45pm

———————————————
This task was submitted through INCUBATOR TEMPERATURE CALIBRATION
https://form.asana.com/?k=-OgqMf660KEFQdcn3Wkysw&d=1186399537984407",INCUBATOR TEMPERATURE CALIBRATION,,,,Bernardo tiamzon,"Mar 25, 2022",2nd,3pm,00,00,00,00,00,00,00,00,00,00,99.98/99.8,99.8,100.04/99.9,99.8,100.07/100,100,99.9/99.8,99.8,00,00,Na,N/A,3:45pm
"1202004207985500",2022-03-22,,2022-03-22,INCUBATOR TEMPERATURE CALIBRATION submission,Untitled section,,,,,,"Hatcheryman:
Rodel Marimla

Date:
Mar 22, 2022

Shift:
2nd

Time started:
3:30pm

Incubator 1 Machine Temp. reading / Calibrator Temp. reading:
0

Incubator 1 Humidity reading:
0

Incubator 2 Machine Temp. reading / Calibrator Temp. reading:
0

Incubator 2 Humidity reading:
0

Incubator 3 Machine Temp. reading / Calibrator Temp. reading:
0

Incubator 3 Humidity reading:
0

Incubator 4 Machine Temp. reading / Calibrator Temp. reading:
0

Incubator 4 Humidity reading:
0

Incubator 5 Machine Temp. reading / Calibrator Temp. reading:
0

Incubator 5 Humidity reading:
0

Incubator 6 Machine Temp. reading / Calibrator Temp. reading:
machine 99.91 F /  calibrator 99.8 F

Incubator 6 Humidity reading:
99.8

Incubator 7 Machine Temp. reading / Calibrator Temp. reading:
machine 99.70 F / calibrator 99.7 F

Incubator 7 Humidity reading:
99.70

Incubator 8 Machine Temp. reading / Calibrator Temp. reading:
machine 99.74 F / calibrator 99.7 F

Incubator 8 Humidity reading:
99.7

Incubator 9 Machine Temp. reading / Calibrator Temp. reading:
machine 99.8 F / calibrator 99.8 F

Incubator 9 Humidity reading:
99.8

Incubator 10 Machine Temp. reading / Calibrator Temp. reading:
0

Incubator 10 Humidity reading:
0

Corrective action taken for un-match machine and calibrator temperature reading after 30 minutes of checking:
n/a

Approver on machine temperature adjustment:
N/A

Time finished:
4pm

———————————————
This task was submitted through INCUBATOR TEMPERATURE CALIBRATION
https://form.asana.com/?k=-OgqMf660KEFQdcn3Wkysw&d=1186399537984407",INCUBATOR TEMPERATURE CALIBRATION,,,,Rodel Marimla,"Mar 22, 2022",2nd,3:30pm,0,0,0,0,0,0,0,0,0,0,machine 99.91 F /  calibrator 99.8 F,99.8,machine 99.70 F / calibrator 99.7 F,99.70,machine 99.74 F / calibrator 99.7 F,99.7,machine 99.8 F / calibrator 99.8 F,99.8,0,0,n/a,N/A,4pm
"1201988805803222",2022-03-18,,2022-03-18,INCUBATOR TEMPERATURE CALIBRATION submission,Untitled section,,,,,,"Hatcheryman:
Bernardo tiamzon

Date:
Mar 18, 2022

Shift:
2nd

Time started:
3pm

Incubator 1 Machine Temp. reading / Calibrator Temp. reading:
00

Incubator 1 Humidity reading:
00

Incubator 2 Machine Temp. reading / Calibrator Temp. reading:
00

Incubator 2 Humidity reading:
00

Incubator 3 Machine Temp. reading / Calibrator Temp. reading:
00

Incubator 3 Humidity reading:
00

Incubator 4 Machine Temp. reading / Calibrator Temp. reading:
00

Incubator 4 Humidity reading:
00

Incubator 5 Machine Temp. reading / Calibrator Temp. reading:
00

Incubator 5 Humidity reading:
00

Incubator 6 Machine Temp. reading / Calibrator Temp. reading:
99.79/99.7

Incubator 6 Humidity reading:
99.7

Incubator 7 Machine Temp. reading / Calibrator Temp. reading:
99.87/99.8$

Incubator 7 Humidity reading:
99.8

Incubator 8 Machine Temp. reading / Calibrator Temp. reading:
99.80/99.8

Incubator 8 Humidity reading:
99.8

Incubator 9 Machine Temp. reading / Calibrator Temp. reading:
99.8/99.8

Incubator 9 Humidity reading:
99.8

Incubator 10 Machine Temp. reading / Calibrator Temp. reading:
00

Incubator 10 Humidity reading:
00

Corrective action taken for un-match machine and calibrator temperature reading after 30 minutes of checking:
Na

Approver on machine temperature adjustment:
N/A

Time finished:
3:45pm

———————————————
This task was submitted through INCUBATOR TEMPERATURE CALIBRATION
https://form.asana.com/?k=-OgqMf660KEFQdcn3Wkysw&d=1186399537984407",INCUBATOR TEMPERATURE CALIBRATION,,,,Bernardo tiamzon,"Mar 18, 2022",2nd,3pm,00,00,00,00,00,00,00,00,00,00,99.79/99.7,99.7,99.87/99.8$,99.8,99.80/99.8,99.8,99.8/99.8,99.8,00,00,Na,N/A,3:45pm
"1201969505714041",2022-03-15,,2022-03-15,INCUBATOR TEMPERATURE CALIBRATION submission,Untitled section,,,,,,"Hatcheryman:
Rodel Marimla

Date:
Mar 15, 2022

Shift:
2nd

Time started:
4pm

Incubator 1 Machine Temp. reading / Calibrator Temp. reading:
0

Incubator 1 Humidity reading:
0

Incubator 2 Machine Temp. reading / Calibrator Temp. reading:
0

Incubator 2 Humidity reading:
0

Incubator 3 Machine Temp. reading / Calibrator Temp. reading:
0

Incubator 3 Humidity reading:
0

Incubator 4 Machine Temp. reading / Calibrator Temp. reading:
0

Incubator 4 Humidity reading:
0

Incubator 5 Machine Temp. reading / Calibrator Temp. reading:
0

Incubator 5 Humidity reading:
0

Incubator 6 Machine Temp. reading / Calibrator Temp. reading:
machine 99.86 F /  calibrator 99.8 F

Incubator 6 Humidity reading:
99.75

Incubator 7 Machine Temp. reading / Calibrator Temp. reading:
machine 99.82 F / calibrator 99.8 F

Incubator 7 Humidity reading:
99.87

Incubator 8 Machine Temp. reading / Calibrator Temp. reading:
machine 99.93 F / calibrator 99.9 F

Incubator 8 Humidity reading:
99.96

Incubator 9 Machine Temp. reading / Calibrator Temp. reading:
machine 99.8 F / calibrator 99.8 F

Incubator 9 Humidity reading:
99.8

Incubator 10 Machine Temp. reading / Calibrator Temp. reading:
0

Incubator 10 Humidity reading:
0

Corrective action taken for un-match machine and calibrator temperature reading after 30 minutes of checking:
n/a

Approver on machine temperature adjustment:
N/A

Time finished:
4:30pm

———————————————
This task was submitted through INCUBATOR TEMPERATURE CALIBRATION
https://form.asana.com/?k=-OgqMf660KEFQdcn3Wkysw&d=1186399537984407",INCUBATOR TEMPERATURE CALIBRATION,,,,Rodel Marimla,"Mar 15, 2022",2nd,4pm,0,0,0,0,0,0,0,0,0,0,machine 99.86 F /  calibrator 99.8 F,99.75,machine 99.82 F / calibrator 99.8 F,99.87,machine 99.93 F / calibrator 99.9 F,99.96,machine 99.8 F / calibrator 99.8 F,99.8,0,0,n/a,N/A,4:30pm
"1201953758108716",2022-03-11,,2022-03-11,INCUBATOR TEMPERATURE CALIBRATION submission,Untitled section,,,,,,"Hatcheryman:
franklin medenilla jr.

Date:
Mar 11, 2022

Shift:
2nd

Time started:
1630

Incubator 1 Machine Temp. reading / Calibrator Temp. reading:
0

Incubator 1 Humidity reading:
0

Incubator 2 Machine Temp. reading / Calibrator Temp. reading:
0

Incubator 2 Humidity reading:
0

Incubator 3 Machine Temp. reading / Calibrator Temp. reading:
0

Incubator 3 Humidity reading:
0

Incubator 4 Machine Temp. reading / Calibrator Temp. reading:
0

Incubator 4 Humidity reading:
0

Incubator 5 Machine Temp. reading / Calibrator Temp. reading:
0

Incubator 5 Humidity reading:
0

Incubator 6 Machine Temp. reading / Calibrator Temp. reading:
99.93 - 99.8

Incubator 6 Humidity reading:
99.84

Incubator 7 Machine Temp. reading / Calibrator Temp. reading:
99.85 - 99.8

Incubator 7 Humidity reading:
99.88

Incubator 8 Machine Temp. reading / Calibrator Temp. reading:
99.91 - 99.9

Incubator 8 Humidity reading:
99.90

Incubator 9 Machine Temp. reading / Calibrator Temp. reading:
99.9 - 99.9

Incubator 9 Humidity reading:
99.9

Incubator 10 Machine Temp. reading / Calibrator Temp. reading:
0

Incubator 10 Humidity reading:
0

Corrective action taken for un-match machine and calibrator temperature reading after 30 minutes of checking:
n/a

Approver on machine temperature adjustment:
N/A

Time finished:
1656

———————————————
This task was submitted through INCUBATOR TEMPERATURE CALIBRATION
https://form.asana.com/?k=-OgqMf660KEFQdcn3Wkysw&d=1186399537984407",INCUBATOR TEMPERATURE CALIBRATION,,,,franklin medenilla jr.,"Mar 11, 2022",2nd,1630,0,0,0,0,0,0,0,0,0,0,99.93 - 99.8,99.84,99.85 - 99.8,99.88,99.91 - 99.9,99.90,99.9 - 99.9,99.9,0,0,n/a,N/A,1656
"1201933860731591",2022-03-08,,2022-03-08,INCUBATOR TEMPERATURE CALIBRATION submission,Untitled section,,,,,,"Hatcheryman:
franklin medenilla jr.

Date:
Mar 8, 2022

Shift:
2nd

Time started:
1525

Incubator 1 Machine Temp. reading / Calibrator Temp. reading:
0

Incubator 1 Humidity reading:
0

Incubator 2 Machine Temp. reading / Calibrator Temp. reading:
0

Incubator 2 Humidity reading:
0

Incubator 3 Machine Temp. reading / Calibrator Temp. reading:
0

Incubator 3 Humidity reading:
0

Incubator 4 Machine Temp. reading / Calibrator Temp. reading:
0

Incubator 4 Humidity reading:
0

Incubator 5 Machine Temp. reading / Calibrator Temp. reading:
0

Incubator 5 Humidity reading:
0

Incubator 6 Machine Temp. reading / Calibrator Temp. reading:
99.86 - 998

Incubator 6 Humidity reading:
99.80

Incubator 7 Machine Temp. reading / Calibrator Temp. reading:
99.95 - 99.9

Incubator 7 Humidity reading:
99.92

Incubator 8 Machine Temp. reading / Calibrator Temp. reading:
99.90 - 99.9

Incubator 8 Humidity reading:
99.86

Incubator 9 Machine Temp. reading / Calibrator Temp. reading:
99.4 / 99.4

Incubator 9 Humidity reading:
99.4

Incubator 10 Machine Temp. reading / Calibrator Temp. reading:
 0

Incubator 10 Humidity reading:
0

Corrective action taken for un-match machine and calibrator temperature reading after 30 minutes of checking:
n/a

Approver on machine temperature adjustment:
N/A

Time finished:
1542

———————————————
This task was submitted through INCUBATOR TEMPERATURE CALIBRATION
https://form.asana.com/?k=-OgqMf660KEFQdcn3Wkysw&d=1186399537984407",INCUBATOR TEMPERATURE CALIBRATION,,,,franklin medenilla jr.,"Mar 8, 2022",2nd,1525,0,0,0,0,0,0,0,0,0,0,99.86 - 998,99.80,99.95 - 99.9,99.92,99.90 - 99.9,99.86,99.4 / 99.4,99.4, 0,0,n/a,N/A,1542
"1201898970164347",2022-03-01,,2022-03-01,INCUBATOR TEMPERATURE CALIBRATION submission,Untitled section,,,,,,"Hatcheryman:
franklin medenilla jr.

Date:
Mar 1, 2022

Shift:
2nd

Time started:
1520

Incubator 1 Machine Temp. reading / Calibrator Temp. reading:
0

Incubator 1 Humidity reading:
0

Incubator 2 Machine Temp. reading / Calibrator Temp. reading:
0

Incubator 2 Humidity reading:
0

Incubator 3 Machine Temp. reading / Calibrator Temp. reading:
0

Incubator 3 Humidity reading:
0

Incubator 4 Machine Temp. reading / Calibrator Temp. reading:
0

Incubator 4 Humidity reading:
0

Incubator 5 Machine Temp. reading / Calibrator Temp. reading:
0

Incubator 5 Humidity reading:
0

Incubator 6 Machine Temp. reading / Calibrator Temp. reading:
99.72 - 99.7

Incubator 6 Humidity reading:
99.76

Incubator 7 Machine Temp. reading / Calibrator Temp. reading:
99.44 - 99.4

Incubator 7 Humidity reading:
99.45

Incubator 8 Machine Temp. reading / Calibrator Temp. reading:
99.57 - 99.6

Incubator 8 Humidity reading:
99.56

Incubator 9 Machine Temp. reading / Calibrator Temp. reading:
99.4 / 99.4

Incubator 9 Humidity reading:
99.4

Incubator 10 Machine Temp. reading / Calibrator Temp. reading:
0

Incubator 10 Humidity reading:
0

Corrective action taken for un-match machine and calibrator temperature reading after 30 minutes of checking:
n/a

Approver on machine temperature adjustment:
N/A

Time finished:
1550

———————————————
This task was submitted through INCUBATOR TEMPERATURE CALIBRATION
https://form.asana.com/?k=-OgqMf660KEFQdcn3Wkysw&d=1186399537984407",INCUBATOR TEMPERATURE CALIBRATION,,,,franklin medenilla jr.,"Mar 1, 2022",2nd,1520,0,0,0,0,0,0,0,0,0,0,99.72 - 99.7,99.76,99.44 - 99.4,99.45,99.57 - 99.6,99.56,99.4 / 99.4,99.4,0,0,n/a,N/A,1550
"1201883682158375",2022-02-25,,2022-02-25,INCUBATOR TEMPERATURE CALIBRATION submission,Untitled section,,,,,,"Hatcheryman:
franklin medenilla jr.

Date:
Feb 25, 2022

Shift:
2nd

Time started:
1515

Incubator 1 Machine Temp. reading / Calibrator Temp. reading:
0

Incubator 1 Humidity reading:
0

Incubator 2 Machine Temp. reading / Calibrator Temp. reading:
0

Incubator 2 Humidity reading:
0

Incubator 3 Machine Temp. reading / Calibrator Temp. reading:
0

Incubator 3 Humidity reading:
0

Incubator 4 Machine Temp. reading / Calibrator Temp. reading:
0

Incubator 4 Humidity reading:
0

Incubator 5 Machine Temp. reading / Calibrator Temp. reading:
0

Incubator 5 Humidity reading:
0

Incubator 6 Machine Temp. reading / Calibrator Temp. reading:
99.69 - 99.6

Incubator 6 Humidity reading:
99.69

Incubator 7 Machine Temp. reading / Calibrator Temp. reading:
99.57 - 99.5

Incubator 7 Humidity reading:
99.59

Incubator 8 Machine Temp. reading / Calibrator Temp. reading:
99.39 - 99.4

Incubator 8 Humidity reading:
99.38

Incubator 9 Machine Temp. reading / Calibrator Temp. reading:
99.4 / 99.4

Incubator 9 Humidity reading:
99.4

Incubator 10 Machine Temp. reading / Calibrator Temp. reading:
0

Incubator 10 Humidity reading:
0

Corrective action taken for un-match machine and calibrator temperature reading after 30 minutes of checking:
n/a

Approver on machine temperature adjustment:
N/A

Time finished:
1556

———————————————
This task was submitted through INCUBATOR TEMPERATURE CALIBRATION
https://form.asana.com/?k=-OgqMf660KEFQdcn3Wkysw&d=1186399537984407",INCUBATOR TEMPERATURE CALIBRATION,,,,franklin medenilla jr.,"Feb 25, 2022",2nd,1515,0,0,0,0,0,0,0,0,0,0,99.69 - 99.6,99.69,99.57 - 99.5,99.59,99.39 - 99.4,99.38,99.4 / 99.4,99.4,0,0,n/a,N/A,1556
"1201864035110819",2022-02-22,,2022-02-22,INCUBATOR TEMPERATURE CALIBRATION submission,Untitled section,,,,,,"Hatcheryman:
Bernardo tiamzon

Date:
Feb 22, 2022

Shift:
2nd

Time started:
3pm

Incubator 1 Machine Temp. reading / Calibrator Temp. reading:
00

Incubator 1 Humidity reading:
00

Incubator 2 Machine Temp. reading / Calibrator Temp. reading:
00

Incubator 2 Humidity reading:
00

Incubator 3 Machine Temp. reading / Calibrator Temp. reading:
00

Incubator 3 Humidity reading:
00

Incubator 4 Machine Temp. reading / Calibrator Temp. reading:
00

Incubator 4 Humidity reading:
00

Incubator 5 Machine Temp. reading / Calibrator Temp. reading:
00

Incubator 5 Humidity reading:
00

Incubator 6 Machine Temp. reading / Calibrator Temp. reading:
99.85/99.8

Incubator 6 Humidity reading:
99.8

Incubator 7 Machine Temp. reading / Calibrator Temp. reading:
99.45/99.5

Incubator 7 Humidity reading:
99.4

Incubator 8 Machine Temp. reading / Calibrator Temp. reading:
99.37/99.4

Incubator 8 Humidity reading:
99.4

Incubator 9 Machine Temp. reading / Calibrator Temp. reading:
99.6/99.6

Incubator 9 Humidity reading:
99.6

Incubator 10 Machine Temp. reading / Calibrator Temp. reading:
00

Incubator 10 Humidity reading:
00

Corrective action taken for un-match machine and calibrator temperature reading after 30 minutes of checking:
Na

Approver on machine temperature adjustment:
N/A

Time finished:
3.35

———————————————
This task was submitted through INCUBATOR TEMPERATURE CALIBRATION
https://form.asana.com/?k=-OgqMf660KEFQdcn3Wkysw&d=1186399537984407",INCUBATOR TEMPERATURE CALIBRATION,,,,Bernardo tiamzon,"Feb 22, 2022",2nd,3pm,00,00,00,00,00,00,00,00,00,00,99.85/99.8,99.8,99.45/99.5,99.4,99.37/99.4,99.4,99.6/99.6,99.6,00,00,Na,N/A,3.35
"1201848631035735",2022-02-18,,2022-02-18,INCUBATOR TEMPERATURE CALIBRATION submission,Untitled section,,,,,,"Hatcheryman:
Bernardo tiamzon

Date:
Feb 18, 2022

Shift:
2nd

Time started:
3pm

Incubator 1 Machine Temp. reading / Calibrator Temp. reading:
00

Incubator 1 Humidity reading:
00

Incubator 2 Machine Temp. reading / Calibrator Temp. reading:
00

Incubator 2 Humidity reading:
00

Incubator 3 Machine Temp. reading / Calibrator Temp. reading:
00

Incubator 3 Humidity reading:
00

Incubator 4 Machine Temp. reading / Calibrator Temp. reading:
00

Incubator 4 Humidity reading:
00

Incubator 5 Machine Temp. reading / Calibrator Temp. reading:
00

Incubator 5 Humidity reading:
00

Incubator 6 Machine Temp. reading / Calibrator Temp. reading:
99.86  99.8

Incubator 6 Humidity reading:
99.75

Incubator 7 Machine Temp. reading / Calibrator Temp. reading:
99.64/ 99.6

Incubator 7 Humidity reading:
99.63

Incubator 8 Machine Temp. reading / Calibrator Temp. reading:
99 37/99.4

Incubator 8 Humidity reading:
99.34

Incubator 9 Machine Temp. reading / Calibrator Temp. reading:
99.5/99.5

Incubator 9 Humidity reading:
99.4

Incubator 10 Machine Temp. reading / Calibrator Temp. reading:
00

Incubator 10 Humidity reading:
00

Corrective action taken for un-match machine and calibrator temperature reading after 30 minutes of checking:
Na

Approver on machine temperature adjustment:
N/A

Time finished:
3:40

———————————————
This task was submitted through INCUBATOR TEMPERATURE CALIBRATION
https://form.asana.com/?k=-OgqMf660KEFQdcn3Wkysw&d=1186399537984407",INCUBATOR TEMPERATURE CALIBRATION,,,,Bernardo tiamzon,"Feb 18, 2022",2nd,3pm,00,00,00,00,00,00,00,00,00,00,99.86  99.8,99.75,99.64/ 99.6,99.63,99 37/99.4,99.34,99.5/99.5,99.4,00,00,Na,N/A,3:40
"1201805337023880",2022-02-11,,2022-02-11,INCUBATOR TEMPERATURE CALIBRATION submission,Untitled section,,,,,,"Hatcheryman:
franklin medenilla jr.

Date:
Feb 11, 2022

Shift:
2nd

Time started:
1500

Incubator 1 Machine Temp. reading / Calibrator Temp. reading:
0

Incubator 1 Humidity reading:
0

Incubator 2 Machine Temp. reading / Calibrator Temp. reading:
0

Incubator 2 Humidity reading:
0

Incubator 3 Machine Temp. reading / Calibrator Temp. reading:
0

Incubator 3 Humidity reading:
0

Incubator 4 Machine Temp. reading / Calibrator Temp. reading:
0

Incubator 4 Humidity reading:
0

Incubator 5 Machine Temp. reading / Calibrator Temp. reading:
0

Incubator 5 Humidity reading:
0

Incubator 6 Machine Temp. reading / Calibrator Temp. reading:
99.6 / 99.7

Incubator 6 Humidity reading:
99.76

Incubator 7 Machine Temp. reading / Calibrator Temp. reading:
99.33 / 99.3

Incubator 7 Humidity reading:
99.33

Incubator 8 Machine Temp. reading / Calibrator Temp. reading:
99.39 / 99.4

Incubator 8 Humidity reading:
99.33

Incubator 9 Machine Temp. reading / Calibrator Temp. reading:
99.4 / 99.4

Incubator 9 Humidity reading:
99.4

Incubator 10 Machine Temp. reading / Calibrator Temp. reading:
0

Incubator 10 Humidity reading:
0

Corrective action taken for un-match machine and calibrator temperature reading after 30 minutes of checking:
n/a

Approver on machine temperature adjustment:
N/A

Time finished:
1549

———————————————
This task was submitted through INCUBATOR TEMPERATURE CALIBRATION
https://form.asana.com/?k=-OgqMf660KEFQdcn3Wkysw&d=1186399537984407",INCUBATOR TEMPERATURE CALIBRATION,,,,franklin medenilla jr.,"Feb 11, 2022",2nd,1500,0,0,0,0,0,0,0,0,0,0,99.6 / 99.7,99.76,99.33 / 99.3,99.33,99.39 / 99.4,99.33,99.4 / 99.4,99.4,0,0,n/a,N/A,1549
"1201785207857133",2022-02-08,,2022-02-08,INCUBATOR TEMPERATURE CALIBRATION submission,Untitled section,,,,,,"Hatcheryman:
Rodel Marimla

Date:
Feb 8, 2022

Shift:
2nd

Time started:
4pm

Incubator 1 Machine Temp. reading / Calibrator Temp. reading:
0

Incubator 1 Humidity reading:
0

Incubator 2 Machine Temp. reading / Calibrator Temp. reading:
0

Incubator 2 Humidity reading:
0

Incubator 3 Machine Temp. reading / Calibrator Temp. reading:
0

Incubator 3 Humidity reading:
0

Incubator 4 Machine Temp. reading / Calibrator Temp. reading:
0

Incubator 4 Humidity reading:
0

Incubator 5 Machine Temp. reading / Calibrator Temp. reading:
0

Incubator 5 Humidity reading:
0

Incubator 6 Machine Temp. reading / Calibrator Temp. reading:
machine 99.82 F /  calibrator 99.7 F

Incubator 6 Humidity reading:
99.78

Incubator 7 Machine Temp. reading / Calibrator Temp. reading:
machine 99.34 F / calibrator 99.3 F

Incubator 7 Humidity reading:
99.39

Incubator 8 Machine Temp. reading / Calibrator Temp. reading:
machine 99.30 F / calibrator 99.3 F

Incubator 8 Humidity reading:
99.31

Incubator 9 Machine Temp. reading / Calibrator Temp. reading:
machine 99.4 F / calibrator 99.4 F

Incubator 9 Humidity reading:
99.5

Incubator 10 Machine Temp. reading / Calibrator Temp. reading:
0

Incubator 10 Humidity reading:
0

Corrective action taken for un-match machine and calibrator temperature reading after 30 minutes of checking:
n/a

Approver on machine temperature adjustment:
N/A

Time finished:
4:30pm

———————————————
This task was submitted through INCUBATOR TEMPERATURE CALIBRATION
https://form.asana.com/?k=-OgqMf660KEFQdcn3Wkysw&d=1186399537984407",INCUBATOR TEMPERATURE CALIBRATION,,,,Rodel Marimla,"Feb 8, 2022",2nd,4pm,0,0,0,0,0,0,0,0,0,0,machine 99.82 F /  calibrator 99.7 F,99.78,machine 99.34 F / calibrator 99.3 F,99.39,machine 99.30 F / calibrator 99.3 F,99.31,machine 99.4 F / calibrator 99.4 F,99.5,0,0,n/a,N/A,4:30pm
"1201768824788111",2022-02-04,,2022-02-04,INCUBATOR TEMPERATURE CALIBRATION submission,Untitled section,,,,,,"Hatcheryman:
Rodel Marimla

Date:
Feb 4, 2022

Shift:
2nd

Time started:
3pm

Incubator 1 Machine Temp. reading / Calibrator Temp. reading:
0

Incubator 1 Humidity reading:
0

Incubator 2 Machine Temp. reading / Calibrator Temp. reading:
0

Incubator 2 Humidity reading:
0

Incubator 3 Machine Temp. reading / Calibrator Temp. reading:
0

Incubator 3 Humidity reading:
0

Incubator 4 Machine Temp. reading / Calibrator Temp. reading:
0

Incubator 4 Humidity reading:
0

Incubator 5 Machine Temp. reading / Calibrator Temp. reading:
0

Incubator 5 Humidity reading:
0

Incubator 6 Machine Temp. reading / Calibrator Temp. reading:
machine 99.76 F /  calibrator 99.7 F

Incubator 6 Humidity reading:
99.66

Incubator 7 Machine Temp. reading / Calibrator Temp. reading:
machine 99.35 F / calibrator 99.3 F

Incubator 7 Humidity reading:
99.38

Incubator 8 Machine Temp. reading / Calibrator Temp. reading:
machine 99.35 F / calibrator 99.3 F

Incubator 8 Humidity reading:
99.36

Incubator 9 Machine Temp. reading / Calibrator Temp. reading:
machine 99.5 F / calibrator 99.5 F

Incubator 9 Humidity reading:
99.5

Incubator 10 Machine Temp. reading / Calibrator Temp. reading:
0

Incubator 10 Humidity reading:
0

Corrective action taken for un-match machine and calibrator temperature reading after 30 minutes of checking:
n/a

Approver on machine temperature adjustment:
N/A

Time finished:
3:30pm

———————————————
This task was submitted through INCUBATOR TEMPERATURE CALIBRATION
https://form.asana.com/?k=-OgqMf660KEFQdcn3Wkysw&d=1186399537984407",INCUBATOR TEMPERATURE CALIBRATION,,,,Rodel Marimla,"Feb 4, 2022",2nd,3pm,0,0,0,0,0,0,0,0,0,0,machine 99.76 F /  calibrator 99.7 F,99.66,machine 99.35 F / calibrator 99.3 F,99.38,machine 99.35 F / calibrator 99.3 F,99.36,machine 99.5 F / calibrator 99.5 F,99.5,0,0,n/a,N/A,3:30pm
"1201749689026801",2022-02-01,,2022-02-03,INCUBATOR TEMPERATURE CALIBRATION submission,Untitled section,,,,,,"Hatcheryman:
Rodel Marimla

Date:
Feb 1, 2022

Shift:
2nd

Time started:
4pm

Incubator 1:
0

Incubator 2:
0

Incubator 3:
0

Incubator 4:
0

Incubator 5:
0

Incubator 6:
display temp. 100.05   Cal  100.0

Incubator 7:
Display temp. 99.43     Cal . 99.4

Incubator 8:
Display temp. 99.21     Cal.99.2

Incubator 9:
display temp. 99.4      Cal.99.4

Incubator 10:
0

Corrective action taken for un-match machine and calibrator temperature reading after 30 minutes of checking:
N/A

Approver on machine temperature adjustment:
N/A

Time finished:
4:30pm

———————————————
This task was submitted through INCUBATOR TEMPERATURE CALIBRATION
https://form.asana.com/?k=-OgqMf660KEFQdcn3Wkysw&d=1186399537984407",INCUBATOR TEMPERATURE CALIBRATION,,,,,,,,,,,,,,,,,,,,,,,,,,,,,,
"1201587829742073",2021-12-23,2022-02-03,2022-02-03,Creation of Checklist,Untitled section,JOSUE BLANCO,jblanco.bfcgroup@gmail.com,,2022-01-31,,,INCUBATOR TEMPERATURE CALIBRATION,,,,,,,,,,,,,,,,,,,,,,,,,,,,,,
"1201587829742075",2021-12-23,2022-02-03,2022-02-03,Pilot testing,Untitled section,JOSUE BLANCO,jblanco.bfcgroup@gmail.com,,2022-02-01,,,INCUBATOR TEMPERATURE CALIBRATION,,,,,,,,,,,,,,,,,,,,,,,,,,,,,,
"1201587829742077",2021-12-23,2022-02-03,2022-02-03,Approval of Checklist,Untitled section,,,,2022-01-31,,,INCUBATOR TEMPERATURE CALIBRATION,,,,,,,,,,,,,,,,,,,,,,,,,,,,,,
"1201587829742079",2021-12-23,2022-02-03,2022-02-03,Go Live,Untitled section,JOSUE BLANCO,jblanco.bfcgroup@gmail.com,,2022-02-01,,,INCUBATOR TEMPERATURE CALIBRATION,,,,,,,,,,,,,,,,,,,,,,,,,,,,,,